,OBJECTID,ULAND,UREGBEZ,UKREIS,UGEMEINDE,UJAHR,UMONAT,USTUNDE,UWOCHENTAG,UKATEGORIE,UART,UTYP1,ULICHTVERH,STRZUSTAND,IstRad,IstPKW,IstFuss,IstKrad,IstGkfz,IstSonstig,LINREFX,LINREFY,XGCSWGS84,YGCSWGS84,UIDENTSTLA,lat_short,long_short
94364,94365,2,3,5,317,2016,2,15,4,3,4,2,0,1,1,1,0,0,0.0,0,563317.412299999970000,5937522.617800000100000,9.956421554000000,53.582727380999998,,9.956,53.583
94368,94369,2,4,5,409,2016,2,7,5,3,3,7,0,1,1,0,0,0,0.0,0,568280.361799999960000,5939030.068099999800000,10.031704934000000,53.595652272999999,,10.032,53.596
94370,94371,2,3,3,314,2016,1,15,7,3,5,3,0,0,1,1,0,0,0.0,0,565500.896199999960000,5937465.116800000000000,9.989386111000000,53.581942437000002,,9.989,53.582
94373,94374,2,6,1,601,2016,2,18,3,3,5,3,2,1,1,1,0,0,0.0,0,579934.584700000010000,5928121.910100000000000,10.204970782000000,53.495977336999999,,10.205,53.496
94378,94379,2,3,5,317,2016,2,15,5,3,4,2,0,0,1,1,0,0,0.0,0,563087.951400000020000,5939695.734699999900000,9.953395604000001,53.602285459999997,,9.953,53.602
94380,94381,2,3,1,304,2016,2,13,7,3,2,6,0,0,1,1,0,0,0.0,0,562377.709299999990000,5936908.152599999700000,9.942106485000000,53.577317591000003,,9.942,53.577
94385,94386,2,1,1,101,2016,2,13,2,3,6,4,0,1,1,0,1,0,0.0,0,566239.091800000050000,5934023.062400000200000,9.999804765000000,53.550915287000002,,10.0,53.551
94388,94389,2,3,7,319,2016,1,21,4,3,5,3,2,1,1,1,0,0,0.0,0,560016.677999999960000,5943022.441300000100000,9.907629692000000,53.632544525999997,,9.908,53.633
94391,94392,2,1,3,106,2016,2,9,6,3,5,2,0,0,1,1,0,0,0.0,0,564687.452300000000000,5934605.341000000000000,9.976508774999999,53.556341854999999,,9.977,53.556
94392,94393,2,4,2,405,2016,1,14,4,3,5,3,0,1,1,1,0,0,0.0,0,564622.737599999990000,5939638.955099999900000,9.976574118000000,53.601588159000002,,9.977,53.602
94394,94395,2,7,1,701,2016,2,11,6,3,1,7,0,1,1,1,0,0,0.0,0,565005.536199999970000,5924099.392000000000000,9.979130962999999,53.461882009999997,,9.979,53.462
94396,94397,2,1,15,134,2016,1,18,4,3,3,7,2,1,1,0,0,1,0.0,0,567942.062200000040000,5931776.636699999700000,10.025016887000000,53.530508666999999,,10.025,53.531
94399,94400,2,4,5,412,2016,1,17,1,3,1,5,2,1,1,1,0,0,0.0,0,567061.173500000030000,5937423.816300000100000,10.012941108000000,53.581374070999999,,10.013,53.581
94401,94402,2,2,3,209,2016,1,13,4,3,5,3,0,1,1,1,0,0,0.0,0,562371.968299999950000,5935373.608000000000000,9.941713316000000,53.563526785000001,,9.942,53.564
94403,94404,2,2,11,224,2016,2,12,4,3,3,5,0,1,1,1,0,0,0.0,0,553587.726000000020000,5935879.201500000400000,9.809188277000001,53.569041411999997,,9.809,53.569
94406,94407,2,3,8,320,2016,2,16,1,2,5,3,1,0,1,1,0,0,0.0,0,559863.943500000050000,5940402.753499999600000,9.904816531000000,53.609017919999999,,9.905,53.609
94408,94409,2,5,18,526,2016,2,17,4,2,4,2,2,1,1,1,0,0,0.0,0,574658.684899999990000,5939805.257600000100000,10.128246309000000,53.601749097999999,,10.128,53.602
94421,94422,2,1,4,111,2016,2,5,7,3,2,6,2,0,1,1,0,0,0.0,0,563765.786700000060000,5934460.276600000400000,9.962568076000000,53.555150883000003,,9.963,53.555
94424,94425,2,1,16,137,2016,2,8,5,3,5,3,0,1,1,1,0,0,0.0,0,565894.048100000010000,5928953.424800000200000,9.993530628000000,53.505396476000001,,9.994,53.505
94428,94429,2,1,16,137,2016,2,17,2,2,3,3,0,0,1,1,0,0,0.0,0,565869.616500000000000,5930507.654600000000000,9.993488987999999,53.519367868000003,,9.993,53.519
94432,94433,2,1,20,141,2016,2,14,4,3,4,6,0,0,1,1,0,0,0.0,0,558104.335199999970000,5931834.256099999900000,9.876630111000001,53.532206563999999,,9.877,53.532
94433,94434,2,6,2,602,2016,2,8,4,3,5,3,0,0,1,0,0,0,0.0,1,578811.705399999980000,5927490.321100000300000,10.187889359000000,53.490470819000002,,10.188,53.49
94436,94437,2,5,5,513,2016,1,7,4,3,4,2,1,1,1,0,0,0,0.0,1,574220.638799999960000,5937220.836600000000000,10.121013003000000,53.578585611000001,,10.121,53.579
94443,94444,2,3,7,319,2016,2,11,3,3,6,6,0,0,1,0,1,0,0.0,0,560799.571400000020000,5943217.722000000100000,9.919505852000000,53.634209231000000,,9.92,53.634
94445,94446,2,4,10,429,2016,2,19,1,3,6,4,2,1,1,0,1,0,0.0,0,568879.503700000000000,5939714.892599999900000,10.040907530000000,53.601728430000001,,10.041,53.602
94450,94451,2,3,2,311,2016,2,16,1,3,3,6,0,0,1,1,0,0,0.0,0,564908.587799999980000,5935933.410100000000000,9.980122346000000,53.568250261999999,,9.98,53.568
94455,94456,2,5,10,518,2016,3,12,6,2,5,2,0,0,1,1,0,0,0.0,0,574765.562999999970000,5945782.849800000000000,10.131297149000000,53.655452844999999,,10.131,53.655
94457,94458,2,5,3,510,2016,3,11,3,2,3,2,0,0,1,0,0,0,0.0,0,570599.360800000020000,5936354.526100000400000,10.066132759000000,53.571300008999998,,10.066,53.571
94458,94459,2,1,6,117,2016,3,9,3,3,6,4,0,1,1,0,1,0,0.0,0,567670.409300000060000,5933949.134899999900000,10.021389165000000,53.550068361000001,,10.021,53.55
94462,94463,2,1,5,114,2016,2,12,3,3,5,3,0,1,1,1,0,0,0.0,0,566881.284800000020000,5934757.890399999900000,10.009653515000000,53.557437915000001,,10.01,53.557
94464,94465,2,4,10,427,2016,2,18,6,3,6,4,2,1,1,0,1,0,0.0,0,569200.105499999950000,5938349.668100000400000,10.045448620000000,53.589416882000002,,10.045,53.589
94467,94468,2,2,5,215,2016,2,17,6,3,5,3,1,0,1,1,0,0,0.0,0,561115.062700000010000,5935183.347600000000000,9.922701641000000,53.561964715999999,,9.923,53.562
94469,94470,2,5,18,526,2016,3,15,2,3,6,7,0,0,1,0,1,0,0.0,0,576837.479599999960000,5942401.628999999700000,10.161805482000000,53.624766868999998,,10.162,53.625
94475,94476,2,4,4,407,2016,2,9,4,2,6,4,0,0,1,0,1,0,0.0,0,568067.594900000030000,5941559.941200000200000,10.029043240000000,53.618416064999998,,10.029,53.618
94476,94477,2,3,2,311,2016,3,8,3,3,5,3,0,0,1,1,0,0,0.0,0,564573.577300000000000,5935611.591900000300000,9.974997953000001,53.565399331000002,,9.975,53.565
94477,94478,2,2,2,207,2016,2,8,3,3,6,4,0,0,1,0,1,0,0.0,0,563941.892699999970000,5935421.471699999600000,9.965422716000001,53.563768015999997,,9.965,53.564
94478,94479,2,2,4,214,2016,2,10,7,3,1,5,0,0,1,1,0,0,0.0,0,561818.676800000020000,5933883.748300000100000,9.933066083000000,53.550202298999999,,9.933,53.55
94480,94481,2,3,6,318,2016,2,8,6,3,5,3,0,1,1,1,0,0,0.0,0,563810.189699999990000,5942540.409699999700000,9.964891287000000,53.627763745000003,,9.965,53.628
94481,94482,2,4,6,414,2016,2,18,4,3,4,2,2,0,1,1,0,0,0.0,0,567151.195900000050000,5937058.083200000200000,10.014221955000000,53.578075656999999,,10.014,53.578
94482,94483,2,4,7,416,2016,2,19,2,3,1,5,2,0,1,1,0,0,0.0,0,567469.226999999960000,5935612.208999999800000,10.018712139000000,53.565040570000001,,10.019,53.565
94492,94493,2,2,9,221,2016,2,7,4,3,5,3,0,0,1,1,0,0,0.0,0,556067.340300000040000,5936448.370199999800000,9.846728879000001,53.573897752000001,,9.847,53.574
94497,94498,2,2,5,216,2016,2,8,5,3,0,3,0,0,1,1,0,0,0.0,0,559886.363999999940000,5935291.010300000200000,9.904174220000000,53.563073973000002,,9.904,53.563
94501,94502,2,6,2,602,2016,3,7,3,3,6,3,0,0,1,0,1,0,0.0,0,579197.180000000050000,5927333.570000000300000,10.193658485000000,53.489004262000002,,10.194,53.489
94503,94504,2,3,3,313,2016,2,15,4,3,0,3,0,0,1,0,0,0,0.0,1,564731.443800000010000,5936941.547000000300000,9.977656880000000,53.577332527000003,,9.978,53.577
94505,94506,2,7,16,717,2016,2,6,2,3,5,3,2,1,1,1,0,0,0.0,0,553717.774600000000000,5931423.042799999900000,9.810386320999999,53.528977509000001,,9.81,53.529
94511,94512,2,1,4,112,2016,2,8,4,3,5,3,0,0,1,1,0,0,0.0,0,563925.268599999950000,5933856.801599999900000,9.964851747000001,53.549707865999999,,9.965,53.55
94512,94513,2,5,7,515,2016,3,12,3,3,5,2,0,0,1,1,0,0,0.0,0,571472.347300000020000,5941692.194799999700000,10.080536686000000,53.619151064000000,,10.081,53.619
94513,94514,2,6,14,615,2016,2,13,2,2,5,3,0,1,1,1,0,0,0.0,0,576933.528100000000000,5926507.032700000300000,10.159345973000001,53.481912110000003,,10.159,53.482
94515,94516,2,4,8,423,2016,2,16,1,3,4,2,0,0,1,1,0,0,0.0,0,569091.532400000030000,5937471.849299999900000,10.043614262000000,53.581542198999998,,10.044,53.582
94530,94531,2,7,1,702,2016,3,9,5,1,5,2,0,0,1,0,0,0,1.0,0,565765.016900000050000,5923808.378600000400000,9.990507722000000,53.459172281999997,,9.991,53.459
94533,94534,2,2,5,215,2016,3,14,6,3,5,3,0,0,1,1,0,0,0.0,0,561148.698500000060000,5936155.396999999900000,9.923399675000001,53.570696998000003,,9.923,53.571
94542,94543,2,3,2,312,2016,2,15,6,3,4,2,0,1,1,1,0,0,0.0,0,565980.292099999960000,5935786.598100000100000,9.996271447000000,53.566797162000000,,9.996,53.567
94544,94545,2,2,4,213,2016,2,7,2,3,0,3,2,0,1,1,0,0,0.0,0,561629.582900000040000,5934080.592199999800000,9.930251191000000,53.551993645000003,,9.93,53.552
94545,94546,2,4,5,409,2016,3,17,1,3,5,3,1,0,1,1,0,0,0.0,0,567095.502300000050000,5939049.406299999900000,10.013809172000000,53.595979069000002,,10.014,53.596
94548,94549,2,5,7,515,2016,2,10,2,3,5,3,0,0,1,1,0,0,0.0,0,570099.013999999970000,5938831.633700000100000,10.059134769000000,53.593628893000002,,10.059,53.594
94551,94552,2,6,1,601,2016,2,8,3,3,5,3,0,0,1,1,0,0,0.0,0,580263.335800000000000,5929720.116899999800000,10.210334401000001,53.510289825999998,,10.21,53.51
94554,94555,2,3,3,313,2016,2,11,6,3,3,2,0,1,1,1,0,0,0.0,0,564710.819400000040000,5936939.132199999900000,9.977344933000000,53.577313369000002,,9.977,53.577
94559,94560,2,1,5,114,2016,2,23,2,3,5,2,2,0,1,1,0,0,0.0,0,567146.695500000030000,5934114.530100000100000,10.013521329000000,53.551622035000001,,10.014,53.552
94564,94565,2,3,1,304,2016,2,13,5,3,5,3,0,0,1,1,0,0,0.0,0,562544.022099999940000,5936714.710000000000000,9.944579221000000,53.575559253000002,,9.945,53.576
94566,94567,2,2,4,212,2016,2,13,3,3,5,3,0,1,1,1,0,0,0.0,0,561051.761000000060000,5934482.708800000100000,9.921609190000000,53.555675149000002,,9.922,53.556
94570,94571,2,6,2,602,2016,2,11,7,3,1,5,0,0,1,1,0,0,0.0,0,580410.079400000050000,5927201.779900000400000,10.211901062999999,53.487635967999999,,10.212,53.488
94572,94573,2,5,6,514,2016,2,20,3,2,5,2,2,0,1,1,0,0,0.0,0,573485.993299999970000,5942223.167200000000000,10.111098602000000,53.623644143000000,,10.111,53.624
94580,94581,2,5,16,524,2016,3,12,6,2,5,3,0,0,1,0,0,0,0.0,1,574546.473899999980000,5948342.453900000100000,10.128597289000000,53.678486446000001,,10.129,53.678
94585,94586,2,3,1,309,2016,3,16,3,3,3,2,0,0,1,1,0,0,0.0,0,563996.570599999980000,5936281.196700000200000,9.966424282000000,53.571487949000002,,9.966,53.571
94588,94589,2,5,2,507,2016,2,16,3,3,5,2,1,0,1,1,0,0,0.0,0,570910.208300000060000,5936480.663499999800000,10.070854663000000,53.572391684000003,,10.071,53.572
94595,94596,2,1,4,111,2016,2,18,6,3,5,3,2,0,1,1,0,0,0.0,0,563783.368699999990000,5934161.240899999600000,9.962772427999999,53.552461217999998,,9.963,53.552
94600,94601,2,1,11,129,2016,2,12,3,3,5,3,0,1,1,1,0,0,0.0,0,570793.686800000020000,5935048.945700000000000,10.068770886999999,53.559540562999999,,10.069,53.56
94604,94605,2,4,8,421,2016,2,15,7,2,6,7,0,0,1,0,1,0,0.0,0,568774.228099999950000,5937067.773799999600000,10.038733275000000,53.577952449000001,,10.039,53.578
94606,94607,2,5,18,526,2016,3,16,5,3,5,3,0,0,1,1,0,0,0.0,0,577749.202000000050000,5939040.138700000000000,10.174749009999999,53.594423876000000,,10.175,53.594
94609,94610,2,4,5,408,2016,2,15,2,3,5,3,0,0,1,1,0,0,0.0,0,566717.502300000050000,5939840.849100000200000,10.008267961000000,53.603140115999999,,10.008,53.603
94621,94622,2,5,7,515,2016,2,16,2,3,5,3,0,0,1,1,0,0,0.0,0,572318.255099999950000,5940986.549900000000000,10.093158938000000,53.612693413000002,,10.093,53.613
94625,94626,2,3,3,313,2016,2,16,2,2,5,2,0,0,1,1,0,0,0.0,0,565011.435599999970000,5936406.866999999600000,9.981773659000000,53.572492601999997,,9.982,53.572
94633,94634,2,5,3,510,2016,2,18,2,3,5,3,1,0,1,1,0,0,0.0,0,571343.829600000060000,5936255.058699999900000,10.077350212000001,53.570305390999998,,10.077,53.57
94639,94640,2,5,7,515,2016,2,9,4,3,5,2,0,1,1,1,0,0,0.0,0,570301.954200000040000,5939105.423299999900000,10.062262162000000,53.596062258000003,,10.062,53.596
94644,94645,2,7,8,709,2016,3,14,6,3,5,2,0,0,1,1,0,0,0.0,0,564208.324900000010000,5921689.397400000100000,9.966633086000000,53.440320051000000,,9.967,53.44
94650,94651,2,1,8,122,2016,3,6,3,3,5,3,1,1,1,1,0,0,0.0,0,569761.346999999950000,5934780.625400000300000,10.053128694000000,53.557267375999999,,10.053,53.557
94653,94654,2,2,7,219,2016,3,7,3,3,3,7,0,0,1,0,0,0,0.0,0,558385.081299999960000,5934809.427500000200000,9.881420608999999,53.558914909999999,,9.881,53.559
94656,94657,2,2,12,225,2016,2,16,6,3,1,5,0,1,1,1,0,0,0.0,0,554039.959799999950000,5936904.661600000200000,9.816193842000001,53.578211502999999,,9.816,53.578
94657,94658,2,2,11,224,2016,2,6,4,3,0,7,2,2,1,0,0,0,0.0,0,554309.466900000000000,5935603.288200000300000,9.820037555000001,53.566487389999999,,9.82,53.566
94658,94659,2,3,2,312,2016,3,17,6,3,4,6,2,0,1,0,0,0,0.0,0,565814.623999999950000,5934847.985999999600000,9.993572640000000,53.558382450000003,,9.994,53.558
94660,94661,2,5,11,519,2016,2,7,2,3,3,6,0,2,1,0,0,0,0.0,1,571221.362300000040000,5945416.225300000000000,10.077595587999999,53.652652656999997,,10.078,53.653
94661,94662,2,5,3,510,2016,2,19,2,3,3,2,2,0,1,1,0,0,0.0,0,570600.430000000050000,5936354.863199999600000,10.066148978999999,53.571302895000002,,10.066,53.571
94667,94668,2,4,5,412,2016,2,16,2,3,8,1,0,0,1,0,0,0,0.0,0,567343.637600000020000,5937992.318599999900000,10.017329603000000,53.586447079000003,,10.017,53.586
94668,94669,2,2,2,207,2016,3,13,3,3,6,6,0,0,1,0,1,0,0.0,0,563684.197999999970000,5935260.115000000200000,9.961499642000000,53.562349187999999,,9.961,53.562
94670,94671,2,1,1,101,2016,2,11,4,3,5,7,0,1,1,0,0,0,0.0,1,566302.912699999990000,5934542.372000000400000,10.000878045000000,53.555574380000003,,10.001,53.556
94671,94672,2,4,13,432,2016,3,13,5,3,5,3,0,0,1,1,0,0,0.0,0,565528.568500000050000,5946817.014200000100000,9.991772607000000,53.665985784999997,,9.992,53.666
94683,94684,2,5,18,526,2016,2,7,5,3,5,3,0,2,1,0,0,0,0.0,1,576588.238900000000000,5942585.592699999900000,10.158083001000000,53.626456599999997,,10.158,53.626
94684,94685,2,1,5,114,2016,2,18,2,3,5,3,2,0,1,1,0,0,0.0,0,566987.720300000040000,5934036.783099999700000,10.011105489000000,53.550943615999998,,10.011,53.551
94685,94686,2,1,4,109,2016,2,19,2,3,0,7,2,0,1,1,0,0,0.0,0,564803.644199999980000,5934841.474499999500000,9.978311464000001,53.558449719999999,,9.978,53.558
94692,94693,2,5,4,512,2016,2,16,6,3,5,3,0,0,1,1,0,0,0.0,0,574455.677900000010000,5936377.155799999800000,10.124361043000000,53.570970287000002,,10.124,53.571
94696,94697,2,7,16,717,2016,2,17,1,3,5,2,2,1,1,1,0,0,0.0,0,552583.449499999990000,5929889.704199999600000,9.793018284000000,53.515310946000000,,9.793,53.515
94697,94698,2,4,7,416,2016,3,8,3,3,4,7,0,0,1,0,0,0,0.0,0,567311.356799999950000,5935453.720300000200000,10.016294736000001,53.563636480000000,,10.016,53.564
94702,94703,2,5,16,524,2016,3,8,3,3,3,2,0,0,1,0,0,0,0.0,1,574599.884599999990000,5947638.823400000100000,10.129236590000000,53.672155537000002,,10.129,53.672
94706,94707,2,6,2,602,2016,2,10,6,3,5,3,0,1,1,1,0,0,0.0,0,578142.393500000010000,5927609.249200000400000,10.177833121999999,53.491639421999999,,10.178,53.492
94707,94708,2,1,4,112,2016,2,19,5,3,5,2,2,1,1,1,0,0,0.0,0,564238.838400000010000,5933875.293499999700000,9.969587647999999,53.549835788000003,,9.97,53.55
94713,94714,2,2,3,210,2016,3,7,3,3,6,4,0,0,1,0,1,0,0.0,0,562014.267699999970000,5934178.802400000400000,9.936076344000000,53.552831001000001,,9.936,53.553
94718,94719,2,6,2,602,2016,3,18,5,3,5,3,2,1,1,1,0,0,0.0,0,579744.448800000010000,5926920.781499999600000,10.201800049999999,53.485212001999997,,10.202,53.485
94726,94727,2,1,5,114,2016,3,14,3,3,1,5,0,0,1,1,0,0,0.0,0,566635.878099999970000,5934585.860299999800000,10.005912758999999,53.555923057999998,,10.006,53.556
94734,94735,2,1,8,123,2016,2,19,1,3,5,3,2,1,1,1,0,0,0.0,0,570432.446000000000000,5934846.769000000300000,10.063272712000000,53.557772192999998,,10.063,53.558
94736,94737,2,3,5,317,2016,3,8,2,3,4,3,0,0,1,1,0,0,0.0,0,563938.805000000050000,5938696.852500000000000,9.966047009000000,53.593205140999999,,9.966,53.593
94744,94745,2,4,5,408,2016,3,5,4,3,0,1,2,2,1,0,0,0,0.0,0,567961.313100000030000,5940180.113699999600000,10.027135737000000,53.606029280000001,,10.027,53.606
94746,94747,2,5,6,514,2016,2,11,1,2,5,3,0,0,1,1,0,0,0.0,0,574013.030499999990000,5940161.645499999600000,10.118575823000000,53.605043467000002,,10.119,53.605
94748,94749,2,4,13,432,2016,3,9,7,3,5,2,0,1,1,1,0,0,0.0,0,566974.777899999990000,5943925.588000000500000,10.013034052000000,53.639817186000002,,10.013,53.64
94756,94757,2,3,9,321,2016,3,6,3,3,5,3,1,0,1,1,0,0,0.0,0,561877.429000000000000,5938622.967000000200000,9.934891794000000,53.592788476999999,,9.935,53.593
94758,94759,2,5,18,526,2016,3,9,5,3,5,2,0,0,1,0,0,0,0.0,1,576972.631799999970000,5938489.568300000400000,10.162882245000000,53.589590678999997,,10.163,53.59
94759,94760,2,3,5,317,2016,4,19,2,3,3,6,0,0,1,0,0,0,1.0,0,563743.785299999990000,5939422.709499999900000,9.963249314000001,53.599752352000003,,9.963,53.6
94763,94764,2,3,1,301,2016,3,12,2,3,0,7,0,1,1,1,0,0,0.0,0,562223.332599999970000,5937156.616200000000000,9.939824766999999,53.579568954999999,,9.94,53.58
94764,94765,2,4,7,416,2016,3,7,6,2,3,6,0,1,1,0,0,0,0.0,0,567897.764899999950000,5935264.891300000300000,10.025105984000000,53.561863905999999,,10.025,53.562
94772,94773,2,4,11,430,2016,3,13,5,3,5,3,0,0,1,1,0,0,0.0,0,569052.091000000010000,5940843.649000000200000,10.043765316000000,53.611849872000001,,10.044,53.612
94773,94774,2,1,5,114,2016,3,14,5,3,5,2,0,0,1,1,0,0,0.0,0,567131.038799999980000,5934383.692599999700000,10.013342842000000,53.554043049999997,,10.013,53.554
94776,94777,2,3,8,320,2016,3,13,7,3,6,7,0,0,1,0,1,0,0.0,0,559714.489599999970000,5940367.659900000300000,9.902551185000000,53.608719575000002,,9.903,53.609
94782,94783,2,3,2,311,2016,4,9,3,3,1,7,0,0,1,1,0,0,0.0,0,565159.653100000000000,5936169.165300000500000,9.983962013999999,53.570337932999998,,9.984,53.57
94793,94794,2,5,17,525,2016,3,18,4,2,5,2,1,0,1,1,0,0,0.0,0,576532.336800000050000,5945067.825500000300000,10.157848645000000,53.648771676000003,,10.158,53.649
94798,94799,2,5,8,516,2016,4,11,2,3,5,3,0,0,1,1,0,0,0.0,0,570541.898399999950000,5941209.209400000100000,10.066363224000000,53.614936653000001,,10.066,53.615
94807,94808,2,3,6,318,2016,4,9,6,3,5,2,0,0,1,1,0,0,0.0,0,562747.855100000040000,5943900.708999999800000,9.949104236000000,53.640117470000000,,9.949,53.64
94810,94811,2,3,3,314,2016,3,19,4,3,4,2,2,0,1,1,0,0,0.0,0,566042.037099999960000,5937076.454699999700000,9.997476410999999,53.578381593000003,,9.997,53.578
94812,94813,2,4,10,429,2016,3,19,4,3,4,2,2,0,1,0,0,0,0.0,1,569442.840100000030000,5939738.902400000000000,10.049424459999999,53.601869862999997,,10.049,53.602
94816,94817,2,4,12,431,2016,3,7,4,3,5,2,0,0,1,1,0,0,0.0,0,566801.944999999950000,5942158.070000000300000,10.010040824000001,53.623954460999997,,10.01,53.624
94818,94819,2,1,7,120,2016,4,18,3,3,5,3,0,1,1,1,0,0,0.0,0,568008.848099999940000,5934376.335599999900000,10.026589447999999,53.553863948999997,,10.027,53.554
94824,94825,2,3,3,314,2016,4,7,2,3,2,6,0,0,1,1,0,0,0.0,0,565156.287400000030000,5937644.468100000200000,9.984219113000000,53.583597234000003,,9.984,53.584
94825,94826,2,4,9,425,2016,3,14,3,3,3,2,0,0,1,1,0,0,0.0,0,570691.680599999960000,5937573.368099999600000,10.067802626000001,53.582241303000004,,10.068,53.582
94827,94828,2,4,6,415,2016,3,17,4,3,5,3,0,0,1,1,0,0,0.0,0,567557.181499999950000,5935697.118700000500000,10.020058288000000,53.565792350000002,,10.02,53.566
94829,94830,2,2,1,206,2016,3,16,6,2,4,6,0,0,1,1,0,0,0.0,0,563176.630000000000000,5934936.490000000200000,9.953772157000000,53.559502008999999,,9.954,53.56
94834,94835,2,3,9,321,2016,3,15,2,3,5,2,0,1,1,1,0,0,0.0,0,562723.742100000030000,5937872.682699999800000,9.947525773000001,53.585944865000002,,9.948,53.586
94836,94837,2,5,7,515,2016,3,22,7,3,0,7,2,0,1,0,0,0,0.0,0,570786.465199999980000,5939878.149500000300000,10.069757173999999,53.602941506999997,,10.07,53.603
94842,94843,2,5,8,516,2016,4,12,3,3,6,4,0,0,1,0,1,0,0.0,0,569694.773300000000000,5940039.029799999700000,10.053298093000000,53.604533662999998,,10.053,53.605
94845,94846,2,3,2,312,2016,3,17,5,3,0,3,0,0,1,0,0,0,0.0,1,565474.368600000050000,5936254.277800000300000,9.988731533999999,53.571063678000002,,9.989,53.571
94846,94847,2,1,12,130,2016,3,14,7,3,6,7,0,0,1,0,1,0,0.0,0,572447.377800000020000,5933235.718999999600000,10.093311548000001,53.543019524999998,,10.093,53.543
94854,94855,2,1,16,136,2016,3,18,2,3,5,2,2,1,1,1,0,0,0.0,0,566892.120800000030000,5928596.392799999600000,10.008500560000000,53.502061730000001,,10.009,53.502
94856,94857,2,2,7,219,2016,3,8,3,3,5,7,0,0,1,1,0,0,0.0,0,560247.599000000050000,5933667.236999999700000,9.909314479000001,53.548439039000002,,9.909,53.548
94857,94858,2,6,14,615,2016,3,17,1,3,5,3,0,0,1,1,0,0,0.0,0,576138.766399999960000,5926651.975300000000000,10.147407150999999,53.483330258000002,,10.147,53.483
94860,94861,2,1,16,137,2016,4,7,6,3,3,2,0,0,1,0,0,0,1.0,0,564790.835599999990000,5929589.660000000100000,9.977030902999999,53.511251618000003,,9.977,53.511
94862,94863,2,1,14,133,2016,4,10,3,3,5,3,0,0,1,0,0,0,1.0,0,568292.915200000050000,5932604.336199999800000,10.030489743000000,53.537901853999998,,10.03,53.538
94871,94872,2,5,17,525,2016,4,19,2,3,5,3,2,0,1,1,0,0,0.0,0,576960.211499999980000,5944850.802199999800000,10.164266716000000,53.646758611000003,,10.164,53.647
94873,94874,2,5,2,507,2016,4,13,1,3,0,1,0,0,1,0,0,0,0.0,0,570897.656300000030000,5936540.160699999900000,10.070678653000000,53.572928081000001,,10.071,53.573
94881,94882,2,3,6,318,2016,4,16,2,3,5,3,0,0,1,0,0,0,0.0,1,563136.709599999940000,5943112.413700000400000,9.954825031000000,53.632986121000002,,9.955,53.633
94886,94887,2,4,8,423,2016,3,8,6,3,5,3,0,0,1,1,0,0,0.0,0,569120.297900000010000,5937190.434500000400000,10.043986359000000,53.579009317999997,,10.044,53.579
94887,94888,2,3,8,320,2016,4,8,2,3,5,2,0,1,1,0,0,0,0.0,0,560166.226999999960000,5939985.072599999600000,9.909304132999999,53.605229438000002,,9.909,53.605
94888,94889,2,4,5,413,2016,3,18,4,3,3,6,1,0,1,1,0,0,0.0,0,567020.204099999970000,5937341.104799999900000,10.012304621000000,53.580635968000003,,10.012,53.581
94891,94892,2,6,1,601,2016,3,11,3,3,6,3,0,0,1,0,1,0,0.0,0,580190.348299999950000,5927785.668800000100000,10.208739398000001,53.492916721999997,,10.209,53.493
94893,94894,2,4,6,415,2016,3,17,6,3,6,4,0,0,1,0,1,0,0.0,0,567293.886199999950000,5936002.881400000300000,10.016149304000001,53.568574118000001,,10.016,53.569
94895,94896,2,6,1,601,2016,3,8,2,2,5,2,0,1,1,1,0,0,0.0,0,579899.302600000050000,5929795.004499999800000,10.204865372000000,53.511018258000000,,10.205,53.511
94897,94898,2,4,2,405,2016,3,18,3,3,5,3,0,1,1,1,0,0,0.0,0,565371.426499999940000,5938997.739799999600000,9.987751964999999,53.595732583000000,,9.988,53.596
94904,94905,2,1,3,106,2016,4,9,2,3,1,7,0,1,1,1,0,0,0.0,0,564803.287499999980000,5933743.396900000100000,9.978078458000001,53.548581032999998,,9.978,53.549
94905,94906,2,4,7,416,2016,3,17,3,3,3,2,0,0,1,0,0,0,0.0,1,567747.727599999980000,5934887.523799999600000,10.022759338000000,53.558491838000002,,10.023,53.558
94910,94911,2,2,3,210,2016,3,14,1,3,5,3,0,0,1,1,0,0,0.0,0,562034.082999999980000,5934137.236399999800000,9.936367154999999,53.552455090000002,,9.936,53.552
94912,94913,2,2,1,206,2016,3,10,6,3,3,2,0,0,1,0,0,0,0.0,1,562945.750200000010000,5934593.407599999600000,9.950218014000001,53.556446348000001,,9.95,53.556
94916,94917,2,3,9,321,2016,3,16,2,3,0,7,0,1,1,0,0,0,0.0,1,562113.068500000050000,5938624.872700000200000,9.938451873000000,53.592777738000002,,9.938,53.593
94918,94919,2,5,18,526,2016,3,9,7,3,5,3,0,0,1,1,0,0,0.0,0,575276.901900000060000,5940518.471099999700000,10.137759088999999,53.608070126999998,,10.138,53.608
94920,94921,2,1,13,131,2016,3,5,4,3,5,3,2,1,1,0,0,0,1.0,0,573246.899500000060000,5930954.584800000300000,10.104840971000000,53.522408188999997,,10.105,53.522
94921,94922,2,2,4,214,2016,4,16,7,2,0,7,0,0,1,0,0,0,0.0,0,561536.662099999960000,5933300.556800000400000,9.928695327000000,53.544994041000002,,9.929,53.545
94923,94924,2,5,18,526,2016,3,19,5,3,0,7,2,0,1,0,0,0,0.0,0,576222.662699999990000,5939643.609799999700000,10.151836510000001,53.600071282000002,,10.152,53.6
94924,94925,2,1,5,113,2016,3,12,6,3,1,5,0,0,1,1,0,0,0.0,0,567043.072099999990000,5934827.611899999900000,10.012110427000000,53.558043875999999,,10.012,53.558
94925,94926,2,7,13,714,2016,3,12,3,3,5,3,0,0,1,1,0,0,0.0,0,559197.363600000040000,5925796.985700000100000,9.891978748000000,53.477824138999999,,9.892,53.478
94928,94929,2,1,16,137,2016,3,17,5,3,6,4,0,0,1,0,1,0,0.0,0,565127.831899999990000,5930443.267699999700000,9.982289333000001,53.518881635000000,,9.982,53.519