,OBJECTID,ULAND,UREGBEZ,UKREIS,UGEMEINDE,UJAHR,UMONAT,USTUNDE,UWOCHENTAG,UKATEGORIE,UART,UTYP1,ULICHTVERH,STRZUSTAND,IstRad,IstPKW,IstFuss,IstKrad,IstGkfz,IstSonstig,LINREFX,LINREFY,XGCSWGS84,YGCSWGS84,UIDENTSTLA,lat_short,long_short
94929,94930,2,4,5,413,2016,3,12,4,3,5,3,0,0,1,1,0,0,0.0,0,566613.018900000020000,5937553.881099999900000,10.006200765000001,53.582600098000000,,10.006,53.583
94931,94932,2,3,6,318,2016,4,18,3,3,1,5,0,1,1,1,0,0,0.0,0,563037.667299999970000,5940950.010099999600000,9.952889561999999,53.613564015999998,,9.953,53.614
94938,94939,2,5,18,526,2016,3,7,3,3,5,3,0,0,1,1,0,0,0.0,0,575922.439600000040000,5942052.355100000300000,10.147887698000000,53.621761528999997,,10.148,53.622
94941,94942,2,5,12,520,2016,4,15,2,3,4,2,0,0,1,1,0,0,0.0,0,569864.129300000030000,5944835.075500000300000,10.056933590000000,53.647612944000002,,10.057,53.648
94944,94945,2,1,4,112,2016,3,17,1,3,4,2,0,0,1,1,0,0,0.0,0,564236.753999999960000,5933461.682199999700000,9.969471232000000,53.546118788999998,,9.969,53.546
94946,94947,2,5,6,514,2016,3,14,1,3,1,7,0,1,1,1,0,0,0.0,0,573208.474700000020000,5938867.015300000100000,10.106114887000000,53.593521848000002,,10.106,53.594
94948,94949,2,1,13,131,2016,4,16,6,3,5,2,0,0,1,0,0,0,1.0,0,572670.846699999990000,5932060.887299999600000,10.096410428000000,53.532430476999998,,10.096,53.532
94949,94950,2,4,10,428,2016,3,11,3,3,3,2,0,0,1,1,0,0,0.0,0,569120.317000000040000,5938743.248900000000000,10.044330643000000,53.592964533000000,,10.044,53.593
94968,94969,2,7,1,702,2016,3,14,5,3,0,2,0,0,1,1,0,0,0.0,0,565184.882100000050000,5924156.354600000200000,9.981843697000000,53.462371791999999,,9.982,53.462
94970,94971,2,2,9,221,2016,3,18,3,3,4,2,0,1,1,0,0,0,1.0,0,555447.281800000000000,5936454.769700000100000,9.837366998000000,53.574021172999998,,9.837,53.574
94971,94972,2,1,1,101,2016,4,18,6,3,6,4,0,0,1,0,1,0,0.0,0,566132.165999999970000,5934379.792000000400000,9.998266567000000,53.554134775000001,,9.998,53.554
94976,94977,2,5,6,514,2016,4,10,7,3,5,3,0,0,1,1,0,0,0.0,0,572879.329000000030000,5940190.477000000000000,10.101452181999999,53.605461474000002,,10.101,53.605
94983,94984,2,4,10,427,2016,4,15,3,3,6,6,0,1,1,0,1,0,0.0,0,568389.401300000030000,5938322.707499999600000,10.033197102999999,53.589280959000000,,10.033,53.589
94988,94989,2,5,4,512,2016,3,8,4,3,5,7,0,1,1,1,0,0,0.0,0,573433.080500000040000,5936345.247399999800000,10.108914415999999,53.570827653999999,,10.109,53.571
95000,95001,2,4,8,422,2016,3,15,5,3,5,3,0,0,1,0,0,0,0.0,1,568541.753999999960000,5936731.879200000300000,10.035148982000001,53.574964164999997,,10.035,53.575
95001,95002,2,5,7,515,2016,3,19,5,3,4,2,2,0,1,1,0,0,0.0,0,570508.460500000040000,5939324.199400000300000,10.065431350000001,53.598000656000004,,10.065,53.598
95011,95012,2,5,11,519,2016,3,20,5,3,4,2,2,0,1,1,0,0,0.0,0,571144.944499999980000,5946312.436599999700000,10.076644817000000,53.660717169999998,,10.077,53.661
95014,95015,2,5,12,520,2016,3,7,5,3,5,3,1,0,1,1,0,0,0.0,0,568783.635400000030000,5944185.745900000400000,10.040446763000000,53.641920605999999,,10.04,53.642
95015,95016,2,3,6,318,2016,3,17,5,3,5,3,0,0,1,1,0,0,0.0,0,562770.913399999960000,5941475.079300000300000,9.948963693000000,53.618314984000001,,9.949,53.618
95017,95018,2,1,15,134,2016,3,14,3,3,5,3,0,0,1,1,0,0,0.0,0,568051.011799999980000,5931415.973799999800000,10.026581888000001,53.527253223999999,,10.027,53.527
95020,95021,2,1,15,134,2016,3,5,4,3,5,2,1,1,1,1,0,0,0.0,0,567902.120000000000000,5931486.919999999900000,10.024351564000000,53.527910091000003,,10.024,53.528
95021,95022,2,1,11,129,2016,4,14,1,3,5,7,0,0,1,1,0,0,0.0,0,571545.175399999950000,5934680.090099999700000,10.080029456000000,53.556123765999999,,10.08,53.556
95022,95023,2,5,2,505,2016,4,9,6,3,5,3,0,0,1,1,0,0,0.0,0,570528.130099999950000,5937203.050599999700000,10.065248973999999,53.578935282000003,,10.065,53.579
95032,95033,2,5,7,515,2016,3,10,2,3,5,3,0,0,1,1,0,0,0.0,0,571752.857500000040000,5940797.057599999900000,10.084570462000000,53.611068213000003,,10.085,53.611
95035,95036,2,5,12,520,2016,3,8,4,3,5,3,0,1,1,1,0,0,0.0,0,570388.062999999970000,5945702.108199999700000,10.065054744999999,53.655334646000000,,10.065,53.655
95042,95043,2,1,3,106,2016,4,9,6,3,5,2,0,0,1,1,0,0,0.0,0,564953.011900000040000,5934080.813199999700000,9.980407981999999,53.551594987999998,,9.98,53.552
95044,95045,2,4,10,428,2016,3,16,5,3,3,2,0,0,1,1,0,0,0.0,0,569119.775200000030000,5938735.033400000100000,10.044320638000000,53.592890771000000,,10.044,53.593
95048,95049,2,5,9,517,2016,3,19,3,3,4,6,2,0,1,1,0,0,0.0,0,570676.118999999950000,5943378.710300000400000,10.068884386000001,53.634415689000001,,10.069,53.634
95049,95050,2,4,8,423,2016,4,13,7,3,5,3,0,0,1,1,0,0,0.0,0,568937.095800000010000,5937253.176900000300000,10.041233652000001,53.579597299000000,,10.041,53.58
95056,95057,2,2,11,223,2016,3,13,2,3,1,5,0,0,1,1,0,0,0.0,0,554072.035200000040000,5935187.812900000300000,9.816380981000000,53.562777758999999,,9.816,53.563
95059,95060,2,5,2,507,2016,3,18,4,3,5,3,0,0,1,1,0,0,0.0,0,571706.293799999980000,5936891.853299999600000,10.082968879999999,53.575978822000003,,10.083,53.576
95063,95064,2,3,2,312,2016,3,7,5,3,5,3,0,0,1,1,0,0,0.0,0,566054.861500000000000,5936218.367700000300000,9.997488536000001,53.570668181999999,,9.997,53.571
95065,95066,2,1,16,137,2016,3,15,5,3,5,3,0,0,1,1,0,0,0.0,0,564718.158599999970000,5929092.051300000400000,9.975832386000000,53.506788383999996,,9.976,53.507
95070,95071,2,3,5,317,2016,3,13,5,3,5,3,0,0,1,0,0,0,0.0,1,562696.358800000050000,5939328.197599999600000,9.947404764000000,53.599029293000001,,9.947,53.599
95071,95072,2,3,1,310,2016,3,9,4,3,6,7,0,0,1,0,1,0,0.0,0,563605.430199999940000,5935421.737400000000000,9.960343498000000,53.563811291999997,,9.96,53.564
95076,95077,2,7,1,702,2016,3,11,4,3,5,3,0,0,1,1,0,0,0.0,0,565295.434000000010000,5923901.890200000300000,9.983455754000000,53.460071124000002,,9.983,53.46
95078,95079,2,3,5,317,2016,3,6,2,3,5,3,2,0,1,1,0,0,0.0,0,563112.451499999970000,5937425.827100000300000,9.953306480000000,53.581882200000003,,9.953,53.582
95080,95081,2,2,4,213,2016,3,15,2,3,5,3,0,1,1,1,0,0,0.0,0,561276.410400000050000,5933955.577399999800000,9.924896586999999,53.550911423000002,,9.925,53.551
95085,95086,2,7,1,702,2016,3,17,4,3,0,7,0,0,1,0,1,0,0.0,0,565208.341099999960000,5923016.412499999600000,9.981960581999999,53.452123755000002,,9.982,53.452
95086,95087,2,1,12,130,2016,3,16,3,3,5,3,0,0,1,1,0,0,0.0,0,572796.501000000050000,5933173.733000000000000,10.098564719000001,53.542414182999998,,10.099,53.542
95090,95091,2,1,14,133,2016,3,7,4,3,0,3,0,1,1,1,0,0,0.0,0,568421.921500000050000,5932724.406000000400000,10.032462261999999,53.538964151000002,,10.032,53.539
95091,95092,2,4,5,408,2016,4,13,1,3,5,3,0,0,1,1,0,0,0.0,0,565791.716299999970000,5939711.268199999800000,9.994252004000000,53.602092599000002,,9.994,53.602
95095,95096,2,1,1,101,2016,3,13,5,3,6,4,0,0,1,0,1,0,0.0,0,566534.226999999960000,5934102.435999999800000,10.004275639999999,53.551591316000000,,10.004,53.552
95105,95106,2,2,4,213,2016,3,11,2,3,5,3,0,0,1,0,0,0,0.0,1,561805.340899999950000,5934299.630599999800000,9.932947040000000,53.553941569000003,,9.933,53.554
95112,95113,2,4,3,406,2016,3,8,3,3,5,3,0,0,1,1,0,0,0.0,0,565094.181100000050000,5941071.053700000000000,9.983996557999999,53.614400344000003,,9.984,53.614
95115,95116,2,2,3,209,2016,3,19,5,3,5,2,0,0,1,1,0,0,0.0,0,563032.360499999950000,5935660.308799999800000,9.951740485000000,53.566024556999999,,9.952,53.566
95116,95117,2,7,1,701,2016,3,15,7,3,5,2,0,0,1,1,0,0,0.0,0,564702.775299999980000,5924158.487900000100000,9.974583586000000,53.462450406999999,,9.975,53.462
95118,95119,2,4,9,424,2016,3,15,4,3,4,2,0,0,1,1,0,0,0.0,0,570063.503000000030000,5936871.108699999700000,10.058158118000000,53.576014385000001,,10.058,53.576
95126,95127,2,3,3,314,2016,4,15,6,3,3,6,0,0,1,0,0,0,0.0,1,564813.736400000050000,5937173.343999999600000,9.978947697000001,53.579405580000000,,9.979,53.579
95128,95129,2,3,1,301,2016,4,21,7,3,5,3,2,0,1,1,0,0,0.0,0,562346.306600000010000,5936974.633600000300000,9.941645550000001,53.577918812000000,,9.942,53.578
95129,95130,2,5,3,510,2016,4,19,3,3,5,3,0,0,1,1,0,0,0.0,0,571131.871999999970000,5936002.518000000200000,10.074092582000000,53.568064589999999,,10.074,53.568
95134,95135,2,3,2,312,2016,4,9,5,3,5,3,0,0,1,0,0,0,0.0,0,566013.136500000020000,5935113.258500000500000,9.996625029000001,53.560741583999999,,9.997,53.561
95136,95137,2,2,5,215,2016,4,8,3,3,4,2,0,0,1,1,0,0,0.0,0,560784.793999999990000,5935910.806499999900000,9.917857568000001,53.568541050000000,,9.918,53.569
95137,95138,2,2,3,210,2016,4,18,4,3,5,2,0,1,1,0,0,1,0.0,0,562013.010899999990000,5934511.642300000400000,9.936123403000000,53.555822511000002,,9.936,53.556
95140,95141,2,4,10,427,2016,4,18,3,3,5,3,0,0,1,1,0,0,0.0,0,569097.870299999950000,5938562.886400000200000,10.043951603000000,53.591346567000002,,10.044,53.591
95144,95145,2,4,13,432,2016,4,16,3,3,5,3,0,0,1,1,0,0,0.0,0,566958.283599999970000,5944232.269799999900000,10.012850642000000,53.642575462000003,,10.013,53.643
95145,95146,2,2,8,220,2016,4,6,2,3,5,3,1,0,1,1,0,0,0.0,0,558745.338899999970000,5939234.418300000000000,9.887691367000000,53.598644202000003,,9.888,53.599
95146,95147,2,3,4,316,2016,4,16,6,3,1,5,0,0,1,0,0,0,0.0,1,563820.611599999950000,5937286.848299999700000,9.963973083999999,53.580547459000002,,9.964,53.581
95147,95148,2,3,6,318,2016,4,17,1,3,0,7,0,0,1,0,0,0,0.0,0,563618.992899999950000,5942647.048899999800000,9.962022396000000,53.628745401000003,,9.962,53.629
95149,95150,2,1,16,137,2016,4,13,4,3,0,7,0,0,1,1,0,0,0.0,0,565524.933399999980000,5930260.332800000000000,9.988239373000001,53.517188191999999,,9.988,53.517
95152,95153,2,3,1,310,2016,4,11,6,3,4,2,0,0,1,1,0,0,0.0,0,563728.596400000040000,5935479.331500000300000,9.962214576999999,53.564313964999997,,9.962,53.564
95155,95156,2,4,5,411,2016,4,19,1,3,3,2,0,1,1,1,0,0,0.0,0,568376.425700000020000,5938185.805900000000000,10.032971101999999,53.588052306999998,,10.033,53.588
95160,95161,2,7,9,710,2016,4,15,5,3,3,2,0,0,1,1,0,0,0.0,0,563428.635800000050000,5923518.980600000400000,9.955265832000000,53.456857822000003,,9.955,53.457
95161,95162,2,4,2,405,2016,4,16,7,3,5,2,0,0,1,1,0,0,0.0,0,564622.740299999950000,5939231.717299999700000,9.976489743000000,53.597928224999997,,9.976,53.598
95163,95164,2,2,1,201,2016,4,15,1,3,6,4,0,0,1,0,1,0,0.0,0,563077.570199999960000,5933401.000900000300000,9.951967086000000,53.545713945000003,,9.952,53.546
95166,95167,2,5,7,515,2016,4,14,4,3,5,6,0,0,1,1,0,0,0.0,0,573439.733600000040000,5942655.570700000000000,10.110501323999999,53.627536552999999,,10.111,53.628
95176,95177,2,3,7,319,2016,4,23,4,3,5,3,2,0,1,1,0,0,0.0,0,560244.847799999990000,5943458.754099999600000,9.911164308000000,53.636439604000003,,9.911,53.636
95177,95178,2,3,1,302,2016,4,18,2,3,5,7,0,0,1,1,0,0,0.0,0,563040.698399999990000,5936921.257299999700000,9.952120914000000,53.577356105000000,,9.952,53.577
95180,95181,2,4,2,404,2016,4,15,7,3,7,7,0,0,1,0,0,0,0.0,1,565330.869500000030000,5938326.571600000400000,9.986998665000000,53.589705719000001,,9.987,53.59
95181,95182,2,1,5,113,2016,4,17,4,2,4,6,0,0,1,0,0,0,0.0,0,566814.379399999980000,5934950.396599999600000,10.008684825000000,53.559176524999998,,10.009,53.559
95182,95183,2,4,9,425,2016,4,14,2,3,0,7,0,1,1,0,0,0,0.0,0,570536.380699999980000,5937527.783499999900000,10.065446954000000,53.581852546000000,,10.065,53.582
95183,95184,2,5,18,526,2016,4,10,2,3,3,6,0,0,1,1,0,0,0.0,0,576319.710199999970000,5939343.733000000000000,10.153229308000000,53.597362255999997,,10.153,53.597
95186,95187,2,5,6,514,2016,4,12,2,3,1,3,0,0,1,1,0,0,0.0,0,572982.650299999980000,5940738.844100000300000,10.103141834000001,53.610375181999999,,10.103,53.61
95189,95190,2,3,8,320,2016,4,7,5,2,5,2,0,0,1,1,0,0,0.0,0,559570.951499999970000,5940452.724800000000000,9.900398246000000,53.609500427000000,,9.9,53.61
95190,95191,2,1,12,130,2016,4,17,6,3,0,3,0,0,1,0,0,1,0.0,0,575000.130000000000000,5935382.700000000200000,10.132342338000001,53.561955750000003,,10.132,53.562
95192,95193,2,5,18,526,2016,4,18,3,3,5,3,0,0,1,0,0,0,0.0,1,575161.728600000030000,5941075.304300000000000,10.136153035000000,53.613090775000003,,10.136,53.613
95193,95194,2,1,1,101,2016,4,16,4,3,0,4,0,0,1,0,1,0,0.0,0,566233.224200000060000,5934021.241499999500000,9.999715828999999,53.550899661999999,,10.0,53.551
95195,95196,2,5,18,526,2016,4,10,5,3,3,6,0,0,1,1,0,0,0.0,0,576189.164100000050000,5937870.475499999700000,10.150897279000000,53.584141496999997,,10.151,53.584
95196,95197,2,5,5,513,2016,4,13,2,3,3,2,0,0,1,0,0,0,1.0,0,572846.408399999960000,5937878.952100000300000,10.100414771000001,53.584692681999996,,10.1,53.585
95197,95198,2,2,4,214,2016,4,8,7,3,5,3,0,0,1,1,0,0,0.0,0,561738.489999999990000,5933717.879999999900000,9.931823203000000,53.548721008000001,,9.932,53.549
95204,95205,2,3,9,321,2016,4,17,5,3,5,2,0,0,1,1,0,0,0.0,0,562700.524600000000000,5937610.447800000200000,9.947122401000000,53.583590854999997,,9.947,53.584
95205,95206,2,1,4,111,2016,4,19,3,3,5,2,0,0,1,1,0,0,0.0,0,564005.123299999980000,5934006.185100000400000,9.966087419000001,53.551040694999998,,9.966,53.551
95210,95211,2,3,1,305,2016,4,14,5,3,0,7,0,0,1,0,0,0,0.0,0,563598.194699999990000,5936583.478900000500000,9.960470830000000,53.574253091999999,,9.96,53.574
95212,95213,2,4,11,430,2016,4,7,5,3,0,3,0,0,1,1,0,0,0.0,0,567675.241599999950000,5942084.117700000300000,10.023226632000000,53.623177712000000,,10.023,53.623
95214,95215,2,3,1,308,2016,4,9,4,3,3,6,0,0,1,1,0,0,0.0,0,564035.649399999990000,5936398.947300000100000,9.967038472000001,53.572541438000002,,9.967,53.573
95216,95217,2,5,8,516,2016,4,7,2,3,3,2,1,0,1,0,0,0,0.0,1,569587.875899999980000,5940478.430100000500000,10.051780970999999,53.608496758000001,,10.052,53.608
95217,95218,2,4,5,413,2016,4,13,3,3,1,5,0,0,1,1,0,0,0.0,0,567014.369100000010000,5937352.993499999900000,10.012219053999999,53.580743558999998,,10.012,53.581
95218,95219,2,3,3,314,2016,4,8,2,2,6,7,0,0,1,0,1,0,0.0,0,565309.083699999960000,5937535.150600000300000,9.986503925999999,53.582595767999997,,9.987,53.583
95219,95220,2,1,6,115,2016,4,11,6,3,5,3,0,1,1,1,0,0,0.0,0,566697.319999999950000,5933951.849999999600000,10.006704846000000,53.550217275000001,,10.007,53.55
95222,95223,2,5,18,526,2016,4,9,4,3,5,3,0,0,1,1,0,0,0.0,0,576677.008799999950000,5942398.450199999800000,10.159378880000000,53.624761825000000,,10.159,53.625
95227,95228,2,5,7,515,2016,4,8,2,3,5,3,0,0,1,1,0,0,0.0,0,573044.584700000010000,5943254.407499999700000,10.104667964000001,53.632973456999999,,10.105,53.633
95234,95235,2,7,1,702,2016,4,16,6,3,5,3,0,0,1,1,0,0,0.0,0,565353.902800000040000,5924256.498499999800000,9.984409972000000,53.463250881000000,,9.984,53.463
95240,95241,2,4,5,410,2016,4,15,2,3,5,3,0,0,1,1,0,0,0.0,0,566248.488099999960000,5938313.011300000400000,10.000856576000000,53.589468705000002,,10.001,53.589
95241,95242,2,5,2,509,2016,4,17,5,3,3,2,0,1,1,1,0,0,0.0,0,571354.054899999990000,5938417.941900000000000,10.077999043000000,53.589741742999998,,10.078,53.59
95242,95243,2,2,2,207,2016,4,20,7,3,0,1,1,0,1,0,0,0,0.0,0,563676.062000000030000,5934941.140300000100000,9.961311824999999,53.559483450000002,,9.961,53.559
95244,95245,2,4,5,412,2016,4,16,3,3,5,3,0,1,1,1,0,0,0.0,0,567230.595199999980000,5937776.019500000400000,10.015575612999999,53.584517677000001,,10.016,53.585
95248,95249,2,5,18,526,2016,4,13,7,3,5,3,0,0,1,1,0,0,0.0,0,575080.466000000010000,5940327.169900000100000,10.134744644000000,53.606379136999998,,10.135,53.606
95249,95250,2,1,4,109,2016,4,18,4,3,5,2,0,1,1,1,0,0,0.0,0,564601.675999999980000,5935057.872100000300000,9.975307660000000,53.560419441999997,,9.975,53.56
95251,95252,2,6,2,602,2016,4,11,5,3,5,3,0,0,1,1,0,0,0.0,0,578816.689499999980000,5927488.233300000400000,10.187963938999999,53.490451309999997,,10.188,53.49
95254,95255,2,5,7,515,2016,4,19,5,3,0,7,1,0,1,0,0,0,0.0,0,570902.703199999990000,5939313.983300000400000,10.071385164000001,53.597855660999997,,10.071,53.598
95257,95258,2,5,7,515,2016,4,14,7,3,0,7,0,0,1,0,0,0,0.0,0,572226.429699999980000,5941346.665599999900000,10.091854690000000,53.615942392000001,,10.092,53.616
95259,95260,2,4,6,415,2016,4,15,2,2,4,3,0,0,1,1,0,0,0.0,0,567404.180500000020000,5936065.470099999600000,10.017827985000000,53.569122454999999,,10.018,53.569
95260,95261,2,4,13,432,2016,4,8,5,3,5,3,0,0,1,1,0,0,0.0,0,566863.768300000000000,5947013.437300000300000,10.012019674999999,53.667581996999999,,10.012,53.668
95262,95263,2,2,2,207,2016,4,9,4,2,0,4,0,0,1,0,1,0,0.0,0,563933.271599999980000,5935168.640499999700000,9.965240836000000,53.561496796000000,,9.965,53.561
95266,95267,2,4,13,432,2016,4,12,7,3,6,7,0,0,1,0,1,0,0.0,0,567409.128000000030000,5944988.705799999600000,10.019833213000000,53.649315690000002,,10.02,53.649
95272,95273,2,5,18,526,2016,4,7,3,3,5,2,0,0,1,1,0,0,0.0,0,576511.415400000060000,5939968.531100000300000,10.156278764000000,53.602949174000003,,10.156,53.603
95273,95274,2,1,4,110,2016,4,16,4,3,3,5,0,0,1,1,0,0,0.0,0,563772.603200000010000,5934514.394399999600000,9.962681998000001,53.555636429000003,,9.963,53.556
95279,95280,2,5,10,518,2016,4,21,3,2,5,2,2,0,1,1,0,0,0.0,0,573176.670799999960000,5945557.122299999900000,10.107207040000000,53.653648992999997,,10.107,53.654
95282,95283,2,6,14,615,2016,4,12,6,3,6,3,0,1,1,0,1,0,0.0,0,578189.091499999980000,5926793.833200000200000,10.178333694000001,53.484304514999998,,10.178,53.484
95293,95294,2,2,8,220,2016,4,8,2,3,3,2,0,0,1,1,0,0,0.0,0,558402.384700000050000,5938606.081299999700000,9.882392036000001,53.593035376000003,,9.882,53.593
95294,95295,2,4,10,428,2016,4,15,3,3,0,3,0,0,1,0,0,0,0.0,1,569025.173799999990000,5939197.416299999700000,10.042993925999999,53.597058689000001,,10.043,53.597
95295,95296,2,1,3,107,2016,4,15,2,3,1,6,0,1,1,1,0,0,0.0,0,565037.935799999980000,5934394.874499999900000,9.981754962000000,53.554407028999996,,9.982,53.554
95296,95297,2,5,18,526,2016,4,9,5,3,5,2,0,0,1,1,0,0,0.0,0,577181.573199999980000,5940301.185600000400000,10.166486604999999,53.605840352000001,,10.166,53.606
95304,95305,2,1,3,107,2016,4,14,3,3,5,3,0,0,1,1,0,0,0.0,0,565231.644199999980000,5933715.141400000100000,9.984536723000000,53.548274053000000,,9.985,53.548
95306,95307,2,3,5,317,2016,4,19,2,3,1,5,0,0,1,1,0,0,0.0,0,563676.255099999950000,5939966.060399999800000,9.962340002000000,53.604643791000001,,9.962,53.605
95308,95309,2,5,14,522,2016,4,10,1,3,5,3,0,0,1,1,0,0,0.0,0,572867.170200000050000,5950924.319400000400000,10.103785453000000,53.701925780000003,,10.104,53.702
95310,95311,2,2,4,211,2016,4,9,7,3,5,7,0,0,1,0,0,0,0.0,0,561265.633999999960000,5934707.718999999600000,9.924881361000001,53.557672492000002,,9.925,53.558
95312,95313,2,4,4,407,2016,4,6,2,3,5,3,1,0,1,1,0,0,0.0,0,565782.964000000040000,5939674.162999999700000,9.994111930000001,53.601760227000000,,9.994,53.602
95313,95314,2,2,9,221,2016,4,17,5,3,5,3,0,1,1,1,0,0,0.0,0,556501.987199999970000,5937092.005300000300000,9.853408611000001,53.579635826000001,,9.853,53.58
95317,95318,2,2,4,213,2016,4,13,2,3,6,7,0,0,1,0,1,0,0.0,0,561798.370000000000000,5934110.475999999800000,9.932804439000000,53.552242382000003,,9.933,53.552
95318,95319,2,4,10,429,2016,4,13,4,2,3,2,0,0,1,0,0,0,1.0,0,568410.505299999960000,5940350.120099999900000,10.033960729000000,53.607498681999999,,10.034,53.607
95319,95320,2,2,5,216,2016,4,7,5,3,5,3,0,0,1,0,0,0,1.0,0,560796.117800000010000,5935821.442099999600000,9.918011140000001,53.567736582999999,,9.918,53.568
95328,95329,2,2,10,222,2016,4,7,4,3,2,6,0,0,1,1,0,0,0.0,0,556174.240200000000000,5934153.324400000300000,9.847930441000001,53.553259386000001,,9.848,53.553
95330,95331,2,2,5,215,2016,4,14,5,3,5,2,0,1,1,1,0,0,0.0,0,561474.732300000030000,5935007.649899999600000,9.928096506999999,53.560343644000000,,9.928,53.56
95331,95332,2,2,3,210,2016,4,9,2,3,3,6,0,0,1,1,0,0,0.0,0,561966.585599999990000,5934495.166899999600000,9.935419422000001,53.555679922000003,,9.935,53.556
95339,95340,2,5,18,526,2016,4,14,3,3,3,2,0,1,1,1,0,0,0.0,0,577231.705800000000000,5940299.091000000000000,10.167243594000000,53.605814142000000,,10.167,53.606
95340,95341,2,4,2,404,2016,4,9,5,3,0,2,0,0,1,1,0,0,0.0,1,565766.761399999960000,5937879.348000000200000,9.993488623999999,53.585631939999999,,9.993,53.586
95341,95342,2,4,7,416,2016,4,17,6,3,4,6,0,0,1,0,0,0,0.0,0,567410.385899999990000,5935531.094300000000000,10.017806353999999,53.564319140999999,,10.018,53.564
95348,95349,2,1,4,111,2016,4,23,4,3,5,2,2,0,1,1,0,0,0.0,0,564216.211400000030000,5933899.462600000200000,9.969251144999999,53.550055770999997,,9.969,53.55
95350,95351,2,4,3,406,2016,4,16,5,3,5,3,0,1,1,1,0,0,0.0,0,564357.861299999990000,5940576.473399999600000,9.972765572000000,53.610046433000001,,9.973,53.61
95352,95353,2,5,2,507,2016,4,7,6,3,5,3,0,0,1,1,0,0,0.0,0,571485.447099999990000,5936533.923800000000000,10.079552171000000,53.572792266000000,,10.08,53.573
95358,95359,2,3,3,314,2016,4,14,5,3,2,6,0,0,1,1,0,0,0.0,0,565235.589099999980000,5937110.274700000000000,9.985305154000001,53.578786461999997,,9.985,53.579
95359,95360,2,3,9,321,2016,4,21,5,3,5,3,2,0,1,1,0,0,0.0,0,561741.306300000050000,5938799.046099999900000,9.932870306000000,53.594387009000002,,9.933,53.594
95360,95361,2,2,4,214,2016,4,9,3,3,3,6,0,0,1,1,0,0,0.0,0,561669.258200000040000,5933616.913400000000000,9.930758524000000,53.547821714999998,,9.931,53.548
95364,95365,2,2,9,221,2016,4,15,3,3,3,2,0,0,1,0,0,0,0.0,0,555646.210599999990000,5936780.224999999600000,9.840428881999999,53.576925168000002,,9.84,53.577
95369,95370,2,2,2,207,2016,4,9,5,3,6,7,0,0,1,0,1,0,0.0,0,563787.121000000040000,5935087.024799999800000,9.963017990999999,53.560781073999998,,9.963,53.561
95370,95371,2,1,12,130,2016,4,17,1,3,5,3,0,0,1,1,0,0,0.0,0,575880.679000000000000,5931940.147900000200000,10.144798627000000,53.530891635000003,,10.145,53.531
95380,95381,2,7,14,715,2016,4,12,4,3,5,3,0,0,1,1,0,0,0.0,0,557636.679299999960000,5925597.392300000400000,9.868428920000000,53.476203448000000,,9.868,53.476
95382,95383,2,3,6,318,2016,4,17,5,2,9,7,0,0,1,0,0,0,0.0,0,563136.589400000060000,5941648.061200000300000,9.954526175000000,53.619825659999997,,9.955,53.62
95385,95386,2,4,10,426,2016,4,7,4,3,2,7,0,1,1,0,0,0,0.0,1,569667.880699999980000,5937935.717699999900000,10.052421843999999,53.585634753000001,,10.052,53.586
95389,95390,2,1,3,105,2016,4,18,5,3,5,6,0,0,1,0,0,0,0.0,0,565093.303700000050000,5933609.549900000000000,9.982427118000000,53.547342241000003,,9.982,53.547
95393,95394,2,5,10,518,2016,4,7,2,3,5,3,0,0,1,1,0,0,0.0,0,573224.846099999970000,5945564.352900000300000,10.107937515000000,53.653707230999999,,10.108,53.654
95402,95403,2,1,4,111,2016,4,11,4,3,3,6,0,0,1,0,0,0,0.0,1,564103.103600000030000,5933897.123200000300000,9.967543734000000,53.550048568000001,,9.968,53.55
95404,95405,2,1,5,114,2016,4,22,6,2,3,6,2,0,1,0,0,0,1.0,0,566759.210899999950000,5934908.889200000100000,10.007843231000001,53.558810510000001,,10.008,53.559
95405,95406,2,3,7,319,2016,4,12,4,3,3,2,0,0,1,1,0,0,0.0,0,560150.020800000060000,5943042.882799999800000,9.909649902000000,53.632712935999997,,9.91,53.633
95406,95407,2,3,5,317,2016,4,17,2,3,5,3,0,0,1,1,0,0,0.0,0,564301.211099999960000,5939503.682000000000000,9.971688100000000,53.600411977999997,,9.972,53.6
95412,95413,2,2,9,221,2016,4,17,4,3,5,2,0,0,1,1,0,0,0.0,0,557233.734000000050000,5936027.813000000100000,9.864264495000001,53.569992020000001,,9.864,53.57
95418,95419,2,5,2,507,2016,4,21,1,2,1,1,2,0,1,1,0,0,0.0,0,571000.280400000050000,5937067.401499999700000,10.072348057999999,53.577652506000000,,10.072,53.578
95419,95420,2,5,2,507,2016,4,16,6,3,0,5,0,0,1,1,0,0,0.0,0,571035.664200000000000,5936713.155799999800000,10.072801769000000,53.574464116000001,,10.073,53.574
95420,95421,2,7,9,710,2016,4,15,3,3,3,2,0,1,1,1,0,0,0.0,0,563515.999599999980000,5923787.693599999900000,9.956635656000000,53.459262350000003,,9.957,53.459
95421,95422,2,2,4,212,2016,4,7,5,3,5,3,0,0,1,1,0,0,0.0,0,560252.508799999950000,5933980.591599999900000,9.909448954000000,53.551254739000001,,9.909,53.551
95425,95426,2,6,1,601,2016,4,8,3,3,0,7,0,0,1,1,0,0,0.0,0,576718.434299999960000,5930360.462600000200000,10.157047916000000,53.516573663000003,,10.157,53.517
95430,95431,2,5,17,525,2016,4,18,3,3,5,3,0,0,1,1,0,0,0.0,0,577131.959500000000000,5945404.333499999700000,10.167001712999999,53.651707672999997,,10.167,53.652
95431,95432,2,2,12,225,2016,4,12,2,2,5,3,0,1,1,1,0,0,0.0,0,554249.645999999950000,5937214.968399999700000,9.819414420999999,53.580978780000002,,9.819,53.581
95435,95436,2,5,15,523,2016,4,16,1,3,2,6,0,0,1,1,0,0,0.0,0,574710.187700000010000,5951830.516200000400000,10.131915954000000,53.709808973000001,,10.132,53.71
95438,95439,2,5,6,514,2016,4,13,7,3,1,7,0,0,1,1,0,0,0.0,0,574102.760800000050000,5942098.741499999500000,10.120392476999999,53.622439042000003,,10.12,53.622