,OBJECTID,ULAND,UREGBEZ,UKREIS,UGEMEINDE,UJAHR,UMONAT,USTUNDE,UWOCHENTAG,UKATEGORIE,UART,UTYP1,ULICHTVERH,STRZUSTAND,IstRad,IstPKW,IstFuss,IstKrad,IstGkfz,IstSonstig,LINREFX,LINREFY,XGCSWGS84,YGCSWGS84,UIDENTSTLA,lat_short,long_short
95441,95442,2,4,6,415,2016,4,18,5,3,2,6,0,0,1,1,0,0,0.0,0,567282.442700000010000,5935924.604899999700000,10.015959672999999,53.567872102000003,,10.016,53.568
95443,95444,2,6,5,606,2016,4,16,3,3,0,7,0,0,1,0,0,0,0.0,0,581551.267800000030000,5922498.315700000200000,10.227875638000000,53.445191950000002,,10.228,53.445
95444,95445,2,5,10,518,2016,4,17,4,3,4,6,0,1,1,0,0,0,0.0,0,572846.652800000040000,5944826.283599999700000,10.102043395000001,53.647127169999997,,10.102,53.647
95452,95453,2,4,9,424,2016,4,18,4,3,5,3,0,0,1,0,0,0,0.0,1,569910.863400000030000,5937556.672600000200000,10.056006803000001,53.582195929999997,,10.056,53.582
95456,95457,2,1,1,101,2016,4,15,5,3,1,5,0,0,1,0,0,0,0.0,1,566132.886599999970000,5934000.558400000400000,9.998197224000000,53.550726425999997,,9.998,53.551
95458,95459,2,4,8,418,2016,4,6,4,3,5,3,1,0,1,1,0,0,0.0,0,568093.253299999980000,5936339.973899999600000,10.028291257999999,53.571500477999997,,10.028,53.572
95459,95460,2,1,4,112,2016,4,15,3,3,5,3,0,0,1,1,0,0,0.0,0,563810.663999999990000,5933498.218000000300000,9.963049070000000,53.546499097999998,,9.963,53.546
95461,95462,2,1,7,120,2016,4,14,1,3,5,3,0,0,1,1,0,0,0.0,0,568687.139700000060000,5934770.364699999800000,10.036912969999999,53.557316825999997,,10.037,53.557
95462,95463,2,1,14,132,2016,4,19,4,3,5,3,0,0,1,0,0,0,0.0,0,569060.236000000030000,5932318.821999999700000,10.042002949000000,53.535235579999998,,10.042,53.535
95463,95464,2,3,3,313,2016,4,18,7,2,3,6,0,0,1,0,0,0,0.0,0,565148.543199999960000,5936939.560899999900000,9.983955014999999,53.577263037999998,,9.984,53.577
95464,95465,2,4,3,406,2016,4,6,6,3,5,3,1,1,1,1,0,0,0.0,0,565839.918599999980000,5941695.849499999500000,9.995399733999999,53.619922269000000,,9.995,53.62
95466,95467,2,4,5,411,2016,4,9,2,3,3,2,0,1,1,0,0,0,0.0,1,567730.280000000030000,5938288.039800000400000,10.023233614000000,53.589054957999998,,10.023,53.589
95469,95470,2,5,17,525,2016,4,16,4,3,0,3,0,0,1,1,0,0,0.0,0,576008.225800000010000,5945124.065100000200000,10.149934946000000,53.649353486999999,,10.15,53.649
95471,95472,2,2,5,215,2016,4,10,4,3,5,3,0,0,1,1,0,0,0.0,0,561323.639899999950000,5936258.030600000200000,9.926061220999999,53.571598987999998,,9.926,53.572
95472,95473,2,5,1,503,2016,4,15,1,3,0,7,0,0,1,1,0,0,0.0,0,569216.040999999970000,5935793.019000000300000,10.045122437000000,53.566438028999997,,10.045,53.566
95474,95475,2,4,4,407,2016,4,14,6,3,4,2,0,0,1,1,0,0,0.0,0,565984.564800000050000,5940040.329300000300000,9.997235532000000,53.605025675000000,,9.997,53.605
95477,95478,2,3,7,319,2016,4,10,1,3,5,3,0,1,1,1,0,0,0.0,0,560061.140999999950000,5942397.755800000400000,9.908181444000000,53.626925161999999,,9.908,53.627
95479,95480,2,2,8,220,2016,4,8,4,3,2,2,0,1,1,1,0,0,0.0,0,558237.594799999960000,5939491.633500000500000,9.880067977000000,53.601012576999999,,9.88,53.601
95481,95482,2,3,5,317,2016,4,15,6,3,5,3,0,0,1,1,0,0,0.0,0,563990.841400000030000,5938756.061499999800000,9.966845249000000,53.593730917999999,,9.967,53.594
95482,95483,2,2,7,219,2016,4,18,6,3,6,7,0,0,1,0,1,0,0.0,0,560266.290000000040000,5934953.710000000000000,9.909844558000000,53.559999013999999,,9.91,53.56
95483,95484,2,2,9,221,2016,4,7,4,3,5,2,0,0,1,1,0,0,0.0,0,557358.002499999940000,5937728.359299999700000,9.866453252000000,53.585262153000002,,9.866,53.585
95484,95485,2,3,9,321,2016,4,15,2,3,4,6,0,0,1,1,0,0,0.0,0,561442.817999999970000,5939224.945700000000000,9.928444921000001,53.598249787000000,,9.928,53.598
95485,95486,2,1,4,111,2016,4,16,4,2,7,1,0,0,1,0,0,0,0.0,0,563758.591400000030000,5933837.449000000000000,9.962332460000001,53.549554204000003,,9.962,53.55
95492,95493,2,2,11,223,2016,4,21,7,3,0,3,1,0,1,1,0,0,0.0,0,552787.835700000050000,5935560.245500000200000,9.797057120000000,53.566255816999998,,9.797,53.566
95494,95495,2,4,2,403,2016,4,16,5,2,5,3,0,0,1,1,0,0,0.0,0,564778.486000000030000,5938364.665000000000000,9.978662678999999,53.590116612000003,,9.979,53.59
95496,95497,2,5,17,525,2016,4,12,5,3,5,3,0,0,1,1,0,0,0.0,0,575897.990899999980000,5946767.541899999600000,10.148669044000000,53.664138805000000,,10.149,53.664
95502,95503,2,4,5,409,2016,5,11,6,3,5,2,0,0,1,1,0,0,0.0,0,568295.775000000020000,5938797.319000000100000,10.031886811000000,53.593558532000003,,10.032,53.594
95503,95504,2,7,1,702,2016,5,16,4,3,5,3,0,0,1,1,0,0,0.0,0,566602.807200000040000,5923282.036100000100000,10.003012351000001,53.454336595999997,,10.003,53.454
95505,95506,2,5,10,518,2016,5,16,2,3,1,5,0,0,1,1,0,0,0.0,0,574077.647200000010000,5943508.431900000200000,10.120348399999999,53.635111141000003,,10.12,53.635
95507,95508,2,4,11,430,2016,5,13,3,3,1,5,0,0,1,1,0,0,0.0,0,569456.640699999990000,5943137.946800000000000,10.050391051000000,53.632415192000003,,10.05,53.632
95510,95511,2,3,1,302,2016,5,8,4,3,4,2,0,0,1,1,0,0,0.0,0,563024.929000000000000,5937449.357200000400000,9.951989415000000,53.582104197000000,,9.952,53.582
95511,95512,2,2,1,204,2016,5,16,3,3,5,2,0,0,1,0,0,0,0.0,1,562941.280999999960000,5934525.473899999600000,9.950136878000000,53.555836339999999,,9.95,53.556
95515,95516,2,3,2,312,2016,5,17,6,3,6,4,0,0,1,0,1,0,0.0,0,565142.290000000040000,5935617.980000000400000,9.983584907999999,53.565386451999998,,9.984,53.565
95517,95518,2,4,13,432,2016,5,17,2,3,4,6,0,0,1,0,0,0,0.0,0,567424.391799999980000,5948166.536399999600000,10.020754026000001,53.677872880000002,,10.021,53.678
95518,95519,2,5,18,526,2016,5,14,6,3,5,3,0,0,1,1,0,0,0.0,0,574734.371500000010000,5939637.031600000300000,10.129349514999999,53.600226501999998,,10.129,53.6
95520,95521,2,1,3,108,2016,5,14,3,3,3,6,0,0,1,1,0,0,0.0,0,565529.984999999990000,5934225.593000000300000,9.989145804000000,53.552824463000000,,9.989,53.553
95531,95532,2,4,10,428,2016,5,18,1,2,0,1,0,0,1,0,0,0,0.0,0,568872.768300000000000,5939346.272900000200000,10.040724325999999,53.598416516999997,,10.041,53.598
95532,95533,2,2,7,219,2016,5,17,2,3,0,5,0,0,1,1,0,0,0.0,0,559474.866999999970000,5933895.188500000200000,9.897696607000000,53.550575846999998,,9.898,53.551
95533,95534,2,4,5,413,2016,5,10,6,3,1,6,0,0,1,1,0,0,0.0,0,566934.173900000050000,5937498.004499999800000,10.011039051999999,53.582057034999998,,10.011,53.582
95534,95535,2,1,16,136,2016,5,6,5,3,5,2,0,0,1,1,0,0,0.0,0,566417.106299999980000,5926323.352400000200000,10.000859067000000,53.481693407000002,,10.001,53.482
95536,95537,2,2,12,225,2016,5,16,2,3,3,2,0,0,1,1,0,0,0.0,0,554787.018900000020000,5935644.470900000100000,9.827254679999999,53.566807881000003,,9.827,53.567
95542,95543,2,5,10,518,2016,5,17,3,3,5,3,0,0,1,1,0,0,0.0,0,573917.065199999950000,5945718.233900000300000,10.118445641999999,53.654992757000002,,10.118,53.655
95543,95544,2,2,11,224,2016,5,11,1,3,2,2,0,0,1,1,0,0,0.0,0,552239.253999999960000,5936064.607800000300000,9.788859167000000,53.570843781999997,,9.789,53.571
95545,95546,2,2,4,212,2016,5,18,5,3,3,2,0,0,1,1,0,0,0.0,0,560795.105199999990000,5934264.927100000000000,9.917693024000000,53.553747637000001,,9.918,53.554
95546,95547,2,3,9,321,2016,5,10,2,3,6,7,0,0,1,0,1,0,0.0,0,561930.389700000060000,5937493.289900000200000,9.935467597000001,53.582629431000001,,9.935,53.583
95551,95552,2,4,9,425,2016,5,20,5,3,5,7,0,0,1,1,0,0,0.0,0,570765.210599999990000,5937815.160000000100000,10.068967920000000,53.584404366000001,,10.069,53.584
95552,95553,2,5,6,514,2016,5,17,2,2,5,3,0,0,1,1,0,0,0.0,0,573536.240899999980000,5939091.839300000100000,10.111119135999999,53.595496429000001,,10.111,53.595
95555,95556,2,2,1,204,2016,5,18,3,3,4,2,0,0,1,1,0,0,0.0,0,562796.786800000000000,5934775.562699999700000,9.948006226000000,53.558101280999999,,9.948,53.558
95560,95561,2,4,2,404,2016,5,17,2,3,5,2,0,0,1,1,0,0,0.0,0,565356.985800000020000,5938382.558500000300000,9.987404888000000,53.590205629000003,,9.987,53.59
95562,95563,2,5,17,525,2016,5,13,3,2,4,6,0,0,1,0,0,0,0.0,0,578175.859999999990000,5945464.160000000100000,10.182807235000000,53.652090346999998,,10.183,53.652
95563,95564,2,2,8,220,2016,5,12,1,3,5,2,0,0,1,1,0,0,0.0,0,558902.759199999970000,5939600.170199999600000,9.890138913000000,53.601913705999998,,9.89,53.602
95564,95565,2,2,4,214,2016,5,7,4,2,5,3,0,0,1,1,0,0,0.0,0,561922.486700000010000,5933901.626500000200000,9.934636260000000,53.550350743999999,,9.935,53.55
95567,95568,2,4,6,415,2016,5,11,4,3,3,2,0,0,1,1,0,0,0.0,0,567752.530000000030000,5935901.842699999900000,10.023051777999999,53.567607047000003,,10.023,53.568
95569,95570,2,4,6,415,2016,5,5,4,3,1,5,0,0,1,1,0,0,0.0,0,567309.165599999950000,5935929.188799999700000,10.016364104999999,53.567909870999998,,10.016,53.568
95570,95571,2,2,11,223,2016,5,9,6,3,0,7,0,0,1,0,0,0,0.0,0,553194.479199999940000,5934549.507799999800000,9.803024404000000,53.557130549999997,,9.803,53.557
95573,95574,2,3,3,313,2016,5,10,3,3,5,2,0,1,1,1,0,0,0.0,0,564711.402000000000000,5936940.053600000200000,9.977353922000001,53.577321578000003,,9.977,53.577
95574,95575,2,7,14,715,2016,5,19,5,3,3,6,0,0,1,1,0,0,0.0,0,556709.187999999970000,5924755.268799999700000,9.854303831999999,53.468735408999997,,9.854,53.469
95576,95577,2,4,6,415,2016,5,12,6,3,1,5,0,0,1,1,0,0,0.0,0,567030.275200000030000,5936093.500900000300000,10.012188864000001,53.569422273000001,,10.012,53.569
95577,95578,2,6,14,615,2016,5,16,4,3,5,2,0,0,1,1,0,0,0.0,0,578459.574200000030000,5926988.355800000000000,10.182457618999999,53.486012393999999,,10.182,53.486
95586,95587,2,5,18,526,2016,4,7,6,3,5,3,0,0,1,0,0,0,0.0,1,575553.479500000020000,5939659.252399999600000,10.141730175999999,53.600308753000000,,10.142,53.6
95589,95590,2,1,1,101,2016,5,7,6,3,5,3,0,0,1,0,0,0,0.0,0,565883.047000000020000,5934138.402999999900000,9.994455864000001,53.551996678999998,,9.994,53.552
95593,95594,2,2,1,201,2016,5,17,3,3,5,3,0,0,1,1,0,0,0.0,0,563264.446400000020000,5933724.952399999800000,9.954852526000000,53.548602930000001,,9.955,53.549
95595,95596,2,5,8,516,2016,5,10,6,3,5,3,0,0,1,1,0,0,0.0,0,570269.380000000000000,5940753.195899999700000,10.062141549000000,53.610875108999998,,10.062,53.611
95599,95600,2,3,1,310,2016,5,14,6,3,5,3,0,0,1,1,0,0,0.0,0,563386.930000000050000,5935651.910000000100000,9.957091691000001,53.565906363000003,,9.957,53.566
95600,95601,2,1,3,108,2016,5,20,1,3,5,3,1,0,1,1,0,0,0.0,0,565523.928300000030000,5934849.928100000100000,9.989185270000000,53.558436272999998,,9.989,53.558
95603,95604,2,5,6,514,2016,5,14,2,3,5,3,0,0,1,1,0,0,0.0,0,574087.044400000010000,5940022.526399999900000,10.119661107000001,53.603782772999999,,10.12,53.604
95606,95607,2,4,10,426,2016,5,15,5,3,0,7,0,0,1,1,0,0,0.0,0,569638.472599999980000,5938769.992100000400000,10.052163921000000,53.593136299999998,,10.052,53.593
95610,95611,2,1,13,131,2016,5,19,5,2,0,1,0,0,1,0,0,0,0.0,0,572401.000299999960000,5929988.477800000500000,10.091860895000000,53.513842982000000,,10.092,53.514
95616,95617,2,1,3,105,2016,5,17,2,3,1,5,0,0,1,1,0,0,0.0,0,565063.595899999960000,5933679.292100000200000,9.981993332000000,53.547972715000000,,9.982,53.548
95618,95619,2,4,13,432,2016,5,14,2,3,5,3,0,0,1,1,0,0,0.0,0,566681.305399999950000,5944852.661000000300000,10.008794682000000,53.648186322000001,,10.009,53.648
95619,95620,2,5,7,515,2016,5,13,2,2,5,3,0,0,1,1,0,0,0.0,0,571173.834900000020000,5941100.857699999600000,10.075889438999999,53.613877422999998,,10.076,53.614
95624,95625,2,2,1,203,2016,5,12,5,3,4,2,0,0,1,1,0,0,0.0,0,562143.856499999990000,5933627.937199999600000,9.937922656000000,53.547864836999999,,9.938,53.548
95626,95627,2,1,1,101,2016,5,13,2,3,5,3,0,0,1,1,0,0,0.0,0,565981.295900000030000,5933979.562900000300000,9.995905091999999,53.550556807000000,,9.996,53.551
95637,95638,2,4,5,408,2016,5,16,6,3,5,3,0,0,1,1,0,0,0.0,0,565858.329799999950000,5939400.338899999900000,9.995192820000000,53.599289859999999,,9.995,53.599
95639,95640,2,1,16,137,2016,5,18,3,3,5,3,0,0,1,1,0,0,0.0,0,566069.621500000010000,5925883.010400000000000,9.995530934000000,53.477779634000001,,9.996,53.478
95640,95641,2,1,11,129,2016,5,20,1,2,5,3,0,0,1,1,0,0,0.0,0,572904.629300000030000,5934264.557900000400000,10.100450431000001,53.552202364000003,,10.1,53.552
95642,95643,2,5,9,517,2016,5,18,7,3,5,3,0,1,1,1,0,0,0.0,0,572715.737399999980000,5943706.554999999700000,10.099801435000000,53.637082605000003,,10.1,53.637
95644,95645,2,2,2,207,2016,5,7,5,3,6,7,0,0,1,0,1,0,0.0,0,563822.779899999960000,5935006.203800000300000,9.963539755999999,53.560050376000000,,9.964,53.56
95645,95646,2,6,2,602,2016,5,10,3,3,5,3,0,0,1,1,0,0,0.0,0,579579.423300000020000,5927332.564399999600000,10.199418012000001,53.488937559000000,,10.199,53.489
95646,95647,2,1,8,122,2016,5,11,1,3,5,3,0,0,1,1,0,0,0.0,0,569773.628499999990000,5934785.816399999900000,10.053315222000000,53.557312396000000,,10.053,53.557
95651,95652,2,3,5,317,2016,5,8,5,3,2,7,0,0,1,0,0,0,0.0,0,563042.493000000020000,5939305.406999999700000,9.952629798000000,53.598782948000000,,9.953,53.599
95652,95653,2,4,12,431,2016,5,8,2,3,5,2,0,0,1,1,0,0,0.0,0,567764.714599999950000,5942555.225900000000000,10.024681756000000,53.627400012000003,,10.025,53.627
95657,95658,2,5,6,514,2016,5,10,6,3,5,3,0,0,1,1,0,0,0.0,0,575454.838200000000000,5942867.005099999700000,10.141016952999999,53.629150125000002,,10.141,53.629
95658,95659,2,3,8,320,2016,5,15,6,3,3,2,0,0,1,1,0,0,0.0,0,559963.121399999950000,5941027.819699999900000,9.906435668000000,53.614624284000001,,9.906,53.615
95662,95663,2,3,3,314,2016,5,10,1,3,5,3,0,0,1,1,0,0,0.0,0,565492.481600000060000,5937400.571600000400000,9.989245485000000,53.581363406999998,,9.989,53.581
95668,95669,2,1,8,123,2016,5,18,5,3,6,7,0,0,1,0,1,0,0.0,0,570550.193199999980000,5934430.007500000300000,10.064955863000000,53.554010931000001,,10.065,53.554
95673,95674,2,3,9,321,2016,5,16,4,3,5,2,0,0,1,1,0,0,0.0,0,562726.550700000020000,5937476.040799999600000,9.947488462999999,53.582379783999997,,9.947,53.582
95674,95675,2,4,5,411,2016,5,12,2,3,1,5,0,0,1,1,0,0,0.0,0,568212.370099999940000,5938001.026700000300000,10.030452735000001,53.586413049000001,,10.03,53.586
95687,95688,2,2,5,217,2016,5,12,5,3,5,3,0,0,1,1,0,0,0.0,0,558944.914299999950000,5936604.689600000200000,9.890209885000001,53.574987229000001,,9.89,53.575
95688,95689,2,2,5,216,2016,5,15,2,3,6,4,0,0,1,0,1,0,0.0,0,560443.013000000040000,5935007.753999999700000,9.912522640000001,53.560464408999998,,9.913,53.56
95690,95691,2,2,12,225,2016,5,18,4,3,5,3,0,0,1,1,0,0,0.0,0,554475.260600000040000,5935977.855800000000000,9.822605977000000,53.569836684000002,,9.823,53.57
95697,95698,2,4,6,415,2016,5,11,2,3,5,3,0,0,1,0,0,0,0.0,0,567575.452999999980000,5935939.492999999800000,10.020386557000000,53.567968250000000,,10.02,53.568
95698,95699,2,1,3,108,2016,5,3,1,3,4,3,2,0,1,1,0,0,0.0,0,565825.479999999980000,5934778.870000000100000,9.993721944000001,53.557759926999999,,9.994,53.558
95699,95700,2,4,6,415,2016,4,16,6,3,4,6,0,0,1,0,0,0,0.0,1,566963.456099999950000,5936120.135200000400000,10.011185747000001,53.569670172000002,,10.011,53.57
95703,95704,2,4,5,413,2016,5,9,3,3,0,2,0,0,1,1,0,0,0.0,0,566419.374500000030000,5937339.545199999600000,10.003230611999999,53.580698386000002,,10.003,53.581
95712,95713,2,2,8,220,2016,5,20,2,3,5,3,0,0,1,1,0,0,0.0,0,557336.734999999990000,5938989.889800000000000,9.866363920000000,53.596602492000002,,9.866,53.597
95715,95716,2,1,16,137,2016,5,8,2,3,2,6,0,0,1,1,0,0,0.0,0,565219.490499999960000,5930394.304899999900000,9.983661356000001,53.518430226000000,,9.984,53.518
95716,95717,2,3,4,315,2016,5,13,7,3,4,2,0,0,1,0,0,0,0.0,1,564574.131900000040000,5937129.562500000000000,9.975320226999999,53.579041658999998,,9.975,53.579
95718,95719,2,4,13,432,2016,5,7,6,3,0,3,0,0,1,1,0,0,0.0,0,567240.786399999980000,5943961.393500000200000,10.017064637000001,53.640104862000001,,10.017,53.64
95720,95721,2,5,4,512,2016,5,19,3,3,5,3,0,0,1,1,0,0,0.0,0,575598.982700000050000,5936342.684799999900000,10.141614097000000,53.570497009000000,,10.142,53.57
95726,95727,2,2,4,214,2016,5,14,5,3,8,1,0,0,1,0,0,0,0.0,0,561689.226400000040000,5933331.801500000100000,9.931003617000000,53.545256950999999,,9.931,53.545
95728,95729,2,4,10,427,2016,5,6,4,3,6,6,0,0,1,0,1,0,0.0,0,568373.720199999980000,5938462.998599999600000,10.032990992000000,53.590543811000003,,10.033,53.591
95729,95730,2,2,5,215,2016,5,11,2,3,1,3,0,0,1,1,0,0,0.0,0,561762.307900000010000,5935690.138700000000000,9.932572379000000,53.566443671999998,,9.933,53.566
95732,95733,2,1,15,134,2016,5,18,2,2,0,7,0,0,1,0,0,0,0.0,0,569441.171699999950000,5930667.088800000000000,10.047383250999999,53.520341029999997,,10.047,53.52
95733,95734,2,7,4,705,2016,5,16,5,2,0,3,0,0,1,0,0,0,0.0,1,565474.653000000050000,5921278.238099999700000,9.985608612000000,53.436469019000000,,9.986,53.436
95734,95735,2,5,7,515,2016,5,9,6,3,5,3,0,0,1,0,0,0,0.0,1,571070.591699999990000,5940854.708800000100000,10.074272921000000,53.611679320000000,,10.074,53.612
95735,95736,2,3,6,318,2016,5,15,1,2,6,7,0,0,1,0,1,0,0.0,0,563604.065100000010000,5943032.467400000400000,9.961875477000000,53.632211050999999,,9.962,53.632
95740,95741,2,1,16,137,2016,5,13,4,3,6,7,0,0,1,0,1,0,0.0,0,565789.230899999970000,5928838.787700000200000,9.991926432000000,53.504379319000002,,9.992,53.504
95741,95742,2,5,7,515,2016,5,13,3,3,3,2,0,0,1,0,0,0,0.0,1,573872.282600000040000,5942430.901399999900000,10.116987325000000,53.625456651000000,,10.117,53.625
95744,95745,2,2,9,221,2016,5,14,3,3,3,3,0,0,1,1,0,0,0.0,0,557345.070599999980000,5936898.259700000300000,9.866105401000000,53.577803029999998,,9.866,53.578
95745,95746,2,4,6,415,2016,5,16,7,2,0,5,0,0,1,1,0,0,0.0,0,567076.144899999960000,5936069.095999999900000,10.012876157999999,53.569197080000002,,10.013,53.569
95748,95749,2,2,8,220,2016,5,10,2,3,5,2,0,0,1,1,0,0,0.0,0,557917.011599999970000,5938028.755199999500000,9.874952362000000,53.587900515000001,,9.875,53.588
95749,95750,2,3,2,311,2016,4,13,6,2,5,3,0,0,1,0,0,0,0.0,1,565204.426100000040000,5935476.523699999800000,9.984493426000000,53.564107432999997,,9.984,53.564
95750,95751,2,3,8,320,2016,5,7,4,3,5,3,0,0,1,1,0,0,0.0,0,559850.001799999970000,5938016.550400000100000,9.904147774000000,53.587573745000000,,9.904,53.588
95751,95752,2,4,9,424,2016,5,7,5,3,3,2,0,0,1,1,0,0,0.0,0,570069.916399999990000,5937365.169700000400000,10.058365861000000,53.580453663999997,,10.058,53.58
95752,95753,2,1,3,108,2016,5,11,6,3,4,2,0,0,1,1,0,0,0.0,0,565355.426199999990000,5934536.074699999800000,9.986576258000000,53.555636601000003,,9.987,53.556
95757,95758,2,3,4,315,2016,5,18,2,3,0,7,0,0,1,0,0,0,0.0,0,564134.025700000000000,5937290.597299999600000,9.968707050000001,53.580542921000003,,9.969,53.581
95763,95764,2,3,7,319,2016,5,16,7,3,5,3,0,0,1,1,0,0,0.0,0,560796.580599999990000,5942608.951700000100000,9.919341681000001,53.628738368000000,,9.919,53.629
95766,95767,2,2,1,203,2016,5,19,2,3,0,7,0,0,1,0,0,0,0.0,0,561953.314800000050000,5933608.480299999900000,9.935043422000000,53.547712486000002,,9.935,53.548
95768,95769,2,2,6,218,2016,5,17,4,3,5,3,0,0,1,1,0,0,0.0,0,558198.452200000060000,5935151.714599999600000,9.878667243000001,53.562011949000002,,9.879,53.562
95780,95781,2,6,12,613,2016,5,14,2,3,1,3,0,0,1,1,0,0,0.0,0,571497.090699999940000,5928207.861200000200000,10.077825864999999,53.497964156999998,,10.078,53.498
95781,95782,2,2,10,222,2016,5,20,3,3,3,6,0,0,1,1,0,0,0.0,0,554693.775999999950000,5934776.413200000300000,9.825694966000000,53.559015817000002,,9.826,53.559
95785,95786,2,2,1,203,2016,5,17,5,3,1,5,0,0,1,1,0,0,0.0,0,561959.525400000040000,5933608.678299999800000,9.935137182000000,53.547713532000003,,9.935,53.548
95788,95789,2,3,1,303,2016,5,15,7,3,3,2,0,0,1,1,0,0,0.0,0,562368.105699999960000,5936985.842000000200000,9.941976983000000,53.578016953999999,,9.942,53.578
95790,95791,2,2,9,221,2016,4,11,7,3,3,6,0,1,1,0,0,0,0.0,1,557335.180700000030000,5936784.798600000300000,9.865935209000000,53.576784377000003,,9.866,53.577
95792,95793,2,5,10,518,2016,5,14,5,2,5,3,0,0,1,1,0,0,0.0,0,573228.738099999960000,5945782.725200000200000,10.108047855000001,53.655669144000001,,10.108,53.656
95793,95794,2,1,4,110,2016,5,15,2,3,3,6,0,0,1,0,0,0,0.0,1,563360.790599999950000,5934072.337700000000000,9.956376822999999,53.551713384000003,,9.956,53.552
95799,95800,2,1,20,141,2016,5,14,4,3,6,7,0,0,1,0,1,0,0.0,0,557609.215800000010000,5932015.618700000500000,9.869194488000000,53.533891099999998,,9.869,53.534
95804,95805,2,3,1,301,2016,5,11,7,3,6,4,0,0,1,0,1,0,0.0,0,562683.502400000000000,5937283.330099999900000,9.946799607000001,53.580652979000000,,9.947,53.581
95806,95807,2,3,2,311,2016,5,9,5,3,0,7,0,0,1,0,0,0,0.0,1,564448.543399999970000,5935779.702700000300000,9.973145046999999,53.566925560000001,,9.973,53.567
95807,95808,2,5,18,526,2016,5,17,3,3,6,7,0,0,1,0,1,0,0.0,0,576966.216999999950000,5939483.435499999700000,10.163030635000000,53.598523184000001,,10.163,53.599
95811,95812,2,4,6,415,2016,5,0,4,2,1,5,2,0,1,1,0,0,0.0,0,567278.806600000010000,5936037.114199999700000,10.015929012000001,53.568883706999998,,10.016,53.569
95812,95813,2,1,7,120,2016,5,17,4,3,5,3,0,0,1,1,0,0,0.0,0,568900.229900000030000,5934629.683100000000000,10.040098223999999,53.556024579000002,,10.04,53.556
95813,95814,2,2,4,212,2016,5,8,5,3,2,2,0,0,1,1,0,0,0.0,0,560280.262100000050000,5934373.068000000000000,9.909943479000001,53.554778917999997,,9.91,53.555
95814,95815,2,5,2,508,2016,4,16,5,3,5,3,0,0,1,1,0,0,0.0,0,572060.542800000050000,5936806.402999999900000,10.088298267000001,53.575162341000002,,10.088,53.575
95816,95817,2,7,14,715,2016,5,17,5,3,4,2,0,0,1,1,0,0,0.0,0,556808.373600000050000,5925266.932300000500000,9.855890365000001,53.473323401999998,,9.856,53.473
95817,95818,2,1,8,126,2016,5,11,6,3,5,3,0,0,1,1,0,0,0.0,0,569743.599900000030000,5933979.401899999900000,10.052682082000000,53.550069080999997,,10.053,53.55
95818,95819,2,4,6,414,2016,5,9,6,3,3,2,0,0,1,1,0,0,0.0,0,567114.488099999960000,5937150.296299999600000,10.013687458000000,53.578909088000003,,10.014,53.579
95819,95820,2,6,2,602,2016,5,20,4,3,5,3,0,0,1,1,0,0,0.0,0,578726.485600000010000,5927435.958800000100000,10.186591548000001,53.489995035000000,,10.187,53.49
95821,95822,2,3,5,317,2016,4,10,7,3,5,3,0,1,1,1,0,0,0.0,0,563032.014399999990000,5937454.054800000000000,9.952097372000001,53.582145564000001,,9.952,53.582
95822,95823,2,1,8,122,2016,5,9,4,3,3,2,0,0,1,1,0,0,0.0,0,569744.790799999960000,5934792.307799999600000,10.052881412000000,53.557374566999997,,10.053,53.557
95824,95825,2,1,4,111,2016,5,16,7,3,5,3,0,0,1,1,0,0,0.0,0,563782.576200000010000,5934157.026100000400000,9.962759608000001,53.552423433999998,,9.963,53.552
95828,95829,2,5,2,507,2016,4,19,5,3,5,3,0,1,1,1,0,0,0.0,0,570650.180100000000000,5937227.401700000300000,10.067097564000001,53.579137699000000,,10.067,53.579
95831,95832,2,1,11,128,2016,5,8,4,3,3,2,0,0,1,0,0,0,0.0,1,571811.483299999960000,5932931.047700000000000,10.083647149999999,53.540368778000001,,10.084,53.54
95838,95839,2,3,6,318,2016,5,22,6,3,0,7,2,0,1,0,0,0,0.0,0,562884.848299999950000,5942386.049200000200000,9.950869894000000,53.626488428999998,,9.951,53.626
95842,95843,2,1,4,112,2016,5,23,7,3,3,7,2,0,1,1,0,0,0.0,0,563916.739900000040000,5933566.268100000000000,9.964663656999999,53.547097786000002,,9.965,53.547
95843,95844,2,1,1,101,2016,5,11,3,3,5,3,0,0,1,1,0,0,0.0,0,566528.965100000030000,5933551.230899999800000,10.004078957999999,53.546638184000003,,10.004,53.547
95846,95847,2,4,12,431,2016,4,12,5,3,0,7,0,0,1,1,0,0,0.0,0,567584.008900000020000,5942814.798700000200000,10.022006123000001,53.629756161000003,,10.022,53.63
95851,95852,2,5,7,515,2016,5,11,4,3,5,2,0,0,1,1,0,0,0.0,0,571471.715899999950000,5941691.114299999500000,10.080526894000000,53.619141440000000,,10.081,53.619
95852,95853,2,4,11,430,2016,5,7,5,3,5,2,0,0,1,0,0,0,0.0,1,567531.016599999970000,5941565.285299999600000,10.020933850000000,53.618533552999999,,10.021,53.619
95855,95856,2,1,3,108,2016,5,6,7,3,2,6,0,0,1,1,0,0,0.0,0,565437.130099999950000,5934592.256400000300000,9.987821184000000,53.556131342000000,,9.988,53.556
95856,95857,2,1,12,130,2016,5,12,1,3,5,3,0,0,1,1,0,0,0.0,0,573671.970699999950000,5935653.587200000000000,10.112358022000000,53.564578300999997,,10.112,53.565
95857,95858,2,4,8,419,2016,5,20,2,3,0,7,1,0,1,1,0,0,0.0,0,567980.949499999990000,5937146.134700000300000,10.026771163999999,53.578760101000000,,10.027,53.579
95860,95861,2,1,4,111,2016,5,20,1,3,2,5,0,0,1,1,0,0,0.0,0,563785.198600000000000,5933841.899400000500000,9.962734899000001,53.549590969999997,,9.963,53.55
95862,95863,2,2,1,203,2016,5,9,5,3,1,5,0,0,1,1,0,0,0.0,0,562787.903100000000000,5933786.948499999900000,9.947673574000000,53.549217313000000,,9.948,53.549