,OBJECTID,ULAND,UREGBEZ,UKREIS,UGEMEINDE,UJAHR,UMONAT,USTUNDE,UWOCHENTAG,UKATEGORIE,UART,UTYP1,ULICHTVERH,STRZUSTAND,IstRad,IstPKW,IstFuss,IstKrad,IstGkfz,IstSonstig,LINREFX,LINREFY,XGCSWGS84,YGCSWGS84,UIDENTSTLA,lat_short,long_short
95863,95864,2,5,3,511,2016,5,7,3,3,5,3,0,0,1,1,0,0,0.0,0,571899.575700000040000,5935672.664200000500000,10.085606726000000,53.564995574000001,,10.086,53.565
95865,95866,2,4,1,402,2016,5,16,3,3,5,3,0,0,1,1,0,0,0.0,0,564502.669899999980000,5937915.299499999700000,9.974403449000000,53.586112063999998,,9.974,53.586
95867,95868,2,5,11,519,2016,5,13,4,3,0,7,0,0,1,1,0,0,0.0,0,570734.227399999970000,5946913.123499999800000,10.070567397000000,53.666171171000002,,10.071,53.666
95869,95870,2,5,11,519,2016,5,22,4,3,0,7,2,0,1,1,0,0,0.0,0,572235.322300000000000,5945699.232699999600000,10.092999774999999,53.655056954000003,,10.093,53.655
95875,95876,2,5,2,508,2016,5,18,1,3,5,3,0,0,1,1,0,0,0.0,0,571939.993400000040000,5937182.294599999700000,10.086564643000001,53.578557001999997,,10.087,53.579
95880,95881,2,4,3,406,2016,4,16,5,3,5,3,0,0,1,1,0,0,0.0,0,564410.616799999960000,5940777.740199999900000,9.973604454000000,53.611848774999999,,9.974,53.612
95881,95882,2,4,12,431,2016,5,8,6,3,5,3,0,0,1,0,0,0,0.0,0,567532.745499999960000,5942486.511099999800000,10.021159816000001,53.626812440000002,,10.021,53.627
95882,95883,2,1,4,112,2016,5,12,5,3,1,5,0,0,1,1,0,0,0.0,0,564141.081000000010000,5933775.057300000500000,9.968091820000000,53.548946884999999,,9.968,53.549
95884,95885,2,7,9,710,2016,4,14,6,3,5,3,0,0,1,1,0,0,0.0,0,563749.426199999990000,5923512.452999999700000,9.960095023999999,53.456760436000003,,9.96,53.457
95885,95886,2,5,10,518,2016,5,14,4,3,5,3,0,0,1,1,0,0,0.0,0,573058.777200000010000,5944313.146400000000000,10.105131235000000,53.642486142000003,,10.105,53.642
95888,95889,2,3,8,320,2016,5,15,4,3,1,7,0,0,1,1,0,0,0.0,0,559928.241999999970000,5939763.124300000300000,9.905665236999999,53.603261973999999,,9.906,53.603
95894,95895,2,5,9,517,2016,5,7,2,3,5,3,0,0,1,0,0,0,0.0,0,572543.692200000050000,5944242.078200000300000,10.097324745000000,53.641919123999998,,10.097,53.642
95896,95897,2,5,18,526,2016,5,7,6,3,5,3,0,0,1,1,0,0,0.0,0,577874.911700000060000,5940139.949400000300000,10.176922695000000,53.604288801000003,,10.177,53.604
95897,95898,2,2,8,220,2016,5,14,6,2,5,3,0,0,1,1,0,0,0.0,0,558707.593499999960000,5939503.269799999900000,9.887171707000000,53.601064719000000,,9.887,53.601
95902,95903,2,2,8,220,2016,6,15,3,3,0,7,0,0,1,0,0,0,0.0,0,558707.111299999990000,5939256.168600000400000,9.887117888000001,53.598843965000000,,9.887,53.599
95910,95911,2,3,3,314,2016,6,7,5,3,5,2,0,0,1,1,0,0,0.0,0,565490.993299999970000,5937402.030100000100000,9.989223315000000,53.581376701000003,,9.989,53.581
95911,95912,2,2,1,205,2016,5,10,7,3,3,2,0,0,1,1,0,0,0.0,0,562847.712100000000000,5934010.410799999700000,9.948621065999999,53.551218493999997,,9.949,53.551
95912,95913,2,6,1,601,2016,6,21,6,3,0,7,0,0,1,1,0,0,0.0,0,579446.567000000040000,5927742.202999999700000,10.197519797000000,53.492638941000003,,10.198,53.493
95914,95915,2,1,12,130,2016,6,16,2,3,5,3,0,0,1,1,0,0,0.0,0,573791.372300000050000,5935664.188099999900000,10.114162972000001,53.564656794000001,,10.114,53.565
95916,95917,2,1,5,113,2016,6,18,6,3,6,7,0,0,1,0,1,0,0.0,0,567115.660900000020000,5935166.923700000200000,10.013278943000000,53.561084053999998,,10.013,53.561
95917,95918,2,7,9,710,2016,6,18,2,3,4,6,0,0,1,0,0,0,0.0,1,563527.152899999990000,5922861.093000000300000,9.956616428000000,53.450933194999998,,9.957,53.451
95918,95919,2,4,8,421,2016,5,17,6,3,3,6,0,0,1,1,0,0,0.0,0,568809.107500000040000,5937201.154600000000000,10.039289384000000,53.579146578000000,,10.039,53.579
95922,95923,2,3,2,311,2016,6,18,4,3,4,6,0,0,1,0,0,0,0.0,0,564798.852900000060000,5936303.872800000000000,9.978542473999999,53.571593268000001,,9.979,53.572
95923,95924,2,6,2,602,2016,6,8,6,3,4,7,0,0,1,0,0,0,0.0,0,579377.648099999990000,5925931.430400000000000,10.196023345000000,53.476376410000000,,10.196,53.476
95926,95927,2,1,8,123,2016,6,17,6,3,3,6,0,0,1,0,0,0,0.0,0,569890.871700000020000,5935164.240399999500000,10.055169447000001,53.560697716000000,,10.055,53.561
95929,95930,2,1,3,105,2016,5,17,7,3,0,6,0,0,1,0,1,0,0.0,0,564639.758099999980000,5933312.700299999700000,9.975521679000000,53.544730391999998,,9.976,53.545
95932,95933,2,1,8,123,2016,6,17,2,3,5,3,0,0,1,1,0,0,0.0,0,570371.147099999940000,5934631.895600000400000,10.062299120000000,53.555849338999998,,10.062,53.556
95933,95934,2,5,2,508,2016,5,17,3,3,3,2,0,0,1,0,0,0,0.0,1,572843.529300000050000,5937857.131699999800000,10.100366194999999,53.584496985000001,,10.1,53.584
95936,95937,2,5,18,526,2016,5,17,5,3,5,3,0,1,1,1,0,0,0.0,0,574962.956000000010000,5940196.072300000100000,10.132937479000001,53.605217820000000,,10.133,53.605
95937,95938,2,3,8,320,2016,6,8,5,3,1,5,0,0,1,1,0,0,0.0,0,558928.285000000030000,5940778.500799999600000,9.890747440000000,53.612500990999997,,9.891,53.613
95938,95939,2,3,1,310,2016,5,15,2,3,4,6,0,0,1,0,0,0,0.0,0,563809.822200000050000,5935519.050800000300000,9.963448896999999,53.564661063999999,,9.963,53.565
95940,95941,2,4,6,414,2016,6,15,4,3,3,6,0,0,1,0,0,0,0.0,1,567210.159800000020000,5936622.079900000200000,10.015018502000000,53.574149679999998,,10.015,53.574
95946,95947,2,5,17,525,2016,5,7,5,3,4,6,0,1,1,0,0,0,0.0,0,578380.004300000030000,5945094.909000000000000,10.185802110999999,53.648741518000001,,10.186,53.649
95949,95950,2,3,2,311,2016,5,16,1,2,4,7,0,0,1,0,0,0,0.0,0,564657.376599999960000,5936176.638100000100000,9.976380005999999,53.570467231999999,,9.976,53.57
95950,95951,2,4,10,429,2016,5,16,3,2,5,2,0,0,1,1,0,0,0.0,0,568884.595500000050000,5939670.083999999800000,10.040974562000001,53.601325064000001,,10.041,53.601
95967,95968,2,4,13,432,2016,5,10,5,3,0,5,0,1,1,1,0,0,0.0,0,567151.506999999980000,5945171.359000000200000,10.015975801000000,53.650990331000003,,10.016,53.651
95968,95969,2,2,7,219,2016,6,11,5,3,5,3,0,1,1,1,0,0,0.0,0,560514.046500000050000,5933724.978000000100000,9.913346574000000,53.548927343999999,,9.913,53.549
95971,95972,2,1,5,113,2016,6,17,4,3,6,7,0,0,1,0,1,0,0.0,0,567131.920999999970000,5935187.492999999800000,10.013528806000000,53.561266834000001,,10.014,53.561
95972,95973,2,3,5,317,2016,6,13,5,3,5,3,0,0,1,1,0,0,0.0,0,563397.637699999960000,5939424.723799999800000,9.958019801000001,53.599812440999997,,9.958,53.6
95977,95978,2,3,8,320,2016,6,15,5,3,0,7,0,0,1,0,0,0,0.0,0,559278.306600000010000,5939881.840200000400000,9.895866997000001,53.604402845999999,,9.896,53.604
95978,95979,2,3,1,310,2016,6,15,5,3,3,6,0,0,1,1,0,0,0.0,0,563435.434899999990000,5935722.160600000100000,9.957838230000000,53.566531865999998,,9.958,53.567
95981,95982,2,1,16,136,2016,5,15,6,3,5,3,0,0,1,1,0,0,0.0,0,567009.878999999960000,5928228.343999999600000,10.010197002000000,53.498738985999999,,10.01,53.499
95983,95984,2,2,5,215,2016,6,8,6,3,3,2,0,0,1,1,0,0,0.0,0,561307.776500000040000,5935820.278199999600000,9.925735767999999,53.567666588999998,,9.926,53.568
95984,95985,2,5,3,510,2016,6,13,3,3,5,7,0,0,1,1,0,0,0.0,0,571335.377100000040000,5935759.144700000100000,10.077109338000000,53.565849771000003,,10.077,53.566
95985,95986,2,2,4,212,2016,6,16,3,3,4,2,0,1,1,1,0,0,0.0,0,561028.665400000060000,5934527.695700000000000,9.921269382000000,53.556082150999998,,9.921,53.556
95993,95994,2,1,1,101,2016,6,11,5,3,5,3,0,0,1,1,0,0,0.0,0,566358.092300000020000,5933682.703599999700000,10.001528413999999,53.547841380000001,,10.002,53.548
95994,95995,2,1,16,136,2016,5,16,6,3,5,3,0,0,1,1,0,0,0.0,0,567212.359599999970000,5930387.526300000000000,10.013711904999999,53.518118268000002,,10.014,53.518
95996,95997,2,6,2,603,2016,5,16,7,3,2,6,0,0,1,0,0,0,0.0,0,580168.490899999980000,5926458.009999999800000,10.208070911000000,53.480988793000002,,10.208,53.481
96006,96007,2,1,4,111,2016,6,13,6,3,3,5,0,0,1,1,0,0,0.0,0,563772.334900000020000,5934511.670699999700000,9.962677393000000,53.555611982999999,,9.963,53.556
96007,96008,2,5,12,520,2016,6,7,3,3,4,2,0,0,1,1,0,0,0.0,0,569865.530499999990000,5944836.869300000400000,10.056955187000000,53.647628877999999,,10.057,53.648
96008,96009,2,1,6,115,2016,6,22,3,3,5,3,1,0,1,1,0,0,0.0,0,566728.687400000050000,5933460.561400000000000,10.007073383000000,53.545797976000003,,10.007,53.546
96009,96010,2,4,3,406,2016,5,15,6,3,5,3,0,0,1,1,0,0,0.0,0,564553.262899999970000,5940501.144600000200000,9.975702979999999,53.609345398000002,,9.976,53.609
96011,96012,2,4,3,406,2016,6,8,5,3,3,2,0,0,1,1,0,0,0.0,0,564964.040599999950000,5940985.666500000300000,9.982011798000000,53.613649109999997,,9.982,53.614
96013,96014,2,6,2,602,2016,5,20,3,3,5,3,0,0,1,1,0,0,0.0,0,580634.626999999980000,5927528.947999999900000,10.215368558000000,53.490541759000003,,10.215,53.491
96014,96015,2,1,16,136,2016,6,11,4,2,6,7,0,0,1,0,1,0,0.0,0,567217.905099999970000,5927636.557699999800000,10.013205725000001,53.493393900999997,,10.013,53.493
96017,96018,2,4,9,425,2016,5,18,7,3,6,6,0,0,1,0,1,0,0.0,0,570618.048300000020000,5937559.269500000400000,10.066687427000000,53.582124520000001,,10.067,53.582
96025,96026,2,4,13,432,2016,5,13,1,3,5,3,0,1,1,1,0,0,0.0,0,568049.648700000020000,5948129.348299999700000,10.030210109000000,53.677457631999999,,10.03,53.677
96030,96031,2,4,7,416,2016,5,15,5,3,5,3,0,1,1,0,0,0,0.0,0,567894.378200000040000,5935289.258200000000000,10.025060156000000,53.562083332999997,,10.025,53.562
96033,96034,2,5,6,514,2016,6,11,4,3,5,3,0,0,1,1,0,0,0.0,0,573943.187599999950000,5939475.694600000000000,10.117357774000000,53.598888819000003,,10.117,53.599
96037,96038,2,4,5,413,2016,5,9,7,3,4,2,0,0,1,1,0,0,0.0,0,566853.309000000010000,5937668.842699999900000,10.009854396000000,53.583602698000000,,10.01,53.584
96039,96040,2,5,16,524,2016,6,11,7,2,5,3,0,0,1,1,0,0,0.0,0,575301.554000000000000,5948016.266900000200000,10.139947203000000,53.675446874999999,,10.14,53.675
96042,96043,2,6,2,602,2016,6,11,1,3,4,7,0,0,1,1,0,0,0.0,0,580301.765999999950000,5926970.730700000200000,10.210209905999999,53.485576139999999,,10.21,53.486
96043,96044,2,1,11,129,2016,5,7,3,3,3,2,0,0,1,1,0,0,0.0,0,573434.009300000030000,5935098.669700000400000,10.108635417000000,53.559624669000002,,10.109,53.56
96044,96045,2,4,4,407,2016,6,7,5,3,5,3,0,0,1,1,0,0,0.0,0,566986.812999999970000,5940322.650999999600000,10.012440780000000,53.607435764999998,,10.012,53.607
96045,96046,2,3,8,320,2016,5,16,5,3,5,3,0,1,1,1,0,0,0.0,0,559440.550200000060000,5939996.121500000400000,9.898340434000000,53.605411560000000,,9.898,53.605
96049,96050,2,4,5,413,2016,5,17,7,3,1,5,0,0,1,1,0,0,0.0,0,566604.901799999990000,5937570.635800000300000,10.006081751000000,53.582751706000003,,10.006,53.583
96051,96052,2,4,8,419,2016,6,8,6,3,4,7,0,0,1,0,0,0,0.0,0,568336.980199999990000,5937289.934299999800000,10.032179108999999,53.580006175000001,,10.032,53.58
96052,96053,2,5,4,512,2016,6,6,3,3,5,2,0,0,1,1,0,0,0.0,0,574477.846699999990000,5936391.204099999700000,10.124699095000000,53.571093390000001,,10.125,53.571
96055,96056,2,5,12,520,2016,6,14,7,3,5,3,0,0,1,1,0,0,0.0,0,570217.966299999970000,5944280.049800000200000,10.062160221999999,53.642577611000000,,10.062,53.643
96056,96057,2,2,5,215,2016,5,14,5,3,3,2,0,1,1,1,0,0,0.0,0,560818.329400000050000,5936924.686099999600000,9.918561361000000,53.577649309999998,,9.919,53.578
96057,96058,2,5,10,518,2016,5,17,6,3,4,2,0,0,1,1,0,0,0.0,0,573376.743200000030000,5945477.051500000100000,10.110214725000001,53.652901389000000,,10.11,53.653
96058,96059,2,4,11,430,2016,6,10,6,2,5,3,0,0,1,1,0,0,0.0,0,568871.428100000020000,5940433.382600000100000,10.040944289000000,53.608186582000002,,10.041,53.608
96059,96060,2,1,1,101,2016,6,18,4,3,6,4,0,0,1,0,1,0,0.0,0,566509.985100000050000,5934096.620199999800000,10.003908554000001,53.551542120000001,,10.004,53.552
96061,96062,2,3,7,319,2016,5,7,3,3,5,3,0,1,1,1,0,0,0.0,0,560554.618600000050000,5943855.523500000100000,9.915925980999999,53.639969747999999,,9.916,53.64
96069,96070,2,2,9,221,2016,6,10,6,3,1,5,0,0,1,1,0,0,0.0,0,557130.666800000010000,5936026.812599999800000,9.862708128000000,53.569994262000002,,9.863,53.57
96077,96078,2,2,3,210,2016,5,19,6,3,5,3,0,0,1,1,0,0,0.0,0,562130.559000000010000,5934486.389000000400000,9.937892582000000,53.555581650000001,,9.938,53.556
96078,96079,2,1,1,102,2016,5,12,3,3,6,7,0,0,1,0,0,0,0.0,1,565917.393700000020000,5934058.253499999600000,9.994957318000001,53.551272044999997,,9.995,53.551
96082,96083,2,1,14,132,2016,6,9,1,3,5,3,0,0,1,0,0,0,0.0,0,569117.515999999950000,5933112.436999999900000,10.043042356000001,53.542360361999997,,10.043,53.542
96083,96084,2,5,7,515,2016,5,7,2,3,5,2,0,0,1,0,0,0,0.0,1,571053.523999999980000,5940811.599999999600000,10.074005151000000,53.611294219999998,,10.074,53.611
96084,96085,2,5,3,511,2016,5,11,3,3,5,3,0,0,1,0,0,0,0.0,0,573238.702599999960000,5936192.180400000000000,10.105943818000000,53.569479227000002,,10.106,53.569
96093,96094,2,4,12,431,2016,5,17,6,3,6,7,0,0,1,1,1,0,0.0,0,567052.587900000040000,5943761.399799999800000,10.014175375000001,53.638331655000002,,10.014,53.638
96099,96100,2,7,14,715,2016,6,15,2,2,5,2,0,0,1,0,0,0,0.0,1,556808.224900000030000,5925267.036700000100000,9.855888144000000,53.473324357000003,,9.856,53.473
96100,96101,2,2,2,207,2016,5,13,6,2,5,3,0,1,1,1,0,0,0.0,0,564070.358699999980000,5934717.203300000200000,9.967217650000000,53.557422877000000,,9.967,53.557
96102,96103,2,7,10,711,2016,6,15,4,3,5,3,0,0,1,1,0,0,0.0,0,563507.433399999980000,5923792.291100000000000,9.956507586000001,53.459304701999997,,9.957,53.459
96104,96105,2,5,18,526,2016,5,11,3,3,5,3,0,0,1,1,0,0,0.0,0,577750.061800000020000,5939041.407499999700000,10.174762314000001,53.594435150000002,,10.175,53.594
96106,96107,2,4,4,407,2016,5,7,6,3,5,2,0,1,1,1,0,0,0.0,0,568024.752300000050000,5941523.035199999800000,10.028387600000000,53.618089955999999,,10.028,53.618
96107,96108,2,4,2,404,2016,6,18,6,2,0,7,0,0,1,0,1,0,0.0,0,565440.605300000050000,5938320.653300000400000,9.988655007000000,53.589638844000000,,9.989,53.59
96109,96110,2,1,3,105,2016,5,8,3,3,3,2,0,0,1,1,0,0,0.0,0,564817.826800000040000,5933240.413499999800000,9.978193622999999,53.544058780999997,,9.978,53.544
96111,96112,2,2,3,210,2016,6,11,6,3,0,6,0,0,1,0,1,0,0.0,1,562781.329799999950000,5934781.598299999700000,9.947774128000001,53.558157375000000,,9.948,53.558
96112,96113,2,2,14,227,2016,5,13,7,3,0,7,0,0,1,0,0,0,0.0,0,549121.409800000020000,5936074.618099999600000,9.741782996000000,53.571234935000000,,9.742,53.571
96113,96114,2,4,10,429,2016,6,14,2,3,0,7,0,0,1,0,0,0,0.0,0,568847.633000000030000,5939930.051900000300000,10.040473511000000,53.603666261999997,,10.04,53.604
96115,96116,2,6,2,602,2016,6,7,5,3,4,6,0,0,1,1,0,0,0.0,0,579516.761000000060000,5926321.019700000100000,10.198217572000001,53.479856554000001,,10.198,53.48
96116,96117,2,5,2,507,2016,5,7,3,3,5,3,0,0,1,1,0,0,0.0,0,571019.663700000030000,5937038.235899999700000,10.072634121000000,53.577387770999998,,10.073,53.577
96117,96118,2,3,1,303,2016,5,16,5,3,5,3,0,1,1,1,0,0,0.0,0,562842.564699999990000,5936843.048000000400000,9.949113154999999,53.576676988000003,,9.949,53.577
96118,96119,2,6,2,603,2016,6,20,4,3,0,7,1,1,1,0,0,0,0.0,1,582203.838299999940000,5926118.393600000100000,10.238645189000000,53.477622875000002,,10.239,53.478
96120,96121,2,1,1,102,2016,6,16,6,3,6,6,0,0,1,0,1,0,0.0,0,565824.320900000050000,5933364.495699999900000,9.993406681000000,53.545048749000003,,9.993,53.545
96122,96123,2,5,18,526,2016,6,15,6,2,5,3,0,0,1,1,0,0,0.0,0,576252.728000000000000,5942471.734400000400000,10.152983014000000,53.625482362000000,,10.153,53.625
96123,96124,2,3,1,308,2016,6,0,4,3,0,7,2,0,1,0,0,0,0.0,0,563779.891599999970000,5936072.778900000300000,9.963110115999999,53.569641222999998,,9.963,53.57
96126,96127,2,2,5,215,2016,6,23,7,3,5,3,2,0,1,1,0,0,0.0,0,561492.426899999960000,5935120.701600000300000,9.928385854000000,53.561357612000002,,9.928,53.561
96128,96129,2,5,7,515,2016,6,18,1,3,1,5,0,0,1,1,0,0,0.0,0,572040.894699999950000,5940602.353600000000000,10.088878365999999,53.609278903000003,,10.089,53.609
96130,96131,2,3,9,321,2016,6,11,5,3,5,3,0,0,1,1,0,0,0.0,0,561864.564000000010000,5937244.065999999600000,9.934424033000001,53.580397337000001,,9.934,53.58
96136,96137,2,7,13,714,2016,5,11,7,2,5,3,0,0,1,1,0,0,0.0,0,558972.652800000040000,5925002.506199999700000,9.888444120000001,53.470708873000000,,9.888,53.471
96138,96139,2,3,9,321,2016,6,9,4,2,1,5,0,0,1,1,0,0,0.0,0,562127.109199999950000,5937551.115399999500000,9.938450147999999,53.583125860999999,,9.938,53.583
96142,96143,2,1,12,130,2016,6,13,3,2,3,6,0,0,1,1,0,0,0.0,0,573859.323800000010000,5934775.298200000100000,10.114978650999999,53.556658890999998,,10.115,53.557
96143,96144,2,2,3,210,2016,5,10,7,3,5,3,0,0,1,0,0,0,0.0,0,562011.527000000000000,5934520.234100000000000,9.936102711000000,53.555899904000000,,9.936,53.556
96144,96145,2,4,5,412,2016,6,7,3,3,1,6,0,0,1,0,0,0,0.0,0,567003.867300000040000,5937374.390900000000000,10.012065050000000,53.580937202999998,,10.012,53.581
96147,96148,2,3,3,314,2016,5,18,5,3,6,7,0,0,1,0,1,0,0.0,0,565310.125200000010000,5937664.440000000400000,9.986546713999999,53.583757589000001,,9.987,53.584
96152,96153,2,3,1,306,2016,6,16,5,3,5,2,0,0,1,1,0,0,0.0,0,563645.349999999980000,5936537.045699999700000,9.961173403000000,53.573830063999999,,9.961,53.574
96156,96157,2,1,17,138,2016,6,9,6,2,1,2,0,0,1,1,0,0,0.0,0,565050.833699999960000,5931437.013000000300000,9.981334604000001,53.527822274000002,,9.981,53.528
96157,96158,2,1,4,111,2016,5,0,7,3,5,2,2,0,1,1,0,0,0.0,0,563811.373900000010000,5934323.586299999600000,9.963228222000000,53.553916864999998,,9.963,53.554
96159,96160,2,4,6,415,2016,5,14,6,3,4,2,0,0,1,1,0,0,0.0,0,567907.617800000010000,5935828.798800000000000,10.025377287000000,53.566930544000002,,10.025,53.567
96162,96163,2,5,15,523,2016,6,17,3,2,5,3,0,1,1,1,0,0,0.0,0,574513.182200000040000,5950411.291500000300000,10.128590475999999,53.697083100000000,,10.129,53.697
96163,96164,2,3,5,317,2016,6,16,4,3,4,2,0,0,1,1,0,0,0.0,0,564051.410000000030000,5937902.400000000400000,9.967584958000000,53.586051449000003,,9.968,53.586
96166,96167,2,2,5,215,2016,6,12,6,3,5,3,0,0,1,1,0,0,0.0,0,560773.508700000010000,5937243.245299999600000,9.917946537000001,53.580517524000001,,9.918,53.581
96168,96169,2,3,7,319,2016,6,18,3,3,0,7,0,0,1,0,0,0,0.0,0,561373.571800000030000,5943726.624499999900000,9.928285941000000,53.638715896000001,,9.928,53.639
96170,96171,2,3,1,306,2016,6,14,7,3,3,2,0,0,1,1,0,0,0.0,0,563001.576600000030000,5936782.545800000400000,9.951502143000001,53.576114161000000,,9.952,53.576
96172,96173,2,5,4,512,2016,6,16,4,3,5,3,0,0,1,1,0,0,0.0,0,575138.259500000040000,5936791.296600000000000,10.134766203000000,53.574594775999998,,10.135,53.575
96175,96176,2,5,9,517,2016,5,16,3,2,5,3,0,0,1,1,0,0,0.0,0,570489.259899999950000,5943575.849499999500000,10.066103592999999,53.636212557000000,,10.066,53.636
96177,96178,2,4,7,416,2016,5,18,6,3,4,6,0,0,1,0,0,0,0.0,0,567837.304099999950000,5935603.897900000200000,10.024266925999999,53.564918423999998,,10.024,53.565
96180,96181,2,5,17,525,2016,6,14,2,3,0,7,0,0,1,1,0,0,0.0,0,577350.153399999950000,5944968.516400000100000,10.170193761000000,53.647758955999997,,10.17,53.648
96181,96182,2,5,7,515,2016,5,19,2,3,5,3,0,1,1,1,0,0,0.0,0,572573.547299999980000,5941609.676300000400000,10.097162339000000,53.618258050000001,,10.097,53.618
96183,96184,2,6,1,601,2016,6,7,2,3,5,3,0,0,1,0,0,0,0.0,1,580113.706099999950000,5928992.377999999600000,10.207892633000000,53.503772701000003,,10.208,53.504
96184,96185,2,1,5,114,2016,5,12,6,3,4,2,0,0,1,1,0,0,0.0,0,567107.602399999970000,5934185.994500000000000,10.012946693000000,53.552269297000002,,10.013,53.552
96185,96186,2,7,11,712,2016,5,5,5,3,4,6,0,1,1,0,0,0,0.0,0,563091.576000000000000,5927662.798999999600000,9.951022702000000,53.494140741999999,,9.951,53.494
96186,96187,2,5,2,509,2016,6,23,4,3,1,7,2,0,1,1,0,0,0.0,0,571998.177499999990000,5938085.941399999900000,10.087651746000001,53.586670024999997,,10.088,53.587
96187,96188,2,4,12,431,2016,5,20,3,3,0,6,0,0,1,0,1,0,0.0,0,566803.042999999950000,5943736.058000000200000,10.010396193000000,53.638135818000002,,10.01,53.638
96189,96190,2,1,4,112,2016,6,21,3,3,5,2,0,0,1,1,0,0,0.0,0,563803.366099999980000,5933552.260800000300000,9.962949971000001,53.546985685000003,,9.963,53.547
96191,96192,2,7,11,712,2016,5,16,4,3,0,7,0,0,1,0,0,0,0.0,1,562119.025700000000000,5927086.588399999800000,9.936250877000001,53.489077788000003,,9.936,53.489
96193,96194,2,4,13,432,2016,6,10,1,3,5,3,0,0,1,1,0,0,0.0,0,566959.182099999980000,5944426.206500000300000,10.012905994000000,53.644318265999999,,10.013,53.644
96195,96196,2,4,11,430,2016,5,16,3,3,3,6,0,0,1,1,0,0,0.0,0,567896.683700000050000,5942418.611899999900000,10.026647130000001,53.626155160000003,,10.027,53.626
96196,96197,2,7,1,702,2016,6,11,4,3,6,6,0,0,1,0,1,0,0.0,0,565235.386000000060000,5923935.651999999800000,9.982558486000000,53.460381994999999,,9.983,53.46
96198,96199,2,1,16,136,2016,6,12,5,3,0,3,0,1,1,1,0,0,0.0,0,567648.246999999970000,5927242.577600000400000,10.019606401000001,53.489797942999999,,10.02,53.49
96199,96200,2,1,20,141,2016,5,7,6,3,4,2,0,0,1,1,0,0,0.0,0,555853.752899999960000,5932038.131699999800000,9.842715684000000,53.534283006999999,,9.843,53.534
96200,96201,2,4,8,420,2016,6,8,2,3,5,2,0,0,1,0,0,0,0.0,1,568420.703100000040000,5936615.890399999900000,10.033295725000000,53.573937565000001,,10.033,53.574
96203,96204,2,4,12,431,2016,5,16,3,3,2,6,0,0,1,1,0,0,0.0,0,567898.862300000040000,5942454.008600000300000,10.026687788000000,53.626472989000000,,10.027,53.626
96205,96206,2,4,10,429,2016,6,17,4,3,5,3,0,0,1,1,0,0,0.0,0,568911.194000000020000,5939448.858000000000000,10.041327539999999,53.599333401999999,,10.041,53.599
96208,96209,2,4,10,426,2016,6,14,4,3,1,5,0,0,1,0,0,0,0.0,1,569869.946600000020000,5938173.713200000100000,10.055527035000001,53.587746737000003,,10.056,53.588
96209,96210,2,6,2,603,2016,5,12,6,3,5,3,0,0,1,1,0,0,0.0,0,580211.771100000010000,5926608.236100000300000,10.208761325999999,53.482332235999998,,10.209,53.482
96212,96213,2,2,1,203,2016,6,17,4,3,6,7,0,0,1,0,1,0,0.0,0,562051.236400000050000,5933891.391400000100000,9.936577246000001,53.550243557000002,,9.937,53.55
96214,96215,2,5,18,526,2016,6,7,4,3,5,3,0,0,1,1,0,0,0.0,0,575175.337100000000000,5940444.150899999800000,10.136206409000000,53.607416813000000,,10.136,53.607
96218,96219,2,3,9,321,2016,6,18,2,3,1,5,0,0,1,1,0,0,0.0,0,561601.016700000040000,5939081.463700000200000,9.930806722000000,53.596941696000002,,9.931,53.597
96219,96220,2,4,13,432,2016,5,17,2,3,3,6,0,0,1,0,0,0,0.0,0,566508.454700000000000,5945530.164300000300000,10.006325121000000,53.654297083000003,,10.006,53.654
96220,96221,2,2,1,203,2016,6,18,7,3,5,2,0,0,1,1,0,0,0.0,0,562581.638799999960000,5933966.063400000300000,9.944596689999999,53.550851710000003,,9.945,53.551
96224,96225,2,4,5,413,2016,6,8,5,3,4,2,0,0,1,1,0,0,0.0,0,566474.397400000020000,5937845.651300000000000,10.004169372000000,53.585239874000003,,10.004,53.585
96227,96228,2,5,14,522,2016,5,8,7,3,4,2,0,0,1,1,0,0,0.0,0,573071.001399999950000,5951676.441800000100000,10.107049846000001,53.708656380999997,,10.107,53.709
96229,96230,2,3,8,320,2016,6,8,4,3,0,7,0,0,1,0,0,0,0.0,0,559092.748200000030000,5940034.770399999800000,9.893092045000000,53.605798252000000,,9.893,53.606
96235,96236,2,5,12,520,2016,5,16,2,3,1,5,0,1,1,1,0,0,0.0,0,568027.248799999940000,5944491.580699999800000,10.029074330000000,53.644768018000001,,10.029,53.645
96236,96237,2,2,4,212,2016,6,14,7,3,5,2,0,0,1,1,0,0,0.0,0,560831.909600000010000,5934297.183600000100000,9.918254780000000,53.554033277000002,,9.918,53.554
96237,96238,2,4,4,407,2016,5,7,4,3,0,3,0,0,1,1,0,0,0.0,0,566771.336499999980000,5941168.081700000000000,10.009365817000001,53.615061246000003,,10.009,53.615
96240,96241,2,6,2,602,2016,5,16,2,3,3,2,0,1,1,1,0,0,0.0,0,579574.940500000030000,5927332.389999999700000,10.199350420000000,53.488936668999997,,10.199,53.489
96241,96242,2,4,5,413,2016,5,8,3,3,5,3,0,0,1,1,0,0,0.0,0,565924.354799999970000,5937639.511900000300000,9.995818204000001,53.583456699999999,,9.996,53.583
96246,96247,2,3,9,321,2016,6,12,1,3,4,2,0,0,1,1,0,0,0.0,0,561809.425900000030000,5938393.048800000000000,9.933818938000000,53.590730145999999,,9.934,53.591
96247,96248,2,4,7,416,2016,5,15,3,3,5,2,0,0,1,0,0,1,0.0,0,567455.031800000000000,5935582.045400000200000,10.018491331000000,53.564771309999998,,10.018,53.565
96249,96250,2,5,17,525,2016,6,12,4,3,4,6,0,0,1,1,0,0,0.0,0,577011.927000000030000,5944861.416799999800000,10.165051527999999,53.646846390000000,,10.165,53.647
96256,96257,2,2,1,201,2016,6,15,3,3,4,2,0,1,1,1,0,0,0.0,0,563107.077099999990000,5933351.923999999600000,9.952402435000000,53.545269328000003,,9.952,53.545