,OBJECTID,ULAND,UREGBEZ,UKREIS,UGEMEINDE,UJAHR,UMONAT,USTUNDE,UWOCHENTAG,UKATEGORIE,UART,UTYP1,ULICHTVERH,STRZUSTAND,IstRad,IstPKW,IstFuss,IstKrad,IstGkfz,IstSonstig,LINREFX,LINREFY,XGCSWGS84,YGCSWGS84,UIDENTSTLA,lat_short,long_short
96260,96261,2,4,12,431,2016,6,17,4,3,4,3,0,0,1,1,0,0,0.0,0,568259.496500000010000,5943456.618700000500000,10.032359846000000,53.635436568999999,,10.032,53.635
96262,96263,2,5,3,511,2016,5,7,2,3,4,2,0,0,1,1,0,0,0.0,0,572271.159199999990000,5936098.896900000100000,10.091314739000000,53.568775058000000,,10.091,53.569
96263,96264,2,2,11,223,2016,5,15,3,3,5,2,0,0,1,1,0,0,0.0,0,553831.535599999940000,5935240.050400000100000,9.812759313999999,53.563271976999999,,9.813,53.563
96264,96265,2,1,1,101,2016,6,11,5,3,0,4,0,0,1,0,1,0,0.0,0,566211.674600000030000,5934015.160500000200000,9.999389328000000,53.550847728999997,,9.999,53.551
96265,96266,2,2,5,217,2016,5,17,6,3,5,3,0,0,1,1,0,0,0.0,0,558944.752800000020000,5936604.579599999800000,9.890207426000000,53.574986258999999,,9.89,53.575
96267,96268,2,4,9,425,2016,5,14,6,3,3,2,0,0,1,1,0,0,0.0,0,570488.462000000060000,5938054.816700000300000,10.064842335000000,53.586595430999999,,10.065,53.587
96269,96270,2,4,12,431,2016,6,16,4,3,4,2,0,0,1,1,0,0,0.0,0,567900.395400000040000,5942982.114699999800000,10.026826188999999,53.631218896999997,,10.027,53.631
96271,96272,2,2,1,202,2016,5,22,6,3,5,2,2,1,1,0,0,1,0.0,0,561742.358800000050000,5933343.275899999800000,9.931807631000000,53.545353832000004,,9.932,53.545
96275,96276,2,2,4,213,2016,5,17,6,3,1,5,0,0,1,1,0,0,0.0,0,561781.705800000000000,5934311.786100000100000,9.932592723999999,53.554053598000003,,9.933,53.554
96277,96278,2,1,4,110,2016,6,21,6,3,5,3,2,0,1,1,0,0,0.0,0,563597.548300000020000,5933835.771499999800000,9.959901810000000,53.549558658999999,,9.96,53.55
96279,96280,2,7,9,710,2016,5,22,5,2,5,3,2,0,1,1,0,0,0.0,0,563516.083300000060000,5923791.376199999800000,9.956637660000000,53.459295437000002,,9.957,53.459
96282,96283,2,3,1,307,2016,5,16,2,3,3,2,0,1,1,1,0,0,0.0,0,563110.277600000030000,5935891.273099999900000,9.952963458999999,53.568090943000001,,9.953,53.568
96284,96285,2,1,11,128,2016,6,17,4,3,5,3,0,0,1,1,0,0,0.0,0,571500.917499999980000,5934308.282999999800000,10.079276437000001,53.552788368000002,,10.079,53.553
96286,96287,2,5,7,515,2016,6,19,5,3,3,2,0,0,1,1,0,0,0.0,0,570141.902699999980000,5938890.029799999700000,10.059795791000001,53.594147960999997,,10.06,53.594
96287,96288,2,5,13,521,2016,5,16,6,3,5,2,0,0,1,1,0,0,0.0,0,571090.072999999970000,5948773.725800000100000,10.076378289999999,53.682843808999998,,10.076,53.683
96288,96289,2,1,5,114,2016,6,16,2,2,5,3,0,0,1,1,0,0,0.0,0,566562.808700000050000,5934309.028199999600000,10.004750967000000,53.553444380999998,,10.005,53.553
96290,96291,2,5,18,526,2016,6,14,5,3,6,6,0,0,1,0,1,0,0.0,0,577608.074200000030000,5942192.410500000200000,10.173402271000000,53.622773064000000,,10.173,53.623
96295,96296,2,6,1,601,2016,6,13,5,3,0,3,0,0,1,1,0,0,0.0,0,579501.895600000050000,5929492.889200000100000,10.198797372000000,53.508363480000000,,10.199,53.508
96297,96298,2,3,9,321,2016,5,19,7,3,4,6,0,0,1,1,0,0,0.0,0,561730.137100000050000,5938914.778199999600000,9.932724480999999,53.595428447000003,,9.933,53.595
96299,96300,2,5,7,515,2016,6,16,5,3,5,3,0,0,1,1,0,0,0.0,0,570582.065700000040000,5939297.997399999800000,10.066537432000001,53.597755272000001,,10.067,53.598
96302,96303,2,5,9,517,2016,6,10,5,3,5,2,0,1,1,1,0,0,0.0,0,571593.063899999950000,5944087.725700000300000,10.082912471000000,53.640662900000002,,10.083,53.641
96305,96306,2,4,5,413,2016,5,13,6,3,0,7,0,0,1,0,0,0,0.0,1,565974.315399999960000,5937891.889499999600000,9.996626117000000,53.585718579999998,,9.997,53.586
96308,96309,2,3,1,310,2016,5,18,4,3,5,2,0,0,1,1,0,0,0.0,0,563582.255899999990000,5935424.259100000400000,9.959994169000000,53.563836762999998,,9.96,53.564
96309,96310,2,1,16,137,2016,6,16,7,2,0,7,0,0,1,0,0,0,0.0,0,565749.225199999990000,5928228.794999999900000,9.991195459000000,53.498902121000000,,9.991,53.499
96311,96312,2,4,10,427,2016,6,18,5,3,3,6,0,0,1,0,0,0,0.0,1,568402.701400000020000,5938197.693400000200000,10.033370588000000,53.588155712999999,,10.033,53.588
96313,96314,2,4,6,415,2016,6,16,4,3,5,2,0,0,1,1,0,0,0.0,0,567310.828100000040000,5935896.810100000400000,10.016382226999999,53.567618666000001,,10.016,53.568
96314,96315,2,2,9,221,2016,5,14,7,3,5,2,0,0,1,1,0,0,0.0,0,557311.695900000050000,5936049.860999999600000,9.865445665999999,53.570181667000000,,9.865,53.57
96315,96316,2,3,1,303,2016,6,19,4,3,0,7,0,0,1,1,0,0,0.0,0,562863.077700000020000,5936887.514000000400000,9.949431870000000,53.577074160000002,,9.949,53.577
96316,96317,2,4,5,411,2016,5,12,6,3,3,6,0,0,1,0,0,0,0.0,0,567715.356900000010000,5937779.554999999700000,10.022897842000001,53.584487078000002,,10.023,53.584
96317,96318,2,1,3,107,2016,5,7,6,3,4,2,0,1,1,1,0,0,0.0,0,565134.476299999980000,5934279.759800000100000,9.983188030999999,53.553360493000000,,9.983,53.553
96319,96320,2,4,5,413,2016,6,17,5,3,5,3,0,0,1,1,0,0,0.0,0,565805.338699999960000,5938723.192900000100000,9.994249296000000,53.593210888000002,,9.994,53.593
96320,96321,2,4,8,421,2016,6,20,4,3,5,3,0,0,1,0,0,0,0.0,0,568857.620899999980000,5937327.036899999700000,10.040049765999999,53.580271523999997,,10.04,53.58
96321,96322,2,4,5,409,2016,5,18,6,3,5,3,0,0,1,1,0,0,0.0,0,566405.006799999970000,5938647.291400000500000,10.003291967999999,53.592453132000003,,10.003,53.592
96323,96324,2,4,11,430,2016,6,6,6,3,5,3,0,0,1,1,0,0,0.0,0,568870.680599999960000,5940429.914699999600000,10.040932227000001,53.608155514000003,,10.041,53.608
96325,96326,2,4,6,414,2016,5,13,6,3,4,6,0,0,1,0,0,0,0.0,1,567169.673300000020000,5937258.005900000200000,10.014544001999999,53.579870024999998,,10.015,53.58
96330,96331,2,2,9,221,2016,6,13,4,3,4,2,0,0,1,1,0,0,0.0,0,555985.594000000040000,5935296.775500000500000,9.845288071000001,53.563556423999998,,9.845,53.564
96331,96332,2,1,11,129,2016,6,18,7,3,0,2,0,0,1,1,0,0,0.0,0,572704.655600000060000,5933439.412200000100000,10.097240720000000,53.544814553000002,,10.097,53.545
96332,96333,2,1,1,102,2016,5,9,3,2,1,5,0,0,1,0,0,0,0.0,1,565573.226600000050000,5933911.319100000000000,9.989732498000000,53.549994605999998,,9.99,53.55
96333,96334,2,4,1,401,2016,6,8,5,2,5,3,0,0,1,0,0,0,0.0,0,564973.533300000010000,5937581.313699999800000,9.981445816000001,53.583052326000001,,9.981,53.583
96334,96335,2,2,3,210,2016,6,12,4,3,0,6,0,0,1,0,0,0,0.0,0,562134.274399999990000,5934616.293399999800000,9.937974482000000,53.556748710999997,,9.938,53.557
96341,96342,2,2,1,206,2016,6,3,6,3,5,3,2,0,1,1,0,0,0.0,0,562904.759399999980000,5934848.352199999600000,9.949650630000001,53.558742537000001,,9.95,53.559
96342,96343,2,5,7,515,2016,6,8,3,3,3,2,0,0,1,1,0,0,0.0,0,571213.943899999950000,5941332.491600000300000,10.076548583999999,53.615953644999998,,10.077,53.616
96343,96344,2,2,1,202,2016,6,8,3,3,3,6,0,0,1,0,0,1,0.0,0,562457.408900000040000,5933440.188799999700000,9.942616832000001,53.546140268000002,,9.943,53.546
96349,96350,2,4,13,432,2016,6,9,4,3,6,4,0,1,1,0,1,0,0.0,0,566793.382600000010000,5945254.637799999700000,10.010576347000001,53.651784609000003,,10.011,53.652
96351,96352,2,1,3,106,2016,6,16,6,3,4,6,0,0,1,1,0,0,0.0,0,564784.634300000030000,5934655.882000000200000,9.977986056000001,53.556784096000001,,9.978,53.557
96353,96354,2,1,4,111,2016,6,15,4,3,2,6,0,0,1,1,0,0,0.0,0,563796.641100000010000,5934690.078999999900000,9.963080666000000,53.557212440999997,,9.963,53.557
96354,96355,2,5,2,509,2016,6,21,4,2,0,7,0,0,1,1,0,0,0.0,0,571284.711200000020000,5937888.262699999800000,10.076830595000001,53.584990974999997,,10.077,53.585
96357,96358,2,5,7,515,2016,6,10,7,3,5,3,0,0,1,1,0,0,0.0,0,573737.028900000030000,5942385.416500000300000,10.114931871000000,53.625066953000001,,10.115,53.625
96358,96359,2,4,5,408,2016,6,15,2,3,5,3,0,0,1,1,0,0,0.0,0,566980.497500000060000,5940161.619099999800000,10.012310732000000,53.605989362000003,,10.012,53.606
96359,96360,2,1,11,129,2016,7,19,1,3,6,7,0,0,1,0,1,0,0.0,0,571629.571299999950000,5934989.578300000200000,10.081374156000001,53.558893621999999,,10.081,53.559
96360,96361,2,2,4,213,2016,6,7,3,3,4,2,0,1,1,0,0,0,0.0,0,561278.563199999980000,5933958.368700000500000,9.924929624000001,53.550936258999997,,9.925,53.551
96362,96363,2,4,13,432,2016,6,8,4,3,5,2,0,0,1,1,0,0,0.0,0,567772.347300000020000,5947253.135499999900000,10.025821431000001,53.669619169999997,,10.026,53.67
96363,96364,2,3,4,315,2016,6,11,7,3,1,5,0,1,1,1,0,0,0.0,0,564437.368499999980000,5937045.262000000100000,9.973237493999999,53.578300849000001,,9.973,53.578
96364,96365,2,3,1,310,2016,6,10,5,3,6,4,0,0,1,0,1,0,0.0,0,563698.913599999970000,5935737.096099999700000,9.961819036000000,53.566634178000001,,9.962,53.567
96367,96368,2,1,3,106,2016,6,9,3,3,0,7,0,1,1,0,0,0,0.0,1,564723.879300000030000,5934145.009499999700000,9.976963272000001,53.552200235999997,,9.977,53.552
96371,96372,2,2,4,214,2016,7,1,7,3,5,3,2,0,1,1,0,0,0.0,0,561658.339000000040000,5933815.913200000300000,9.930632984000001,53.549611489999997,,9.931,53.55
96372,96373,2,5,18,526,2016,6,10,7,3,5,3,0,0,1,1,0,0,0.0,0,578061.490899999980000,5940027.241999999600000,10.179713580000000,53.603248182999998,,10.18,53.603
96380,96381,2,4,13,432,2016,6,7,4,3,5,3,0,1,1,1,0,0,0.0,0,567368.318899999950000,5945612.200500000300000,10.019351078000000,53.654924305000002,,10.019,53.655
96382,96383,2,7,13,714,2016,6,9,5,2,5,2,0,0,1,1,0,0,0.0,0,558615.885099999960000,5925391.545900000300000,9.883142581000000,53.474245259999996,,9.883,53.474
96384,96385,2,1,15,134,2016,6,11,2,3,0,7,0,0,1,0,0,0,0.0,0,567786.169499999960000,5931679.594600000400000,10.022644391000000,53.529656666000001,,10.023,53.53
96385,96386,2,5,3,510,2016,6,7,4,3,5,3,0,0,1,1,0,0,0.0,0,571406.199099999970000,5935636.177899999500000,10.078150381000000,53.564735038999999,,10.078,53.565
96390,96391,2,2,2,207,2016,6,7,3,3,6,6,0,1,1,0,1,0,0.0,0,563864.959500000000000,5934883.666199999900000,9.964151405999999,53.558943962000001,,9.964,53.559
96391,96392,2,4,5,413,2016,6,18,4,3,3,2,0,1,1,0,0,0,0.0,0,566314.818199999980000,5937368.283200000400000,10.001657715000000,53.580969889999999,,10.002,53.581
96392,96393,2,2,9,221,2016,6,16,3,2,0,3,0,0,1,1,0,0,0.0,0,555643.111000000030000,5935419.354600000200000,9.840139599000001,53.564694541999998,,9.84,53.565
96394,96395,2,1,1,101,2016,6,17,4,2,0,7,0,0,1,0,0,0,0.0,0,566614.154600000010000,5933742.415099999900000,10.005405175000000,53.548345597999997,,10.005,53.548
96395,96396,2,7,16,717,2016,6,13,5,3,5,3,0,0,1,1,0,0,1.0,0,553118.177400000040000,5930584.427899999500000,9.801199522999999,53.521501202000003,,9.801,53.522
96397,96398,2,4,5,411,2016,6,7,4,3,1,7,0,0,1,1,0,0,0.0,0,567739.662299999970000,5937788.900999999600000,10.023266960000001,53.584567931999999,,10.023,53.585
96398,96399,2,1,16,137,2016,6,2,5,3,4,2,2,1,1,1,0,0,0.0,0,565723.992800000010000,5927640.768799999700000,9.990691933000001,53.493620487000001,,9.991,53.494
96399,96400,2,1,4,112,2016,6,14,7,3,6,6,0,0,1,0,1,0,0.0,0,564045.241999999970000,5933275.178899999700000,9.966543165999999,53.544466016000001,,9.967,53.544
96401,96402,2,2,4,211,2016,6,14,5,3,4,6,0,0,1,0,0,0,0.0,0,561815.869399999970000,5934669.566700000300000,9.933179102000000,53.557265090999998,,9.933,53.557
96402,96403,2,1,16,137,2016,6,16,5,3,3,2,0,0,1,0,0,0,0.0,1,565523.788100000010000,5930260.866299999900000,9.988222214000000,53.517193130000003,,9.988,53.517
96403,96404,2,1,12,130,2016,6,16,2,3,5,2,0,0,1,1,0,0,0.0,0,574691.040700000010000,5932799.466400000300000,10.127059680000000,53.538784686000000,,10.127,53.539
96404,96405,2,4,11,430,2016,6,18,4,3,5,3,0,0,1,1,0,0,0.0,0,568729.963899999970000,5940368.498900000000000,10.038792230000000,53.607622046000003,,10.039,53.608
96406,96407,2,1,6,118,2016,7,15,6,3,5,3,0,0,1,1,0,0,0.0,0,568448.977500000040000,5933847.348199999900000,10.033116184000001,53.549052668000002,,10.033,53.549
96408,96409,2,5,18,526,2016,6,11,7,3,5,2,0,0,1,0,0,0,0.0,0,575282.581499999970000,5938815.259200000200000,10.137433608000000,53.592762977000000,,10.137,53.593
96409,96410,2,1,3,106,2016,6,23,7,3,3,3,2,1,1,1,0,0,0.0,0,564502.169899999980000,5933890.002899999700000,9.973564642000000,53.549935701999999,,9.974,53.55
96412,96413,2,3,8,320,2016,6,8,4,3,5,2,0,0,1,1,0,0,0.0,0,560124.209200000040000,5940050.670400000200000,9.908681852999999,53.605823813000001,,9.909,53.606
96414,96415,2,5,5,513,2016,6,16,5,3,5,3,0,0,1,1,0,0,0.0,0,574590.890299999970000,5938147.146099999500000,10.126825420999999,53.586857653999999,,10.127,53.587
96417,96418,2,5,14,522,2016,6,15,4,3,5,3,0,0,1,0,0,1,0.0,0,573299.766900000050000,5951305.018299999600000,10.110427110000000,53.705286450000003,,10.11,53.705
96420,96421,2,1,8,124,2016,6,11,2,2,5,2,0,0,1,1,0,0,0.0,0,569047.026500000040000,5934550.203200000300000,10.042296264999999,53.555290997000000,,10.042,53.555
96421,96422,2,5,10,518,2016,6,7,4,3,6,4,0,0,1,0,1,0,0.0,0,574421.855100000040000,5944617.968799999900000,10.125818598000000,53.645033417000000,,10.126,53.645
96425,96426,2,3,3,314,2016,7,23,1,3,1,5,2,0,1,1,0,0,0.0,0,564886.167200000030000,5937256.877700000100000,9.980058883000000,53.580147361000002,,9.98,53.58
96433,96434,2,1,3,107,2016,7,13,6,3,1,5,0,0,1,1,0,0,0.0,0,565125.184899999990000,5934294.871399999600000,9.983050950000001,53.553497458000002,,9.983,53.553
96434,96435,2,4,12,431,2016,6,15,5,3,0,2,0,0,1,1,0,0,0.0,0,567055.024300000050000,5943755.033300000200000,10.014210846999999,53.638274127000003,,10.014,53.638
96435,96436,2,4,1,402,2016,6,13,4,3,3,2,0,0,1,1,0,0,0.0,0,564484.881700000030000,5937938.660100000000000,9.974139603999999,53.586324199000003,,9.974,53.586
96438,96439,2,1,6,115,2016,6,20,2,3,5,3,1,1,1,1,0,0,0.0,0,567677.504500000040000,5933356.368900000100000,10.021367960999999,53.544740157000000,,10.021,53.545
96439,96440,2,6,14,615,2016,6,15,3,2,3,2,0,0,1,0,0,0,0.0,0,578399.789499999960000,5926698.411100000100000,10.181484406999999,53.483415634000004,,10.181,53.483
96441,96442,2,1,12,130,2016,6,18,5,3,5,3,0,0,1,1,0,0,0.0,0,575726.814400000030000,5931818.931099999700000,10.142448484000001,53.529824478000002,,10.142,53.53
96442,96443,2,5,17,525,2016,7,2,7,3,8,1,2,0,1,0,0,0,0.0,0,577177.703899999960000,5945169.301900000300000,10.167635303000001,53.649588797000000,,10.168,53.65
96449,96450,2,7,1,702,2016,6,14,6,3,0,3,0,0,1,1,0,0,0.0,0,565098.202700000020000,5924335.666799999800000,9.980575440000001,53.463994063999998,,9.981,53.464
96452,96453,2,1,8,123,2016,6,17,2,3,5,3,0,0,1,1,0,0,0.0,0,569991.451699999980000,5935450.962200000000000,10.056751884000001,53.563261095999998,,10.057,53.563
96453,96454,2,6,5,606,2016,6,17,4,3,5,3,0,0,1,1,0,0,0.0,0,581658.479100000000000,5922495.123200000300000,10.229488628000000,53.445146661000003,,10.229,53.445
96455,96456,2,3,1,309,2016,6,12,4,3,3,2,0,1,1,1,0,0,0.0,0,563931.714799999960000,5936203.074699999800000,9.965429042000000,53.570793750999997,,9.965,53.571
96462,96463,2,4,7,416,2016,6,8,4,3,3,2,0,0,1,1,0,0,0.0,0,567431.749100000020000,5935349.762900000400000,10.018089717000001,53.562686743000000,,10.018,53.563
96465,96466,2,4,13,432,2016,6,14,7,3,5,3,0,0,1,1,0,0,0.0,0,566857.591900000000000,5944962.975499999700000,10.011484919999999,53.649155225000001,,10.011,53.649
96466,96467,2,2,9,221,2016,6,16,2,3,3,2,0,0,1,1,0,0,0.0,0,556392.695599999980000,5937612.178899999700000,9.851852060000001,53.584322675999999,,9.852,53.584
96468,96469,2,5,18,526,2016,6,9,4,3,5,3,0,0,1,1,0,0,0.0,0,574552.172499999990000,5940029.357300000300000,10.126690630000001,53.603778194999997,,10.127,53.604
96469,96470,2,3,2,312,2016,6,14,4,3,3,7,0,0,1,1,0,0,0.0,0,565927.317099999990000,5935959.788400000000000,9.995508235999999,53.568360319000000,,9.996,53.568
96473,96474,2,5,11,519,2016,6,21,5,3,5,3,0,0,1,1,0,0,0.0,0,570450.989999999990000,5944690.820000000300000,10.065777488000000,53.646237841000001,,10.066,53.646
96475,96476,2,3,9,321,2016,6,10,4,3,1,7,0,0,1,1,0,0,0.0,0,561212.037800000050000,5938384.883899999800000,9.924793274000001,53.590726855000000,,9.925,53.591
96479,96480,2,5,6,514,2016,6,16,2,3,5,3,0,0,1,1,0,0,0.0,0,573873.041100000030000,5939975.543399999800000,10.116416463000000,53.603390757000000,,10.116,53.603
96480,96481,2,4,5,409,2016,6,15,5,3,5,3,0,0,1,1,0,0,0.0,0,567107.496999999970000,5938821.110000000300000,10.013941251000000,53.593925806999998,,10.014,53.594
96482,96483,2,2,1,201,2016,6,17,2,3,3,2,0,0,1,0,0,0,0.0,1,563097.422999999950000,5933832.353900000500000,9.952353691000001,53.549588282999999,,9.952,53.55
96485,96486,2,3,1,309,2016,6,5,2,3,5,2,0,0,1,1,0,0,0.0,0,564084.486999999960000,5935967.117999999800000,9.967687268000001,53.568654502999998,,9.968,53.569
96487,96488,2,5,2,505,2016,6,8,2,3,5,3,0,1,1,1,0,0,0.0,0,570526.523200000050000,5937204.418300000000000,10.065225016999999,53.578947790000001,,10.065,53.579
96488,96489,2,1,4,112,2016,6,18,4,3,4,6,0,0,1,0,0,1,0.0,0,564320.345199999980000,5933412.885700000500000,9.970722570000000,53.545670008000002,,9.971,53.546
96490,96491,2,5,1,502,2016,6,18,5,3,3,2,0,0,1,1,0,0,0.0,0,569537.715500000050000,5936022.876500000200000,10.050029814000000,53.568461241999998,,10.05,53.568
96495,96496,2,4,10,428,2016,6,7,5,3,0,6,0,0,1,1,0,0,0.0,0,569115.794100000060000,5938809.498599999600000,10.044277001999999,53.593560517999997,,10.044,53.594
96496,96497,2,5,7,515,2016,6,16,2,3,5,2,0,0,1,0,0,0,0.0,1,571043.349999999980000,5940223.410000000100000,10.073717286000001,53.606009579000002,,10.074,53.606
96497,96498,2,2,5,217,2016,6,18,4,3,5,3,0,0,1,0,0,0,0.0,0,559547.353000000000000,5936828.969999999700000,9.899349710999999,53.576934897000001,,9.899,53.577
96499,96500,2,3,6,318,2016,7,18,2,3,0,1,0,0,1,0,0,0,0.0,0,562117.501900000030000,5941931.236300000000000,9.939177961000000,53.622492498000000,,9.939,53.622
96500,96501,2,4,8,418,2016,6,20,2,3,1,5,0,0,1,1,0,0,0.0,0,567726.674000000000000,5936996.554899999900000,10.022898856999999,53.577448703999998,,10.023,53.577
96501,96502,2,2,3,210,2016,6,12,7,3,5,3,0,0,1,1,0,0,0.0,0,562623.762499999950000,5934662.595599999700000,9.945371935000001,53.557106677000000,,9.945,53.557
96503,96504,2,2,5,216,2016,7,16,6,2,5,2,0,1,1,1,0,0,0.0,0,560083.601299999980000,5935758.239000000100000,9.907241594000000,53.567250620999999,,9.907,53.567
96506,96507,2,2,3,210,2016,6,8,3,3,5,3,0,0,1,0,0,0,0.0,0,562717.093299999950000,5935119.141599999700000,9.946872274000000,53.561198675000000,,9.947,53.561
96507,96508,2,2,9,221,2016,6,14,5,3,5,3,0,0,1,0,0,0,0.0,0,557174.489500000030000,5937637.884499999700000,9.863664863000000,53.584469050000003,,9.864,53.584
96509,96510,2,5,18,526,2016,6,5,6,3,5,3,0,0,1,1,0,0,0.0,0,576211.553199999970000,5941416.521599999600000,10.152102285000000,53.616005506999997,,10.152,53.616
96518,96519,2,5,16,524,2016,6,13,2,3,3,3,0,0,1,1,0,0,0.0,0,574011.447999999970000,5946789.204300000300000,10.120128627000000,53.664603913000001,,10.12,53.665
96519,96520,2,3,5,317,2016,6,20,4,3,4,2,0,0,1,1,0,0,0.0,0,564416.644699999950000,5939268.018899999600000,9.973383504999999,53.598279845000000,,9.973,53.598
96520,96521,2,3,1,309,2016,6,18,2,3,5,2,0,0,1,1,0,0,0.0,0,563989.596600000050000,5936043.506000000100000,9.966270280000000,53.569352604999999,,9.966,53.569
96522,96523,2,3,8,320,2016,6,11,2,3,3,6,0,0,1,1,0,0,0.0,0,558770.208600000010000,5941491.135300000200000,9.888492779000000,53.618923490999997,,9.888,53.619
96525,96526,2,1,5,113,2016,6,9,4,3,6,7,0,0,1,0,1,0,0.0,0,567536.074400000040000,5934699.723600000100000,10.019524072999999,53.556831322999997,,10.02,53.557
96532,96533,2,2,5,215,2016,6,8,5,3,5,3,0,0,1,1,0,0,0.0,0,561324.034899999970000,5935517.275299999900000,9.925921748000000,53.564941482000002,,9.926,53.565
96538,96539,2,1,1,102,2016,6,11,7,3,5,3,0,0,1,1,0,0,0.0,0,565924.805700000030000,5933606.415400000300000,9.994973918000000,53.547210335999999,,9.995,53.547
96540,96541,2,1,8,123,2016,6,15,3,3,4,2,0,0,1,1,0,0,0.0,0,569949.305500000020000,5935300.838899999900000,10.056082057999999,53.561917549999997,,10.056,53.562
96545,96546,2,1,1,101,2016,6,15,7,3,0,6,0,0,1,1,0,0,0.0,0,566061.618200000030000,5933993.761900000300000,9.997120255000001,53.550674315999998,,9.997,53.551
96548,96549,2,2,9,221,2016,6,11,2,3,0,7,0,1,1,0,0,0,0.0,0,555521.407299999960000,5937148.565399999700000,9.838609707000000,53.580248885000003,,9.839,53.58
96552,96553,2,2,5,215,2016,6,8,5,3,3,6,0,0,1,1,0,0,0.0,0,560859.002300000050000,5935812.057099999900000,9.918958721999999,53.567644946000001,,9.919,53.568
96554,96555,2,2,8,220,2016,6,7,5,2,5,3,0,0,1,1,0,0,0.0,0,556458.072200000050000,5938728.498100000400000,9.853041540000000,53.594348605000000,,9.853,53.594
96555,96556,2,2,4,213,2016,6,19,2,3,5,3,1,1,1,1,0,0,0.0,0,561439.249300000020000,5934159.892199999700000,9.927394249000001,53.552728655000003,,9.927,53.553
96560,96561,2,6,5,606,2016,6,19,1,3,1,5,0,0,1,1,0,0,0.0,0,582691.095300000040000,5920783.130199999500000,10.244582498000000,53.429600594000000,,10.245,53.43
96568,96569,2,4,10,428,2016,6,17,6,3,5,2,0,0,1,1,0,0,0.0,0,569544.715399999990000,5939678.379599999600000,10.050950218000001,53.601312434999997,,10.051,53.601
96569,96570,2,5,2,508,2016,6,13,5,3,2,6,0,0,1,1,0,0,0.0,0,571901.530700000000000,5937409.316100000400000,10.086036121999999,53.580602503000001,,10.086,53.581
96574,96575,2,6,14,615,2016,7,7,6,3,5,3,0,0,1,1,0,0,0.0,0,577779.560999999990000,5926479.236999999700000,10.172085425000001,53.481537977999999,,10.172,53.482
96575,96576,2,5,11,519,2016,6,17,6,3,5,3,0,0,1,1,0,0,0.0,0,572334.584999999960000,5946006.639999999700000,10.094572997000000,53.657805842000002,,10.095,53.658
96578,96579,2,1,12,130,2016,6,15,3,3,2,6,0,0,1,1,0,0,0.0,0,573457.183500000040000,5933054.771499999800000,10.108505040000001,53.541253095000002,,10.109,53.541
96579,96580,2,7,13,714,2016,6,12,2,3,4,7,0,0,1,0,0,0,0.0,0,558046.601200000030000,5925723.642500000100000,9.874627882000000,53.477293103000001,,9.875,53.477
96580,96581,2,3,1,308,2016,6,20,5,3,1,7,1,1,1,1,0,0,0.0,0,563818.837599999970000,5936532.557099999900000,9.963792092000000,53.573768647999998,,9.964,53.574
96582,96583,2,5,7,515,2016,6,20,5,3,6,7,0,0,1,0,1,0,0.0,0,570166.771500000030000,5938924.359699999900000,10.060179195000000,53.594453154999997,,10.06,53.594
96587,96588,2,2,1,204,2016,6,11,5,3,3,6,0,0,1,0,0,0,1.0,0,562174.970899999960000,5934109.620400000400000,9.938487968000000,53.552190228000001,,9.938,53.552
96588,96589,2,1,3,108,2016,6,17,2,3,5,3,0,0,1,0,0,0,0.0,0,565152.431899999970000,5934534.507199999900000,9.983512117000000,53.555647747000002,,9.984,53.556
96589,96590,2,1,20,141,2016,6,16,3,3,0,7,0,0,1,0,0,0,0.0,0,558102.822500000010000,5931972.635599999700000,9.876632979000000,53.533450426999998,,9.877,53.533
96590,96591,2,5,2,508,2016,6,20,1,3,6,6,0,0,1,0,1,0,0.0,0,571990.019800000010000,5937090.463499999600000,10.087298903000001,53.577724858000003,,10.087,53.578
96592,96593,2,4,2,403,2016,6,10,2,3,5,3,0,1,1,1,0,0,0.0,0,564444.604999999980000,5938127.304800000000000,9.973570228000000,53.588024546000000,,9.974,53.588
96596,96597,2,2,3,209,2016,6,13,2,3,4,6,0,0,1,0,0,0,0.0,0,563032.141900000050000,5935660.500199999700000,9.951737224000000,53.566026303000001,,9.952,53.566
96599,96600,2,7,9,710,2016,6,20,2,3,4,2,1,1,1,1,0,0,0.0,0,563421.731400000050000,5922764.436499999800000,9.955009705000000,53.450077194000002,,9.955,53.45
96601,96602,2,1,3,107,2016,6,20,2,3,5,3,1,1,1,1,0,0,0.0,0,565024.432700000000000,5933723.584900000100000,9.981411553999999,53.548375638000003,,9.981,53.548
96606,96607,2,1,5,114,2016,6,21,2,2,5,2,1,1,1,1,0,0,0.0,0,567453.862100000030000,5934225.884899999900000,10.018180965000001,53.552583425999998,,10.018,53.553
96609,96610,2,4,5,413,2016,6,14,1,3,3,6,0,0,1,1,0,0,0.0,0,566985.082399999960000,5937408.813299999600000,10.011788749000001,53.581248961000000,,10.012,53.581
96611,96612,2,3,1,309,2016,6,9,2,3,1,2,0,1,1,1,0,0,0.0,0,564357.747899999960000,5935914.187599999800000,9.971802000000000,53.568145356999999,,9.972,53.568
96618,96619,2,3,5,317,2016,7,12,2,3,5,3,0,0,1,0,0,0,0.0,0,563088.022299999950000,5937434.429800000000000,9.952939274000000,53.581962453999999,,9.953,53.582
96620,96621,2,5,2,508,2016,6,13,6,3,4,2,0,1,1,1,0,0,0.0,0,572740.428100000020000,5938334.491299999900000,10.098920367000000,53.588801273000001,,10.099,53.589
96621,96622,2,4,10,426,2016,6,20,6,3,4,3,0,1,1,1,0,0,0.0,0,569805.045599999950000,5938646.726800000300000,10.054652607000000,53.592006359999999,,10.055,53.592
96622,96623,2,3,2,311,2016,7,13,6,3,5,3,0,0,1,0,0,0,0.0,1,564799.864900000040000,5936250.054300000000000,9.978546586000000,53.571109462000003,,9.979,53.571
96624,96625,2,5,5,513,2016,6,16,3,3,5,3,0,0,1,1,0,0,0.0,0,574602.164699999960000,5938154.468700000100000,10.126997455000000,53.586921855999996,,10.127,53.587