,OBJECTID,ULAND,UREGBEZ,UKREIS,UGEMEINDE,UJAHR,UMONAT,USTUNDE,UWOCHENTAG,UKATEGORIE,UART,UTYP1,ULICHTVERH,STRZUSTAND,IstRad,IstPKW,IstFuss,IstKrad,IstGkfz,IstSonstig,LINREFX,LINREFY,XGCSWGS84,YGCSWGS84,UIDENTSTLA,lat_short,long_short
96626,96627,2,3,3,314,2016,6,18,5,3,3,2,0,0,1,1,0,0,0.0,0,564809.008299999990000,5937192.425900000100000,9.978880258000000,53.579577657999998,,9.979,53.58
96627,96628,2,7,1,702,2016,6,12,1,2,3,2,0,0,1,1,0,0,0.0,0,565999.423500000030000,5924488.913800000200000,9.994180499000001,53.465259191000001,,9.994,53.465
96632,96633,2,5,9,517,2016,6,13,6,3,5,3,0,1,1,1,0,0,0.0,0,570307.937999999970000,5943853.006299999500000,10.063424385999999,53.638727729999999,,10.063,53.639
96633,96634,2,3,5,317,2016,6,19,1,3,0,7,0,0,1,0,0,0,0.0,1,563614.375299999960000,5937611.251600000100000,9.960924613000000,53.583488019000001,,9.961,53.583
96635,96636,2,1,1,102,2016,6,10,2,3,5,3,0,1,1,0,0,0,0.0,1,565977.741599999950000,5933984.037200000100000,9.995852398000000,53.550597465000003,,9.996,53.551
96637,96638,2,5,18,526,2016,6,18,3,3,2,7,0,0,1,0,0,0,0.0,0,575779.643200000050000,5941658.400200000000000,10.145633327000001,53.618241861000001,,10.146,53.618
96639,96640,2,2,4,213,2016,6,18,5,3,6,6,0,0,1,0,1,0,0.0,0,561563.828899999960000,5934224.687500000000000,9.929287203000000,53.553296402999997,,9.929,53.553
96641,96642,2,1,1,101,2016,6,11,5,2,5,3,0,0,1,0,0,1,0.0,0,566287.563700000060000,5934530.807500000100000,10.000643930000001,53.555472385999998,,10.001,53.555
96643,96644,2,3,9,321,2016,6,17,5,3,5,2,0,0,1,1,0,0,0.0,0,561817.445700000040000,5938544.364699999800000,9.933970072999999,53.592089127999998,,9.934,53.592
96644,96645,2,4,2,403,2016,6,13,1,3,4,6,0,0,1,0,0,0,0.0,0,565272.136000000060000,5938196.214100000400000,9.986084205999999,53.588541483999997,,9.986,53.589
96647,96648,2,7,14,715,2016,6,14,4,3,5,3,0,0,1,1,0,0,0.0,0,556712.321299999950000,5924976.067599999700000,9.854390883000001,53.470719549000002,,9.854,53.471
96651,96652,2,2,8,220,2016,6,20,5,3,5,2,0,0,1,1,0,0,0.0,0,556775.826899999990000,5939154.321000000500000,9.857919533000001,53.598141376999997,,9.858,53.598
96653,96654,2,4,13,432,2016,6,13,6,3,5,3,0,1,1,1,0,0,0.0,0,566530.168100000010000,5945471.258700000100000,10.006640994000000,53.653764934999998,,10.007,53.654
96655,96656,2,1,15,134,2016,6,0,1,3,0,7,2,1,1,0,0,0,0.0,0,567308.665999999970000,5930687.909900000300000,10.015228711000001,53.520805561000003,,10.015,53.521
96658,96659,2,2,5,216,2016,6,23,6,3,3,6,2,0,1,1,0,0,0.0,0,560775.838100000050000,5935032.597400000300000,9.917551506000001,53.560649253000001,,9.918,53.561
96662,96663,2,5,18,526,2016,6,7,3,3,0,3,0,0,1,1,0,0,0.0,0,575053.884700000050000,5941840.302699999900000,10.134707561999999,53.619981072000002,,10.135,53.62
96663,96664,2,1,5,114,2016,6,20,1,3,5,3,0,0,1,1,0,0,0.0,0,566377.925500000010000,5934698.009499999700000,10.002043264999999,53.556963647000003,,10.002,53.557
96664,96665,2,1,11,129,2016,7,17,6,3,1,5,0,1,1,1,0,0,0.0,0,572581.780099999970000,5933786.892699999700000,10.095467326000000,53.547954343000001,,10.095,53.548
96668,96669,2,4,5,413,2016,7,8,6,3,0,7,0,0,1,1,0,0,0.0,0,565999.857599999990000,5937728.052600000100000,9.996977246000000,53.584242934000002,,9.997,53.584
96672,96673,2,1,17,138,2016,6,22,1,3,0,7,2,0,1,0,0,0,0.0,0,564973.936600000020000,5931269.314100000100000,9.980139948000000,53.526324625000001,,9.98,53.526
96675,96676,2,5,7,515,2016,6,8,3,3,3,2,0,1,1,1,0,0,0.0,0,571264.568199999980000,5941441.503700000200000,10.077338672000000,53.616926440999997,,10.077,53.617
96678,96679,2,3,7,319,2016,6,21,6,3,1,5,0,1,1,1,0,0,0.0,0,561747.425700000020000,5942787.870699999900000,9.933753400000001,53.630235083999999,,9.934,53.63
96682,96683,2,6,2,603,2016,6,15,1,3,5,3,0,0,1,1,0,0,0.0,0,581419.155900000010000,5926678.481399999900000,10.226969833000000,53.482778125000003,,10.227,53.483
96683,96684,2,5,2,505,2016,6,15,3,3,5,3,0,0,1,1,0,0,0.0,0,570434.403300000010000,5936568.503999999700000,10.063690445000001,53.573245202999999,,10.064,53.573
96686,96687,2,2,10,222,2016,7,14,2,3,5,3,0,0,1,1,0,0,0.0,0,555972.729799999970000,5933833.023400000300000,9.844831733000000,53.550402167000001,,9.845,53.55
96689,96690,2,3,7,319,2016,6,12,6,3,5,3,0,0,1,1,0,0,0.0,0,561465.385800000050000,5942682.039400000100000,9.929468067000000,53.629317137000001,,9.929,53.629
96690,96691,2,2,8,220,2016,7,17,6,3,5,3,0,1,1,1,0,0,0.0,0,558304.844300000000000,5939486.945399999600000,9.881083221000001,53.600962965999997,,9.881,53.601
96693,96694,2,5,6,514,2016,6,16,2,3,5,3,0,0,1,1,0,0,0.0,0,573946.146100000010000,5942450.372999999700000,10.118108572000001,53.625621211999999,,10.118,53.626
96697,96698,2,5,2,506,2016,6,12,3,3,5,3,0,0,1,1,0,0,0.0,0,571001.714900000020000,5937337.972900000400000,10.072431265000001,53.580083930999997,,10.072,53.58
96698,96699,2,2,1,205,2016,6,1,5,3,0,1,2,0,1,0,0,0,0.0,0,563476.124799999990000,5934622.297100000100000,9.958229098000000,53.556642119999999,,9.958,53.557
96700,96701,2,5,14,522,2016,6,8,3,3,0,7,0,0,1,0,0,0,0.0,0,572979.614500000030000,5951900.085900000300000,10.105718289000000,53.710678983000001,,10.106,53.711
96701,96702,2,5,10,518,2016,6,14,2,2,5,3,0,0,1,1,0,0,0.0,0,574006.513299999990000,5944447.242700000300000,10.119496190000000,53.643558056000003,,10.119,53.644
96704,96705,2,1,3,108,2016,6,7,5,3,4,6,0,0,1,0,0,0,0.0,0,565798.919899999980000,5934231.718000000300000,9.993205875999999,53.552845873000003,,9.993,53.553
96706,96707,2,1,8,123,2016,6,19,1,3,6,3,0,0,1,0,1,0,0.0,0,570692.870600000020000,5934388.422299999700000,10.067099766000000,53.553618010000001,,10.067,53.554
96711,96712,2,4,13,432,2016,6,20,3,3,5,2,0,0,1,1,0,0,0.0,0,566395.999100000020000,5945870.575699999900000,10.004696612000000,53.657370665999998,,10.005,53.657
96712,96713,2,3,1,305,2016,6,14,6,3,1,5,0,0,1,1,0,0,0.0,0,563112.905999999960000,5936995.269999999600000,9.953226282999999,53.578012596999997,,9.953,53.578
96713,96714,2,1,5,113,2016,7,12,6,3,0,5,0,0,1,1,0,0,0.0,0,567241.670799999960000,5935159.657499999700000,10.015179485999999,53.561002623000000,,10.015,53.561
96714,96715,2,4,5,408,2016,6,14,5,3,5,2,0,0,1,1,0,0,0.0,0,567963.233200000020000,5940203.765100000400000,10.027169908999999,53.606241588000003,,10.027,53.606
96716,96717,2,5,16,524,2016,6,14,2,3,1,6,0,0,1,1,0,0,0.0,0,575952.045900000030000,5946563.009600000500000,10.149436932000000,53.662292903000001,,10.149,53.662
96717,96718,2,1,6,115,2016,6,14,4,3,5,3,0,0,1,1,0,0,0.0,0,567351.367199999980000,5933795.719899999900000,10.016541467000000,53.548730614999997,,10.017,53.549
96719,96720,2,4,6,415,2016,6,14,3,3,5,3,0,0,1,1,0,0,0.0,0,568332.530799999950000,5936460.528699999700000,10.031930377000000,53.572552805999997,,10.032,53.573
96720,96721,2,4,5,413,2016,6,20,3,3,5,3,0,0,1,1,0,0,0.0,0,566500.622199999980000,5937774.136699999700000,10.004550218000000,53.584593835000000,,10.005,53.585
96723,96724,2,4,8,423,2016,6,11,6,3,0,6,0,1,1,0,0,0,0.0,0,568799.420500000010000,5937092.470200000300000,10.039119144000001,53.578171093999998,,10.039,53.578
96725,96726,2,5,7,515,2016,7,21,1,3,5,2,0,0,1,1,0,1,0.0,0,572669.365800000030000,5942651.485500000400000,10.098853805999999,53.627607329000000,,10.099,53.628
96728,96729,2,3,8,320,2016,6,17,1,3,1,7,0,0,1,1,0,0,0.0,0,559022.915599999950000,5941026.269399999600000,9.892224614000000,53.614717136000003,,9.892,53.615
96735,96736,2,4,8,423,2016,6,16,6,3,4,2,0,1,1,1,0,0,0.0,0,569297.846499999990000,5937181.961699999900000,10.046665664000001,53.578909744999997,,10.047,53.579
96737,96738,2,4,2,403,2016,6,13,6,3,4,2,0,0,1,1,0,0,0.0,0,564580.422799999940000,5938216.743800000300000,9.975640227000000,53.588811645000000,,9.976,53.589
96738,96739,2,2,5,215,2016,6,16,5,3,5,3,0,0,1,1,0,0,0.0,0,560784.254700000050000,5937167.746100000100000,9.918094123000000,53.579837736999998,,9.918,53.58
96745,96746,2,4,7,416,2016,6,19,6,3,5,3,0,1,1,1,0,0,0.0,0,567306.580899999940000,5935254.141800000300000,10.016179647000000,53.561843447999998,,10.016,53.562
96747,96748,2,3,1,309,2016,6,17,1,3,5,3,0,1,1,1,0,0,0.0,0,564078.437700000010000,5935719.479899999700000,9.967545135000000,53.566429647000000,,9.968,53.566
96748,96749,2,2,8,220,2016,6,7,4,3,5,3,0,0,1,1,0,0,0.0,0,558836.238999999940000,5939490.986999999700000,9.889113183999999,53.600939900999997,,9.889,53.601
96767,96768,2,4,13,432,2016,6,16,2,3,4,6,0,0,1,0,0,0,0.0,0,565782.114100000010000,5946732.105800000000000,9.995591386999999,53.665190870000004,,9.996,53.665
96770,96771,2,5,4,512,2016,6,18,4,3,5,3,0,0,1,1,0,0,0.0,0,574432.569900000000000,5936286.043800000100000,10.123990446000001,53.570154756999997,,10.124,53.57
96773,96774,2,1,18,139,2016,6,14,1,3,0,7,0,0,1,0,0,0,0.0,0,564485.568600000000000,5931410.928500000400000,9.972803192000001,53.527657517000002,,9.973,53.528
96776,96777,2,3,7,319,2016,7,7,2,3,3,2,0,0,1,1,0,0,0.0,0,561058.996999999970000,5942923.318000000000000,9.923370954999999,53.631533136000002,,9.923,53.632
96777,96778,2,6,2,602,2016,6,18,7,3,3,6,0,0,1,1,0,0,0.0,0,579548.001300000000000,5927331.423999999600000,10.198944246000000,53.488932061000000,,10.199,53.489
96778,96779,2,3,1,308,2016,6,12,6,3,2,2,0,1,1,1,0,0,1.0,0,563420.489300000020000,5936129.142599999900000,9.957695232000001,53.570191346999998,,9.958,53.57
96779,96780,2,3,5,317,2016,6,12,3,3,3,6,0,0,1,0,0,0,1.0,0,563312.105600000010000,5937473.569899999500000,9.956331456999999,53.582287213000001,,9.956,53.582
96783,96784,2,3,1,308,2016,6,11,6,3,5,3,0,1,1,1,0,0,0.0,0,563785.770000000020000,5936499.382299999700000,9.963286006000001,53.573474517999998,,9.963,53.573
96785,96786,2,3,8,320,2016,7,8,6,3,5,3,0,0,1,1,0,0,0.0,0,559076.822999999970000,5941038.718000000300000,9.893041761999999,53.614822939000000,,9.893,53.615
96787,96788,2,6,1,601,2016,6,12,5,3,5,3,0,0,1,1,0,0,0.0,0,580257.789400000010000,5928303.861999999700000,10.209888281000000,53.497563272000001,,10.21,53.498
96790,96791,2,4,13,432,2016,6,13,4,3,5,3,0,0,1,1,0,0,0.0,0,568044.086200000020000,5948132.928500000400000,10.030126698000000,53.677490532000000,,10.03,53.677
96791,96792,2,7,1,702,2016,6,11,7,3,5,3,0,0,1,1,0,0,0.0,0,565097.601600000050000,5924334.103900000500000,9.980566064000000,53.463980092000000,,9.981,53.464
96792,96793,2,4,10,428,2016,6,16,3,3,5,3,0,0,1,1,0,0,0.0,0,568719.758999999960000,5938695.229600000200000,10.038269175000000,53.592585640999999,,10.038,53.593
96793,96794,2,5,18,526,2016,6,5,4,3,5,3,0,0,1,1,0,0,0.0,0,576325.369199999960000,5939361.117100000400000,10.153319054000001,53.597517658000001,,10.153,53.598
96800,96801,2,3,3,313,2016,6,13,4,3,5,3,0,0,1,1,0,0,0.0,0,565420.298500000030000,5936432.347299999600000,9.987952457000001,53.572670774000002,,9.988,53.573
96801,96802,2,1,4,112,2016,6,0,6,3,5,3,2,1,1,0,0,0,0.0,0,563501.650299999980000,5933842.680300000100000,9.958456011000001,53.549632357999997,,9.958,53.55
96802,96803,2,2,5,215,2016,6,12,3,2,0,3,0,0,1,0,0,0,1.0,0,560582.042000000020000,5937467.864000000100000,9.915098558000000,53.582558413999998,,9.915,53.583
96803,96804,2,1,5,113,2016,6,19,6,3,3,2,0,1,1,1,0,0,0.0,0,567440.598200000010000,5934629.837399999600000,10.018067936000000,53.556215518999998,,10.018,53.556
96806,96807,2,1,1,102,2016,6,19,7,3,3,2,0,0,1,1,0,0,0.0,0,566049.662699999990000,5933649.750199999700000,9.996867169000000,53.547584106000002,,9.997,53.548
96808,96809,2,3,1,310,2016,7,19,4,3,5,2,0,0,1,1,0,0,0.0,0,563578.517200000000000,5935407.326000000400000,9.959934283000001,53.563685032999999,,9.96,53.564
96809,96810,2,3,4,315,2016,7,10,3,3,1,5,0,0,1,1,0,0,0.0,0,564024.696299999950000,5937206.647099999700000,9.967038731000001,53.579801795999998,,9.967,53.58
96811,96812,2,3,5,317,2016,7,11,6,3,5,3,0,0,1,0,0,0,0.0,1,563725.966600000040000,5939854.957600000300000,9.963068460000001,53.603639240000000,,9.963,53.604
96813,96814,2,2,9,221,2016,7,18,5,3,1,1,0,1,1,0,0,0,0.0,1,556010.608499999970000,5935960.495500000200000,9.845784712000000,53.569518997999999,,9.846,53.57
96818,96819,2,1,5,114,2016,7,17,5,3,3,5,0,0,1,1,0,0,0.0,0,566885.486999999960000,5934626.250699999700000,10.009688772000001,53.556254309000003,,10.01,53.556
96819,96820,2,3,1,310,2016,7,16,2,3,2,2,0,0,1,1,0,0,0.0,0,563492.700700000040000,5935630.420099999800000,9.958684131000000,53.565700440000001,,9.959,53.566
96825,96826,2,5,11,519,2016,8,12,3,3,5,3,0,0,1,1,0,0,0.0,0,571688.824799999940000,5945889.061200000300000,10.084776102999999,53.656838096000001,,10.085,53.657
96835,96836,2,3,1,307,2016,7,9,5,3,5,2,0,0,1,1,0,0,0.0,0,563071.005800000040000,5935809.555800000200000,9.952354046000000,53.567361245000001,,9.952,53.567
96837,96838,2,3,5,317,2016,7,7,2,3,1,7,0,0,1,1,0,0,0.0,0,563455.183100000020000,5939356.963800000000000,9.958875460000000,53.599196499999998,,9.959,53.599
96839,96840,2,5,11,519,2016,7,18,3,3,5,3,0,0,1,1,0,0,0.0,0,571642.456400000020000,5946288.845099999600000,10.084166805000001,53.660437236000000,,10.084,53.66
96841,96842,2,4,8,422,2016,7,20,5,3,3,7,0,0,1,1,0,0,0.0,0,568771.905799999950000,5936456.008600000300000,10.038563452000000,53.572454770999997,,10.039,53.572
96845,96846,2,5,11,519,2016,7,8,3,3,3,2,0,0,1,1,0,0,0.0,0,571089.019399999990000,5946644.533599999700000,10.075874673000000,53.663709277999999,,10.076,53.664
96848,96849,2,3,2,312,2016,7,11,5,3,5,3,0,0,1,0,0,1,0.0,0,565617.207000000050000,5935104.710500000000000,9.990646722999999,53.560714410000003,,9.991,53.561
96856,96857,2,4,5,410,2016,7,11,3,3,5,2,0,0,1,1,0,0,0.0,0,566523.880600000030000,5938077.815399999700000,10.004966244000000,53.587320093999999,,10.005,53.587
96859,96860,2,3,1,305,2016,7,11,1,3,1,4,0,0,1,1,1,0,0.0,0,563033.715899999950000,5936905.994300000400000,9.952012389000000,53.577219771000003,,9.952,53.577
96861,96862,2,3,8,320,2016,7,18,4,3,5,2,0,0,1,1,0,0,0.0,0,559936.942000000040000,5940892.380400000100000,9.906013918999999,53.613410035999998,,9.906,53.613
96865,96866,2,2,3,208,2016,7,20,6,3,5,2,0,0,1,1,0,0,0.0,0,562871.622100000040000,5935324.808600000100000,9.949246306999999,53.563028586000001,,9.949,53.563
96867,96868,2,5,10,518,2016,7,11,7,3,4,6,0,0,1,0,0,0,0.0,0,573601.539600000020000,5945514.090900000200000,10.113624036999999,53.653202671000003,,10.114,53.653
96869,96870,2,5,10,518,2016,7,15,3,3,5,3,0,1,1,1,0,0,0.0,0,573927.494500000030000,5944423.323699999600000,10.118295437000000,53.643354272000003,,10.118,53.643
96881,96882,2,5,11,519,2016,7,11,3,3,4,2,0,0,1,1,0,0,0.0,0,572385.733000000010000,5945822.531499999600000,10.095303922999999,53.656144220999998,,10.095,53.656
96882,96883,2,2,3,210,2016,7,16,2,3,2,6,0,0,1,1,0,0,0.0,0,562158.485800000020000,5934483.525100000200000,9.938313518999999,53.555552605000003,,9.938,53.556
96885,96886,2,3,1,303,2016,7,18,4,3,0,6,0,0,1,1,0,0,0.0,0,562807.428300000030000,5936860.672199999900000,9.948586113999999,53.576839591000002,,9.949,53.577
96888,96889,2,3,8,320,2016,8,16,2,3,5,3,0,0,1,0,0,0,0.0,0,559477.408599999970000,5940017.968000000300000,9.898901579000000,53.605603721000001,,9.899,53.606
96889,96890,2,2,4,213,2016,7,15,6,3,0,7,0,0,1,1,0,0,0.0,0,561468.782699999980000,5934522.783300000200000,9.927911333999999,53.555986648999998,,9.928,53.556
96892,96893,2,5,10,518,2016,7,11,7,3,5,3,0,0,1,1,0,0,0.0,0,573479.216999999950000,5945518.405000000300000,10.111774645000001,53.653258637999997,,10.112,53.653
96894,96895,2,5,10,518,2016,7,8,6,3,4,2,0,0,1,0,0,0,1.0,0,573210.547200000030000,5945781.105600000400000,10.107772278000001,53.655657136000002,,10.108,53.656
96896,96897,2,1,4,111,2016,7,19,5,3,3,6,0,0,1,1,0,0,0.0,0,563802.909400000000000,5934016.215699999600000,9.963037742999999,53.551155455000000,,9.963,53.551
96899,96900,2,2,5,216,2016,7,14,3,3,5,3,0,0,1,1,0,0,0.0,0,560011.001300000000000,5935159.726400000000000,9.906030542000000,53.561879828000002,,9.906,53.562
96900,96901,2,4,8,423,2016,7,19,4,3,5,2,0,0,1,1,0,0,0.0,0,569468.467700000040000,5937170.829400000200000,10.049239753000000,53.578787128000002,,10.049,53.579
96904,96905,2,2,4,212,2016,7,13,4,2,5,2,0,0,1,1,0,0,0.0,0,560250.232399999980000,5933766.905600000200000,9.909373423000000,53.549334504999997,,9.909,53.549
96908,96909,2,7,1,702,2016,8,10,3,2,6,3,0,1,1,0,1,0,0.0,0,564992.200199999960000,5923986.969100000300000,9.978906881000000,53.460873264000000,,9.979,53.461
96912,96913,2,3,1,307,2016,7,8,3,2,4,6,0,0,1,0,0,0,0.0,0,563777.136900000040000,5936050.633800000000000,9.963064001999999,53.569442533000000,,9.963,53.569
96913,96914,2,6,2,602,2016,7,17,4,3,5,3,0,0,1,1,0,0,0.0,0,578788.133999999960000,5926388.933000000200000,10.187257720000000,53.480576436000000,,10.187,53.481
96916,96917,2,1,1,102,2016,7,14,5,3,5,2,0,1,1,0,0,0,0.0,1,565574.836899999990000,5933325.055100000500000,9.989633871000001,53.544725499000002,,9.99,53.545
96919,96920,2,4,5,409,2016,7,19,6,3,5,3,0,0,1,1,0,0,0.0,0,568373.536599999990000,5938348.817300000200000,10.032963192000000,53.589517678999997,,10.033,53.59
96920,96921,2,5,11,519,2016,7,17,5,3,5,3,0,0,1,1,0,0,0.0,0,571170.749500000030000,5945727.526899999900000,10.076901253000001,53.655457167000002,,10.077,53.655
96925,96926,2,4,5,410,2016,7,11,3,3,5,3,0,1,1,1,0,0,0.0,0,566784.772099999940000,5938114.931499999900000,10.008914768000000,53.587620497000003,,10.009,53.588
96929,96930,2,1,11,128,2016,7,18,6,3,5,3,0,0,1,1,0,0,0.0,0,570810.336200000020000,5934353.080799999600000,10.068864550000001,53.553284564999998,,10.069,53.553
96933,96934,2,4,8,423,2016,7,10,3,3,5,2,0,0,1,1,0,0,0.0,0,569294.955300000030000,5937626.541799999800000,10.046720711000001,53.582905590000003,,10.047,53.583
96936,96937,2,5,6,514,2016,7,17,4,3,4,2,0,1,1,1,0,0,0.0,0,573809.384300000030000,5940416.343299999800000,10.115559037000001,53.607361111000003,,10.116,53.607
96941,96942,2,1,12,130,2016,7,16,2,3,5,2,0,0,1,1,0,0,0.0,0,576339.132199999990000,5931126.842299999700000,10.151515415000000,53.523516200000003,,10.152,53.524
96944,96945,2,1,16,137,2016,7,7,5,3,4,6,0,0,1,0,0,0,0.0,1,563468.771799999990000,5927758.976400000000000,9.956727022999999,53.494959760999997,,9.957,53.495
96946,96947,2,4,5,411,2016,7,16,6,3,3,6,0,0,1,1,0,0,0.0,0,568017.528500000010000,5938234.930200000300000,10.027560869000000,53.588540471000002,,10.028,53.589
96947,96948,2,4,7,416,2016,7,16,5,3,6,4,0,0,1,0,1,0,0.0,0,567747.164600000020000,5935344.196200000100000,10.022849846000000,53.562596093000003,,10.023,53.563
96948,96949,2,6,2,602,2016,7,18,4,3,1,5,0,0,1,1,0,0,0.0,0,580166.933899999950000,5927518.193000000000000,10.208318214000000,53.490516569000000,,10.208,53.491
96949,96950,2,7,4,705,2016,7,6,1,3,1,5,0,0,1,1,0,0,0.0,0,566554.056600000010000,5921965.616999999600000,10.001999817000000,53.442511605999997,,10.002,53.443
96950,96951,2,1,1,101,2016,8,16,2,3,6,2,0,0,1,0,1,0,0.0,0,565880.173900000050000,5934141.894999999600000,9.994413239000000,53.552028421999999,,9.994,53.552
96951,96952,2,3,2,312,2016,7,10,3,3,5,3,0,0,1,0,0,0,0.0,1,565208.890400000030000,5935470.618900000100000,9.984559587000000,53.564053809999997,,9.985,53.564
96952,96953,2,3,9,321,2016,7,6,3,3,5,2,0,0,1,1,0,0,0.0,0,561296.463899999970000,5939283.887099999900000,9.926245312000001,53.598796649999997,,9.926,53.599
96954,96955,2,5,18,526,2016,7,7,4,3,5,3,0,1,1,1,0,0,0.0,0,574918.206699999980000,5939857.666299999700000,10.132179973000000,53.602183046999997,,10.132,53.602
96956,96957,2,3,7,319,2016,7,16,1,3,6,6,0,0,1,0,1,0,0.0,0,560339.678500000040000,5943147.177600000100000,9.912537927000001,53.633628440999999,,9.913,53.634
96962,96963,2,4,10,426,2016,7,18,6,3,6,4,0,0,1,0,1,0,0.0,0,569656.182999999960000,5938176.480999999700000,10.052298921000000,53.587800051999999,,10.052,53.588
96964,96965,2,6,14,615,2016,7,16,4,3,5,3,0,0,1,1,0,0,0.0,0,577765.470500000050000,5926749.490899999600000,10.171940080000001,53.483968781999998,,10.172,53.484
96968,96969,2,1,1,102,2016,7,20,3,3,5,2,0,0,1,1,0,0,0.0,0,565378.906399999980000,5933752.433500000300000,9.986766776000000,53.548590891000003,,9.987,53.549
96970,96971,2,5,5,513,2016,7,19,4,3,3,2,0,0,1,1,0,0,0.0,0,572986.603499999970000,5937333.636300000400000,10.102404590000001,53.579772499999997,,10.102,53.58
96973,96974,2,1,5,114,2016,7,17,3,3,0,7,0,0,1,0,0,0,0.0,1,566612.542099999960000,5934820.626000000200000,10.005610580000001,53.558035906000001,,10.006,53.558
96979,96980,2,5,18,526,2016,7,14,6,3,6,7,0,1,1,0,1,0,0.0,0,575513.796699999950000,5942080.384300000000000,10.141717487999999,53.622072502999998,,10.142,53.622
96981,96982,2,4,2,405,2016,7,14,7,3,4,2,0,0,1,1,0,0,0.0,0,564539.678300000030000,5939643.189600000200000,9.975320008000001,53.601636450999997,,9.975,53.602
96983,96984,2,5,1,503,2016,7,6,6,3,5,3,0,0,1,1,0,0,0.0,0,569412.231400000050000,5935952.393199999800000,10.048119671000000,53.567844420000000,,10.048,53.568
96986,96987,2,4,5,408,2016,7,11,3,3,0,3,0,0,1,1,0,0,0.0,0,567084.581400000020000,5940044.485999999600000,10.013858321000001,53.604923358999997,,10.014,53.605
96988,96989,2,3,6,318,2016,7,8,4,3,5,3,0,0,1,1,0,0,0.0,0,562934.267400000010000,5943529.375300000400000,9.951848286000001,53.636757828000000,,9.952,53.637
96993,96994,2,3,2,312,2016,7,12,1,3,3,7,0,0,1,1,0,0,0.0,0,565419.646300000020000,5935303.421600000000000,9.987706168000001,53.562524936999999,,9.988,53.563
96994,96995,2,3,1,308,2016,7,9,4,3,1,5,0,0,1,1,0,0,0.0,0,563970.588299999940000,5936249.599100000200000,9.966025507000000,53.571207141000002,,9.966,53.571
96995,96996,2,3,6,318,2016,7,15,3,3,5,2,0,0,1,1,0,0,0.0,0,563248.680599999960000,5941214.471300000300000,9.956132495000000,53.615915358999999,,9.956,53.616
96997,96998,2,1,13,131,2016,7,17,5,3,3,2,0,0,1,1,0,0,0.0,0,572787.059600000040000,5932467.196499999600000,10.098257909000001,53.536065876999999,,10.098,53.536
97001,97002,2,1,3,108,2016,7,11,1,3,6,4,0,0,1,0,1,0,0.0,0,565832.911899999950000,5934760.241999999600000,9.993830195999999,53.557591580999997,,9.994,53.558
97002,97003,2,2,6,218,2016,7,11,4,3,5,3,0,0,1,1,0,0,0.0,0,557879.625499999970000,5935460.360200000000000,9.873911464000001,53.564821168999998,,9.874,53.565
97006,97007,2,1,11,128,2016,7,10,5,3,1,5,0,0,1,1,0,0,0.0,0,572448.646399999970000,5933529.701600000300000,10.093398779999999,53.545661361000001,,10.093,53.546
97009,97010,2,3,8,320,2016,7,12,6,3,5,3,0,1,1,1,0,0,0.0,0,559717.146799999990000,5941419.069500000200000,9.902792909000000,53.618168693999998,,9.903,53.618
97010,97011,2,1,5,114,2016,7,12,6,3,0,7,0,0,1,1,0,0,0.0,0,566609.152800000040000,5934818.705600000000000,10.005559012999999,53.558019076999997,,10.006,53.558
97014,97015,2,3,1,304,2016,7,14,4,2,3,6,0,0,1,0,0,1,0.0,0,562378.748000000020000,5936402.078300000200000,9.942021060000000,53.572769205000000,,9.942,53.573
97015,97016,2,3,1,310,2016,7,18,3,2,5,3,0,1,1,1,0,0,0.0,0,563715.937400000050000,5935691.356999999800000,9.962066717000001,53.566221040000002,,9.962,53.566
97018,97019,2,4,3,406,2016,7,17,4,3,5,3,0,0,1,0,0,0,0.0,1,566606.103899999990000,5942042.808500000300000,10.007055563000000,53.622943542000002,,10.007,53.623
97021,97022,2,1,3,105,2016,7,12,1,2,0,7,0,0,1,0,0,0,0.0,0,564434.910000000030000,5933382.879999999900000,9.972445127000000,53.545386293000000,,9.972,53.545
97028,97029,2,5,4,512,2016,7,17,4,3,5,3,0,0,1,0,0,0,0.0,1,574956.649600000000000,5936401.524299999700000,10.131930488000000,53.571117948999998,,10.132,53.571
97029,97030,2,7,14,715,2016,7,20,6,3,5,3,0,0,1,1,0,0,0.0,0,556918.875400000020000,5925619.955400000300000,9.857618984000000,53.476484333999998,,9.858,53.476
97030,97031,2,4,8,421,2016,7,15,3,3,0,5,0,0,1,1,0,0,0.0,0,569027.909100000050000,5937796.125599999900000,10.042725147000001,53.584464867000001,,10.043,53.584
97031,97032,2,2,11,223,2016,7,8,6,3,5,3,0,1,1,1,0,0,0.0,0,554039.927999999960000,5934869.378999999700000,9.815841208000000,53.559919088999997,,9.816,53.56
97035,97036,2,5,18,526,2016,7,8,4,3,5,3,0,1,1,1,0,0,0.0,0,577082.111000000030000,5940289.377000000300000,10.164980800000000,53.605748873000003,,10.165,53.606
97039,97040,2,5,3,511,2016,7,14,5,3,3,2,0,0,1,0,0,0,1.0,0,573197.279100000040000,5936300.532800000200000,10.105343824000000,53.570458758999997,,10.105,53.57
97040,97041,2,3,9,321,2016,7,18,3,3,5,3,0,1,1,1,0,0,0.0,0,562218.271199999960000,5936403.148199999700000,9.939598170000000,53.572797876999999,,9.94,53.573
97042,97043,2,7,8,709,2016,7,7,2,2,5,3,0,0,1,1,0,0,0.0,0,564128.800700000020000,5921310.433000000200000,9.965358860000000,53.436923794000002,,9.965,53.437
97045,97046,2,3,1,307,2016,7,13,1,3,5,7,0,0,1,1,0,0,0.0,0,563575.794299999950000,5936019.444699999900000,9.960017757999999,53.569186663000004,,9.96,53.569
97048,97049,2,7,9,710,2016,7,18,6,3,0,7,0,0,1,1,0,0,0.0,0,564828.211000000010000,5923312.609600000100000,9.976298242000000,53.454832713000002,,9.976,53.455
97050,97051,2,1,8,121,2016,7,8,2,3,5,3,0,0,1,1,0,0,0.0,0,568960.168799999980000,5934598.330299999600000,10.040995964000000,53.555734936999997,,10.041,53.556