,OBJECTID,ULAND,UREGBEZ,UKREIS,UGEMEINDE,UJAHR,UMONAT,USTUNDE,UWOCHENTAG,UKATEGORIE,UART,UTYP1,ULICHTVERH,STRZUSTAND,IstRad,IstPKW,IstFuss,IstKrad,IstGkfz,IstSonstig,LINREFX,LINREFY,XGCSWGS84,YGCSWGS84,UIDENTSTLA,lat_short,long_short
97053,97054,2,5,18,526,2016,7,15,4,3,5,3,0,1,1,1,0,0,0.0,0,575311.115200000000000,5938882.434999999600000,10.137880848000000,53.593362571999997,,10.138,53.593
97054,97055,2,3,6,318,2016,7,18,3,3,0,3,0,1,1,1,0,0,0.0,0,562189.594700000020000,5941480.415199999700000,9.940177754000001,53.618432286999997,,9.94,53.618
97056,97057,2,3,6,318,2016,7,15,5,3,6,7,0,0,1,0,1,0,0.0,0,562949.466099999960000,5941689.277200000400000,9.951705926000001,53.620218604000002,,9.952,53.62
97058,97059,2,2,8,220,2016,7,17,1,3,0,2,0,0,1,1,0,0,0.0,0,558562.101999999960000,5938969.671400000300000,9.884873142000000,53.596285307999999,,9.885,53.596
97059,97060,2,6,1,601,2016,7,19,1,2,5,2,0,0,1,1,0,0,0.0,0,579875.561899999970000,5927638.762400000400000,10.203958259000000,53.491644401000002,,10.204,53.492
97061,97062,2,3,2,311,2016,7,17,3,3,5,3,0,1,1,1,0,0,0.0,0,564515.977900000060000,5936044.376500000200000,9.974217786000001,53.569295967999999,,9.974,53.569
97064,97065,2,6,2,602,2016,7,12,7,3,5,3,0,0,1,1,0,0,0.0,0,578534.023200000050000,5928054.911500000400000,10.183846292000000,53.495586176000003,,10.184,53.496
97065,97066,2,3,6,318,2016,8,17,2,3,4,2,0,0,1,1,0,0,0.0,0,562992.903399999950000,5943372.638100000100000,9.952703251000001,53.635342141999999,,9.953,53.635
97066,97067,2,1,8,121,2016,7,16,2,3,5,3,0,0,1,1,0,0,0.0,0,568831.233699999980000,5934999.466500000100000,10.039138303000000,53.559356913000002,,10.039,53.559
97068,97069,2,2,1,202,2016,7,16,1,3,3,6,0,0,1,1,0,0,0.0,0,562028.327599999960000,5933518.520899999900000,9.936157560000000,53.546895128999999,,9.936,53.547
97069,97070,2,4,5,408,2016,7,8,4,3,3,2,0,1,1,1,0,0,0.0,0,566999.234900000040000,5940195.634200000200000,10.012601183999999,53.606292664000001,,10.013,53.606
97072,97073,2,5,4,512,2016,7,9,7,3,0,2,0,0,1,1,0,0,0.0,0,574697.137400000010000,5937328.662399999800000,10.128234212000001,53.579486977999998,,10.128,53.579
97073,97074,2,2,4,213,2016,7,13,6,3,3,7,0,0,1,0,0,0,0.0,1,561858.544600000020000,5934069.110100000200000,9.933704417000000,53.551863523999998,,9.934,53.552
97076,97077,2,2,1,205,2016,7,15,3,3,5,2,0,1,1,1,0,0,0.0,0,563234.047799999940000,5934235.521099999500000,9.954497046000000,53.553195250000002,,9.954,53.553
97077,97078,2,5,7,515,2016,7,18,2,3,5,3,0,0,1,1,0,0,0.0,0,570663.781399999980000,5940662.818000000000000,10.068081403000001,53.610009839000000,,10.068,53.61
97078,97079,2,1,4,112,2016,7,15,5,3,3,2,0,0,1,1,0,0,0.0,0,563354.479300000010000,5933848.699699999800000,9.956236260000001,53.549704235000000,,9.956,53.55
97084,97085,2,4,5,413,2016,7,18,4,3,5,3,0,0,1,1,0,0,0.0,0,566609.323800000010000,5936943.960699999700000,10.006014799000001,53.577119113000002,,10.006,53.577
97086,97087,2,5,7,515,2016,7,12,5,3,0,7,0,0,1,1,0,0,0.0,0,572924.943199999980000,5941916.040400000300000,10.102545391000000,53.620962482000003,,10.103,53.621
97088,97089,2,5,18,526,2016,7,6,6,3,5,3,0,0,1,0,0,0,0.0,1,576829.382899999970000,5939266.711299999600000,10.160910009000000,53.596595628999999,,10.161,53.597
97089,97090,2,1,3,108,2016,7,9,6,3,0,2,0,1,1,1,0,0,0.0,0,565876.560000000060000,5934872.089999999900000,9.994512585000001,53.558591309000001,,9.995,53.559
97092,97093,2,2,3,209,2016,7,13,3,3,5,2,0,0,1,0,0,0,0.0,1,562536.327700000020000,5936048.667500000400000,9.944329645000000,53.569574220000000,,9.944,53.57
97094,97095,2,3,8,320,2016,7,14,6,3,3,2,0,1,1,0,0,0,0.0,1,560304.996300000000000,5939688.736300000000000,9.911343753000001,53.602550200000003,,9.911,53.603
97096,97097,2,2,3,208,2016,7,16,3,3,5,2,0,1,1,1,0,0,0.0,0,563437.208300000060000,5935282.082299999900000,9.957775642000000,53.562576528999998,,9.958,53.563
97099,97100,2,1,20,141,2016,7,17,2,3,5,7,0,0,1,1,0,0,0.0,0,556606.360899999970000,5930347.902200000400000,9.853764020000000,53.519011290999998,,9.854,53.519
97102,97103,2,5,7,515,2016,7,11,7,3,5,3,0,0,1,1,0,0,0.0,0,571935.494799999990000,5942425.591099999800000,10.087706739000000,53.625678590000000,,10.088,53.626
97103,97104,2,2,5,215,2016,7,17,4,3,5,3,0,0,1,1,0,0,0.0,0,561266.903000000050000,5935382.425099999600000,9.925032801000000,53.563736202000001,,9.925,53.564
97105,97106,2,4,7,417,2016,7,14,3,3,5,2,0,0,1,0,0,0,0.0,1,568524.069800000060000,5935519.485500000400000,10.034615951999999,53.564070573000002,,10.035,53.564
97106,97107,2,4,7,417,2016,7,20,4,3,5,3,0,0,1,1,0,0,0.0,0,568271.039200000000000,5935684.296099999900000,10.030832246999999,53.565584723000001,,10.031,53.566
97107,97108,2,4,6,414,2016,8,21,2,3,5,3,1,0,1,0,0,0,0.0,0,566861.519899999960000,5936224.695899999700000,10.009669101000000,53.570622876000002,,10.01,53.571
97108,97109,2,5,12,520,2016,7,20,5,3,0,7,0,0,1,0,0,0,0.0,0,569433.241099999980000,5943815.289099999700000,10.050188425000000,53.638505541000001,,10.05,53.639
97111,97112,2,5,6,514,2016,7,17,6,3,5,3,0,1,1,1,0,0,0.0,0,574308.361200000040000,5942632.361600000400000,10.123627766000000,53.627205420999999,,10.124,53.627
97113,97114,2,1,5,114,2016,7,13,6,3,0,7,0,0,1,1,0,0,0.0,0,567392.345300000040000,5934256.913099999500000,10.017259251000000,53.552870181999999,,10.017,53.553
97119,97120,2,1,4,110,2016,7,10,4,3,5,3,0,0,1,1,0,0,0.0,0,563638.074400000040000,5934359.138299999800000,9.960619919999999,53.554257417999999,,9.961,53.554
97129,97130,2,2,1,201,2016,7,6,4,3,5,3,0,0,1,1,0,0,0.0,0,563392.706200000020000,5933422.980299999900000,9.956726849000001,53.545873532999998,,9.957,53.546
97135,97136,2,1,3,108,2016,7,16,4,3,3,6,0,0,1,1,0,0,0.0,0,565242.717999999990000,5934358.939000000200000,9.984838171000000,53.554058656999999,,9.985,53.554
97136,97137,2,4,2,404,2016,7,8,3,3,3,7,0,0,1,1,0,0,0.0,0,565108.486700000010000,5937678.374200000400000,9.983504250999999,53.583907891999999,,9.984,53.584
97137,97138,2,4,8,423,2016,7,17,4,3,4,6,0,0,1,0,0,0,0.0,0,569296.076699999980000,5937625.349899999800000,10.046737382000000,53.582894730000000,,10.047,53.583
97141,97142,2,5,18,526,2016,7,15,6,3,5,3,0,0,1,1,0,0,0.0,0,577247.809499999970000,5939130.054700000200000,10.167197242000000,53.595306045000001,,10.167,53.595
97144,97145,2,4,9,424,2016,7,18,5,3,1,5,0,0,1,1,0,0,0.0,0,569947.821800000030000,5937659.606300000100000,10.056588028000000,53.583116068000002,,10.057,53.583
97145,97146,2,1,5,113,2016,7,16,5,3,5,3,0,0,1,1,0,0,0.0,0,567131.484399999960000,5935186.946300000000000,10.013522097999999,53.561261977000001,,10.014,53.561
97147,97148,2,4,13,432,2016,7,8,2,3,5,3,0,1,1,1,0,0,0.0,0,566109.331400000020000,5947594.998900000000000,10.000726634999999,53.672904457999998,,10.001,53.673
97153,97154,2,1,12,130,2016,7,18,6,2,5,2,0,0,1,1,0,0,0.0,0,574334.014199999980000,5932749.713600000400000,10.121661602000000,53.538388208999997,,10.122,53.538
97155,97156,2,5,18,526,2016,7,16,2,3,0,7,0,0,1,0,0,0,0.0,0,576205.525600000050000,5941972.444699999900000,10.152147228000000,53.621002283999999,,10.152,53.621
97157,97158,2,2,4,213,2016,7,20,6,3,5,3,0,1,1,0,0,0,1.0,0,561505.549800000040000,5934295.011699999700000,9.928421460999999,53.553935266000003,,9.928,53.554
97162,97163,2,2,1,203,2016,7,9,2,3,5,2,0,0,1,1,0,0,0.0,0,562271.107800000000000,5933878.843600000300000,9.939892910999999,53.550104754000003,,9.94,53.55
97163,97164,2,3,3,314,2016,7,7,6,3,4,2,0,0,1,1,0,0,0.0,0,566043.363200000020000,5937098.616100000200000,9.997501124999999,53.578580594999998,,9.998,53.579
97164,97165,2,4,1,401,2016,7,20,4,3,1,5,1,0,1,1,0,0,0.0,0,564409.807400000050000,5937488.876699999900000,9.972912834000001,53.582291112000000,,9.973,53.582
97168,97169,2,5,1,501,2016,7,14,5,3,4,2,0,0,1,1,0,0,0.0,0,568792.847900000050000,5935748.073900000200000,10.038723724000000,53.566089753999997,,10.039,53.566
97176,97177,2,1,1,102,2016,8,8,3,3,5,3,0,1,1,0,0,0,0.0,0,565879.814099999960000,5934144.835000000000000,9.994408429000000,53.552054890000001,,9.994,53.552
97177,97178,2,5,8,516,2016,7,21,6,3,1,5,2,1,1,1,0,0,0.0,0,570628.248400000040000,5941336.104600000200000,10.067697081000000,53.616065417000002,,10.068,53.616
97178,97179,2,4,10,426,2016,7,14,7,3,0,2,0,0,1,1,0,0,0.0,0,569805.141900000050000,5938646.652499999900000,10.054654044999999,53.592005679000003,,10.055,53.592
97182,97183,2,7,1,702,2016,7,9,2,3,4,6,0,0,1,0,0,0,0.0,0,565096.689499999980000,5924031.076299999800000,9.980489571000000,53.461256771000002,,9.98,53.461
97184,97185,2,7,13,714,2016,7,19,4,3,5,3,0,0,1,1,0,0,0.0,0,558396.439400000030000,5925323.992499999700000,9.879824148000001,53.473662499000000,,9.88,53.474
97189,97190,2,2,9,221,2016,7,16,4,3,5,3,0,0,1,1,0,0,0.0,0,557379.396199999960000,5935577.686999999900000,9.866381117000000,53.565930584000000,,9.866,53.566
97191,97192,2,3,2,311,2016,7,22,5,3,7,7,2,1,1,0,0,0,0.0,0,564857.734000000050000,5935684.974899999800000,9.979302991000001,53.566023800000004,,9.979,53.566
97192,97193,2,5,4,512,2016,7,14,4,3,3,2,0,0,1,1,0,0,0.0,0,574617.648999999980000,5936382.597600000000000,10.126807762000000,53.570996180999998,,10.127,53.571
97196,97197,2,5,18,526,2016,7,11,2,3,1,3,0,0,1,1,0,0,0.0,0,574625.154400000000000,5939887.123999999800000,10.127759300999999,53.602489587999997,,10.128,53.602
97201,97202,2,1,5,113,2016,7,8,6,3,3,2,0,0,1,0,0,0,0.0,1,567582.470699999950000,5934749.900100000200000,10.020235199000000,53.557276295999998,,10.02,53.557
97208,97209,2,2,5,216,2016,7,18,2,3,4,2,0,0,1,1,0,0,0.0,0,560656.579999999960000,5935051.483300000400000,9.915754949000000,53.560832785000002,,9.916,53.561
97210,97211,2,1,3,106,2016,7,23,4,3,0,7,2,0,1,0,0,0,0.0,0,564822.597199999960000,5934535.515700000300000,9.978534088000000,53.555697643999999,,9.979,53.556
97217,97218,2,3,6,318,2016,7,18,3,3,0,7,0,0,1,0,0,0,0.0,0,562610.808800000000000,5943925.374300000300000,9.947036595000000,53.640355556000003,,9.947,53.64
97220,97221,2,3,7,319,2016,7,21,5,3,1,5,0,0,1,1,0,0,0.0,0,561166.295900000030000,5944835.593100000200000,9.925369464999999,53.648706775000001,,9.925,53.649
97221,97222,2,1,16,137,2016,7,14,5,3,5,2,0,0,1,0,0,0,1.0,0,565100.735299999940000,5930685.580400000300000,9.981931074000000,53.521062733999997,,9.982,53.521
97223,97224,2,4,6,415,2016,7,17,6,3,3,2,0,0,1,1,0,0,0.0,0,567620.615400000010000,5935768.747999999700000,10.021031426000000,53.566427922000003,,10.021,53.566
97224,97225,2,1,16,135,2016,7,16,2,2,5,3,0,0,1,1,0,0,0.0,0,568964.172999999950000,5925735.609600000100000,10.039105692000000,53.476083674000002,,10.039,53.476
97225,97226,2,5,5,513,2016,7,7,5,3,0,2,0,0,1,0,0,0,0.0,1,573414.970399999990000,5937550.570600000200000,10.108924431000000,53.581662272999999,,10.109,53.582
97227,97228,2,3,8,320,2016,7,16,4,3,5,3,0,0,1,1,0,0,0.0,0,559883.825500000040000,5938879.572499999800000,9.904824369000000,53.595326217999997,,9.905,53.595
97229,97230,2,3,1,304,2016,7,13,5,3,5,3,0,0,1,1,0,0,0.0,0,561949.624100000020000,5937141.851300000200000,9.935688335000000,53.579468658000003,,9.936,53.579
97231,97232,2,4,7,417,2016,7,13,6,3,5,2,0,0,1,0,0,0,1.0,0,568525.203199999990000,5935517.892199999700000,10.034632713000001,53.564056104999999,,10.035,53.564
97234,97235,2,1,4,112,2016,7,21,4,3,6,4,1,0,1,0,1,0,0.0,0,563446.791600000000000,5933646.473899999600000,9.957588325000000,53.547875615999999,,9.958,53.548
97235,97236,2,1,8,123,2016,7,16,2,3,4,2,0,0,1,1,0,0,0.0,0,570372.217199999960000,5934631.845200000300000,10.062315259000000,53.555848742999999,,10.062,53.556
97236,97237,2,7,1,702,2016,7,16,3,3,2,2,0,0,1,0,0,1,0.0,0,565039.573600000000000,5924182.507799999800000,9.979660759000000,53.462624804000001,,9.98,53.463
97238,97239,2,5,4,512,2016,7,11,7,3,3,5,0,0,1,0,0,0,0.0,1,575812.872500000060000,5937507.616399999700000,10.145126200000000,53.580935107999998,,10.145,53.581
97239,97240,2,2,8,220,2016,7,16,4,3,3,2,0,0,1,1,0,0,0.0,0,557913.226099999970000,5938024.941300000100000,9.874894474000000,53.587866656000003,,9.875,53.588
97243,97244,2,7,1,702,2016,7,17,3,3,3,2,0,0,1,1,0,0,0.0,0,565556.562099999980000,5923369.772199999500000,9.987277184000000,53.455256333999998,,9.987,53.455
97244,97245,2,1,3,106,2016,7,23,3,3,7,7,2,0,1,0,0,0,0.0,0,564780.554899999990000,5934659.315399999700000,9.977925194999999,53.556815456000002,,9.978,53.557
97246,97247,2,2,3,209,2016,7,9,5,3,3,2,0,0,1,1,0,0,0.0,0,563030.396500000030000,5935662.028800000400000,9.951711182000000,53.566040250999997,,9.952,53.566
97248,97249,2,1,4,111,2016,7,12,4,3,4,2,0,0,1,1,0,0,0.0,0,564040.167400000030000,5934006.737700000400000,9.966616402000000,53.551041388000002,,9.967,53.551
97250,97251,2,1,8,123,2016,7,14,2,3,3,2,0,0,1,1,0,0,0.0,0,570092.615699999970000,5935171.498700000300000,10.058216312000001,53.560736042999999,,10.058,53.561
97252,97253,2,5,14,522,2016,7,17,5,3,5,3,0,0,1,1,0,0,0.0,0,572995.944900000000000,5951672.998499999800000,10.105912137000001,53.708635938000000,,10.106,53.709
97255,97256,2,2,9,221,2016,8,8,2,2,5,3,0,0,1,0,0,0,0.0,0,556795.868000000020000,5938142.514000000400000,9.858038063000000,53.589045569000000,,9.858,53.589
97263,97264,2,4,4,407,2016,7,17,2,3,5,3,0,0,1,1,0,0,0.0,0,565595.873499999990000,5939749.985700000100000,9.991301041000000,53.602465109999997,,9.991,53.602
97264,97265,2,7,10,711,2016,7,16,3,3,4,2,0,0,1,1,0,0,0.0,0,563043.975300000050000,5924168.192699999500000,9.949603723999999,53.462738786000003,,9.95,53.463
97266,97267,2,1,8,122,2016,7,5,7,3,4,3,0,0,1,1,0,0,0.0,0,570040.940999999990000,5934523.853900000500000,10.057291166000001,53.554922523999998,,10.057,53.555
97267,97268,2,5,1,501,2016,7,20,7,3,3,6,0,0,1,1,0,0,0.0,0,569259.499399999970000,5935540.268799999700000,10.045722479000000,53.564160809999997,,10.046,53.564
97268,97269,2,2,3,209,2016,7,14,4,3,5,3,0,0,1,1,0,0,0.0,0,562399.010899999990000,5936304.462799999900000,9.942307510999999,53.571889491000000,,9.942,53.572
97269,97270,2,5,12,520,2016,8,18,3,3,4,3,0,0,1,1,0,0,0.0,0,569809.155299999980000,5944779.224899999800000,10.056089533000000,53.647118356999997,,10.056,53.647
97273,97274,2,2,3,210,2016,7,17,2,3,2,6,0,0,1,1,0,0,0.0,0,562262.209999999960000,5935011.993999999900000,9.939984336000000,53.560289859999997,,9.94,53.56
97276,97277,2,5,14,522,2016,7,14,2,3,3,6,0,0,1,0,0,0,0.0,0,572852.242100000030000,5950886.309100000200000,10.103550432000000,53.701586276000000,,10.104,53.702
97277,97278,2,5,7,515,2016,7,19,5,3,5,2,0,1,1,1,0,0,0.0,0,570099.125400000020000,5938831.786200000000000,10.059136486000000,53.593630247999997,,10.059,53.594
97279,97280,2,6,1,601,2016,7,17,4,2,5,3,0,0,1,1,0,0,0.0,0,578450.420500000010000,5928369.204300000300000,10.182664936000000,53.498423123000002,,10.183,53.498
97283,97284,2,4,13,432,2016,7,8,2,3,5,3,0,0,1,1,0,0,0.0,0,566857.140200000020000,5944964.268299999600000,10.011478366000000,53.649166901000001,,10.011,53.649
97284,97285,2,1,2,104,2016,7,14,7,3,5,3,0,0,1,1,0,0,0.0,0,568096.296699999950000,5932147.988300000300000,10.027424141999999,53.533826103000003,,10.027,53.534
97288,97289,2,4,11,430,2016,7,18,5,2,4,2,0,1,1,1,0,0,0.0,0,568628.055000000050000,5942887.676000000000000,10.037807446000000,53.630275290999997,,10.038,53.63
97291,97292,2,1,3,105,2016,7,12,4,3,6,3,0,0,1,0,1,0,0.0,0,564834.574999999950000,5933267.035000000100000,9.978451854999999,53.544295968999997,,9.978,53.544
97300,97301,2,5,18,526,2016,7,10,4,3,3,2,0,0,1,1,0,0,0.0,0,576239.581099999950000,5939203.395800000100000,10.151984473000001,53.596112748000003,,10.152,53.596
97301,97302,2,3,8,320,2016,7,15,7,3,1,5,0,0,1,0,0,0,0.0,1,560315.371200000050000,5940244.626299999700000,9.911608103000001,53.607544996999998,,9.912,53.608
97302,97303,2,5,9,517,2016,7,8,1,3,5,3,0,1,1,0,0,0,0.0,0,571707.084900000020000,5943478.788400000000000,10.084496422999999,53.635174859999999,,10.084,53.635
97304,97305,2,1,1,101,2016,7,13,7,3,0,6,0,0,1,1,0,0,0.0,0,566402.841200000020000,5934463.198699999600000,10.002369448000000,53.554850201999997,,10.002,53.555
97305,97306,2,4,9,424,2016,7,9,4,3,0,6,0,0,1,1,0,0,0.0,0,570176.398200000050000,5936928.678399999600000,10.059875776000000,53.576516673000000,,10.06,53.577
97307,97308,2,1,5,114,2016,7,17,4,3,6,3,0,0,1,0,1,0,0.0,0,567054.347199999960000,5933934.863900000200000,10.012089119000001,53.550019143000000,,10.012,53.55
97309,97310,2,3,3,314,2016,7,17,5,3,0,6,0,0,1,1,0,0,0.0,0,566195.240699999970000,5936923.493200000400000,9.999757523000000,53.576987586999998,,10.0,53.577
97310,97311,2,4,6,415,2016,7,16,5,3,3,2,0,0,1,1,0,0,0.0,0,567321.382499999950000,5935836.524700000000000,10.016528576000001,53.567075516999999,,10.017,53.567
97314,97315,2,2,6,218,2016,7,15,5,2,6,6,0,0,1,0,1,0,0.0,0,558763.147699999970000,5934856.389399999800000,9.887136236000000,53.559294788999999,,9.887,53.559
97316,97317,2,4,13,432,2016,7,8,2,2,5,3,0,0,1,1,0,0,0.0,0,566857.515699999990000,5944963.193699999700000,10.011483814000000,53.649157195999997,,10.011,53.649
97319,97320,2,4,5,410,2016,7,18,2,3,5,3,0,0,1,1,0,0,0.0,0,566212.718299999950000,5938115.435700000300000,10.000274336000000,53.587697579000000,,10.0,53.588
97323,97324,2,4,10,429,2016,7,18,2,3,4,6,0,0,1,0,0,0,0.0,0,568673.415400000060000,5939552.683799999800000,10.037757951000000,53.600297699000002,,10.038,53.6
97324,97325,2,1,4,111,2016,7,12,2,3,5,3,0,0,1,1,0,0,0.0,0,564581.047099999970000,5934589.210500000000000,9.974899426000000,53.556209987000003,,9.975,53.556
97326,97327,2,4,6,415,2016,7,15,2,3,4,2,0,0,1,1,0,0,0.0,0,567995.895299999970000,5936186.956700000000000,10.026787977000000,53.570137920999997,,10.027,53.57
97328,97329,2,1,4,111,2016,7,14,1,3,4,3,0,0,1,1,0,0,0.0,0,564448.165400000060000,5934344.558299999700000,9.972843354000000,53.554027558000001,,9.973,53.554
97330,97331,2,2,5,215,2016,7,13,4,3,5,3,0,0,1,1,0,0,0.0,0,560815.243099999960000,5936820.529400000300000,9.918494464000000,53.576713570000003,,9.918,53.577
97331,97332,2,4,6,415,2016,7,15,2,3,6,4,0,0,1,0,1,0,0.0,0,567285.991299999990000,5936346.169400000000000,10.016104070000001,53.571660311000002,,10.016,53.572
97335,97336,2,2,3,208,2016,7,18,5,3,1,5,0,0,1,1,0,0,0.0,0,563523.264300000040000,5935366.808500000300000,9.959091943000001,53.563327581000003,,9.959,53.563
97342,97343,2,4,2,404,2016,7,15,2,3,5,3,0,0,1,0,0,0,0.0,0,565054.942099999990000,5937859.396300000100000,9.982733297999999,53.585541423000002,,9.983,53.586
97345,97346,2,1,12,130,2016,7,4,3,3,5,3,1,0,1,1,0,0,0.0,0,574635.163799999980000,5931836.560100000400000,10.125987078000000,53.530139103000003,,10.126,53.53
97346,97347,2,5,7,515,2016,7,12,7,3,5,3,0,0,1,1,0,0,0.0,0,570885.332900000040000,5940325.042399999700000,10.071352664000001,53.606944343000002,,10.071,53.607
97356,97357,2,1,1,102,2016,8,10,6,3,5,2,0,0,1,1,0,0,0.0,0,565365.449799999940000,5933641.331199999900000,9.986540485000001,53.547594060999998,,9.987,53.548
97361,97362,2,6,2,603,2016,8,16,5,3,5,3,0,0,1,1,0,0,0.0,0,580122.590800000010000,5926350.834699999500000,10.207352056000000,53.480032629000000,,10.207,53.48
97362,97363,2,2,3,210,2016,8,13,3,3,0,7,0,1,1,1,0,0,0.0,0,562497.079400000050000,5935007.832600000300000,9.943528843999999,53.560224546000001,,9.944,53.56
97364,97365,2,3,1,309,2016,8,19,3,3,5,2,0,0,1,1,0,0,0.0,0,564158.588400000010000,5935786.773199999700000,9.968768992999999,53.567024637999999,,9.969,53.567
97366,97367,2,1,6,115,2016,8,17,6,3,5,3,0,0,1,1,0,0,0.0,0,566922.855300000050000,5933646.391200000400000,10.010043040999999,53.547443358000002,,10.01,53.547
97374,97375,2,5,5,513,2016,8,12,4,3,1,5,0,0,1,1,0,0,0.0,0,574266.643999999970000,5938877.934000000400000,10.122102138000001,53.593471131000001,,10.122,53.593
97377,97378,2,4,6,415,2016,8,17,4,3,5,3,0,0,1,1,0,0,0.0,0,567151.079400000050000,5937080.268000000200000,10.014224968000001,53.578275050000002,,10.014,53.578
97378,97379,2,7,4,705,2016,8,23,5,3,2,6,2,1,1,1,0,0,0.0,0,565810.163500000020000,5922307.941999999800000,9.990873627999999,53.445681622999999,,9.991,53.446
97381,97382,2,1,5,114,2016,8,13,3,2,5,2,0,0,1,0,0,0,1.0,0,566648.499199999960000,5934115.157300000100000,10.006002898000000,53.551691151999997,,10.006,53.552
97382,97383,2,7,4,705,2016,8,15,1,3,5,3,0,0,1,1,0,0,0.0,0,565611.387400000010000,5922814.271099999500000,9.987986831000001,53.450256994999997,,9.988,53.45
97384,97385,2,5,18,526,2016,8,9,6,3,5,3,0,0,1,0,0,0,0.0,1,576206.795200000050000,5941969.815600000300000,10.152165775000000,53.620978471999997,,10.152,53.621
97386,97387,2,5,2,507,2016,9,16,5,3,5,3,0,0,1,1,0,0,0.0,0,570837.508999999960000,5937045.271999999900000,10.069885101000001,53.577475636000003,,10.07,53.577
97387,97388,2,1,16,137,2016,8,12,1,2,0,7,0,0,1,0,0,0,0.0,0,564944.964999999970000,5929573.884999999800000,9.979351498000000,53.511090828000000,,9.979,53.511
97388,97389,2,1,1,101,2016,8,9,3,3,3,6,0,0,1,0,0,0,0.0,0,566641.467700000040000,5934069.522500000000000,10.005887055000001,53.551281914999997,,10.006,53.551
97393,97394,2,6,9,610,2016,8,10,1,3,1,5,0,0,1,1,0,0,0.0,0,575516.860800000020000,5926071.104600000200000,10.137897402000000,53.478199613000001,,10.138,53.478
97395,97396,2,1,5,114,2016,8,19,4,2,1,3,0,0,1,0,0,0,0.0,0,566503.701800000040000,5934737.973399999600000,10.003950172000000,53.557306891000003,,10.004,53.557
97396,97397,2,5,3,510,2016,8,20,3,3,5,3,1,0,1,1,0,0,0.0,0,570572.222599999980000,5936356.866100000200000,10.065723547999999,53.571324689999997,,10.066,53.571
97397,97398,2,7,16,717,2016,8,4,3,3,1,5,2,0,1,1,0,0,0.0,0,553007.817599999950000,5930454.986300000000000,9.799513202000000,53.520348953000003,,9.8,53.52
97405,97406,2,3,7,319,2016,9,10,6,3,5,3,0,0,1,1,0,0,0.0,0,560189.953600000010000,5943049.125900000300000,9.910254931000001,53.632764455000000,,9.91,53.633
97407,97408,2,4,8,423,2016,9,13,5,3,2,3,0,0,1,1,0,0,0.0,1,568897.589500000000000,5937268.841400000300000,10.040640509999999,53.579743268000001,,10.041,53.58
97409,97410,2,1,5,113,2016,8,16,6,3,6,4,0,0,1,0,1,0,0.0,0,567132.042600000040000,5935187.645300000000000,10.013530675000000,53.561268188000000,,10.014,53.561
97414,97415,2,1,8,123,2016,8,11,5,3,5,2,0,0,1,1,0,0,0.0,0,569934.312500000000000,5935299.884700000300000,10.055855525000000,53.561910972000000,,10.056,53.562
97415,97416,2,1,4,110,2016,8,16,3,3,1,5,0,0,1,1,0,0,0.0,0,563553.302499999990000,5934379.790699999800000,9.959344679999999,53.554453297999999,,9.959,53.554
97422,97423,2,1,20,141,2016,8,14,2,3,5,3,0,0,1,1,0,0,0.0,0,555854.647499999960000,5932038.083800000100000,9.842729172000000,53.534282480999998,,9.843,53.534
97428,97429,2,3,2,311,2016,9,16,6,3,5,7,0,0,1,0,0,0,0.0,1,564796.605100000040000,5936255.161600000200000,9.978498427000000,53.571155765999997,,9.978,53.571
97429,97430,2,1,16,137,2016,8,9,7,2,0,7,0,1,1,0,0,0,0.0,0,565157.991200000050000,5929260.383800000000000,9.982498185000001,53.508246931999999,,9.982,53.508
97431,97432,2,3,1,303,2016,9,11,5,3,6,7,0,0,1,0,1,0,0.0,0,562768.558399999980000,5936913.735100000200000,9.948009816000001,53.577321136999998,,9.948,53.577
97433,97434,2,1,18,139,2016,8,20,6,2,5,2,0,0,1,1,0,0,0.0,0,564541.420000000040000,5931467.120000000100000,9.973657192999999,53.528155671000000,,9.974,53.528
97434,97435,2,6,2,603,2016,8,15,5,3,5,3,0,0,1,1,0,0,0.0,0,580071.301400000000000,5926097.951200000000000,10.206514894000000,53.477767843000002,,10.207,53.478
97438,97439,2,4,13,432,2016,8,7,3,3,5,3,0,0,1,0,0,0,0.0,0,566054.709900000020000,5944862.098600000100000,9.999318769000000,53.648350624999999,,9.999,53.648
97440,97441,2,4,3,406,2016,8,6,5,3,3,6,0,0,1,0,0,0,0.0,0,566071.749199999960000,5941822.807500000100000,9.998931017000000,53.621034059999999,,9.999,53.621
97450,97451,2,4,5,409,2016,9,22,7,3,1,5,2,1,1,1,0,0,0.0,0,566162.812099999980000,5938585.967199999800000,9.999620330000001,53.591932624000002,,10.0,53.592
97451,97452,2,4,8,420,2016,8,18,5,3,6,3,0,0,1,0,1,0,0.0,0,568541.709999999960000,5936759.110000000300000,10.035154295000000,53.575208897000003,,10.035,53.575
97452,97453,2,3,3,313,2016,8,12,7,3,1,5,0,1,1,1,0,0,0.0,0,564604.833699999960000,5936644.093899999700000,9.975683404000000,53.574674850000001,,9.976,53.575
97456,97457,2,5,8,516,2016,8,7,3,3,5,3,0,0,1,0,0,0,0.0,1,569644.862800000000000,5939946.209400000100000,10.052523194000001,53.603706121999998,,10.053,53.604
97457,97458,2,5,2,509,2016,8,18,3,3,1,5,0,0,1,1,0,0,0.0,0,571409.832300000010000,5938262.473600000100000,10.078805961000000,53.588336965000003,,10.079,53.588
97458,97459,2,1,5,113,2016,9,8,5,3,6,3,0,0,1,0,1,0,0.0,0,567138.055700000030000,5935195.175099999600000,10.013623060000000,53.561335090000000,,10.014,53.561
97463,97464,2,5,14,522,2016,8,15,3,3,4,6,0,0,1,0,0,0,0.0,0,572991.451400000020000,5951784.824799999600000,10.105870427999999,53.709641513000001,,10.106,53.71
97465,97466,2,5,10,518,2016,8,19,5,3,0,7,1,1,1,0,0,0,0.0,1,573742.517899999980000,5943630.742200000200000,10.115309965000000,53.636257636000003,,10.115,53.636