,OBJECTID,ULAND,UREGBEZ,UKREIS,UGEMEINDE,UJAHR,UMONAT,USTUNDE,UWOCHENTAG,UKATEGORIE,UART,UTYP1,ULICHTVERH,STRZUSTAND,IstRad,IstPKW,IstFuss,IstKrad,IstGkfz,IstSonstig,LINREFX,LINREFY,XGCSWGS84,YGCSWGS84,UIDENTSTLA,lat_short,long_short
97466,97467,2,4,6,415,2016,8,18,5,3,3,2,0,0,1,1,0,0,0.0,0,567995.564400000030000,5936186.659099999800000,10.026782916000000,53.570135289000000,,10.027,53.57
97471,97472,2,4,10,427,2016,8,11,6,3,3,2,0,0,1,1,0,0,0.0,0,568422.474599999960000,5938162.546699999800000,10.033661542999999,53.587837266999998,,10.034,53.588
97472,97473,2,2,3,210,2016,8,7,1,3,5,3,0,0,1,1,0,0,0.0,0,562857.499199999960000,5934831.643299999600000,9.948933906000001,53.558598031000002,,9.949,53.559
97476,97477,2,1,5,114,2016,8,8,4,3,3,6,0,0,1,0,0,0,0.0,0,566426.419600000020000,5934686.688099999900000,10.002772803999999,53.556855765000002,,10.003,53.557
97478,97479,2,5,7,515,2016,8,8,3,2,4,2,0,0,1,1,0,0,0.0,0,572622.522499999960000,5942156.721400000200000,10.098030187000001,53.623167467000002,,10.098,53.623
97480,97481,2,4,5,410,2016,8,8,4,3,5,2,0,0,1,1,0,0,0.0,0,566603.800599999960000,5937915.348299999700000,10.006138697000001,53.585849830999997,,10.006,53.586
97481,97482,2,1,8,123,2016,8,18,5,3,0,7,0,1,1,0,0,0,0.0,1,569775.201299999960000,5934791.365299999700000,10.053340199999999,53.557362054999999,,10.053,53.557
97482,97483,2,3,9,321,2016,8,18,4,3,4,2,0,0,1,1,0,0,0.0,0,561297.216999999950000,5939284.771200000300000,9.926256864000001,53.598804506999997,,9.926,53.599
97483,97484,2,1,8,125,2016,8,17,7,3,4,2,0,0,1,1,0,0,0.0,0,570062.666199999980000,5934425.442599999700000,10.057596996999999,53.554035196999997,,10.058,53.554
97487,97488,2,4,5,411,2016,8,21,3,3,4,2,1,0,1,1,0,0,0.0,0,568319.565599999970000,5938190.475499999700000,10.032113284999999,53.588101684999998,,10.032,53.588
97488,97489,2,1,14,132,2016,8,18,4,3,2,6,0,0,1,0,0,0,0.0,0,570324.684400000030000,5931648.281700000200000,10.060927145000001,53.529041634999999,,10.061,53.529
97491,97492,2,4,13,432,2016,8,14,5,3,5,3,0,0,1,1,0,0,0.0,0,567179.993499999980000,5947817.548800000000000,10.016979113000000,53.674768006000001,,10.017,53.675
97493,97494,2,5,11,519,2016,8,14,5,3,0,5,0,1,1,1,0,0,0.0,0,572505.642299999950000,5945263.587100000100000,10.096987546999999,53.651104496000002,,10.097,53.651
97496,97497,2,1,12,130,2016,8,6,2,3,0,4,0,0,1,0,1,0,0.0,0,573538.902200000010000,5932673.750599999900000,10.109648408000000,53.537817453000002,,10.11,53.538
97497,97498,2,4,9,425,2016,9,8,6,3,3,2,0,0,1,1,0,0,0.0,0,570480.387100000050000,5938042.404699999800000,10.064717569999999,53.586484970000001,,10.065,53.586
97498,97499,2,2,1,203,2016,8,8,6,3,5,3,0,0,1,1,0,0,0.0,0,562750.679800000040000,5934001.726200000400000,9.947154941000001,53.551152049000002,,9.947,53.551
97506,97507,2,3,8,320,2016,8,8,4,3,5,2,0,0,1,1,0,0,0.0,0,560323.815900000050000,5939722.938199999700000,9.911634739000000,53.602855419000001,,9.912,53.603
97508,97509,2,4,6,415,2016,8,12,4,2,0,7,0,0,1,0,0,0,1.0,0,567610.490100000050000,5935757.069100000000000,10.020876038999999,53.566324266999999,,10.021,53.566
97513,97514,2,7,16,717,2016,8,18,7,3,0,7,0,0,1,1,0,0,0.0,0,553052.333800000020000,5930571.702600000400000,9.800204333000000,53.521393480000000,,9.8,53.521
97515,97516,2,5,2,509,2016,8,13,7,2,5,3,0,0,1,1,0,0,0.0,0,572673.898700000020000,5938843.603900000500000,10.098034100000000,53.593385832999999,,10.098,53.593
97518,97519,2,1,16,136,2016,8,11,7,3,5,3,0,0,1,1,0,0,0.0,0,567009.878999999960000,5928228.343999999600000,10.010197002000000,53.498738985999999,,10.01,53.499
97519,97520,2,4,4,407,2016,9,9,6,2,5,3,0,0,1,1,0,0,0.0,0,565782.964000000040000,5939674.162999999700000,9.994111930000001,53.601760227000000,,9.994,53.602
97522,97523,2,4,5,410,2016,9,20,5,3,2,6,0,0,1,0,0,0,0.0,0,566041.641599999970000,5938358.550900000100000,9.997741782000000,53.589904073000000,,9.998,53.59
97523,97524,2,6,1,601,2016,8,18,7,3,5,3,0,0,1,1,0,0,0.0,0,580275.399300000050000,5928507.937699999700000,10.210205915000000,53.499394545000001,,10.21,53.499
97527,97528,2,4,10,427,2016,8,15,3,3,3,2,0,0,1,1,0,0,0.0,0,569272.189099999960000,5938020.754300000100000,10.046464399000000,53.586451402000002,,10.046,53.586
97529,97530,2,4,8,419,2016,8,8,5,2,0,3,0,0,1,1,0,0,0.0,0,567971.158000000050000,5937349.243700000500000,10.026667530999999,53.580586732000000,,10.027,53.581
97531,97532,2,1,16,137,2016,8,16,2,3,5,3,0,0,1,0,0,0,0.0,1,565779.494599999980000,5928712.135700000500000,9.991753089000000,53.503242274999998,,9.992,53.503
97532,97533,2,1,8,126,2016,8,13,2,3,5,2,0,0,1,1,0,0,0.0,0,568995.325300000030000,5934111.642900000300000,10.041419165000001,53.551356407000000,,10.041,53.551
97537,97538,2,1,3,105,2016,9,17,6,3,0,7,0,0,1,1,0,0,0.0,0,564695.238999999940000,5933473.323300000300000,9.976392068999999,53.546167126000000,,9.976,53.546
97538,97539,2,1,3,108,2016,8,19,6,3,4,2,0,0,1,1,0,0,0.0,0,564942.965600000000000,5934482.425200000400000,9.980339795000001,53.555205628000003,,9.98,53.555
97539,97540,2,4,5,412,2016,8,14,7,3,0,5,0,0,1,1,0,0,0.0,0,567270.973099999940000,5937536.890800000200000,10.016133901000000,53.582363418000000,,10.016,53.582
97540,97541,2,5,7,515,2016,8,13,7,3,5,3,0,0,1,1,0,0,0.0,0,570749.201699999980000,5940791.308600000100000,10.069401460000000,53.611153047999998,,10.069,53.611
97541,97542,2,2,8,220,2016,8,9,3,3,5,3,0,0,1,1,0,0,0.0,0,558888.831000000010000,5939566.118800000300000,9.889922025000001,53.601609236000002,,9.89,53.602
97543,97544,2,3,5,317,2016,8,12,4,3,5,3,0,0,1,1,0,0,0.0,0,563955.771199999960000,5939022.696999999700000,9.966370136000000,53.596131517000003,,9.966,53.596
97544,97545,2,4,5,410,2016,8,6,5,3,6,7,0,0,1,0,1,0,0.0,0,567244.969300000000000,5938291.879400000000000,10.015903893000001,53.589151932999997,,10.016,53.589
97548,97549,2,4,4,407,2016,8,11,3,3,5,3,0,0,1,1,0,0,0.0,0,566126.428599999980000,5940228.595999999900000,9.999419133000000,53.606699771999999,,9.999,53.607
97552,97553,2,4,2,403,2016,8,8,4,2,5,3,0,0,1,1,0,0,0.0,0,565109.068199999980000,5938846.939600000200000,9.983756931000000,53.594409964000000,,9.984,53.594
97555,97556,2,1,4,110,2016,8,18,3,3,5,3,0,0,1,0,0,0,0.0,0,563800.157000000010000,5934720.656600000300000,9.963139976000001,53.557486824999998,,9.963,53.557
97558,97559,2,4,2,403,2016,8,12,5,3,1,5,0,1,1,1,0,0,0.0,0,565129.561499999950000,5938166.983000000000000,9.983924541000000,53.588296507999999,,9.984,53.588
97561,97562,2,3,7,319,2016,9,8,7,3,5,3,0,0,1,0,0,0,0.0,0,560906.732100000020000,5943285.879700000400000,9.921139617000000,53.634809326999999,,9.921,53.635
97567,97568,2,7,14,715,2016,8,11,3,3,5,3,0,0,1,1,0,0,0.0,0,555110.431800000020000,5925033.789200000500000,9.830270806000000,53.471408429999997,,9.83,53.471
97568,97569,2,2,5,215,2016,8,14,7,3,5,3,0,0,1,1,0,0,0.0,0,561734.849500000010000,5935668.503999999700000,9.932153559000000,53.566252464000002,,9.932,53.566
97569,97570,2,1,3,108,2016,8,8,3,3,4,2,0,0,1,0,0,0,0.0,1,565136.638000000040000,5934281.862999999900000,9.983221093999999,53.553379126999999,,9.983,53.553
97571,97572,2,6,2,602,2016,8,15,4,2,5,3,0,0,1,1,0,0,0.0,0,579753.791600000000000,5927464.104600000200000,10.202078879000000,53.490093274000003,,10.202,53.49
97573,97574,2,5,1,504,2016,8,15,5,3,1,6,0,0,1,1,0,0,0.0,1,569831.152499999970000,5936431.255800000400000,10.054551246000001,53.572092394000002,,10.055,53.572
97575,97576,2,2,13,226,2016,8,18,4,3,1,3,0,0,1,1,0,0,0.0,0,552750.486400000050000,5937096.286899999700000,9.796752728000000,53.580065040000001,,9.797,53.58
97576,97577,2,1,5,114,2016,8,18,3,2,5,3,0,0,1,0,0,0,0.0,1,566808.150000000020000,5934161.782499999700000,10.008422246000000,53.552089889999998,,10.008,53.552
97580,97581,2,1,12,130,2016,8,17,2,3,5,3,0,0,1,0,0,0,0.0,1,573904.172900000010000,5933870.939500000300000,10.115441772000000,53.548525208999997,,10.115,53.549
97585,97586,2,2,1,205,2016,8,12,7,3,3,2,0,0,1,1,0,0,0.0,0,563293.181499999950000,5934069.242100000400000,9.955355851000000,53.551693718000003,,9.955,53.552
97587,97588,2,1,11,128,2016,8,10,2,3,3,6,0,1,1,1,0,0,0.0,0,571654.190999999990000,5934296.072499999800000,10.081586786000001,53.552657736000000,,10.082,53.553
97589,97590,2,4,9,424,2016,8,7,2,3,6,7,0,0,1,0,1,0,0.0,0,570310.136599999970000,5937421.943400000200000,10.062006354999999,53.580931741000001,,10.062,53.581
97594,97595,2,1,5,114,2016,8,10,6,3,5,2,0,0,1,1,0,0,0.0,0,567128.920700000020000,5934383.167999999600000,10.013310762000000,53.554038607000003,,10.013,53.554
97598,97599,2,2,3,210,2016,8,14,3,2,5,2,0,0,1,1,0,0,0.0,0,562788.709700000010000,5934790.641900000200000,9.947887337999999,53.558237769999998,,9.948,53.558
97599,97600,2,5,18,526,2016,8,10,4,3,0,6,0,0,1,0,0,0,0.0,1,575766.640000000010000,5940779.492999999800000,10.145223000000000,53.610345264999999,,10.145,53.61
97600,97601,2,2,4,211,2016,8,16,4,3,3,6,0,0,1,1,0,0,0.0,0,561609.716099999960000,5934598.093899999700000,9.930053352000000,53.556646974000003,,9.93,53.557
97601,97602,2,2,9,221,2016,8,12,5,3,5,3,0,0,1,1,0,0,0.0,0,556015.335700000050000,5936130.761099999800000,9.845886625000000,53.571048769999997,,9.846,53.571
97602,97603,2,2,4,214,2016,8,8,4,3,2,6,0,0,1,1,0,0,0.0,0,561764.907800000040000,5933628.754999999900000,9.932204268000000,53.547916897999997,,9.932,53.548
97604,97605,2,1,4,112,2016,8,17,5,3,1,5,0,0,1,1,0,0,0.0,0,564105.273799999970000,5933422.832200000100000,9.967479260999999,53.545785699000000,,9.967,53.546
97608,97609,2,1,6,115,2016,8,12,6,3,5,3,0,0,1,1,0,0,0.0,0,566817.010299999970000,5933980.600499999700000,10.008517244000000,53.550460444000002,,10.009,53.55
97609,97610,2,1,5,114,2016,8,16,7,2,6,3,0,0,1,0,1,0,0.0,0,567273.540799999960000,5934493.073800000400000,10.015517077000000,53.555007836999998,,10.016,53.555
97612,97613,2,1,4,111,2016,8,21,7,3,3,6,1,0,1,1,0,0,0.0,0,564203.214599999950000,5934709.271400000000000,9.969221321999999,53.557335358000003,,9.969,53.557
97614,97615,2,3,2,311,2016,8,10,3,3,1,7,0,0,1,1,0,0,0.0,0,564947.640000000010000,5936233.950000000200000,9.980774438999999,53.570946456000001,,9.981,53.571
97615,97616,2,3,2,311,2016,8,16,4,3,3,6,0,0,1,1,0,0,0.0,0,565006.530799999950000,5935745.727500000000000,9.981561991000000,53.566551386999997,,9.982,53.567
97618,97619,2,1,4,109,2016,8,15,7,3,5,3,0,0,1,1,0,0,0.0,0,564841.434499999970000,5935151.226400000000000,9.978946146000000,53.561228876000001,,9.979,53.561
97619,97620,2,7,1,702,2016,8,16,3,3,0,7,0,0,1,0,0,0,0.0,0,565540.842199999960000,5923407.073300000300000,9.987048257000000,53.455593530000002,,9.987,53.456
97622,97623,2,5,10,518,2016,8,15,4,3,6,7,0,0,1,0,1,0,0.0,0,572776.731200000040000,5945798.977599999900000,10.101213592000001,53.655878289000000,,10.101,53.656
97623,97624,2,3,2,312,2016,8,7,4,3,3,3,0,0,1,1,0,0,0.0,0,565817.256700000030000,5934855.527599999700000,9.993613967000000,53.558449897999999,,9.994,53.558
97625,97626,2,1,5,114,2016,8,6,5,3,1,5,0,0,1,1,0,0,0.0,0,566531.319000000020000,5934696.368599999700000,10.004358159000001,53.556929480999997,,10.004,53.557
97626,97627,2,7,14,715,2016,8,9,4,3,4,2,0,0,1,1,0,0,0.0,0,556446.474799999970000,5924948.778500000000000,9.850381394999999,53.470502846999999,,9.85,53.471
97628,97629,2,5,2,508,2016,8,14,7,3,4,3,0,0,1,1,0,0,0.0,0,572685.724300000000000,5937258.057699999800000,10.097843367999999,53.579135065999999,,10.098,53.579
97629,97630,2,3,8,320,2016,9,7,6,3,5,3,0,0,1,1,0,0,0.0,0,559897.155999999960000,5938354.078900000100000,9.904924839000000,53.590601868999997,,9.905,53.591
97632,97633,2,1,3,108,2016,8,8,4,3,5,3,0,0,1,1,0,0,0.0,0,565836.370000000000000,5934193.360000000300000,9.993762997999999,53.552496445999999,,9.994,53.552
97638,97639,2,1,20,141,2016,8,10,4,3,1,7,0,0,1,0,0,0,0.0,1,558239.556100000050000,5932191.571100000300000,9.878736436000001,53.535402982999997,,9.879,53.535
97640,97641,2,5,7,515,2016,8,9,2,3,0,7,0,0,1,0,0,0,0.0,0,571450.180900000040000,5941116.474700000100000,10.080069553000000,53.613980151000000,,10.08,53.614
97642,97643,2,7,5,706,2016,8,9,4,3,5,3,0,0,1,1,0,0,0.0,0,566419.672600000050000,5920649.946499999600000,9.999699371000000,53.430704102000000,,10.0,53.431
97644,97645,2,5,10,518,2016,8,15,2,2,0,7,0,0,1,0,0,0,0.0,1,572885.612700000060000,5945546.171099999900000,10.102801486000001,53.653591212999999,,10.103,53.654
97646,97647,2,7,1,702,2016,8,5,4,2,5,2,1,0,1,1,0,0,0.0,0,564553.088800000030000,5922975.248700000300000,9.972086375000000,53.451834480000002,,9.972,53.452
97648,97649,2,5,2,505,2016,8,12,7,3,4,2,0,0,1,1,0,0,0.0,0,570173.110400000010000,5936498.548800000000000,10.059729458000000,53.572651530000002,,10.06,53.573
97649,97650,2,3,3,314,2016,9,12,6,3,0,5,0,0,1,1,0,0,0.0,0,565375.595800000010000,5937401.535299999600000,9.987480449000000,53.581386651999999,,9.987,53.581
97650,97651,2,7,4,705,2016,8,15,6,3,0,7,0,0,1,0,0,0,0.0,0,565619.428300000030000,5922799.328300000200000,9.988104776000000,53.450121697000000,,9.988,53.45
97652,97653,2,3,8,320,2016,9,16,5,3,5,3,0,0,1,1,0,0,0.0,0,559865.632699999960000,5938205.341900000300000,9.904420105000000,53.589268709000002,,9.904,53.589
97655,97656,2,1,16,137,2016,8,16,6,3,5,3,0,0,1,0,0,0,0.0,0,565756.351000000020000,5929976.373999999800000,9.991669419999999,53.514607271999999,,9.992,53.515
97656,97657,2,7,1,702,2016,8,21,4,3,3,2,1,0,1,0,0,0,1.0,0,565993.390299999970000,5924489.089499999800000,9.994089669999999,53.465261525999999,,9.994,53.465
97659,97660,2,1,20,141,2016,8,15,2,3,5,3,0,0,1,1,0,0,0.0,0,555855.454900000010000,5932038.040599999900000,9.842741345000000,53.534282007000002,,9.843,53.534
97661,97662,2,5,18,526,2016,8,8,4,2,5,3,0,1,1,1,0,0,0.0,0,575727.449799999940000,5942291.011900000300000,10.144998305000000,53.623934495999997,,10.145,53.624
97663,97664,2,1,8,123,2016,8,19,2,3,1,5,0,0,1,1,0,0,0.0,0,570075.742399999990000,5935562.399899999600000,10.058049285999999,53.564251343000002,,10.058,53.564
97664,97665,2,4,13,432,2016,8,14,6,3,0,3,0,0,1,0,0,0,1.0,0,567867.169299999950000,5945069.663800000200000,10.026779381000001,53.649984041000003,,10.027,53.65
97671,97672,2,1,13,131,2016,8,12,5,3,5,2,0,0,1,0,0,0,1.0,0,572430.137400000010000,5931370.319899999500000,10.092619726000001,53.526257592999997,,10.093,53.526
97672,97673,2,6,14,615,2016,8,14,6,3,5,3,0,0,1,1,0,0,0.0,0,578039.181800000020000,5927179.585099999800000,10.176170936000000,53.487793437999997,,10.176,53.488
97673,97674,2,1,16,137,2016,8,14,3,3,4,6,0,0,1,0,0,0,0.0,0,565850.953199999990000,5929683.962000000300000,9.993034432000000,53.511967437000003,,9.993,53.512
97679,97680,2,1,16,137,2016,8,19,4,3,5,3,0,0,1,1,0,0,0.0,0,565609.875899999980000,5930001.472699999800000,9.989466051000001,53.514851141999998,,9.989,53.515
97680,97681,2,1,17,138,2016,9,10,6,3,5,3,0,0,1,1,0,0,0.0,0,565183.263200000040000,5931047.193300000400000,9.983250921000000,53.524302433999999,,9.983,53.524
97685,97686,2,1,3,108,2016,9,13,5,3,1,7,0,0,1,1,0,0,0.0,0,565596.368299999970000,5934799.108699999700000,9.990268019000000,53.557970499000000,,9.99,53.558
97689,97690,2,4,9,425,2016,9,14,7,3,1,5,0,0,1,1,0,0,0.0,0,570795.066200000000000,5938180.331899999600000,10.069501684000000,53.587682127000001,,10.07,53.588
97690,97691,2,3,4,316,2016,8,12,2,3,1,5,0,1,1,1,0,0,0.0,0,564071.616999999970000,5937456.868800000300000,9.967798685000000,53.582044875000001,,9.968,53.582
97691,97692,2,2,11,224,2016,8,20,3,3,5,3,2,0,1,1,0,0,0.0,0,553094.731200000040000,5935472.182900000400000,9.801675549000001,53.565433374999998,,9.802,53.565
97695,97696,2,4,13,432,2016,8,18,6,3,0,7,0,0,1,0,0,0,0.0,0,567274.935199999950000,5946333.898799999600000,10.018094619999999,53.661422236000000,,10.018,53.661
97697,97698,2,6,5,606,2016,9,9,6,3,3,6,0,0,1,1,0,0,0.0,0,581110.420599999950000,5922624.306499999900000,10.221272165000000,53.446392220000000,,10.221,53.446
97698,97699,2,1,6,115,2016,8,8,5,3,5,3,0,0,1,1,0,0,0.0,0,567265.543300000020000,5933825.933000000200000,10.015252840000000,53.549013146999997,,10.015,53.549
97700,97701,2,5,16,524,2016,8,10,7,3,0,7,0,0,1,0,0,0,0.0,0,573749.862500000050000,5946347.656800000000000,10.116065631000000,53.660672810999998,,10.116,53.661
97701,97702,2,4,4,407,2016,8,17,5,3,3,2,0,0,1,1,0,0,0.0,0,567115.660299999990000,5941541.243900000100000,10.014650398000001,53.618370882000001,,10.015,53.618
97704,97705,2,2,4,213,2016,8,13,2,3,5,3,0,0,1,1,0,0,0.0,0,561769.398099999990000,5934275.468299999800000,9.932399790000000,53.553728642999999,,9.932,53.554
97705,97706,2,1,11,128,2016,8,12,2,3,5,3,0,0,1,1,0,0,0.0,0,571822.238499999980000,5934356.788999999900000,10.084136835000001,53.553180431000001,,10.084,53.553
97708,97709,2,1,14,132,2016,8,16,4,3,5,3,0,0,1,1,0,0,0.0,0,568954.526500000040000,5932946.163099999500000,10.040546503000000,53.540887462000001,,10.041,53.541
97709,97710,2,1,4,112,2016,8,18,4,3,3,7,0,0,1,0,0,1,0.0,0,563725.337999999990000,5933489.357599999800000,9.961759700000000,53.546429828000001,,9.962,53.546
97711,97712,2,5,5,513,2016,8,14,4,3,5,2,0,0,1,1,0,0,0.0,0,574629.146300000020000,5938163.649100000000000,10.127407169000000,53.587000519000000,,10.127,53.587
97712,97713,2,4,3,406,2016,8,17,2,3,4,2,0,1,1,1,0,0,0.0,0,565028.298100000010000,5941012.787600000400000,9.982988635000000,53.613884880000001,,9.983,53.614
97718,97719,2,4,13,432,2016,8,20,2,3,5,3,1,0,1,1,0,0,0.0,0,566856.939099999960000,5944964.843999999600000,10.011475448000001,53.649172100999998,,10.011,53.649
97720,97721,2,3,5,317,2016,8,5,2,3,5,3,1,0,1,1,0,0,0.0,0,562962.890400000030000,5939390.284699999700000,9.951444254000000,53.599555336000002,,9.951,53.6
97727,97728,2,6,1,601,2016,8,21,3,2,5,2,2,0,1,1,0,0,0.0,0,579615.852199999960000,5928555.438600000000000,10.200277260000000,53.499921659999998,,10.2,53.5
97729,97730,2,5,7,515,2016,8,15,2,3,1,5,0,0,1,1,0,0,0.0,0,570904.121200000050000,5939311.204800000400000,10.071405954999999,53.597830498999997,,10.071,53.598
97730,97731,2,4,13,432,2016,8,8,4,3,5,2,0,0,1,1,0,0,0.0,0,566046.802099999970000,5946762.265700000300000,9.999603101000000,53.665428550000001,,10.0,53.665
97731,97732,2,1,8,124,2016,8,16,3,3,0,7,0,0,1,1,0,0,0.0,0,568964.119900000050000,5934177.585599999900000,10.040962778999999,53.551953140999998,,10.041,53.552
97734,97735,2,5,5,513,2016,8,13,4,3,5,2,0,0,1,1,0,0,0.0,0,574315.736900000020000,5938708.320100000100000,10.122803316000001,53.591939887000002,,10.123,53.592
97737,97738,2,3,1,305,2016,9,13,6,3,5,3,0,0,1,0,0,0,0.0,1,563018.371200000050000,5936829.522500000000000,9.951765233000000,53.576534338000002,,9.952,53.577
97742,97743,2,5,4,512,2016,8,9,4,3,5,3,0,1,1,1,0,0,0.0,0,573233.463899999970000,5936525.755900000200000,10.105942950999999,53.572477763999999,,10.106,53.572
97745,97746,2,4,8,418,2016,8,5,5,3,5,3,0,0,1,1,0,0,0.0,0,567485.650099999970000,5937324.631299999500000,10.019330155000000,53.580428234000003,,10.019,53.58
97747,97748,2,5,2,506,2016,9,16,5,3,1,5,0,0,1,1,0,0,0.0,0,571197.137499999950000,5937661.590200000400000,10.075456240999999,53.582965776000002,,10.075,53.583
97751,97752,2,2,2,207,2016,8,22,2,3,0,6,2,1,1,0,0,0,0.0,0,563821.131300000010000,5935010.645700000200000,9.963515778000000,53.560090496999997,,9.964,53.56
97753,97754,2,2,5,215,2016,8,17,3,3,5,3,0,0,1,1,0,0,0.0,0,560784.693899999950000,5937164.660600000100000,9.918100154999999,53.579809955999998,,9.918,53.58
97756,97757,2,3,1,309,2016,8,11,2,3,5,3,0,0,1,1,0,0,0.0,0,564179.402499999970000,5936502.987099999600000,9.969230412000000,53.573458905999999,,9.969,53.573
97758,97759,2,4,13,432,2016,8,8,4,3,5,3,0,1,1,0,0,0,0.0,1,565648.491799999960000,5946742.848799999800000,9.993571662000001,53.665304212000002,,9.994,53.665
97759,97760,2,5,17,525,2016,8,19,4,3,0,7,1,0,1,0,0,0,0.0,0,576670.891799999980000,5943910.908699999600000,10.159659082999999,53.638354626999998,,10.16,53.638
97764,97765,2,5,10,518,2016,8,12,6,3,5,3,0,0,1,1,0,0,0.0,0,573700.380600000030000,5945055.844600000400000,10.115010568000001,53.649070614000003,,10.115,53.649
97772,97773,2,1,3,108,2016,8,8,2,2,5,2,0,0,1,0,0,0,0.0,1,565184.224999999980000,5934764.660500000200000,9.984039972000000,53.557712248000001,,9.984,53.558
97774,97775,2,2,5,215,2016,8,13,3,3,5,3,0,0,1,1,0,0,0.0,0,561495.743000000020000,5935115.611700000200000,9.928434910000000,53.561311478999997,,9.928,53.561
97777,97778,2,4,8,422,2016,8,17,2,3,5,3,0,0,1,0,0,0,0.0,0,568709.402800000040000,5936871.872800000000000,10.037711244000000,53.576200366999998,,10.038,53.576
97783,97784,2,3,1,308,2016,8,15,3,3,5,3,0,0,1,0,0,0,0.0,0,563520.422600000050000,5936327.783499999900000,9.959244468000000,53.571964504000000,,9.959,53.572
97787,97788,2,4,10,427,2016,9,10,7,3,3,5,0,0,1,1,0,0,0.0,0,569198.998400000040000,5938353.040500000100000,10.045432645000000,53.589447335999999,,10.045,53.589
97790,97791,2,3,8,320,2016,8,23,5,3,0,7,2,0,1,0,1,0,0.0,0,559006.094700000020000,5939705.483599999900000,9.891720248000000,53.602848577000003,,9.892,53.603
97792,97793,2,4,12,431,2016,8,8,6,2,5,3,0,1,1,1,0,0,0.0,0,566881.132300000060000,5942151.674399999900000,10.011236552000000,53.623886874999997,,10.011,53.624
97794,97795,2,2,1,203,2016,8,11,2,3,6,3,0,0,1,0,1,0,0.0,0,562034.347799999990000,5933944.920300000300000,9.936332994000001,53.550726638000000,,9.936,53.551
97800,97801,2,4,1,402,2016,8,16,3,3,5,3,0,0,1,1,0,0,0.0,0,564624.859599999970000,5937759.089399999900000,9.976216647999999,53.584693121999997,,9.976,53.585
97804,97805,2,2,1,201,2016,8,15,6,2,3,2,0,0,1,1,0,0,0.0,0,563094.545999999970000,5933831.754700000400000,9.952310153000001,53.549583243999997,,9.952,53.55
97807,97808,2,2,11,224,2016,8,8,5,3,4,2,0,0,1,1,0,0,0.0,0,553018.675799999970000,5935495.885900000100000,9.800531337000001,53.565654100000003,,9.801,53.566
97810,97811,2,1,4,112,2016,8,22,7,3,6,6,2,0,1,1,1,0,0.0,0,564309.624700000040000,5933718.480399999800000,9.970623642000000,53.548417794999999,,9.971,53.548
97813,97814,2,1,13,131,2016,8,14,3,3,3,2,0,0,1,1,0,0,0.0,0,572563.724399999950000,5931754.203700000400000,10.094723471000000,53.529689122000001,,10.095,53.53
97816,97817,2,3,5,317,2016,8,15,6,3,4,6,0,1,1,0,0,0,0.0,0,564272.936699999960000,5939297.006299999500000,9.971218288999999,53.598558003999997,,9.971,53.599
97818,97819,2,2,5,215,2016,8,16,5,3,3,2,0,0,1,0,0,0,0.0,1,560736.414899999970000,5937383.082299999900000,9.917413549999999,53.581778591000003,,9.917,53.582
97823,97824,2,2,1,205,2016,8,19,2,3,1,7,0,0,1,1,0,0,0.0,0,562920.439000000010000,5934106.107800000300000,9.949737896000000,53.552069846999999,,9.95,53.552
97827,97828,2,1,3,108,2016,8,12,4,2,7,7,0,0,1,0,0,0,0.0,0,565700.304400000020000,5934800.269999999600000,9.991837064000000,53.557967937000001,,9.992,53.558
97829,97830,2,2,7,219,2016,8,17,4,3,4,6,0,0,1,0,0,0,0.0,0,559643.140299999970000,5934218.030299999800000,9.900297719999999,53.553458292999998,,9.9,53.553
97833,97834,2,2,5,216,2016,8,10,5,3,3,2,0,0,1,1,0,0,0.0,0,560030.989999999990000,5935165.283900000200000,9.906333352000001,53.561927490000002,,9.906,53.562
97834,97835,2,3,5,317,2016,8,6,6,3,5,3,0,1,1,1,0,0,0.0,0,563969.990100000050000,5939391.665500000100000,9.966660651000000,53.599445791999997,,9.967,53.599
97836,97837,2,7,9,710,2016,8,12,6,3,5,3,0,0,1,1,0,0,0.0,0,563650.920399999940000,5922733.961699999900000,9.958454156000000,53.449775668000001,,9.958,53.45
97838,97839,2,5,5,513,2016,8,6,3,3,5,3,1,0,1,1,0,0,0.0,0,574290.208699999960000,5937951.757299999700000,10.122237539000000,53.585144417000002,,10.122,53.585
97842,97843,2,4,10,429,2016,8,16,1,3,1,5,0,0,1,0,0,0,0.0,1,569244.179499999970000,5939858.468299999800000,10.046449401000000,53.602970689999999,,10.046,53.603
97844,97845,2,3,1,310,2016,8,8,4,3,3,2,0,0,1,0,0,0,0.0,1,563391.875400000020000,5935787.177100000000000,9.957193802000001,53.567121454000002,,9.957,53.567
97846,97847,2,6,12,613,2016,8,13,1,3,0,6,0,1,1,1,0,0,0.0,0,572142.223000000000000,5927177.992999999800000,10.087312584999999,53.488620591000000,,10.087,53.489
97847,97848,2,5,7,515,2016,8,19,4,3,6,4,0,0,1,0,1,0,0.0,0,572234.911599999990000,5941425.619099999800000,10.092001198000000,53.616650767000003,,10.092,53.617
97848,97849,2,2,3,209,2016,8,8,3,3,3,2,0,1,1,1,0,0,0.0,0,562824.961299999970000,5935229.203599999700000,9.948522697000000,53.562174939000002,,9.949,53.562
97853,97854,2,4,7,416,2016,9,21,6,3,5,3,2,0,1,1,0,0,0.0,0,567550.922299999980000,5935674.985399999700000,10.019959009000001,53.565594240000003,,10.02,53.566
97856,97857,2,4,4,407,2016,9,19,5,3,5,2,0,0,1,1,0,0,0.0,0,565736.564299999970000,5939695.211199999800000,9.993415292000000,53.601955212999997,,9.993,53.602
97858,97859,2,3,2,312,2016,8,14,3,3,4,2,0,0,1,0,0,0,0.0,0,565873.823600000000000,5934894.528199999600000,9.994476011000000,53.558793309000002,,9.994,53.559
97863,97864,2,3,1,306,2016,8,16,3,3,2,2,0,0,1,1,0,0,0.0,0,563010.017400000010000,5936776.821600000400000,9.951628447999999,53.576061701999997,,9.952,53.576
97865,97866,2,3,1,303,2016,8,21,2,3,3,6,2,0,1,1,0,0,0.0,0,562823.587999999990000,5936815.820799999900000,9.948821112999999,53.576434562000003,,9.949,53.576