,OBJECTID,ULAND,UREGBEZ,UKREIS,UGEMEINDE,UJAHR,UMONAT,USTUNDE,UWOCHENTAG,UKATEGORIE,UART,UTYP1,ULICHTVERH,STRZUSTAND,IstRad,IstPKW,IstFuss,IstKrad,IstGkfz,IstSonstig,LINREFX,LINREFY,XGCSWGS84,YGCSWGS84,UIDENTSTLA,lat_short,long_short
98618,98619,2,4,4,407,2016,10,23,1,3,5,3,2,1,1,1,0,0,0.0,0,566644.168399999970000,5940524.890399999900000,10.007306176000000,53.609297009000002,,10.007,53.609
98620,98621,2,7,1,702,2016,10,9,6,2,4,6,0,0,1,0,0,1,0.0,0,565205.317000000040000,5923691.892000000000000,9.982055110999999,53.458194945999999,,9.982,53.458
98625,98626,2,5,8,516,2016,10,13,6,3,5,3,0,1,1,1,0,0,0.0,0,569054.626599999960000,5940842.347099999900000,10.043803347000001,53.611837838000000,,10.044,53.612
98628,98629,2,3,4,315,2016,9,8,6,3,3,2,0,0,1,1,0,0,0.0,0,564561.111099999980000,5937105.411899999700000,9.975118599000000,53.578826214000003,,9.975,53.579
98639,98640,2,4,8,422,2016,10,14,6,3,0,3,0,1,1,0,0,0,0.0,0,568743.901199999960000,5936926.843299999800000,10.038244281000001,53.576689870999999,,10.038,53.577
98642,98643,2,4,8,423,2016,10,12,3,2,3,6,0,0,1,0,0,0,0.0,0,569078.533000000050000,5937468.225499999700000,10.043417141999999,53.581511343999999,,10.043,53.582
98643,98644,2,4,13,432,2016,10,10,7,3,5,3,0,0,1,1,0,0,0.0,0,567861.069200000030000,5947582.003899999900000,10.027236007999999,53.672563189999998,,10.027,53.673
98647,98648,2,5,7,515,2016,10,14,4,3,4,3,0,0,1,1,0,0,0.0,0,573249.786100000030000,5942839.369599999900000,10.107672929000000,53.629214924999999,,10.108,53.629
98648,98649,2,3,2,312,2016,10,16,3,3,0,7,0,1,1,1,0,0,0.0,0,565949.443699999950000,5936291.723600000100000,9.995912387000001,53.571340708999998,,9.996,53.571
98651,98652,2,2,1,201,2016,10,17,5,3,1,5,0,0,1,1,0,0,0.0,0,563180.663900000040000,5933534.159699999700000,9.953549640000000,53.546898296999998,,9.954,53.547
98655,98656,2,4,6,415,2016,10,20,3,3,3,7,0,0,1,1,0,0,0.0,0,567367.152699999980000,5936152.004200000300000,10.017287614000001,53.569904905000001,,10.017,53.57
98662,98663,2,1,5,114,2016,9,14,6,3,0,2,0,0,1,0,0,0,0.0,1,567343.699200000030000,5934530.020899999900000,10.016583919000000,53.555330890999997,,10.017,53.555
98663,98664,2,3,7,319,2016,10,15,3,3,5,3,0,0,1,1,0,0,0.0,0,559880.457999999980000,5942975.178200000000000,9.905560830000001,53.632135355999999,,9.906,53.632
98664,98665,2,4,11,430,2016,10,7,4,3,5,3,0,1,1,1,0,0,0.0,0,568373.354999999980000,5941751.046400000300000,10.033706845999999,53.620093707000002,,10.034,53.62
98679,98680,2,1,11,129,2016,10,0,6,3,1,5,2,0,1,1,0,0,0.0,0,572394.459999999960000,5934581.940000000400000,10.092824781999999,53.555125257999997,,10.093,53.555
98685,98686,2,1,3,108,2016,10,15,4,3,4,7,0,0,1,1,0,0,0.0,0,565506.975600000010000,5934501.007399999500000,9.988856257000000,53.555302552999997,,9.989,53.555
98691,98692,2,1,12,130,2016,10,11,3,3,3,2,0,0,1,1,0,0,0.0,0,573279.925300000000000,5932731.313500000200000,10.105754917000001,53.538370958999998,,10.106,53.538
98694,98695,2,1,12,130,2016,10,16,5,3,5,3,0,0,1,1,0,0,0.0,0,573733.234900000040000,5932391.313600000000000,10.112513594999999,53.535251971999998,,10.113,53.535
98697,98698,2,4,8,420,2016,10,18,5,2,6,7,1,0,1,0,1,0,0.0,0,568454.442200000050000,5936886.748399999900000,10.033864552000001,53.576367390000001,,10.034,53.576
98699,98700,2,5,11,519,2016,10,15,3,3,0,3,0,1,1,1,0,0,0.0,0,572385.905400000050000,5945823.007500000300000,10.095306642000001,53.656148475000002,,10.095,53.656
98706,98707,2,5,3,510,2016,10,9,3,3,4,2,0,1,1,0,0,0,0.0,1,571466.389700000060000,5935923.192800000300000,10.079124673999999,53.567306240999997,,10.079,53.567
98707,98708,2,1,11,129,2016,10,13,3,3,5,3,0,0,1,1,0,0,0.0,0,572266.942000000040000,5933910.027999999900000,10.090744919000000,53.549104380000003,,10.091,53.549
98710,98711,2,5,18,526,2016,10,17,3,3,6,6,0,0,1,0,1,0,0.0,0,576551.543100000010000,5939817.383899999800000,10.156847939000000,53.601585002000000,,10.157,53.602
98711,98712,2,4,7,416,2016,10,18,5,3,0,7,2,0,1,0,0,0,0.0,0,567785.622699999950000,5935416.155100000100000,10.023445998000000,53.563237831000002,,10.023,53.563
98717,98718,2,4,8,419,2016,10,21,7,3,6,4,2,1,1,0,1,0,0.0,0,567154.315100000010000,5937013.762600000000000,10.014259523000000,53.577676941999997,,10.014,53.578
98718,98719,2,6,14,615,2016,9,12,5,3,5,2,0,1,1,0,0,0,0.0,1,578142.383500000000000,5925828.633700000100000,10.177389758000000,53.475637395000000,,10.177,53.476
98719,98720,2,1,12,130,2016,10,15,7,3,0,7,0,1,1,1,0,0,0.0,0,572683.511700000030000,5933136.842799999800000,10.096851382000001,53.542098301999999,,10.097,53.542
98722,98723,2,5,2,508,2016,10,14,3,3,6,4,0,0,1,1,1,0,0.0,0,572859.476000000020000,5937324.300699999600000,10.100482640999999,53.579706277000000,,10.1,53.58
98725,98726,2,5,18,526,2016,10,10,4,3,4,6,0,1,1,0,0,0,0.0,1,576080.402800000040000,5938618.575000000200000,10.149437147000000,53.590880255000002,,10.149,53.591
98726,98727,2,4,10,427,2016,10,9,3,3,4,2,0,1,1,1,0,0,0.0,0,569098.483099999950000,5938564.577200000200000,10.043961233999999,53.591361681999999,,10.044,53.591
98729,98730,2,2,1,206,2016,10,6,6,3,1,1,2,1,1,1,0,0,0.0,0,563546.794699999970000,5934924.532800000200000,9.959357212000001,53.559349859999998,,9.959,53.559
98731,98732,2,1,8,123,2016,9,17,5,3,2,2,1,0,1,1,0,0,0.0,0,570053.777299999960000,5934530.331000000200000,10.057486348999999,53.554979021000001,,10.057,53.555
98732,98733,2,4,5,408,2016,10,13,7,3,5,3,0,0,1,1,0,0,0.0,0,567811.846499999990000,5939555.239000000100000,10.024741216000001,53.600432847999997,,10.025,53.6
98736,98737,2,1,5,114,2016,10,8,4,3,5,3,0,1,1,1,0,0,0.0,0,566406.760699999980000,5934740.621600000200000,10.002487543000001,53.557342964000000,,10.002,53.557
98737,98738,2,3,6,318,2016,10,9,4,3,5,3,0,1,1,1,0,0,0.0,0,563879.320199999960000,5943598.537800000000000,9.966153707000000,53.637264915999999,,9.966,53.637
98739,98740,2,4,13,432,2016,10,13,4,3,5,3,0,1,1,1,0,0,0.0,0,568045.190900000050000,5948132.217500000300000,10.030143262999999,53.677483998000000,,10.03,53.677
98747,98748,2,1,4,112,2016,10,18,6,3,5,3,1,0,1,1,0,0,0.0,0,563611.402000000000000,5933822.521999999900000,9.960108182000001,53.549437902999998,,9.96,53.549
98749,98750,2,2,1,201,2016,10,17,3,3,6,7,0,0,1,0,1,0,0.0,0,563170.457399999960000,5933928.165799999600000,9.953475215999999,53.550440596999998,,9.953,53.55
98754,98755,2,5,1,504,2016,10,7,5,3,3,2,2,1,1,1,0,0,0.0,0,569970.368000000020000,5936116.907999999800000,10.056582779999999,53.569248790000003,,10.057,53.569
98756,98757,2,5,17,525,2016,10,13,3,3,5,3,0,0,1,1,0,0,0.0,0,577132.643700000020000,5945404.852300000400000,10.167012192000000,53.651712234999998,,10.167,53.652
98762,98763,2,4,10,428,2016,10,17,7,3,3,6,0,1,1,0,0,0,0.0,1,568946.584299999990000,5939366.912800000000000,10.041844108999999,53.598592302999997,,10.042,53.599
98766,98767,2,5,1,504,2016,10,13,7,3,0,7,0,0,1,0,0,0,0.0,0,570092.906100000020000,5936204.665699999800000,10.058452507000000,53.570021115999999,,10.058,53.57
98768,98769,2,5,17,525,2016,9,19,5,3,5,3,2,1,1,1,0,0,0.0,0,576788.639800000000000,5945262.002299999800000,10.161773319000000,53.650479109000003,,10.162,53.65
98770,98771,2,2,4,213,2016,10,8,3,3,5,3,0,0,1,1,0,0,0.0,0,561574.164899999970000,5934363.883100000200000,9.929470616000000,53.554546197999997,,9.929,53.555
98775,98776,2,5,11,519,2016,10,15,3,3,0,6,0,0,1,0,0,0,1.0,0,571443.719799999960000,5946431.087000000300000,10.081192627000000,53.661742728000000,,10.081,53.662
98778,98779,2,4,2,403,2016,10,15,6,3,3,2,0,1,1,1,0,0,0.0,0,564963.976099999970000,5938127.324000000000000,9.981415156000001,53.587960625999997,,9.981,53.588
98780,98781,2,7,15,716,2016,10,7,4,2,5,3,2,1,1,1,0,0,0.0,0,556841.833300000060000,5929141.640900000000000,9.857096287999999,53.508144432000002,,9.857,53.508
98781,98782,2,4,10,427,2016,10,15,6,3,5,2,0,0,1,1,0,0,0.0,0,568794.199200000030000,5938564.682900000400000,10.039364876000000,53.591402647999999,,10.039,53.591
98784,98785,2,2,5,215,2016,10,23,5,3,0,7,2,0,1,0,0,0,0.0,1,561504.107700000050000,5935130.477300000400000,9.928564105000000,53.561444102000003,,9.929,53.561
98785,98786,2,3,3,313,2016,10,15,3,3,1,5,0,0,1,1,0,0,0.0,0,564362.726400000040000,5936680.701999999600000,9.972035146000000,53.575033617000003,,9.972,53.575
98790,98791,2,6,2,602,2016,10,7,4,3,6,7,0,0,1,0,1,0,0.0,0,580597.914200000000000,5927114.741399999700000,10.214708968000000,53.486825047000004,,10.215,53.487
98793,98794,2,3,7,319,2016,10,13,3,3,3,6,0,1,1,0,0,0,0.0,0,561037.685599999970000,5944142.025000000400000,9.923287862000001,53.642488503000003,,9.923,53.642
98800,98801,2,5,2,506,2016,10,15,2,2,3,6,0,0,1,0,0,0,1.0,0,571508.759599999990000,5937561.690899999800000,10.080139588000000,53.582025586999997,,10.08,53.582
98802,98803,2,3,6,318,2016,10,12,7,3,5,3,0,0,1,1,0,0,0.0,0,563211.912900000000000,5943989.685100000400000,9.956140443000001,53.640861270000002,,9.956,53.641
98804,98805,2,3,1,302,2016,10,17,7,3,5,3,1,0,1,1,0,0,0.0,0,562824.836499999980000,5937164.471300000300000,9.948910135000000,53.579567846000003,,9.949,53.58
98810,98811,2,1,3,108,2016,10,15,2,3,4,7,0,0,1,1,0,0,0.0,0,565477.832399999960000,5934694.473299999700000,9.988456927000000,53.557044914999999,,9.988,53.557
98822,98823,2,3,8,320,2016,11,10,6,3,0,7,0,1,1,0,0,0,0.0,0,558948.120899999980000,5940351.524799999800000,9.890966447000000,53.608661347999998,,9.891,53.609
98823,98824,2,6,1,601,2016,11,9,4,3,4,2,0,1,1,1,0,0,0.0,0,578410.318300000040000,5928327.499599999700000,10.182050099000000,53.498054312000001,,10.182,53.498
98827,98828,2,3,2,311,2016,11,20,4,3,0,7,2,2,1,0,0,0,0.0,0,564839.299499999960000,5936102.056599999800000,9.979111268000001,53.569774498000001,,9.979,53.57
98829,98830,2,1,8,121,2016,10,7,2,3,5,7,1,1,1,1,0,0,0.0,0,568894.664100000050000,5934844.810700000300000,10.040061638999999,53.557958683000003,,10.04,53.558
98830,98831,2,1,20,141,2016,10,17,3,3,3,6,0,0,1,0,0,0,0.0,1,558256.406500000040000,5931638.876699999900000,9.878887780000000,53.530433739000003,,9.879,53.53
98836,98837,2,4,8,423,2016,10,10,7,3,0,1,0,1,1,0,0,0,0.0,0,569334.615800000030000,5937275.548200000100000,10.047241709000000,53.579745952000003,,10.047,53.58
98837,98838,2,2,4,211,2016,11,8,6,3,0,7,0,2,1,0,0,0,0.0,0,561891.347399999970000,5934482.076600000300000,9.934281235000000,53.555571151000002,,9.934,53.556
98838,98839,2,3,6,318,2016,11,13,4,3,4,2,0,1,1,1,0,0,0.0,0,562907.609500000020000,5942099.095599999700000,9.951156017000001,53.623906773000002,,9.951,53.624
98839,98840,2,5,17,525,2016,11,7,2,3,5,3,0,1,1,1,0,0,0.0,0,577087.822399999950000,5945425.865299999700000,10.166339414999999,53.651907676999997,,10.166,53.652
98840,98841,2,3,2,311,2016,10,18,4,3,3,6,0,0,1,1,0,0,0.0,0,564869.485699999960000,5935697.452200000200000,9.979482995000000,53.566134484000003,,9.979,53.566
98841,98842,2,6,14,615,2016,11,17,6,3,5,3,2,1,1,1,0,0,0.0,0,578171.565500000030000,5925936.382000000200000,10.177856166000000,53.476601375999998,,10.178,53.477
98844,98845,2,2,1,204,2016,11,15,3,3,6,7,0,1,1,0,1,0,0.0,0,562824.842799999980000,5934503.929600000400000,9.948375108000001,53.555656661999997,,9.948,53.556
98845,98846,2,5,8,516,2016,10,14,4,3,3,2,0,0,1,0,0,0,0.0,0,569838.682799999950000,5940261.181099999700000,10.055522377000001,53.606510974000003,,10.056,53.607
98848,98849,2,1,12,130,2016,10,20,6,3,5,3,2,0,1,1,0,0,0.0,0,573440.303700000050000,5935086.420500000000000,10.108727545000001,53.559513705999997,,10.109,53.56
98853,98854,2,5,18,526,2016,11,7,6,3,5,3,0,1,1,1,0,0,0.0,0,576725.672900000010000,5940094.891499999900000,10.159547108000000,53.604053407999999,,10.16,53.604
98857,98858,2,4,7,417,2016,10,19,6,3,2,6,2,0,1,1,1,0,0.0,0,568051.776399999970000,5935005.077499999700000,10.027374225000001,53.559508977000000,,10.027,53.56
98861,98862,2,1,3,107,2016,11,9,4,3,5,3,0,1,1,1,0,0,0.0,0,565160.648900000030000,5934254.456799999800000,9.983577762000000,53.553129841000001,,9.984,53.553
98866,98867,2,4,7,416,2016,11,10,6,3,3,2,0,1,1,1,0,0,0.0,0,567913.019300000040000,5935115.802000000100000,10.025303848000000,53.560522046000003,,10.025,53.561
98873,98874,2,1,5,113,2016,11,22,5,3,1,5,2,0,1,1,0,0,0.0,0,567157.401100000020000,5934957.955699999800000,10.013864098000001,53.559200683000000,,10.014,53.559
98874,98875,2,2,11,223,2016,11,16,3,3,5,3,0,1,1,1,0,0,0.0,0,554337.753000000030000,5935171.254099999600000,9.820389464000000,53.562601489999999,,9.82,53.563
98876,98877,2,3,5,317,2016,11,8,3,3,3,2,0,1,1,0,0,0,0.0,1,563437.795099999990000,5939339.205699999800000,9.958609136000000,53.599039009000002,,9.959,53.599
98878,98879,2,7,1,701,2016,11,9,7,3,5,3,0,1,1,1,0,0,0.0,0,564462.962199999950000,5924284.581799999800000,9.970997839000001,53.463613072000001,,9.971,53.464
98889,98890,2,4,9,424,2016,10,10,2,3,0,7,0,0,1,0,0,0,0.0,0,570366.668300000020000,5937080.244800000500000,10.062783052000000,53.577853312000002,,10.063,53.578
98891,98892,2,5,10,518,2016,10,18,2,3,5,2,1,0,1,1,0,0,0.0,0,572855.679099999950000,5944851.291500000300000,10.102185779999999,53.647350652999997,,10.102,53.647
98892,98893,2,1,4,110,2016,10,13,7,3,0,7,0,1,1,0,0,0,0.0,0,563614.719399999940000,5934120.497100000300000,9.960218869000000,53.552115501999999,,9.96,53.552
98894,98895,2,5,18,526,2016,11,10,4,3,5,7,0,1,1,1,0,0,0.0,0,575910.897699999970000,5940627.269799999900000,10.147365906999999,53.608956397999997,,10.147,53.609
98899,98900,2,1,14,132,2016,10,9,3,3,4,2,0,0,1,1,0,0,0.0,0,569650.023200000050000,5932858.443799999500000,10.051020318999999,53.540007352000003,,10.051,53.54
98901,98902,2,1,11,129,2016,10,17,6,3,3,2,0,1,1,1,0,0,0.0,0,572005.428900000060000,5934251.409199999600000,10.086877227000000,53.552208292000003,,10.087,53.552
98902,98903,2,3,1,303,2016,10,15,2,2,1,5,0,2,1,1,0,0,0.0,0,562764.821000000000000,5936965.705299999600000,9.947963827000001,53.577788656999999,,9.948,53.578
98903,98904,2,2,5,216,2016,10,8,2,3,3,6,0,0,1,1,0,0,0.0,0,560237.298500000030000,5934973.789699999600000,9.909410803000000,53.560182806999997,,9.909,53.56
98904,98905,2,1,6,115,2016,10,3,1,3,3,2,2,0,1,1,0,0,0.0,0,566816.303700000050000,5933981.631799999600000,10.008506800999999,53.550469802000002,,10.009,53.55
98907,98908,2,1,8,121,2016,10,7,6,3,0,7,1,1,1,0,0,0,0.0,0,569450.624300000020000,5934984.458100000400000,10.048484133000001,53.559140440000000,,10.048,53.559
98911,98912,2,2,3,210,2016,10,16,2,2,4,6,0,0,1,0,0,0,0.0,0,562857.457999999980000,5934831.620699999900000,9.948933280000000,53.558597831999997,,9.949,53.559
98912,98913,2,1,11,129,2016,10,17,7,3,0,6,1,1,1,1,0,0,0.0,0,571431.674400000020000,5934530.651200000200000,10.078282255000000,53.554796217000003,,10.078,53.555
98913,98914,2,1,5,114,2016,10,5,7,3,0,7,2,0,1,0,0,0,0.0,0,567302.506999999980000,5934127.555599999600000,10.015875567000000,53.551719147000000,,10.016,53.552
98914,98915,2,3,9,321,2016,11,19,6,3,5,3,2,0,1,1,0,0,0.0,0,562327.925500000010000,5936412.427400000400000,9.941255737000001,53.572868256000000,,9.941,53.573
98931,98932,2,4,8,423,2016,11,22,2,3,3,2,2,1,1,1,0,0,0.0,0,569295.430700000030000,5937650.091199999700000,10.046733119000001,53.583117166000001,,10.047,53.583
98932,98933,2,1,11,129,2016,11,7,6,3,1,5,1,1,1,1,0,0,0.0,0,571229.248700000000000,5934919.764200000100000,10.075315845000000,53.558320680999998,,10.075,53.558
98935,98936,2,1,12,130,2016,11,13,5,3,3,2,0,0,1,1,0,0,0.0,0,574708.402000000000000,5932809.014999999700000,10.127323880000000,53.538868029000000,,10.127,53.539
98941,98942,2,1,5,113,2016,11,19,3,3,5,2,2,1,1,1,0,0,0.0,0,567133.726900000010000,5935189.754499999800000,10.013556552000001,53.561286928000001,,10.014,53.561
98946,98947,2,5,8,516,2016,11,22,6,3,5,3,2,0,1,0,0,0,0.0,1,570250.045599999950000,5940738.475399999900000,10.061846040000001,53.610745410000000,,10.062,53.611
98949,98950,2,4,13,432,2016,11,4,5,3,5,3,2,0,1,1,0,0,0.0,0,567435.195300000020000,5943981.318400000200000,10.020009019000000,53.640258912999997,,10.02,53.64
98950,98951,2,5,10,518,2016,11,9,6,3,0,7,0,2,1,0,0,0,0.0,0,573443.552000000030000,5944572.881900000400000,10.111011721000001,53.644766462000000,,10.111,53.645
98951,98952,2,3,3,313,2016,11,22,5,3,0,7,2,1,1,0,0,0,0.0,0,564908.886100000000000,5936831.778599999800000,9.980313587000000,53.576324083999999,,9.98,53.576
98955,98956,2,5,2,506,2016,11,22,4,3,5,2,2,0,1,1,0,0,0.0,0,571497.938399999980000,5937445.582700000100000,10.079949566000000,53.580983603999996,,10.08,53.581
98959,98960,2,5,18,526,2016,10,22,6,3,5,3,2,1,1,1,0,0,0.0,0,576332.131900000040000,5941264.235899999700000,10.153887365999999,53.614619408000003,,10.154,53.615
98969,98970,2,6,1,601,2016,10,8,6,3,6,7,1,0,1,0,1,0,0.0,0,580089.134199999970000,5927852.320200000000000,10.207231145000000,53.493531113000003,,10.207,53.494
98970,98971,2,3,5,317,2016,11,11,5,3,5,3,0,0,1,1,0,0,0.0,0,562761.414299999950000,5937472.019799999900000,9.948014192000001,53.582339474999998,,9.948,53.582
98971,98972,2,5,1,501,2016,11,7,6,2,5,2,0,2,1,1,0,0,0.0,0,569080.303399999980000,5935480.806900000200000,10.043004213000000,53.563650039999999,,10.043,53.564
98976,98977,2,3,1,308,2016,11,0,3,3,4,6,2,0,1,0,0,0,0.0,0,563623.109199999950000,5936226.769200000000000,9.960774356000000,53.571044215000001,,9.961,53.571
98977,98978,2,3,1,302,2016,11,8,4,3,5,3,0,0,1,1,0,0,0.0,0,563201.745200000000000,5937231.536600000200000,9.954615701000000,53.580125299000002,,9.955,53.58
98983,98984,2,3,8,320,2016,10,16,2,3,5,2,0,1,1,1,0,0,0.0,0,559709.149199999990000,5941415.005300000300000,9.902671240000000,53.618133079000003,,9.903,53.618
98984,98985,2,4,1,402,2016,10,9,6,3,0,7,0,1,1,1,0,0,0.0,0,564551.795900000030000,5937850.794400000000000,9.975132103000000,53.585526295999998,,9.975,53.586
98991,98992,2,2,1,206,2016,10,18,4,3,7,7,2,0,1,0,0,0,0.0,0,562905.622699999950000,5934757.788200000300000,9.949645432000001,53.557928504000003,,9.95,53.558
98993,98994,2,2,1,203,2016,10,14,6,3,6,7,0,1,1,0,1,0,0.0,0,562035.654100000040000,5933968.562099999700000,9.936357399000000,53.550938961999996,,9.936,53.551
99000,99001,2,2,5,215,2016,11,20,2,3,2,2,2,1,1,1,0,0,0.0,0,561471.143700000020000,5935009.135300000200000,9.928042629000000,53.560357414000002,,9.928,53.56
99003,99004,2,7,1,702,2016,10,9,5,3,0,1,0,1,1,0,0,0,0.0,0,565293.003999999960000,5923572.870000000100000,9.983350832999999,53.457114386000001,,9.983,53.457
99006,99007,2,7,4,705,2016,11,10,3,3,5,3,0,1,1,1,0,0,0.0,0,565578.891500000030000,5922836.713499999600000,9.987502261000000,53.450462739000002,,9.988,53.45
99011,99012,2,1,6,116,2016,11,6,3,3,4,2,2,1,1,1,0,0,0.0,0,567607.192799999960000,5933982.369400000200000,10.020442354000000,53.550375187999997,,10.02,53.55
99015,99016,2,2,1,206,2016,11,7,3,3,5,7,0,1,1,0,0,0,1.0,0,563243.966999999950000,5934826.926500000100000,9.954766411000000,53.558509215999997,,9.955,53.559
99016,99017,2,4,13,432,2016,10,6,3,3,3,2,2,0,1,0,0,0,1.0,0,566764.626700000020000,5944899.940399999700000,10.010065156000000,53.648600598000002,,10.01,53.649
99018,99019,2,6,6,607,2016,10,11,1,3,5,3,0,1,1,1,0,0,0.0,0,576222.403000000050000,5919389.900600000300000,10.146907557000000,53.418054314000003,,10.147,53.418
99019,99020,2,7,1,702,2016,10,8,5,3,4,2,0,1,1,1,0,0,0.0,0,565998.991400000060000,5924488.958900000000000,9.994174000999999,53.465259650999997,,9.994,53.465
99021,99022,2,1,6,117,2016,10,15,6,3,5,3,0,1,1,1,0,0,0.0,0,567699.133999999960000,5933877.628600000400000,10.021807167000000,53.549422018999998,,10.022,53.549
99024,99025,2,1,1,102,2016,11,15,5,2,5,3,0,0,1,1,0,0,0.0,0,566018.304499999970000,5933859.811200000300000,9.996438314000001,53.549475917999999,,9.996,53.549
99028,99029,2,3,8,320,2016,11,21,4,3,0,7,2,1,1,0,0,0,0.0,1,560754.866299999990000,5940467.592899999600000,9.918293184000000,53.609498100000003,,9.918,53.609
99033,99034,2,5,7,515,2016,10,11,6,3,5,2,0,1,1,1,0,0,0.0,0,570930.780000000030000,5939257.757199999900000,10.071796550000000,53.597346561999998,,10.072,53.597
99035,99036,2,4,7,416,2016,10,8,2,3,0,6,0,1,1,1,0,0,0.0,0,567716.529699999960000,5935134.849200000100000,10.022342031000001,53.560718614000002,,10.022,53.561
99040,99041,2,4,10,429,2016,10,15,2,3,0,5,0,1,1,1,0,0,0.0,0,568741.927299999980000,5940304.890100000400000,10.038958982000000,53.607048822000003,,10.039,53.607
99043,99044,2,2,7,219,2016,11,7,6,3,4,6,0,1,1,1,0,0,0.0,0,558337.271799999990000,5934051.995600000000000,9.880557578000000,53.552112786999999,,9.881,53.552
99044,99045,2,1,12,130,2016,11,12,4,3,5,3,0,1,1,1,0,0,0.0,0,576220.677700000000000,5931353.261400000200000,10.149784125000000,53.525568180999997,,10.15,53.526
99048,99049,2,1,4,112,2016,11,8,4,3,5,2,0,1,1,1,0,0,0.0,0,564122.182400000050000,5933747.550599999700000,9.967800985000000,53.548701981999997,,9.968,53.549
99051,99052,2,4,10,427,2016,10,8,3,3,5,3,0,0,1,0,0,0,0.0,1,569259.930799999970000,5938118.485899999700000,10.046300947000001,53.587331339000002,,10.046,53.587
99054,99055,2,2,11,224,2016,10,8,2,3,4,2,0,1,1,1,0,0,0.0,0,554040.507800000020000,5935609.980899999800000,9.815978059000001,53.566575309999998,,9.816,53.567
99056,99057,2,5,7,515,2016,10,17,7,3,1,5,1,1,1,1,0,0,0.0,0,570406.884800000000000,5939695.656600000300000,10.063980652000000,53.601352585000001,,10.064,53.601
99057,99058,2,1,1,101,2016,11,15,4,3,0,3,0,0,1,0,0,0,0.0,1,566407.941100000050000,5934071.835400000200000,10.002363286000000,53.551332291000001,,10.002,53.551
99059,99060,2,1,4,110,2016,11,7,6,3,0,7,1,2,1,0,0,0,0.0,0,563650.167699999990000,5934617.363400000100000,9.960855022000001,53.556576704999998,,9.961,53.557
99078,99079,2,5,2,507,2016,11,15,6,3,3,6,0,0,1,1,0,0,0.0,0,570968.521799999990000,5936731.666199999900000,10.071792167000000,53.574639556999998,,10.072,53.575
99079,99080,2,5,18,526,2016,10,8,7,3,5,3,0,1,1,1,0,0,0.0,0,577218.422099999970000,5942716.601900000100000,10.167642273000000,53.627541372000003,,10.168,53.628
99087,99088,2,1,3,108,2016,11,7,4,3,1,7,1,1,1,0,0,0,1.0,0,565503.152000000000000,5934782.835400000200000,9.988857610000000,53.557835888000000,,9.989,53.558
99089,99090,2,4,8,423,2016,11,10,5,3,5,2,0,1,1,0,0,0,0.0,1,569298.336800000050000,5937622.947999999900000,10.046770982000000,53.582872844999997,,10.047,53.583
99090,99091,2,1,1,101,2016,11,13,3,3,6,3,0,1,1,0,1,0,0.0,0,566381.329999999960000,5934065.448800000400000,10.001960328999999,53.551278258000004,,10.002,53.551
99097,99098,2,3,1,307,2016,11,22,5,3,0,7,2,0,1,0,0,0,0.0,0,563395.640099999960000,5936066.619199999600000,9.957307357000000,53.569632433000002,,9.957,53.57
99098,99099,2,4,6,415,2016,11,8,6,3,5,3,0,2,1,1,0,0,0.0,0,567668.760200000020000,5936260.982499999900000,10.021864901000001,53.570845495000000,,10.022,53.571
99099,99100,2,4,6,415,2016,11,6,6,3,6,2,1,2,1,0,1,0,0.0,0,567898.278900000030000,5935809.615500000300000,10.025232128000001,53.566759349000002,,10.025,53.567
99100,99101,2,1,5,114,2016,11,12,5,3,5,2,0,0,1,1,0,0,0.0,0,567409.288900000040000,5934258.730899999800000,10.017515355000000,53.552884343000002,,10.018,53.553
99108,99109,2,7,1,702,2016,10,9,2,3,6,4,0,1,1,0,1,0,0.0,0,565092.175999999980000,5923968.338999999700000,9.980408609000000,53.460693482000003,,9.98,53.461
99111,99112,2,4,12,431,2016,10,17,2,3,3,2,2,0,1,1,0,0,0.0,0,567805.437999999970000,5942449.763199999900000,10.025274458000000,53.626446942000001,,10.025,53.626
99118,99119,2,4,8,423,2016,11,9,7,3,5,3,0,1,1,1,0,0,0.0,0,569686.732300000030000,5938210.024000000200000,10.052767836999999,53.588097445000002,,10.053,53.588
99120,99121,2,4,10,428,2016,10,16,3,3,1,1,0,0,1,1,0,0,0.0,0,569487.544499999960000,5938869.831500000300000,10.049906223000001,53.594053586000001,,10.05,53.594
99127,99128,2,1,8,123,2016,10,23,2,3,5,3,2,0,1,1,0,0,0.0,0,570051.232800000000000,5935184.585500000000000,10.057594588000001,53.560859180000001,,10.058,53.561
99129,99130,2,2,5,215,2016,10,8,5,3,4,2,0,0,1,1,0,0,0.0,0,561239.766100000010000,5935825.828599999700000,9.924710059000001,53.567724415000001,,9.925,53.568
99130,99131,2,3,5,317,2016,10,6,6,3,5,3,2,1,1,1,0,0,0.0,0,562330.022800000040000,5939322.846900000200000,9.941868814999999,53.599024899000000,,9.942,53.599
99131,99132,2,4,6,415,2016,10,15,2,3,0,5,0,1,1,1,0,0,0.0,0,568573.750099999950000,5936408.316599999600000,10.035561056000001,53.572052096999997,,10.036,53.572
99134,99135,2,4,6,415,2016,10,16,7,3,0,6,0,0,1,0,0,1,0.0,0,567501.142299999950000,5935722.199900000400000,10.019217707999999,53.566024970000001,,10.019,53.566
99142,99143,2,2,7,219,2016,10,12,6,3,0,7,0,1,1,0,0,0,0.0,1,559151.682000000030000,5933909.983000000000000,9.892821997000000,53.550745321999997,,9.893,53.551
99146,99147,2,3,2,311,2016,10,19,2,3,3,2,2,1,1,1,0,0,0.0,0,564719.495600000020000,5935475.614299999500000,9.977172656000001,53.564159287999999,,9.977,53.564
99148,99149,2,5,11,519,2016,10,8,6,3,4,2,0,1,1,1,0,0,0.0,0,571115.273000000040000,5946632.868900000100000,10.076269251999999,53.663600879000001,,10.076,53.664