,OBJECTID,ULAND,UREGBEZ,UKREIS,UGEMEINDE,UJAHR,UMONAT,USTUNDE,UWOCHENTAG,UKATEGORIE,UART,UTYP1,ULICHTVERH,STRZUSTAND,IstRad,IstPKW,IstFuss,IstKrad,IstGkfz,IstSonstig,LINREFX,LINREFY,XGCSWGS84,YGCSWGS84,UIDENTSTLA,lat_short,long_short
99149,99150,2,7,10,711,2016,11,7,6,3,0,7,1,2,1,0,0,0,0.0,0,565073.499100000020000,5925400.201100000200000,9.980423854000000,53.473564514000003,,9.98,53.474
99154,99155,2,5,6,514,2016,11,12,5,3,5,3,0,0,1,1,0,0,0.0,0,574920.100800000010000,5943283.363400000100000,10.133032722999999,53.632968613000003,,10.133,53.633
99159,99160,2,6,2,603,2016,11,16,1,3,5,2,2,1,1,1,0,0,0.0,0,580150.643500000010000,5926400.947300000100000,10.207787464999999,53.480478705000003,,10.208,53.48
99162,99163,2,3,8,320,2016,11,7,6,3,5,2,1,1,1,1,0,0,0.0,0,559032.691699999970000,5940150.528400000200000,9.892206436000000,53.606845388000004,,9.892,53.607
99166,99167,2,4,1,402,2016,10,14,3,3,0,3,0,0,1,1,0,0,0.0,0,564357.170900000030000,5938069.698800000400000,9.972237678999999,53.587517566000002,,9.972,53.588
99175,99176,2,5,6,514,2016,11,16,3,3,5,3,0,1,1,1,0,0,0.0,0,574056.235400000010000,5941881.701399999700000,10.119637561999999,53.620495134000002,,10.12,53.62
99178,99179,2,3,2,312,2016,11,15,1,3,5,2,0,1,1,0,0,0,0.0,1,565881.660000000030000,5934903.269999999600000,9.994596138000000,53.558870890000001,,9.995,53.559
99179,99180,2,6,2,602,2016,10,20,2,3,1,5,2,1,1,1,0,0,0.0,0,580497.862599999990000,5927541.174900000000000,10.213310816000000,53.490672578000002,,10.213,53.491
99182,99183,2,4,10,426,2016,10,8,2,3,3,2,0,1,1,1,0,0,0.0,0,569717.398399999950000,5938329.407100000400000,10.053257708000000,53.589166265999999,,10.053,53.589
99183,99184,2,1,11,129,2016,11,8,2,3,5,3,0,1,1,1,0,0,0.0,0,570800.694099999960000,5935061.503100000300000,10.068879501000000,53.559652471000000,,10.069,53.56
99186,99187,2,3,1,309,2016,12,12,2,3,0,7,0,0,1,0,0,0,0.0,0,563888.139399999990000,5935844.429499999600000,9.964697751999999,53.567575810000001,,9.965,53.568
99192,99193,2,1,15,134,2016,11,16,5,3,5,3,1,0,1,1,0,0,0.0,0,567391.969500000010000,5931007.204199999600000,10.016553677999999,53.523664455999999,,10.017,53.524
99194,99195,2,4,6,415,2016,11,17,3,3,5,3,2,0,1,1,0,0,0.0,0,567644.199000000020000,5935796.182099999900000,10.021393402999999,53.566671436999997,,10.021,53.567
99195,99196,2,6,14,615,2016,11,16,4,2,3,2,0,0,1,1,0,0,0.0,0,575960.971999999950000,5927075.139499999600000,10.144830787000000,53.487158882000003,,10.145,53.487
99196,99197,2,4,2,404,2016,11,17,4,3,5,3,2,1,1,1,0,0,0.0,0,565359.285400000050000,5937950.442900000100000,9.987349094000001,53.586321832000003,,9.987,53.586
99198,99199,2,7,1,702,2016,11,14,6,3,6,7,0,1,1,0,1,0,0.0,0,565506.452500000010000,5923445.243499999900000,9.986538382000001,53.455940857999998,,9.987,53.456
99203,99204,2,5,2,506,2016,11,13,3,3,5,3,0,0,1,1,0,0,0.0,0,571555.406500000040000,5937450.799100000400000,10.080818626999999,53.581022646000001,,10.081,53.581
99205,99206,2,6,1,601,2016,11,19,7,3,4,6,2,1,1,0,0,0,0.0,0,580280.512200000000000,5928377.050699999600000,10.210249476000000,53.498217527000001,,10.21,53.498
99208,99209,2,1,12,130,2016,11,9,2,3,6,4,0,0,1,0,1,0,0.0,0,573171.572000000040000,5933382.580299999600000,10.104272579000000,53.544238958999998,,10.104,53.544
99211,99212,2,4,2,403,2016,12,22,6,3,0,3,2,0,1,1,0,0,0.0,0,564578.790000000040000,5938215.521099999500000,9.975615311000000,53.588800857000003,,9.976,53.589
99212,99213,2,3,2,311,2016,11,17,4,3,1,5,2,1,1,1,0,0,0.0,0,564893.694400000040000,5935968.904699999800000,9.979904865000000,53.568571102999996,,9.98,53.569
99220,99221,2,5,9,517,2016,11,15,2,3,5,3,0,0,1,1,0,0,0.0,0,571362.174299999960000,5943436.980999999700000,10.079271432000001,53.634846279000001,,10.079,53.635
99222,99223,2,3,2,311,2016,11,15,7,3,3,2,0,0,1,1,0,0,0.0,0,564775.969399999940000,5936353.531700000200000,9.978207261000000,53.572042390999997,,9.978,53.572
99223,99224,2,4,8,421,2016,12,16,2,3,5,3,2,0,1,0,0,0,1.0,0,568465.967100000010000,5937281.614000000100000,10.034125187000001,53.579914578000000,,10.034,53.58
99226,99227,2,4,6,414,2016,11,13,4,3,5,3,0,0,1,1,0,0,0.0,0,567506.361200000040000,5937442.137000000100000,10.019668344999999,53.581481607000001,,10.02,53.581
99230,99231,2,1,8,122,2016,11,17,4,3,1,5,2,1,1,1,0,0,0.0,0,569999.371799999960000,5935502.770300000000000,10.056883049000000,53.563725640999998,,10.057,53.564
99232,99233,2,1,3,108,2016,11,9,4,3,5,3,0,1,1,1,0,0,0.0,0,565543.713299999940000,5934833.916299999700000,9.989480549000000,53.558289901000002,,9.989,53.558
99233,99234,2,3,8,320,2016,11,8,2,3,1,5,0,0,1,1,0,0,0.0,0,559111.554699999980000,5939992.116000000400000,9.893368146000000,53.605412778000002,,9.893,53.605
99235,99236,2,1,3,107,2016,11,15,7,2,6,3,0,1,1,0,1,0,0.0,0,565304.232700000050000,5934105.218700000100000,9.985713584999999,53.551770758000004,,9.986,53.552
99237,99238,2,4,5,408,2016,11,15,2,3,3,2,0,0,1,1,0,0,0.0,0,567020.609799999980000,5940043.458800000100000,10.012891455000000,53.604922314000000,,10.013,53.605
99238,99239,2,4,1,401,2016,12,17,2,3,4,2,2,0,1,1,0,0,0.0,0,564566.199999999950000,5937580.919999999900000,9.975293818000001,53.583099095999998,,9.975,53.583
99239,99240,2,5,7,515,2016,11,15,3,3,0,5,0,0,1,1,0,0,0.0,0,571761.799000000000000,5940849.564000000200000,10.084717683999999,53.611538858000003,,10.085,53.612
99249,99250,2,4,13,432,2016,11,15,6,3,3,2,0,0,1,1,0,0,0.0,0,567172.583899999970000,5947807.852800000500000,10.016864867000001,53.674681820000004,,10.017,53.675
99250,99251,2,5,11,519,2016,11,15,4,3,5,3,0,1,1,1,0,0,0.0,0,572401.893999999970000,5945310.710400000200000,10.095429161000000,53.651542353000004,,10.095,53.652
99254,99255,2,3,1,309,2016,11,16,2,3,3,6,2,0,1,1,0,0,0.0,0,564275.741999999970000,5936387.658900000200000,9.970661351000000,53.572410626000000,,9.971,53.572
99256,99257,2,3,1,301,2016,11,16,2,3,5,3,1,0,1,1,0,0,0.0,0,562367.693600000000000,5937127.642900000300000,9.941999091000000,53.579291415000000,,9.942,53.579
99263,99264,2,4,6,415,2016,12,9,6,3,5,2,0,0,1,0,0,0,1.0,0,567741.235499999950000,5935909.461900000500000,10.022882916000000,53.567676980000002,,10.023,53.568
99271,99272,2,1,13,131,2016,11,17,4,3,4,6,2,1,1,0,0,0,0.0,0,572601.248099999970000,5931907.872899999800000,10.095325090999999,53.531064960999998,,10.095,53.531
99272,99273,2,2,3,210,2016,11,11,2,3,2,3,0,0,1,1,0,0,0.0,1,562765.669699999970000,5935090.497399999800000,9.947599793000000,53.560935432000001,,9.948,53.561
99273,99274,2,2,6,218,2016,11,17,4,3,1,5,2,0,1,1,0,0,0.0,0,558230.281199999970000,5935115.837500000400000,9.879141042000001,53.561685973000003,,9.879,53.562
99281,99282,2,3,3,314,2016,11,6,2,3,5,3,2,0,1,0,0,0,0.0,0,565488.860299999940000,5937404.120299999600000,9.989191540000000,53.581395751999999,,9.989,53.581
99282,99283,2,2,5,215,2016,11,7,4,3,2,6,2,0,1,1,0,0,0.0,0,561356.041899999950000,5935418.822100000500000,9.926385612000001,53.564052902999997,,9.926,53.564
99293,99294,2,3,8,320,2016,11,15,4,2,4,2,0,0,1,1,0,0,0.0,0,559994.865200000000000,5941213.371399999600000,9.906951201000000,53.616288271000002,,9.907,53.616
99306,99307,2,2,2,207,2016,12,2,7,3,6,4,2,0,1,0,1,0,0.0,0,563702.284100000050000,5935232.841500000100000,9.961767102000000,53.562101878000000,,9.962,53.562
99308,99309,2,5,6,514,2016,11,17,4,3,5,2,2,1,1,1,0,0,0.0,0,573084.611000000030000,5941228.669999999900000,10.104797586000000,53.614762949999999,,10.105,53.615
99314,99315,2,3,9,321,2016,11,7,5,3,2,2,0,1,1,1,0,0,0.0,0,561643.690100000010000,5939178.957700000100000,9.931470708999999,53.597812890999997,,9.931,53.598
99321,99322,2,5,10,518,2016,11,15,4,3,5,3,0,1,1,1,0,0,0.0,0,574247.309899999990000,5944536.059000000400000,10.123159159000000,53.644322113000001,,10.123,53.644
99331,99332,2,2,5,216,2016,11,11,1,3,5,3,0,1,1,1,0,0,0.0,0,560663.557999999960000,5935388.326999999600000,9.915925682999999,53.563859336999997,,9.916,53.564
99333,99334,2,5,6,514,2016,11,16,1,3,0,7,1,0,1,0,0,0,0.0,0,575774.520999999950000,5943400.043600000400000,10.145979895000000,53.633894198000000,,10.146,53.634
99343,99344,2,5,18,526,2016,11,10,1,2,5,3,0,1,1,1,0,0,0.0,0,578024.653100000000000,5940435.977000000000000,10.179259322000000,53.606926809999997,,10.179,53.607
99344,99345,2,4,9,424,2016,12,14,6,3,2,6,0,0,1,1,0,0,0.0,0,570161.265600000040000,5937836.282900000000000,10.059851295000000,53.584675349000001,,10.06,53.585
99348,99349,2,1,15,134,2016,11,8,4,3,0,7,0,0,1,0,1,0,0.0,0,567780.339599999950000,5931699.082100000200000,10.022560673999999,53.529832556000002,,10.023,53.53
99354,99355,2,1,3,108,2016,11,8,5,3,4,2,0,1,1,1,0,0,0.0,0,565383.222599999980000,5934754.555599999600000,9.987041494000000,53.557596683000000,,9.987,53.558
99357,99358,2,2,3,210,2016,11,21,3,3,4,3,2,0,1,1,0,0,0.0,0,562199.775900000010000,5934270.198200000500000,9.938894274999999,53.553630464000001,,9.939,53.554
99364,99365,2,5,18,526,2016,12,13,2,3,5,2,0,0,1,1,0,0,0.0,0,576064.410000000030000,5939875.428799999900000,10.149502174000000,53.602177562999998,,10.15,53.602
99370,99371,2,6,2,603,2016,12,3,7,2,0,5,2,0,1,1,0,0,0.0,0,581333.648300000000000,5926566.250099999800000,10.225652501000001,53.481782762999998,,10.226,53.482
99371,99372,2,4,6,415,2016,12,9,5,3,0,2,0,1,1,0,0,0,0.0,0,568395.548399999970000,5935899.185399999800000,10.032758941000001,53.567499744000003,,10.033,53.567
99380,99381,2,3,1,309,2016,11,10,4,3,5,2,0,0,1,1,0,0,0.0,0,564116.407200000020000,5935752.294999999900000,9.968125097000000,53.566719927999998,,9.968,53.567
99381,99382,2,5,7,515,2016,11,15,4,3,5,3,0,1,1,1,0,0,0.0,0,571222.976099999970000,5941102.617499999700000,10.076632534000000,53.613886559000001,,10.077,53.614
99385,99386,2,1,11,129,2016,11,16,5,3,5,2,2,0,1,1,0,0,0.0,0,572956.899600000000000,5934910.295900000300000,10.101389970000000,53.557998302999998,,10.101,53.558
99386,99387,2,3,7,319,2016,11,6,3,3,5,2,2,0,1,1,0,0,0.0,0,560907.131500000020000,5943029.694199999800000,9.921095503000000,53.632506863000003,,9.921,53.633
99390,99391,2,4,9,424,2016,11,18,5,3,6,4,2,0,1,0,1,0,0.0,0,570087.038199999950000,5936941.097299999600000,10.058529212000000,53.576640230000002,,10.059,53.577
99397,99398,2,3,5,317,2016,11,9,6,3,0,3,0,1,1,1,0,0,0.0,0,564418.271900000050000,5939278.696200000100000,9.973410296000001,53.598375605000001,,9.973,53.598
99400,99401,2,2,1,205,2016,11,13,5,3,1,7,0,1,1,1,0,0,0.0,0,562836.959999999960000,5934511.660000000100000,9.948559550000001,53.555724687000001,,9.949,53.556
99403,99404,2,5,6,514,2016,11,9,6,3,0,1,0,1,1,1,0,0,0.0,0,573928.461499999980000,5942303.862999999900000,10.117806431000000,53.624307057999999,,10.118,53.624
99407,99408,2,3,5,317,2016,11,17,3,3,5,3,2,1,1,0,0,0,0.0,1,563597.711800000050000,5938605.940499999600000,9.960875715000000,53.592429582000001,,9.961,53.592
99417,99418,2,5,11,519,2016,12,9,6,3,5,3,0,0,1,0,0,0,0.0,1,571518.031599999990000,5947235.492300000000000,10.082502267000001,53.668961613000000,,10.083,53.669
99419,99420,2,6,2,602,2016,11,7,5,3,0,2,2,0,1,1,0,0,0.0,0,578835.956099999950000,5927073.211500000200000,10.188150016000000,53.486718725000003,,10.188,53.487
99420,99421,2,2,1,206,2016,11,9,4,3,5,2,0,0,1,1,0,0,0.0,0,562934.344799999960000,5934639.700699999900000,9.950055187000000,53.556863767000003,,9.95,53.557
99421,99422,2,3,1,308,2016,11,21,3,2,5,3,2,0,1,0,0,1,0.0,0,563774.223699999970000,5936073.400899999800000,9.963024667999999,53.569647502000002,,9.963,53.57
99428,99429,2,1,14,133,2016,11,20,7,3,3,6,2,0,1,1,0,0,0.0,0,569040.107399999980000,5932210.562500000000000,10.041675416000000,53.534265283000003,,10.042,53.534
99432,99433,2,5,12,520,2016,12,16,5,2,5,2,2,1,1,1,0,0,0.0,0,568840.945700000040000,5944858.587399999600000,10.041462482000000,53.647959874000001,,10.041,53.648
99434,99435,2,1,1,101,2016,12,22,6,3,0,7,2,1,1,0,0,0,0.0,0,566209.828600000010000,5934610.821800000000000,9.999487625000000,53.556201301999998,,9.999,53.556
99438,99439,2,6,14,615,2016,11,13,3,3,5,2,0,0,1,1,0,0,0.0,0,577858.644500000050000,5926384.903199999600000,10.173253494000001,53.480678525000002,,10.173,53.481
99442,99443,2,4,2,403,2016,12,9,6,3,6,7,0,0,1,0,1,0,0.0,0,565409.584799999950000,5938573.509899999900000,9.988239460000001,53.591915186999998,,9.988,53.592
99446,99447,2,5,6,514,2016,11,7,6,3,0,7,0,2,1,0,0,0,0.0,0,574527.042299999970000,5939355.398199999700000,10.126149800000000,53.597725046000001,,10.126,53.598
99451,99452,2,4,4,407,2016,11,8,2,3,3,2,0,0,1,1,0,0,0.0,0,565800.556300000050000,5939711.568300000400000,9.994385637000001,53.602094186000002,,9.994,53.602
99454,99455,2,2,1,201,2016,11,16,3,3,5,3,0,1,1,1,0,0,0.0,0,563263.611799999960000,5933720.639200000100000,9.954839058999999,53.548564267000003,,9.955,53.549
99459,99460,2,4,2,403,2016,12,9,7,3,5,2,0,0,1,1,0,0,0.0,0,565097.971900000000000,5938589.650000000400000,9.983535594999999,53.592099028000000,,9.984,53.592
99462,99463,2,5,7,515,2016,11,12,5,3,0,3,0,1,1,1,0,0,0.0,0,573073.501000000050000,5943222.059200000000000,10.105097584999999,53.632678714000001,,10.105,53.633
99471,99472,2,2,5,217,2016,11,9,4,3,5,3,0,1,1,1,0,0,0.0,0,558928.809899999990000,5936061.074900000400000,9.889864113000000,53.570103314000001,,9.89,53.57
99475,99476,2,2,6,218,2016,12,18,2,3,5,3,2,0,1,1,0,0,0.0,0,557399.807000000030000,5935564.273000000000000,9.866686800000000,53.565807792999998,,9.867,53.566
99476,99477,2,1,20,141,2016,12,9,6,3,3,6,0,0,1,1,0,0,0.0,0,558603.719999999970000,5931746.700000000200000,9.884147042000000,53.531364183000001,,9.884,53.531
99478,99479,2,4,13,432,2016,11,19,4,3,1,7,2,1,1,1,0,0,0.0,0,567094.147099999940000,5944777.739699999800000,10.015023153000000,53.647460219999999,,10.015,53.647
99479,99480,2,1,5,114,2016,11,18,4,3,6,6,2,1,1,0,1,0,0.0,0,566964.378400000050000,5934040.720200000300000,10.010754071999999,53.550981976999999,,10.011,53.551
99480,99481,2,3,8,320,2016,11,8,5,3,5,3,1,0,1,1,0,0,0.0,0,559491.372699999950000,5941691.032700000300000,9.899432121000000,53.620638624999998,,9.899,53.621
99486,99487,2,5,2,509,2016,12,17,1,2,3,2,2,0,1,0,0,0,0.0,1,571382.783000000050000,5938159.148000000000000,10.078373759000000,53.587412065999999,,10.078,53.587
99487,99488,2,5,13,521,2016,11,7,2,3,5,3,1,0,1,1,0,0,0.0,0,573435.257499999950000,5948990.879499999800000,10.111931016000000,53.684470980000000,,10.112,53.684
99500,99501,2,1,1,102,2016,11,18,5,3,5,2,2,0,1,1,0,0,0.0,0,565381.196600000020000,5933669.271499999800000,9.986783950000000,53.547843207000000,,9.987,53.548
99503,99504,2,5,10,518,2016,11,7,6,3,0,1,0,2,1,0,0,0,0.0,0,572758.063399999980000,5946013.625900000300000,10.100981447000001,53.657809882000002,,10.101,53.658
99506,99507,2,1,3,108,2016,11,8,5,3,4,2,0,1,1,1,0,0,0.0,0,565437.712700000030000,5934161.093000000300000,9.987739722000001,53.552256294999999,,9.988,53.552
99509,99510,2,5,12,520,2016,11,13,2,2,3,6,0,0,1,1,0,0,0.0,0,570043.927999999960000,5946127.316800000100000,10.059944421999999,53.659202149000002,,10.06,53.659
99515,99516,2,6,14,615,2016,11,14,5,3,6,4,0,1,1,0,1,0,0.0,0,577266.536700000060000,5926979.488300000300000,10.164479376999999,53.486109214000003,,10.164,53.486
99520,99521,2,4,5,411,2016,12,12,7,3,0,7,0,0,1,0,0,0,0.0,0,567697.727700000050000,5938280.709300000200000,10.022740325999999,53.588993281999997,,10.023,53.589
99524,99525,2,4,5,413,2016,11,13,2,3,0,2,0,0,1,1,0,0,0.0,0,566945.550999999980000,5937476.202499999700000,10.011206197000000,53.581859645999998,,10.011,53.582
99525,99526,2,4,4,407,2016,12,12,5,3,0,1,0,1,1,0,0,0,0.0,0,567251.668199999960000,5940912.499900000200000,10.016570440000001,53.612702861999999,,10.017,53.613
99526,99527,2,1,3,106,2016,12,17,6,3,5,2,2,0,1,1,0,0,0.0,0,564449.784499999950000,5933625.562599999800000,9.972719586000000,53.547565530000000,,9.973,53.548
99530,99531,2,5,12,520,2016,12,12,2,3,5,2,0,0,1,1,0,0,0.0,0,568655.952599999960000,5944169.432900000400000,10.038512132999999,53.641790768000000,,10.039,53.642
99544,99545,2,1,20,141,2016,11,10,6,3,4,6,0,2,1,1,0,0,0.0,0,558427.400000000020000,5931877.650000000400000,9.881511713000000,53.532560740999998,,9.882,53.533
99547,99548,2,1,3,108,2016,11,19,2,3,0,7,2,0,1,0,0,0,0.0,1,565755.713299999940000,5934763.039900000200000,9.992665568000000,53.557626403000000,,9.993,53.558
99548,99549,2,1,6,117,2016,12,19,6,3,5,2,2,0,1,1,0,0,0.0,0,567668.933899999950000,5933948.411999999500000,10.021366744000000,53.550062054000001,,10.021,53.55
99549,99550,2,2,12,225,2016,11,18,6,3,5,3,2,1,1,1,0,0,0.0,0,554448.989500000030000,5937558.744599999900000,9.822485047000001,53.584047851999998,,9.822,53.584
99551,99552,2,1,8,122,2016,11,7,3,3,5,2,0,0,1,1,0,0,0.0,0,569374.825599999980000,5934867.871199999900000,10.047314144000000,53.558102687999998,,10.047,53.558
99554,99555,2,5,12,520,2016,11,11,6,3,5,3,0,1,1,1,0,0,0.0,0,568655.557099999980000,5944218.087899999700000,10.038516894000001,53.642228082000003,,10.039,53.642
99555,99556,2,3,1,310,2016,11,10,5,3,1,5,0,1,1,1,0,0,0.0,0,563716.348099999940000,5935599.922700000000000,9.962054267999999,53.565399241999998,,9.962,53.565
99558,99559,2,2,8,220,2016,12,16,5,3,5,3,2,1,1,1,0,0,0.0,0,557744.250499999970000,5937692.395499999600000,9.872280540000000,53.584896536999999,,9.872,53.585
99562,99563,2,1,5,113,2016,12,9,4,3,5,3,0,0,1,1,0,0,0.0,0,567880.126399999950000,5934341.318099999800000,10.024639140000000,53.553565900999999,,10.025,53.554
99567,99568,2,2,8,220,2016,12,11,6,3,3,2,0,0,1,0,0,0,0.0,1,558185.122399999990000,5938553.757299999700000,9.879100120000000,53.592589275000002,,9.879,53.593
99568,99569,2,7,10,711,2016,12,9,6,3,4,6,0,1,1,1,0,0,0.0,0,562994.663399999960000,5924152.181400000100000,9.948857864000001,53.462600784000003,,9.949,53.463
99569,99570,2,5,7,515,2016,12,12,4,3,5,7,0,1,1,1,0,0,0.0,0,570713.416899999950000,5939673.761300000400000,10.068607079000000,53.601114541999998,,10.069,53.601
99572,99573,2,1,1,102,2016,12,10,2,3,1,5,0,0,1,1,0,0,0.0,1,565947.231499999990000,5934022.656000000400000,9.995400107000000,53.550948374999997,,9.995,53.551
99573,99574,2,3,5,317,2016,12,16,5,3,6,7,2,1,1,0,1,0,0.0,0,563367.909300000060000,5939348.541699999900000,9.957555150999999,53.599131368000002,,9.958,53.599
99588,99589,2,3,6,318,2016,12,7,4,3,5,2,1,1,1,1,0,0,0.0,0,563138.162400000030000,5943107.095999999900000,9.954845919000000,53.632938154999998,,9.955,53.633
99603,99604,2,3,2,311,2016,12,7,3,3,3,2,1,0,1,1,0,0,0.0,0,564773.896900000050000,5936350.241100000200000,9.978175286000001,53.572013073000001,,9.978,53.572
99611,99612,2,2,4,213,2016,12,8,5,3,6,4,0,0,1,0,1,0,0.0,0,561530.660400000050000,5934071.733699999700000,9.928756504000001,53.551925633000003,,9.929,53.552
99614,99615,2,3,3,313,2016,12,11,5,3,5,3,0,0,1,0,0,0,0.0,1,564786.192000000040000,5936390.747600000400000,9.978369333000000,53.572375596999997,,9.978,53.572
99615,99616,2,2,4,212,2016,12,14,5,2,5,2,0,0,1,1,0,0,0.0,0,560250.349999999980000,5933762.072499999800000,9.909374267000001,53.549291054000001,,9.909,53.549
99619,99620,2,2,5,215,2016,12,8,4,3,5,2,0,0,1,0,0,0,0.0,1,561115.979900000030000,5935184.872600000400000,9.922715784999999,53.561978314999998,,9.923,53.562
99620,99621,2,6,14,615,2016,12,10,6,3,5,3,0,0,1,1,0,0,0.0,0,578175.674000000000000,5925928.486800000100000,10.177916091000000,53.476529812999999,,10.178,53.477
99621,99622,2,6,2,602,2016,12,8,6,3,0,6,0,0,1,0,0,0,0.0,1,579239.022000000000000,5926727.509999999800000,10.194135982000001,53.483551460999998,,10.194,53.484
99634,99635,2,3,8,320,2016,12,9,5,3,3,2,0,0,1,1,0,0,0.0,0,559849.394199999980000,5938651.467400000400000,9.904260419000000,53.593280077000003,,9.904,53.593
99639,99640,2,2,8,220,2016,12,9,6,3,0,7,0,2,1,0,0,0,0.0,0,558912.642499999960000,5938860.468200000000000,9.890148476000000,53.595264569999998,,9.89,53.595
99641,99642,2,3,2,312,2016,12,17,6,3,3,3,2,0,1,0,0,0,0.0,1,565216.378700000000000,5935464.332899999800000,9.984671319000000,53.563996385999999,,9.985,53.564
99664,99665,2,2,4,212,2016,12,7,6,3,0,6,1,1,1,1,0,0,0.0,0,560595.494500000030000,5934701.464200000300000,9.914764978999999,53.557694067000000,,9.915,53.558
99669,99670,2,3,4,316,2016,12,17,5,3,0,7,2,1,1,1,0,0,0.0,0,564272.840600000000000,5937578.551400000200000,9.970862739999999,53.583113845000000,,9.971,53.583
99673,99674,2,5,5,513,2016,12,15,7,2,5,3,0,1,1,1,0,0,0.0,0,574933.315999999990000,5938226.058000000200000,10.132016203999999,53.587517994999999,,10.132,53.588
99676,99677,2,2,4,212,2016,12,7,6,3,3,2,2,1,1,1,0,0,0.0,0,560532.534800000020000,5934822.658800000300000,9.913838130000000,53.558790559999998,,9.914,53.559
99678,99679,2,4,13,432,2016,12,14,1,3,5,3,0,1,1,1,0,0,0.0,0,567545.359100000000000,5946336.137799999700000,10.022186809999999,53.661407498000003,,10.022,53.661
99685,99686,2,4,2,405,2016,12,8,5,3,4,2,1,0,1,1,0,0,0.0,0,565389.411500000050000,5938859.005500000000000,9.987994580000001,53.594483508000003,,9.988,53.594
99693,99694,2,5,18,526,2016,12,5,4,3,4,2,2,0,1,1,0,0,0.0,0,576774.445100000010000,5940219.401399999900000,10.160314702000001,53.605165194000001,,10.16,53.605
99695,99696,2,5,18,526,2016,12,15,4,3,5,3,0,0,1,1,0,0,0.0,0,574927.483499999970000,5939300.145200000100000,10.132186142000000,53.597171410000001,,10.132,53.597
99696,99697,2,3,3,314,2016,12,20,5,3,4,6,2,1,1,0,0,0,0.0,0,565130.196699999970000,5937148.211199999800000,9.983721502000000,53.579140504000001,,9.984,53.579
99699,99700,2,5,2,509,2016,12,17,4,3,4,2,2,0,1,1,0,0,0.0,0,572310.838800000030000,5938212.864099999900000,10.092403488000000,53.587767644000003,,10.092,53.588
99700,99701,2,5,11,519,2016,12,14,3,3,5,3,0,1,1,1,0,0,0.0,0,571939.429400000020000,5945448.699000000000000,10.088465480000000,53.652846232999998,,10.088,53.653
99701,99702,2,3,3,313,2016,12,13,5,3,5,2,0,0,1,1,0,0,0.0,0,564607.456000000010000,5936431.910500000200000,9.975679096000000,53.572767579999997,,9.976,53.573
99706,99707,2,3,3,314,2016,12,11,7,3,5,3,0,0,1,1,0,0,0.0,0,565451.441100000050000,5937380.815299999900000,9.988621538000000,53.581190976999999,,9.989,53.581
99707,99708,2,5,11,519,2016,12,13,6,3,4,2,0,0,1,1,0,0,0.0,0,570563.279499999950000,5947053.018799999700000,10.068012376000000,53.667451489000001,,10.068,53.667
99718,99719,2,5,18,526,2016,12,16,3,3,5,3,1,1,1,1,0,0,0.0,0,576560.409100000050000,5940106.306300000300000,10.157052858000000,53.604180161000002,,10.157,53.604
99720,99721,2,3,3,314,2016,12,8,6,3,4,2,0,0,1,1,0,0,0.0,0,565471.143500000010000,5936987.259700000300000,9.988836537999999,53.577651549999999,,9.989,53.578
99726,99727,2,2,4,214,2016,12,8,4,3,5,3,0,0,1,1,0,0,0.0,0,561922.480100000040000,5933903.074099999900000,9.934636447000001,53.550363754999999,,9.935,53.55
99731,99732,2,4,13,432,2016,12,15,3,3,5,3,0,1,1,0,0,1,0.0,0,566387.277699999980000,5946471.322900000000000,10.004693056000001,53.662770715999997,,10.005,53.663
99740,99741,2,1,12,130,2016,12,23,2,2,0,7,2,1,1,0,0,0,0.0,0,573931.305900000040000,5932171.087500000400000,10.115449519000000,53.533244981999999,,10.115,53.533
99741,99742,2,2,8,220,2016,12,17,3,3,5,3,2,0,1,1,0,0,0.0,0,558899.733299999960000,5939595.127500000400000,9.890092239000000,53.601868725000003,,9.89,53.602
99743,99744,2,3,3,314,2016,12,23,6,3,5,3,2,0,1,1,0,0,0.0,0,565405.049899999980000,5937460.994800000500000,9.987937733000001,53.581917353999998,,9.988,53.582
99746,99747,2,4,10,427,2016,12,19,3,3,5,3,2,1,1,1,0,0,0.0,0,568411.958699999960000,5938182.207399999700000,10.033507018000000,53.588015331999998,,10.034,53.588
99747,99748,2,3,3,313,2016,12,9,5,3,3,6,0,0,1,1,0,0,0.0,0,565758.294299999950000,5936796.772199999500000,9.993132652000000,53.575903679000000,,9.993,53.576
99748,99749,2,1,3,108,2016,12,19,6,3,5,3,2,0,1,1,0,0,0.0,0,565623.774100000040000,5934403.348399999600000,9.990598589999999,53.554410279999999,,9.991,53.554
99751,99752,2,4,12,431,2016,12,8,6,3,1,7,0,0,1,0,0,0,0.0,1,567785.414600000020000,5942531.030899999700000,10.024989440000001,53.627179890999997,,10.025,53.627
99756,99757,2,4,2,403,2016,12,8,5,3,0,3,0,0,1,0,0,0,1.0,0,565339.180300000010000,5938848.514600000300000,9.987233543000000,53.594395488000004,,9.987,53.594
99759,99760,2,4,5,409,2016,12,17,4,3,4,2,2,0,1,1,0,0,0.0,0,567218.968699999970000,5938595.595999999900000,10.015576606000000,53.591884804999999,,10.016,53.592
99760,99761,2,2,5,217,2016,12,18,3,3,3,2,2,1,1,1,0,0,0.0,0,558507.473299999950000,5937283.115899999600000,9.883731498000000,53.581133545999997,,9.884,53.581
99761,99762,2,3,1,309,2016,12,13,5,3,1,5,0,0,1,1,0,0,0.0,0,563940.374799999990000,5935698.742800000100000,9.965456551000001,53.566260118000002,,9.965,53.566
99774,99775,2,4,5,410,2016,12,22,4,3,0,7,2,0,1,0,0,0,0.0,0,566216.238900000000000,5938398.091799999600000,10.000387509999999,53.590237412000000,,10.0,53.59
99775,99776,2,2,7,219,2016,12,16,3,2,5,3,0,1,1,0,0,0,1.0,0,559506.536199999970000,5934656.600100000400000,9.898319486000000,53.557415433000003,,9.898,53.557