,OBJECTID,ULAND,UREGBEZ,UKREIS,UGEMEINDE,UJAHR,UMONAT,USTUNDE,UWOCHENTAG,UKATEGORIE,UART,UTYP1,ULICHTVERH,STRZUSTAND,IstRad,IstPKW,IstFuss,IstKrad,IstGkfz,IstSonstig,LINREFX,LINREFY,XGCSWGS84,YGCSWGS84,UIDENTSTLA,lat_short,long_short
99784,99785,2,6,2,602,2016,12,10,6,2,5,3,0,0,1,1,0,0,0.0,0,580009.333100000050000,5927127.565899999800000,10.205843765999999,53.487030109999999,,10.206,53.487
99791,99792,2,4,5,409,2016,12,17,6,3,7,7,2,0,1,0,0,0,0.0,0,565929.390299999970000,5938597.600300000000000,9.996096724999999,53.592066578999997,,9.996,53.592
99793,99794,2,6,2,603,2016,12,7,5,3,6,4,2,0,1,0,1,0,0.0,0,581251.551600000010000,5926921.089499999800000,10.224507494999999,53.484984257000001,,10.225,53.485
99796,99797,2,5,1,501,2016,12,16,6,3,5,3,2,0,1,1,0,0,0.0,0,568676.002300000050000,5935645.367600000500000,10.036937177000000,53.565182026999999,,10.037,53.565
99799,99800,2,1,1,101,2016,12,16,5,3,6,4,2,0,1,0,1,0,0.0,0,566575.906100000020000,5934111.642500000100000,10.004906603000000,53.551668773999999,,10.005,53.552
99806,99807,2,5,18,526,2016,12,7,6,3,4,2,1,0,1,1,0,0,0.0,0,576401.911800000000000,5939974.512799999700000,10.154625727000001,53.603018906000003,,10.155,53.603
99809,99810,2,2,4,213,2016,12,7,3,3,5,3,1,0,1,1,0,0,0.0,0,561574.364599999970000,5934362.759499999700000,9.929473409000000,53.554536075999998,,9.929,53.555
99821,99822,2,3,2,312,2016,12,7,3,3,4,6,2,1,1,0,0,0,0.0,0,565636.150000000020000,5935098.400000000400000,9.990931340000000,53.560655328000003,,9.991,53.561
99826,99827,2,2,8,220,2016,12,10,7,1,5,3,0,1,1,1,0,0,0.0,0,557949.573100000040000,5939943.641099999700000,9.875800083000000,53.605106907000000,,9.876,53.605
99829,99830,2,6,2,602,2016,12,9,5,2,1,6,0,0,1,1,0,0,0.0,0,579762.505099999950000,5927340.055499999800000,10.202178652000001,53.488977159999997,,10.202,53.489
99830,99831,2,5,18,526,2016,12,17,5,3,5,2,0,0,1,1,0,0,0.0,0,577112.423599999980000,5942884.145100000300000,10.166081317000000,53.629062640000001,,10.166,53.629
99834,99835,2,1,3,105,2016,12,17,3,3,3,2,2,0,1,1,0,0,0.0,0,564822.696899999980000,5933272.838000000500000,9.978273828000001,53.544349588000003,,9.978,53.544
99840,99841,2,1,1,101,2016,12,6,5,3,5,3,2,1,1,1,0,0,0.0,0,566408.322300000000000,5934427.392199999700000,10.002444565999999,53.554527708000002,,10.002,53.555
99857,99858,2,3,2,311,2016,12,13,4,3,3,2,0,1,1,1,0,0,0.0,0,565192.632699999960000,5936113.805900000000000,9.984448394999999,53.569836307999999,,9.984,53.57
99858,99859,2,5,2,509,2016,12,14,2,2,0,7,0,0,1,1,0,0,0.0,0,572107.583800000020000,5938126.261199999600000,10.089313499999999,53.587017342000003,,10.089,53.587
99875,99876,2,6,9,610,2016,12,12,3,3,5,3,0,0,1,1,0,0,0.0,0,578825.748799999940000,5925134.795300000300000,10.187509670000001,53.469300148999999,,10.188,53.469
99883,99884,2,1,5,113,2016,12,16,4,3,5,3,2,0,1,1,0,0,0.0,0,567351.839299999990000,5934654.870400000400000,10.016733678000000,53.556451891000002,,10.017,53.556
99887,99888,2,4,13,432,2016,12,17,5,3,5,3,2,1,1,0,0,0,0.0,1,567279.907800000040000,5945108.446600000400000,10.017904498000000,53.650408437999999,,10.018,53.65
99902,99903,2,7,9,710,2016,12,19,2,3,4,3,2,1,1,0,0,0,0.0,1,564269.243000000020000,5923671.514000000400000,9.967954990000001,53.458126831999998,,9.968,53.458
99905,99906,2,4,5,413,2016,12,11,5,3,6,7,0,0,1,0,1,0,0.0,0,566847.458899999970000,5937049.538099999500000,10.009633400000000,53.578037659000003,,10.01,53.578
99908,99909,2,4,2,405,2016,12,7,2,3,5,3,1,1,1,0,0,0,0.0,1,564574.855499999950000,5939247.368200000400000,9.975769530999999,53.598074785000001,,9.976,53.598
99921,99922,2,3,8,320,2016,12,12,5,2,5,3,0,0,1,1,0,0,0.0,0,559443.648000000040000,5940514.309999999600000,9.898486098999999,53.610068376999997,,9.898,53.61
99931,99932,2,5,8,516,2016,12,16,6,3,5,3,2,0,1,1,0,0,0.0,0,569842.866000000040000,5940258.562900000300000,10.055585002000001,53.606486885999999,,10.056,53.606
99932,99933,2,4,8,420,2016,12,18,5,3,0,7,2,0,1,1,0,0,0.0,0,568546.082500000020000,5936755.397599999800000,10.035219504000001,53.575174961999998,,10.035,53.575
99933,99934,2,1,5,114,2016,12,1,6,2,0,7,2,0,1,0,0,0,0.0,0,566760.799800000040000,5934909.937500000000000,10.007867438000000,53.558819730000003,,10.008,53.559
99934,99935,2,5,2,508,2016,12,0,4,3,0,7,2,0,1,0,0,0,0.0,0,571861.480400000000000,5938015.242800000100000,10.085570834000000,53.586053413999998,,10.086,53.586
99936,99937,2,3,9,321,2016,12,8,5,3,4,2,0,0,1,1,0,0,0.0,0,561572.017699999970000,5937705.304300000000000,9.930096954000000,53.584577078999999,,9.93,53.585
99939,99940,2,5,7,515,2016,12,12,3,3,0,7,0,0,1,0,0,0,0.0,0,571810.542000000020000,5942728.550499999900000,10.085887652000000,53.628418396000001,,10.086,53.628
99942,99943,2,5,7,515,2016,12,7,4,2,4,2,1,1,1,1,0,0,0.0,0,572573.497699999950000,5941114.281200000100000,10.097046153999999,53.613806017000002,,10.097,53.614
99945,99946,2,3,9,321,2016,12,21,4,3,5,3,2,1,1,1,0,0,0.0,0,560927.436200000000000,5938261.819400000400000,9.920470078999999,53.589653980000001,,9.92,53.59
99948,99949,2,5,16,524,2016,12,8,6,3,5,3,1,1,1,1,0,0,0.0,0,574966.443899999950000,5947436.102500000000000,10.134735136000000,53.670281314999997,,10.135,53.67
99950,99951,2,1,16,136,2016,12,14,2,3,0,7,0,0,1,0,0,0,0.0,1,567238.922600000050000,5930419.406999999700000,10.014119308000000,53.518401390000001,,10.014,53.518
6262,6263,2,3,9,321,2017,1,17,6,3,5,3,2,0,1,1,0,0,,0,561744.973299999950000,5937856.951500000400000,9.932739223000056,53.585919649000061,2170127000027352540,9.933,53.586
6313,6314,2,2,1,206,2017,2,18,4,3,4,2,2,0,1,1,0,0,,0,563570.219999999970000,5935014.929200000100000,9.959729195000023,53.560159444000078,2170201000016392211,9.96,53.56
6374,6375,2,4,5,409,2017,1,17,4,2,6,7,2,0,1,0,1,0,,0,565962.343800000030000,5938837.524100000000000,9.996645265000041,53.594218670000032,2170104000033340950,9.997,53.594
6378,6379,2,3,4,316,2017,1,17,2,3,1,5,2,0,1,1,0,0,,0,563993.350400000000000,5937483.743800000300000,9.966622168000072,53.582295964000082,2170109000023322910,9.967,53.582
6827,6828,2,2,12,225,2017,1,17,3,3,4,2,2,0,1,1,0,0,,0,554482.846299999980000,5936712.307599999900000,9.822848663000059,53.576436880000074,2170131000026338700,9.823,53.576
6964,6965,2,2,5,216,2017,1,19,4,3,5,3,2,0,1,1,0,0,,0,559522.193100000030000,5935539.245099999900000,9.898723947000065,53.565346406000060,2170125000025320230,9.899,53.565
7212,7213,2,4,2,403,2017,1,15,6,3,3,2,0,2,1,0,0,0,,1,565120.952900000030000,5938844.711299999600000,9.983936007000068,53.594388462000040,2170113000023323360,9.984,53.594
7580,7581,2,1,4,111,2017,1,0,1,3,0,7,2,0,1,0,1,0,,0,563901.040000000040000,5934459.969999999700000,9.964609394000036,53.555131681000034,2170122000016343540,9.965,53.555
7846,7847,2,4,7,417,2017,1,9,2,3,5,3,0,1,1,1,0,0,,0,568330.479300000010000,5935783.613599999800000,10.031751305000057,53.566469565000034,2170102000031329570,10.032,53.566
7910,7911,2,4,2,403,2017,2,21,4,3,5,3,2,0,1,1,0,0,,0,565120.917999999950000,5938847.155000000300000,9.983935990000077,53.594410428000060,2170201000023373521,9.984,53.594
7979,7980,2,1,7,120,2017,2,17,4,3,5,3,0,0,1,1,0,0,,0,568867.022600000030000,5934785.090699999600000,10.039631268000051,53.557425601000034,2170215000041368521,10.04,53.557
8194,8195,2,3,4,316,2017,9,18,2,3,3,2,0,0,1,1,0,0,,0,564193.175000000050000,5937695.983000000000000,9.969683711000073,53.584178991000044,2170925000023801550,9.97,53.584
8195,8196,2,4,3,406,2017,9,17,2,3,5,3,0,1,1,1,0,0,,0,565295.489999999990000,5939840.265999999800000,9.986781225000073,53.603313988000082,2170925000023798440,9.987,53.603
8199,8200,2,2,3,209,2017,9,20,1,3,1,7,2,0,1,1,0,0,,0,562530.134599999990000,5935336.376500000200000,9.944093557000031,53.563173350000056,2170924000021800940,9.944,53.563
8229,8230,2,1,4,110,2017,12,16,1,3,5,2,2,1,1,1,0,0,,0,563703.998000000020000,5934913.945399999600000,9.961727964000033,53.559235651000051,2171231000016980030,9.962,53.559
8232,8233,2,1,4,111,2017,9,17,7,3,5,3,0,0,1,0,0,1,,1,563864.633900000020000,5934669.159300000400000,9.964102658000059,53.557016162000082,2170923000016800630,9.964,53.557
8249,8250,2,3,9,321,2017,9,16,3,3,3,2,0,0,1,1,0,0,,0,561762.485100000050000,5937800.901499999700000,9.932992628000022,53.585413846000051,2170919000027797860,9.933,53.585
8252,8253,2,4,7,417,2017,12,16,4,3,0,7,1,1,1,0,1,0,,0,568410.405299999980000,5935674.621700000000000,10.032934058000023,53.565479628000048,2171227000031978980,10.033,53.565
8253,8254,2,6,1,601,2017,9,17,2,3,4,6,0,0,1,0,0,0,,0,579513.891100000010000,5927758.609600000100000,10.198538505000045,53.492776213000070,2170918000043796980,10.199,53.493
8254,8255,2,5,1,501,2017,12,22,3,3,3,2,2,1,1,1,0,0,,0,568518.059299999960000,5935527.934600000300000,10.034527072000060,53.564147290000051,2171226000031964550,10.035,53.564
8257,8258,2,3,6,318,2017,12,8,6,3,5,2,0,0,1,1,0,0,,0,563328.109100000000000,5940653.798999999600000,9.957219049000059,53.610866862000080,2171222000024976190,9.957,53.611
8260,8261,2,3,7,319,2017,9,9,2,3,4,2,0,0,1,0,0,0,,1,560165.834999999960000,5942444.342000000200000,9.909773303000065,53.627331828000081,2170918000024796540,9.91,53.627
8261,8262,2,2,12,225,2017,12,14,5,3,0,3,0,1,1,1,0,0,,0,554390.075799999990000,5936734.236600000400000,9.821451539000066,53.576643597000043,2171221000026976020,9.821,53.577
8265,8266,2,1,1,102,2017,12,15,5,2,6,6,0,0,1,0,1,0,,0,565353.141999999990000,5933658.945000000300000,9.986358439000071,53.547753893000049,2171221000014970270,9.986,53.548
8271,8272,2,3,1,307,2017,9,9,7,3,0,7,0,0,1,0,0,0,,0,563314.989999999990000,5936149.500000000000000,9.956106487000056,53.570387047000054,2170916000023770920,9.956,53.57
8272,8273,2,7,1,701,2017,9,17,6,3,0,7,0,0,1,0,0,0,,0,565022.051100000040000,5924382.323800000400000,9.979438204000076,53.464422796000065,2170915000046795130,9.979,53.464
8275,8276,2,4,7,417,2017,9,17,5,2,6,3,0,0,1,0,1,0,,0,568655.256399999950000,5935301.735200000000000,10.036548480000022,53.562096482000072,2170914000031793960,10.037,53.562
8283,8284,2,3,7,319,2017,9,8,5,3,5,3,0,0,1,1,0,0,,0,561622.471299999980000,5942621.169300000200000,9.931831086000045,53.628751614000066,2170914000024792920,9.932,53.629
8286,8287,2,3,1,307,2017,9,9,5,3,0,4,0,0,1,0,1,0,,0,562948.815500000030000,5936377.693099999800000,9.950623799000027,53.572481954000068,2170914000023795860,9.951,53.572
8287,8288,2,7,13,714,2017,6,12,6,3,5,3,0,0,1,1,0,0,,0,558270.112599999990000,5925134.418100000400000,9.877885939000066,53.471972666000056,2170602000047601600,9.878,53.472
8293,8294,2,1,6,117,2017,6,7,6,3,3,3,0,0,1,1,0,0,,0,568322.589799999960000,5933332.236200000200000,10.031096394000031,53.544439743000055,2170602000041594440,10.031,53.544
8296,8297,2,3,9,321,2017,6,9,6,3,4,2,0,0,1,1,0,0,,0,562152.173399999970000,5936729.129800000200000,9.938665021000077,53.575735423000026,2170602000023603560,9.939,53.576
8298,8299,2,2,1,206,2017,6,14,6,3,4,6,0,0,1,0,0,0,,0,563545.418199999960000,5935028.064199999900000,9.959357487000034,53.560280496000075,2170602000016627590,9.959,53.56
8304,8305,2,3,6,318,2017,6,12,5,3,6,3,0,0,1,0,1,0,,0,562053.010099999960000,5942245.875799999600000,9.938265747000060,53.625327897000034,2170601000024634710,9.938,53.625
8305,8306,2,3,4,316,2017,12,13,4,3,3,2,0,1,1,1,0,0,,0,563984.703800000020000,5937465.748399999900000,9.966487891000043,53.582135289000064,2171220000023976430,9.966,53.582
8306,8307,2,6,2,603,2017,5,7,4,3,4,2,0,0,1,1,0,0,,0,581034.511000000060000,5927213.501000000200000,10.221312876000070,53.487645519000068,2170531000043534910,10.221,53.488
8308,8309,2,6,2,602,2017,12,17,3,3,5,2,0,0,1,1,0,0,,0,580673.989999999990000,5927046.669999999900000,10.215837744000055,53.486201656000048,2171219000043977280,10.216,53.486
8310,8311,2,6,2,603,2017,5,7,4,3,3,2,0,0,1,0,0,0,,0,581443.573899999960000,5926485.187199999600000,10.227287574000059,53.481037283000035,2170531000043534900,10.227,53.481
8312,8313,2,1,8,121,2017,12,13,3,3,4,2,0,0,1,1,0,0,,0,568855.442799999960000,5934831.617100000400000,10.039466739000034,53.557845257000054,2171219000041980310,10.039,53.558
8321,8322,2,1,6,117,2017,12,8,3,3,5,3,0,1,1,1,0,0,,0,568011.332599999970000,5934099.458100000400000,10.026566713000022,53.551375288000031,2171219000041975150,10.027,53.551
8325,8326,2,1,8,124,2017,12,11,3,3,3,3,0,1,1,1,1,0,,0,569614.985299999940000,5934184.136300000400000,10.050786767000034,53.551926114000082,2171219000041975020,10.051,53.552
8328,8329,2,1,6,117,2017,12,18,3,3,4,2,2,1,1,1,0,0,,0,568003.579200000040000,5933115.515100000400000,10.026235754000027,53.542533442000035,2171219000041970140,10.026,53.543
8337,8338,2,2,3,209,2017,12,7,3,3,5,2,2,1,1,0,0,0,,1,562613.313800000000000,5935324.896999999900000,9.945346927000060,53.563060262000079,2171219000021974220,9.945,53.563
8338,8339,2,2,9,221,2017,9,11,7,3,5,3,0,1,1,1,0,0,,0,556258.769300000040000,5936313.002500000400000,9.849595101000034,53.572660631000076,2170909000026788020,9.85,53.573
8339,8340,2,2,5,216,2017,5,8,2,3,3,2,0,0,1,1,0,0,,0,560590.169100000060000,5935493.510999999900000,9.914838179000071,53.564813149000031,2170529000025541180,9.915,53.565
8342,8343,2,6,2,603,2017,12,16,2,3,5,2,2,0,1,1,0,0,,0,581299.792000000020000,5927245.448499999900000,10.225318336000043,53.487891703000059,2171218000043973120,10.225,53.488
8352,8353,2,4,12,431,2017,9,9,5,2,5,3,0,0,1,1,0,0,,0,566871.680100000000000,5942147.217600000100000,10.011092703000031,53.623848029000044,2170907000034782650,10.011,53.624
8353,8354,2,3,4,316,2017,9,15,5,2,5,4,0,0,1,0,1,0,,0,564003.837199999950000,5937505.250000000000000,9.966784957000073,53.582487966000031,2170907000023784320,9.967,53.582
8354,8355,2,3,4,316,2017,9,17,5,3,6,3,0,0,1,0,1,0,,0,563901.163500000020000,5937348.056699999600000,9.965202116000057,53.581087748000073,2170907000023784280,9.965,53.581
8355,8356,2,3,6,318,2017,9,7,4,3,0,3,0,1,1,1,0,0,,0,563129.063700000060000,5940817.500199999700000,9.954244063000033,53.612362110000049,2170906000024780440,9.954,53.612
8362,8363,2,3,1,305,2017,9,18,3,3,3,2,0,0,1,1,0,0,,0,563532.522000000000000,5936641.482400000100000,9.959490986000049,53.574782345000074,2170905000023779220,9.959,53.575
8363,8364,2,7,14,715,2017,5,12,7,3,3,2,0,0,1,1,0,0,,0,556729.785000000030000,5925166.094999999700000,9.854688262000025,53.472425579000060,2170527000047543280,9.855,53.472
8365,8366,2,7,14,715,2017,5,12,6,3,3,2,0,0,1,0,0,0,,0,555919.595899999960000,5925171.204800000400000,9.842484360000071,53.472558174000028,2170526000047543230,9.842,53.473
8376,8377,2,1,3,106,2017,5,17,5,3,1,6,0,0,1,0,0,0,,0,564329.274100000040000,5933927.803100000100000,9.970963226000038,53.550296635000052,2170525000014572640,9.971,53.55
8377,8378,2,3,6,318,2017,12,11,1,3,4,2,0,0,1,1,0,0,,0,564297.278599999960000,5944510.923800000000000,9.972662838000076,53.645413499000028,2171217000024973000,9.973,53.645
8383,8384,2,6,2,602,2017,12,7,6,2,6,6,1,0,1,0,1,0,,0,579882.523599999960000,5927312.313199999700000,10.203980068000021,53.488709643000050,2171215000043971560,10.204,53.489
8389,8390,2,4,1,402,2017,5,8,2,3,5,2,0,0,1,0,0,0,,1,564480.662499999980000,5937946.145300000000000,9.974077424000029,53.586391989000049,2170522000023546540,9.974,53.586
8392,8393,2,2,5,217,2017,12,7,6,3,6,7,0,0,1,0,1,0,,0,559187.721600000050000,5935672.776999999800000,9.893699749000064,53.566584353000053,2171215000025970540,9.894,53.567
8393,8394,2,3,9,321,2017,12,19,5,3,5,3,2,1,1,1,0,0,,0,561710.595199999980000,5937967.526399999900000,9.932241842000053,53.586917472000039,2171214000027971240,9.932,53.587
8400,8401,2,2,9,221,2017,5,11,7,3,3,2,0,0,1,1,0,0,,0,555446.121599999950000,5936428.208999999800000,9.837344762000043,53.573782579000067,2170520000026561260,9.837,53.574
8407,8408,2,4,5,409,2017,12,7,4,3,3,2,1,1,1,1,0,0,,0,566107.428199999970000,5938869.549300000100000,9.998843813000065,53.594488210000065,2171213000033968070,9.999,53.594
8418,8419,2,1,1,101,2017,9,17,6,3,4,6,0,0,1,0,0,0,,0,566294.734300000010000,5933658.932699999800000,10.000567287000024,53.547635748000062,2170901000014772800,10.001,53.548
8420,8421,2,7,14,715,2017,8,14,5,3,5,3,0,0,1,1,0,0,,0,556190.437299999990000,5925203.625199999700000,9.846570167000039,53.472820726000066,2170831000047746650,9.847,53.473
8422,8423,2,2,9,221,2017,8,5,5,3,4,2,2,1,1,0,0,0,,1,556149.339400000060000,5936331.965400000100000,9.847946148000062,53.572842785000034,2170831000026746470,9.848,53.573
8427,8428,2,4,2,403,2017,8,6,4,3,5,3,0,0,1,1,0,0,,0,565115.811100000050000,5938581.163400000000000,9.983803304000048,53.592020542000057,2170830000023745930,9.984,53.592
8431,8432,2,6,2,602,2017,8,15,2,3,6,3,0,0,1,0,1,0,,0,580659.220800000010000,5927038.701100000200000,10.215613165000036,53.486132305000069,2170828000043744300,10.216,53.486
8432,8433,2,7,14,715,2017,5,17,6,3,5,3,0,0,1,1,0,0,,0,556188.903900000030000,5925203.474200000100000,9.846547040000075,53.472819532000074,2170519000047542720,9.847,53.473
8435,8436,2,2,9,221,2017,8,20,2,2,3,2,2,0,1,1,0,0,,0,556635.133799999950000,5936244.990199999900000,9.855265763000034,53.572008871000037,2170828000026744280,9.855,53.572
8439,8440,2,7,14,715,2017,8,16,7,3,0,7,0,0,1,1,0,0,,0,556267.437099999980000,5925200.621799999800000,9.847729575000074,53.472785509000062,2170826000047744010,9.848,53.473
8440,8441,2,2,3,208,2017,5,20,5,3,5,3,2,0,1,0,0,0,,0,563108.820799999990000,5935188.881000000100000,9.952799575000029,53.561778489000062,2170518000021522080,9.953,53.562
8442,8443,2,2,3,209,2017,8,10,7,3,5,3,0,0,1,1,0,0,,0,562373.623299999980000,5935373.147699999600000,9.941738208000061,53.563522451000040,2170826000021743870,9.942,53.564
8444,8445,2,7,13,714,2017,5,6,4,3,0,5,0,0,1,0,0,0,,1,558320.589000000040000,5925136.893000000200000,9.878646767000021,53.471989321000081,2170517000047542540,9.879,53.472
8465,8466,2,3,1,306,2017,12,14,2,3,5,7,0,1,1,1,0,0,,0,563257.656599999990000,5936169.810399999800000,9.955244953000033,53.570576499000026,2171211000023967550,9.955,53.571
8467,8468,2,3,5,317,2017,12,16,2,3,3,6,2,1,1,0,0,0,,1,563786.474399999950000,5939434.928600000200000,9.963896800000043,53.599856975000080,2171211000023967420,9.964,53.6
8468,8469,2,2,9,221,2017,5,13,6,3,3,6,0,1,1,0,0,0,,0,556703.982599999990000,5936236.938199999700000,9.856303881000031,53.571929066000052,2170512000026560730,9.856,53.572
8469,8470,2,1,4,111,2017,12,13,2,3,5,3,0,1,1,1,0,0,,0,563901.277299999960000,5934458.560700000300000,9.964612687000056,53.555118987000071,2171211000016967590,9.965,53.555
8480,8481,2,4,2,403,2017,8,13,4,3,3,6,0,0,1,0,0,0,,0,565121.536899999950000,5938803.825699999900000,9.983936291000077,53.594020942000043,2170823000023742360,9.984,53.594
8484,8485,2,2,6,218,2017,8,8,3,3,3,2,0,0,1,1,0,0,,0,558017.185399999960000,5936079.028699999700000,9.876103096000065,53.570366273000047,2170822000025741050,9.876,53.57
8488,8489,2,3,9,321,2017,12,9,6,3,3,2,0,1,1,0,0,0,,1,561743.136000000060000,5937862.832000000400000,9.932712635000030,53.585972716000072,2171208000027961120,9.933,53.586
8494,8495,2,4,8,418,2017,8,17,1,3,4,2,0,1,1,1,0,0,,0,567739.407600000040000,5936578.200899999600000,10.023000373000059,53.573687261000032,2170820000031739370,10.023,53.574
8503,8504,2,3,4,316,2017,8,17,5,3,3,2,0,1,1,1,0,0,,0,563791.356600000060000,5937140.286500000400000,9.963501319000045,53.579233827000053,2170817000023738440,9.964,53.579
8512,8513,2,3,5,317,2017,8,12,3,3,6,3,0,0,1,0,1,0,,0,563954.236900000020000,5938949.808199999900000,9.966332007000062,53.595476635000068,2170815000023735610,9.966,53.595
8513,8514,2,2,3,208,2017,8,1,3,3,6,6,2,0,1,0,1,0,,0,563155.256799999970000,5935172.299200000200000,9.953497195000068,53.561623877000045,2170815000021732830,9.953,53.562
8515,8516,2,1,8,124,2017,5,18,4,3,3,2,0,0,1,1,0,0,,0,569770.081299999960000,5934155.159300000400000,10.053120926000076,53.551645108000059,2170510000041536260,10.053,53.552
8516,8517,2,2,5,216,2017,8,9,2,3,3,2,0,0,1,1,0,0,,0,559526.660500000000000,5935523.182500000100000,9.898788331000048,53.565201537000064,2170814000025734240,9.899,53.565
8528,8529,2,3,1,306,2017,5,16,3,3,6,4,0,0,1,0,1,0,,0,563379.958600000010000,5936275.542899999800000,9.957112994000056,53.571511989000044,2170509000023544680,9.957,53.572
8530,8531,2,3,4,316,2017,5,18,3,3,5,2,0,0,1,0,0,0,,1,564205.031300000030000,5937682.291699999900000,9.969859964000023,53.584054492000064,2170509000023544670,9.97,53.584
8534,8535,2,3,4,316,2017,5,15,1,3,5,3,0,0,1,1,0,0,,0,563753.473800000040000,5937073.758100000200000,9.962915640000063,53.578640523000047,2170507000023544290,9.963,53.579
8543,8544,2,1,1,102,2017,5,17,7,3,0,7,0,0,1,0,1,0,,0,565566.304499999970000,5933606.362200000300000,9.989564096000038,53.547254744000043,2170506000014571040,9.99,53.547
8546,8547,2,2,5,215,2017,12,8,3,3,0,1,0,1,1,0,0,0,,1,561829.256100000000000,5935383.457899999800000,9.933522411000070,53.563679531000048,2171205000025958860,9.934,53.564
8556,8557,2,1,8,124,2017,12,7,2,3,5,2,1,1,1,1,0,0,,0,569815.780099999970000,5934146.621399999600000,10.053808677000063,53.551562303000082,2171204000041958550,10.054,53.552
8557,8558,2,4,5,409,2017,12,16,2,3,4,6,1,0,1,0,0,0,,0,566193.180500000020000,5938834.754300000100000,10.000131877000058,53.594164680000063,2171204000033957640,10.0,53.594
8558,8559,2,2,13,226,2017,12,18,2,3,0,7,2,0,1,0,0,0,,0,552926.847300000020000,5937084.791600000100000,9.799414281000054,53.579943956000079,2171204000026950880,9.799,53.58
8567,8568,2,6,1,601,2017,5,12,4,2,5,3,0,0,1,1,0,0,,0,579454.842500000030000,5927801.549900000000000,10.197659534000024,53.493171025000038,2170503000043532210,10.198,53.493
8582,8583,2,2,5,216,2017,8,17,5,3,5,2,0,0,1,0,0,0,,1,560700.118699999990000,5935455.641200000400000,9.916490694000061,53.564460090000068,2170810000025033580,9.916,53.564
8584,8585,2,1,4,111,2017,8,8,5,3,5,3,0,0,1,1,0,0,,0,563885.251900000030000,5934561.504099999600000,9.964391856000077,53.556046122000055,2170810000016729510,9.964,53.556
8587,8588,2,4,5,412,2017,11,15,5,3,3,2,0,0,1,1,0,0,,0,567472.658000000050000,5937632.120900000400000,10.019200430000069,53.583193353000070,2171130000033925650,10.019,53.583
8588,8589,2,1,7,119,2017,8,7,3,3,6,7,0,0,1,0,1,0,,0,567948.445900000050000,5934303.203999999900000,10.025661946000071,53.553214526000033,2170808000041725970,10.026,53.553
8590,8591,2,4,5,411,2017,8,17,2,2,6,3,0,0,1,0,1,0,,0,567336.712999999990000,5938056.786100000100000,10.017238928000040,53.587027346000070,2170807000033724920,10.017,53.587
8591,8592,2,7,14,715,2017,11,16,4,3,5,3,2,0,1,1,0,0,,0,555918.553599999980000,5925171.019700000100000,9.842468626000027,53.472556621000081,2171129000047918560,9.842,53.473
8600,8601,2,3,4,316,2017,5,19,2,3,2,6,0,0,1,0,0,0,,0,564139.823300000050000,5937810.050900000100000,9.968901369000037,53.585210677000077,2170501000023543590,9.969,53.585
8607,8608,2,2,5,216,2017,4,11,7,2,5,2,0,0,1,1,0,0,,0,559437.231900000010000,5935550.914699999600000,9.897443514000031,53.565460916000063,2170429000025483080,9.897,53.565
8609,8610,2,1,3,107,2017,4,16,7,3,6,4,0,0,1,0,1,0,,0,564933.444400000040000,5933799.942800000300000,9.980054347000021,53.549073148000048,2170429000014513880,9.98,53.549
8617,8618,2,2,13,226,2017,4,7,6,3,5,3,0,0,1,1,0,0,,0,551701.308100000020000,5937155.289900000200000,9.780917161000048,53.580699817000038,2170428000026502320,9.781,53.581
8618,8619,2,3,1,306,2017,11,15,3,3,4,2,0,0,1,1,0,0,,0,563521.341900000000000,5936605.794300000200000,9.959314905000042,53.574462959000073,2171128000023925170,9.959,53.574
8621,8622,2,1,3,107,2017,11,8,3,3,5,2,0,0,1,0,0,0,,1,565146.527499999970000,5933730.822200000300000,9.983255537000048,53.548425548000068,2171128000014925480,9.983,53.548
8648,8649,2,2,9,221,2017,11,16,6,3,0,7,2,1,1,0,0,0,,0,556691.958199999990000,5936249.234699999900000,9.856124552000040,53.572040881000078,2171124000026921240,9.856,53.572
8651,8652,2,1,6,117,2017,8,17,4,3,3,2,0,0,1,1,0,0,,0,568045.345699999950000,5933957.158800000300000,10.027049050000073,53.550092016000065,2170802000041716630,10.027,53.55
8657,8658,2,4,4,407,2017,8,8,3,3,0,7,0,1,1,0,0,0,,0,565364.596200000030000,5939875.852800000500000,9.987832889000060,53.603625198000032,2170801000023714760,9.988,53.604
8672,8673,2,4,8,418,2017,11,17,4,3,5,2,2,1,1,1,0,0,,0,567470.835899999950000,5937323.976800000300000,10.019106293000050,53.580424258000050,2171122000031911290,10.019,53.58
8679,8680,2,3,8,320,2017,7,17,1,3,5,2,0,0,1,1,0,0,,0,560032.691299999950000,5941402.789599999800000,9.907559459000026,53.617986308000070,2170730000027693830,9.908,53.618
8683,8684,2,3,1,307,2017,7,13,5,3,3,2,0,0,1,1,0,0,,0,563314.989999999990000,5936149.500000000000000,9.956106487000056,53.570387047000054,2170727000023693060,9.956,53.57
8688,8689,2,4,2,403,2017,4,12,1,3,0,7,0,0,1,0,0,0,,0,565214.286899999950000,5938501.834400000100000,9.985274300000071,53.591295355000057,2170423000023487710,9.985,53.591
8689,8690,2,1,4,111,2017,4,22,1,3,0,6,2,0,1,0,0,0,,1,563904.685000000060000,5934438.320000000300000,9.964659982000057,53.554936662000046,2170423000016507850,9.965,53.555