,OBJECTID,ULAND,UREGBEZ,UKREIS,UGEMEINDE,UJAHR,UMONAT,USTUNDE,UWOCHENTAG,UKATEGORIE,UART,UTYP1,ULICHTVERH,STRZUSTAND,IstRad,IstPKW,IstFuss,IstKrad,IstGkfz,IstSonstig,LINREFX,LINREFY,XGCSWGS84,YGCSWGS84,UIDENTSTLA,lat_short,long_short
8693,8694,2,1,14,132,2017,4,17,7,2,4,2,0,0,1,1,0,0,,0,568401.413300000010000,5932895.491899999800000,10.032190258000071,53.540504397000063,2170422000041478810,10.032,53.541
8694,8695,2,2,5,217,2017,11,9,4,1,0,7,0,1,1,0,0,0,,0,558295.075700000040000,5935915.083499999700000,9.880268305000072,53.568862012000068,2171122000025916800,9.88,53.569
8699,8700,2,4,6,414,2017,7,8,4,3,0,7,0,1,1,1,0,0,,0,567677.604700000030000,5936666.791100000000000,10.022086391000073,53.574491409000075,2170726000031692110,10.022,53.574
8700,8701,2,2,9,221,2017,4,13,7,3,6,7,0,0,1,0,1,0,,0,557026.730400000000000,5936244.799700000300000,9.861178625000036,53.571964738000077,2170422000026501890,9.861,53.572
8713,8714,2,2,9,221,2017,4,17,4,3,0,3,0,0,1,1,0,0,,0,556526.477199999960000,5936258.075100000000000,9.853627473000074,53.572138191000079,2170419000026501760,9.854,53.572
8716,8717,2,2,5,215,2017,4,13,3,3,3,2,0,0,1,1,0,0,,0,561690.598899999980000,5935355.764100000300000,9.931423746000064,53.563446954000028,2170418000025481390,9.931,53.563
8718,8719,2,3,1,306,2017,4,18,3,3,4,6,0,0,1,0,0,0,,0,563431.060100000000000,5936395.457000000400000,9.957908927000062,53.572583518000044,2170418000023487060,9.958,53.573
8720,8721,2,3,1,304,2017,4,16,3,3,5,3,0,0,1,1,0,0,,0,561937.055300000010000,5937138.762099999900000,9.935497911000027,53.579442378000067,2170418000023486990,9.935,53.579
8728,8729,2,3,7,319,2017,11,16,3,3,5,3,2,1,1,1,0,0,,0,560138.450399999970000,5944016.406399999700000,9.909663167000076,53.641463644000055,2171121000024921710,9.91,53.641
8729,8730,2,2,3,209,2017,11,16,3,3,3,2,1,1,1,1,0,0,,0,562616.359999999990000,5935316.839999999900000,9.945391297000072,53.562987488000033,2171121000021921640,9.945,53.563
8742,8743,2,3,5,317,2017,7,3,7,3,0,7,2,0,1,0,0,0,,0,563791.729999999980000,5939427.889999999700000,9.963974766000035,53.599793077000072,2170722000023689720,9.964,53.6
8750,8751,2,6,1,601,2017,11,7,5,3,5,3,0,0,1,1,0,0,,0,579769.368499999980000,5927586.877799999900000,10.202344812000035,53.491194239000038,2171116000043916170,10.202,53.491
8754,8755,2,3,7,319,2017,11,20,5,3,5,3,0,0,1,1,0,0,,0,560165.834999999960000,5942444.342000000200000,9.909773303000065,53.627331828000081,2171116000024917040,9.91,53.627
8765,8766,2,4,5,410,2017,7,17,5,3,6,6,0,0,1,0,1,0,,0,567291.880200000010000,5938162.763399999600000,10.016584626000054,53.587985533000051,2170720000033667120,10.017,53.588
8767,8768,2,2,5,216,2017,7,18,5,3,4,2,0,0,1,1,0,0,,0,559436.776500000040000,5935551.055999999900000,9.897436666000033,53.565462238000066,2170720000025689400,9.897,53.565
8779,8780,2,6,1,601,2017,11,7,3,3,5,3,0,0,1,1,0,0,,0,579058.636999999990000,5928104.224000000400000,10.191765039000074,53.495950760000028,2171114000043914040,10.192,53.496
8783,8784,2,7,14,715,2017,7,15,4,3,5,3,0,0,1,1,0,0,,0,556905.908000000050000,5925086.252100000200000,9.857326934000071,53.471688969000070,2170719000047687650,9.857,53.472
8786,8787,2,3,1,306,2017,11,19,3,3,3,2,2,1,1,1,0,0,,0,563425.873000000020000,5936385.053000000300000,9.957828493000022,53.572490641000059,2171114000023913320,9.958,53.572
8791,8792,2,6,2,602,2017,7,8,3,3,4,2,0,0,1,1,0,0,,0,580673.989999999990000,5927046.669999999900000,10.215837744000055,53.486201656000048,2170718000043686970,10.216,53.486
8792,8793,2,1,6,117,2017,7,15,3,3,5,2,0,0,1,1,0,0,,0,568161.406199999970000,5933707.066300000100000,10.028745998000034,53.547829344000036,2170718000041686300,10.029,53.548
8808,8809,2,1,8,125,2017,4,15,5,3,5,3,0,1,1,1,0,0,,0,570062.113699999990000,5934101.120000000100000,10.057515978000026,53.551120564000030,2170413000041478210,10.058,53.551
8810,8811,2,4,1,402,2017,11,7,2,3,5,3,1,0,1,1,0,0,,0,564420.533399999960000,5937894.404799999700000,9.973158544000057,53.585934376000068,2171113000023912990,9.973,53.586
8820,8821,2,7,10,711,2017,4,12,4,3,5,3,0,0,1,1,0,0,,0,562764.911100000030000,5925089.495600000000000,9.945584944000075,53.471052321000059,2170412000046509650,9.946,53.471
8830,8831,2,1,6,117,2017,7,9,6,3,4,6,0,0,1,0,0,0,,0,568091.929200000010000,5933809.025200000000000,10.027719782000077,53.548754678000080,2170714000041683980,10.028,53.549
8852,8853,2,4,5,411,2017,7,12,6,3,4,6,0,0,1,0,0,0,,0,567314.185199999950000,5938110.017099999800000,10.016910151000047,53.587508632000038,2170714000033659870,10.017,53.588
8858,8859,2,4,5,409,2017,4,19,2,3,0,7,1,1,1,1,0,0,,0,566063.716699999990000,5938862.775399999700000,9.998182033000035,53.594432842000060,2170410000033505400,9.998,53.594
8859,8860,2,2,3,208,2017,11,8,4,3,0,7,0,0,1,0,0,0,,0,563158.131900000040000,5935171.284300000400000,9.953540390000057,53.561614410000061,2171108000021898770,9.954,53.562
8882,8883,2,2,14,227,2017,11,16,2,3,4,2,1,1,1,1,0,0,,0,549896.207900000040000,5937391.294900000100000,9.753692579000074,53.582995817000040,2171106000026901130,9.754,53.583
8890,8891,2,2,1,206,2017,7,16,3,3,6,6,0,1,1,0,1,0,,0,563277.874500000030000,5935129.257500000300000,9.955339438000067,53.561222278000059,2170711000016661020,9.955,53.561
8893,8894,2,4,2,403,2017,7,14,2,3,5,3,0,1,1,1,0,0,,0,564694.300399999950000,5938073.255699999600000,9.977330588000029,53.587508045000050,2170710000023678080,9.977,53.588
8897,8898,2,3,4,316,2017,7,15,1,3,4,2,0,0,1,1,0,0,,0,564183.680999999980000,5937680.307099999900000,9.969537096000067,53.584039270000062,2170709000023675980,9.97,53.584
8901,8902,2,3,1,306,2017,4,12,1,2,5,3,0,0,1,1,0,0,,0,562927.294100000060000,5936396.915500000100000,9.950302716000067,53.572657294000066,2170409000023485890,9.95,53.573
8902,8903,2,3,6,318,2017,4,10,7,3,5,3,0,0,1,1,0,0,,0,561942.130000000000000,5942373.743999999900000,9.936614889000055,53.626490213000068,2170408000024514490,9.937,53.626
8903,8904,2,4,2,403,2017,4,15,6,3,5,3,0,0,1,1,0,0,,0,565217.185999999990000,5938518.912999999700000,9.985321664000026,53.591448483000079,2170407000023485670,9.985,53.591
8904,8905,2,3,6,318,2017,11,9,2,3,0,2,0,0,1,1,0,0,,0,562931.425500000010000,5941131.188900000400000,9.951320440000075,53.615205091000064,2171106000024899640,9.951,53.615
8909,8910,2,1,3,107,2017,11,11,2,3,3,2,0,0,1,0,0,0,,1,565147.056600000010000,5933730.646499999800000,9.983263485000066,53.548423903000071,2171106000014901430,9.983,53.548
8914,8915,2,1,7,119,2017,11,16,1,3,5,2,1,0,1,0,0,0,,1,568936.174600000030000,5934558.194799999700000,10.040624971000057,53.555377387000078,2171105000041899830,10.041,53.555
8915,8916,2,1,4,111,2017,11,16,1,3,0,2,1,0,1,1,0,0,,0,563867.711600000040000,5934654.879800000200000,9.964146194000023,53.556887453000058,2171105000016899590,9.964,53.557
8916,8917,2,2,5,216,2017,4,7,4,3,5,3,0,0,1,0,0,0,,1,559530.567999999970000,5935536.654799999700000,9.898849889000076,53.565322175000063,2170405000025480090,9.899,53.565
8918,8919,2,2,3,209,2017,4,16,4,3,4,2,0,0,1,1,0,0,,0,562055.432000000030000,5935390.680999999900000,9.936938237000049,53.563717751000070,2170405000021463840,9.937,53.564
8927,8928,2,4,5,411,2017,11,8,6,3,7,7,0,0,1,0,0,0,,0,567363.275499999990000,5937991.679600000400000,10.017626075000067,53.586438814000076,2171103000033874500,10.018,53.586
8941,8942,2,6,1,601,2017,4,11,7,3,5,3,0,0,1,1,0,0,,0,579771.165500000000000,5927585.415799999600000,10.202371519000053,53.491180828000040,2170401000043474040,10.202,53.491
8944,8945,2,4,2,403,2017,11,13,5,3,6,3,0,0,1,0,1,0,,0,564857.427600000050000,5938185.419900000100000,9.979817858000047,53.588495937000062,2171102000023880320,9.98,53.588
8950,8951,2,2,5,216,2017,4,16,7,3,5,3,0,0,1,1,0,0,,0,559542.763000000040000,5935518.051099999800000,9.899030450000055,53.565153592000058,2170401000025479660,9.899,53.565
8954,8955,2,4,1,402,2017,10,19,2,3,3,6,2,0,1,1,0,0,,1,564562.649699999950000,5938024.114000000100000,9.975331901000061,53.587082624000061,2171030000023863800,9.975,53.587
8956,8957,2,4,5,411,2017,7,11,6,3,6,7,0,0,1,0,1,0,,0,567374.624500000030000,5937960.849499999500000,10.017790832000060,53.586160282000037,2170707000033673220,10.018,53.586
8957,8958,2,3,6,318,2017,4,13,7,3,5,3,0,0,1,1,0,0,,0,563040.648599999960000,5940894.779099999900000,9.952923444000021,53.613067282000031,2170401000024513980,9.953,53.613
8977,8978,2,1,6,117,2017,10,15,6,3,5,2,0,0,1,1,0,0,,0,568082.943500000050000,5933827.665300000500000,10.027588242000036,53.548923364000075,2171027000041861980,10.028,53.549
8979,8980,2,1,8,125,2017,10,14,6,3,3,2,0,0,1,1,0,0,,0,570584.325199999960000,5934001.000900000300000,10.065374134000024,53.550150845000076,2171027000041861880,10.065,53.55
8982,8983,2,4,8,418,2017,7,17,5,3,4,6,0,0,1,0,0,0,,0,568006.147400000020000,5936211.141099999700000,10.026948030000028,53.570353941000064,2170706000031672970,10.027,53.57
8984,8985,2,3,9,321,2017,7,13,5,2,0,3,0,0,1,0,0,0,,0,561678.934200000020000,5938069.164300000300000,9.931783713000073,53.587834652000026,2170706000027671200,9.932,53.588
8987,8988,2,1,4,111,2017,7,18,5,3,6,6,0,0,1,0,1,0,,0,564251.119900000050000,5933984.780000000300000,9.969795488000045,53.550818274000051,2170706000014672810,9.97,53.551
8989,8990,2,3,5,317,2017,7,15,4,3,5,2,0,0,1,0,0,0,,1,563980.172900000010000,5938751.673700000200000,9.966683182000054,53.593692786000076,2170705000023670040,9.967,53.594
8994,8995,2,4,2,404,2017,7,14,3,3,6,6,0,0,1,0,1,0,,0,565453.780200000040000,5938668.044200000400000,9.988926915000036,53.592759269000055,2170704000023657190,9.989,53.593
8996,8997,2,4,2,405,2017,4,14,7,3,6,6,0,0,1,0,1,0,,0,565121.835399999980000,5939560.449799999600000,9.984098829000061,53.600820835000036,2170401000023484800,9.984,53.601
8997,8998,2,2,3,209,2017,7,9,3,3,1,7,0,0,1,0,0,0,,1,562099.205899999940000,5935388.139999999700000,9.937598551000065,53.563689736000072,2170704000021667680,9.938,53.564
9001,9002,2,1,6,117,2017,3,17,6,3,5,2,0,0,1,1,0,0,,0,568274.613000000010000,5933431.091500000100000,10.030394055000045,53.545334410000066,2170331000041421500,10.03,53.545
9004,9005,2,4,6,414,2017,3,8,6,3,3,2,0,0,1,0,0,0,,0,567789.431199999990000,5936511.913599999600000,10.023741306000034,53.573085067000079,2170331000031438900,10.024,53.573
9005,9006,2,3,1,306,2017,3,16,6,3,6,6,0,0,1,0,1,0,,0,563496.258799999950000,5936535.512600000000000,9.958921860000032,53.573834353000052,2170331000023430470,9.959,53.574
9009,9010,2,2,1,206,2017,3,19,6,3,6,7,2,0,1,0,1,0,,0,563541.256900000040000,5935030.224800000000000,9.959295112000064,53.560300418000054,2170331000016450920,9.959,53.56
9010,9011,2,7,14,715,2017,10,11,5,3,5,3,0,0,1,1,0,0,,0,555918.190900000050000,5925170.955299999600000,9.842463150000071,53.472556081000050,2171026000047861350,9.842,53.473
9011,9012,2,3,7,319,2017,10,12,5,3,1,3,0,0,1,1,0,0,,0,560239.569099999960000,5943130.368900000100000,9.911020894000046,53.633488906000082,2171026000024861280,9.911,53.633
9014,9015,2,2,1,206,2017,7,19,3,3,6,4,0,0,1,0,1,0,,0,563455.565399999960000,5935069.395700000200000,9.958009563000076,53.560662827000044,2170704000016669080,9.958,53.561
9015,9016,2,1,4,110,2017,7,9,3,3,3,2,0,0,1,0,0,0,,1,563705.786800000000000,5934912.139899999800000,9.961754597000038,53.559219207000069,2170704000016667740,9.962,53.559
9016,9017,2,1,3,106,2017,7,13,3,3,0,3,0,0,1,0,0,0,,1,564571.755699999980000,5933846.808199999900000,9.974605850000046,53.549538945000052,2170704000014666930,9.975,53.55
9018,9019,2,3,7,319,2017,3,7,5,3,5,3,0,0,1,1,0,0,,0,561645.219200000050000,5942594.575699999900000,9.932169754000029,53.628509932000043,2170330000024458760,9.932,53.629
9020,9021,2,1,4,111,2017,3,18,4,3,5,2,0,1,1,1,0,0,,0,563891.980300000050000,5934518.362099999600000,9.964484591000030,53.555657572000030,2170329000016450820,9.964,53.556
9022,9023,2,1,6,117,2017,3,9,3,3,4,6,0,0,1,0,0,0,,0,567943.359300000010000,5934233.401399999900000,10.025570009000035,53.552587858000038,2170328000041420950,10.026,53.553
9024,9025,2,4,6,415,2017,3,15,3,3,6,4,0,0,1,0,1,0,,0,568173.943600000000000,5935992.510700000500000,10.029433717000074,53.568367308000063,2170328000031438360,10.029,53.568
9031,9032,2,2,12,225,2017,3,8,2,3,5,3,0,0,1,1,0,0,,0,554052.230899999970000,5936819.040500000100000,9.816364333000024,53.577440707000051,2170327000026444930,9.816,53.577
9059,9060,2,1,3,107,2017,7,9,3,3,2,2,0,0,1,0,0,0,,0,565140.504700000050000,5933732.821499999600000,9.983165066000026,53.548444263000079,2170704000014651290,9.983,53.548
9064,9065,2,7,13,714,2017,10,13,6,2,5,3,0,1,1,1,0,0,,0,559913.591699999990000,5925037.497999999700000,9.902624458000048,53.470917144000055,2171020000047854470,9.903,53.471
9069,9070,2,2,9,221,2017,7,5,2,3,0,6,1,0,1,0,0,0,,0,556684.728000000000000,5936236.946000000500000,9.856013149000034,53.571931217000042,2170703000026665430,9.856,53.572
9075,9076,2,3,1,304,2017,7,6,2,3,5,2,1,0,1,1,0,0,,0,562459.329099999970000,5936232.360100000200000,9.943203839000034,53.571234301000061,2170703000021664590,9.943,53.571
9086,9087,2,1,4,111,2017,6,0,6,3,0,7,2,1,1,0,0,0,,0,563991.552600000050000,5934229.817599999700000,9.965928389000055,53.553052204000039,2170630000016628670,9.966,53.553
9088,9089,2,2,5,216,2017,3,11,6,3,4,2,0,0,1,1,0,0,,0,559767.719500000010000,5935501.048499999600000,9.902423332000069,53.564975208000078,2170324000025423920,9.902,53.565
9089,9090,2,1,3,106,2017,6,15,6,3,5,3,0,1,1,1,0,0,,0,564273.946400000020000,5933966.803299999800000,9.970136277000052,53.550653918000080,2170630000014634620,9.97,53.551
9091,9092,2,1,3,106,2017,6,9,6,3,3,6,0,1,1,0,0,0,,0,564644.450300000030000,5933836.400299999900000,9.975700731000075,53.549436461000028,2170630000014634610,9.976,53.549
9098,9099,2,4,2,403,2017,6,18,5,3,3,6,0,0,1,0,0,0,,0,564714.467999999990000,5938084.735000000300000,9.977637590000029,53.587608724000063,2170629000023607690,9.978,53.588
9101,9102,2,2,13,226,2017,6,15,4,3,5,3,0,0,1,1,0,0,,0,553050.693399999990000,5937055.207899999800000,9.801279640000075,53.579665555000076,2170628000026622710,9.801,53.58
9105,9106,2,2,13,226,2017,6,7,2,3,0,7,0,0,1,0,0,0,,0,553581.418999999990000,5936895.609799999700000,9.809267469000076,53.578177191000066,2170626000026622530,9.809,53.578
9111,9112,2,7,14,715,2017,3,11,4,3,5,2,0,0,1,0,0,0,,1,554885.885200000020000,5924987.898900000400000,9.826880251000034,53.471019433000038,2170322000047425740,9.827,53.471
9115,9116,2,2,3,209,2017,3,7,4,3,5,3,0,0,1,1,0,0,,0,562523.796399999990000,5936052.392000000000000,9.944141190000039,53.569609187000026,2170322000021405850,9.944,53.57
9116,9117,2,2,1,206,2017,3,9,4,2,5,2,0,0,1,0,0,0,,1,563561.723499999960000,5935019.598399999600000,9.959601891000034,53.560202437000044,2170322000016450530,9.96,53.56
9126,9127,2,3,4,316,2017,3,9,3,3,6,7,0,0,1,0,1,0,,0,564142.569999999950000,5937798.040000000000000,9.968940386000043,53.585102396000082,2170321000023428910,9.969,53.585
9127,9128,2,4,2,403,2017,10,11,5,3,4,6,0,0,1,0,0,0,,0,565108.466099999960000,5938378.461900000500000,9.983650039000054,53.590199733000077,2171019000023855840,9.984,53.59
9129,9130,2,1,1,102,2017,3,11,3,3,5,2,0,0,1,1,0,0,,0,565345.894600000000000,5933661.059500000400000,9.986249515000054,53.547773798000037,2170321000014455790,9.986,53.548
9130,9131,2,2,5,215,2017,10,5,4,3,5,2,2,0,1,0,0,0,,1,561688.791600000000000,5935355.747000000400000,9.931396459000041,53.563447013000030,2171018000025856500,9.931,53.563
9140,9141,2,4,2,403,2017,3,5,1,2,5,3,2,0,1,1,0,0,,0,565063.072999999970000,5938357.677699999900000,9.982960022000043,53.590018577000080,2170319000023428560,9.983,53.59
9163,9164,2,1,14,133,2017,6,16,7,3,5,3,0,0,1,1,0,0,,0,568349.750000000000000,5932742.309999999600000,10.031377325000051,53.539134453000031,2170624000041596840,10.031,53.539
9164,9165,2,4,3,406,2017,6,7,7,3,1,5,0,0,1,0,0,0,,1,566626.228299999960000,5941484.627600000200000,10.007240344000024,53.617924555000059,2170624000034624810,10.007,53.618
9170,9171,2,3,1,307,2017,6,8,6,3,5,2,0,1,1,1,0,0,,0,563214.988099999960000,5936188.114600000000000,9.954604426000060,53.570746147000079,2170623000023606800,9.955,53.571
9191,9192,2,3,1,307,2017,10,12,6,3,3,2,0,0,1,1,1,0,,0,563314.989999999990000,5936149.500000000000000,9.956106487000056,53.570387047000054,2171013000023849230,9.956,53.57
9194,9195,2,1,6,115,2017,10,14,5,2,5,3,0,0,1,1,0,0,,0,566798.248299999980000,5933701.640999999800000,10.008174513000029,53.547955765000040,2171012000041850120,10.008,53.548
9203,9204,2,2,5,217,2017,6,15,5,3,3,2,0,0,1,0,0,0,,1,559405.408399999960000,5935573.323800000400000,9.896967337000035,53.565665921000061,2170622000025600550,9.897,53.566
9211,9212,2,3,1,305,2017,6,19,4,3,6,3,0,0,1,0,1,0,,0,563632.545900000030000,5936821.212000000300000,9.961037981000061,53.576385503000040,2170621000023606600,9.961,53.576
9215,9216,2,3,6,318,2017,3,11,6,3,5,3,0,0,1,1,0,0,,0,562517.238400000030000,5941686.504800000200000,9.945171685000048,53.620245462000071,2170317000024457900,9.945,53.62
9218,9219,2,3,1,304,2017,3,8,6,3,5,2,0,0,1,1,0,0,,0,562904.335800000000000,5936417.543700000300000,9.949960217000069,53.572845440000037,2170317000023428370,9.95,53.573
9220,9221,2,3,6,318,2017,6,15,3,3,5,3,0,0,1,1,0,0,,0,562519.026900000060000,5941685.167799999900000,9.945198452000057,53.620233233000079,2170620000024636050,9.945,53.62
9237,9238,2,3,4,316,2017,3,14,3,3,1,5,0,0,1,1,0,0,,0,564131.462999999990000,5937846.609699999900000,9.968782612000041,53.585540263000041,2170314000023427920,9.969,53.586
9241,9242,2,2,3,209,2017,3,15,3,3,5,3,0,0,1,1,0,0,,0,562021.516199999950000,5935392.230399999800000,9.936426545000074,53.563735686000030,2170314000021405080,9.936,53.564
9284,9285,2,1,6,117,2017,3,17,5,3,5,3,1,1,1,1,0,0,,0,567978.268000000040000,5934083.477199999600000,10.026064248000068,53.551235947000066,2170309000041418870,10.026,53.551
9295,9296,2,1,4,110,2017,10,17,2,3,0,3,0,0,1,1,0,0,,0,563660.419899999980000,5934955.472299999600000,9.961078634000046,53.559614154000030,2171002000016831740,9.961,53.56
9298,9299,2,5,1,501,2017,10,19,1,3,5,3,2,0,1,1,0,0,,0,568687.924499999960000,5935241.063000000100000,10.037028273000033,53.561546940000028,2171001000031817900,10.037,53.562
9307,9308,2,7,14,715,2017,6,23,6,3,4,2,2,0,1,1,0,0,,0,557297.549299999960000,5925063.295400000200000,9.863222362000045,53.471440169000061,2170616000047602510,9.863,53.471
9317,9318,2,1,8,121,2017,6,15,5,3,0,7,0,0,1,1,0,0,,0,568872.704700000000000,5934764.905899999700000,10.039712583000039,53.557243452000080,2170615000041595720,10.04,53.557
9325,9326,2,2,5,216,2017,3,20,5,3,5,2,2,1,1,1,0,0,,0,559527.492600000000000,5935522.924900000000000,9.898800844000050,53.565199127000028,2170309000025422390,9.899,53.565
9332,9333,2,4,8,418,2017,6,8,4,3,5,2,0,0,1,0,0,0,,1,567721.149199999990000,5936603.901899999900000,10.022730257000035,53.573920596000050,2170614000031614110,10.023,53.574
9333,9334,2,2,5,216,2017,6,21,4,3,5,3,1,0,1,1,0,0,,0,559524.239999999990000,5935538.611999999700000,9.898754729000075,53.565340484000046,2170614000025599340,9.899,53.565
9335,9336,2,1,8,121,2017,3,18,4,3,4,6,2,1,1,0,0,0,,0,568761.225300000050000,5935108.408599999700000,10.038105555000072,53.560345163000079,2170308000041418730,10.038,53.56
9340,9341,2,2,3,209,2017,3,9,3,3,5,3,0,0,1,0,0,0,,1,562355.759700000050000,5935377.444600000000000,9.941469395000070,53.563563192000061,2170307000021404580,9.941,53.564
9343,9344,2,4,5,409,2017,9,15,6,3,5,3,0,0,1,0,0,0,,1,565892.993299999970000,5938792.088100000300000,9.995588001000044,53.593819051000082,2170929000033804420,9.996,53.594
9346,9347,2,1,3,106,2017,6,10,4,3,5,3,0,0,1,1,0,0,,0,564510.936200000000000,5933862.222099999900000,9.973691204000033,53.549684951000074,2170614000014633070,9.974,53.55
9347,9348,2,1,2,104,2017,3,17,2,3,5,3,1,0,1,1,0,0,,0,568104.745299999950000,5932136.373200000300000,10.027549063000038,53.533720621000043,2170306000041418600,10.028,53.534
9354,9355,2,4,7,417,2017,3,13,1,3,3,2,0,0,1,1,0,0,,0,568682.827399999950000,5935250.769700000100000,10.036953466000057,53.561634842000046,2170305000031435470,10.037,53.562
9356,9357,2,3,4,316,2017,3,20,1,3,0,2,2,0,1,1,0,0,,0,564182.342399999960000,5937679.975499999700000,9.969516810000073,53.584036453000067,2170305000023426950,9.97,53.584
9360,9361,2,2,6,218,2017,9,8,5,3,4,2,0,0,1,1,0,0,,0,557634.339999999970000,5936163.470999999900000,9.870338162000053,53.571167396000078,2170928000025803270,9.87,53.571
9364,9365,2,3,6,318,2017,9,8,5,3,3,2,0,0,1,1,0,0,,0,563045.699600000050000,5940890.250000000000000,9.952998867000076,53.613025970000081,2170928000024803360,9.953,53.613
9373,9374,2,4,7,417,2017,2,15,3,3,0,3,0,0,1,0,0,1,,0,568506.514800000000000,5935544.994500000000000,10.034356538000054,53.564302117000068,2170228000031383671,10.034,53.564
9378,9379,2,6,2,602,2017,9,2,4,3,2,6,2,0,1,1,0,0,,0,580055.694600000050000,5927261.747000000400000,10.206576548000044,53.488228904000039,2170927000043798580,10.207,53.488
9383,9384,2,3,5,317,2017,9,14,4,3,5,3,0,0,1,1,0,0,,0,563888.185999999990000,5939253.515999999800000,9.965396380000072,53.598214186000064,2170927000023802870,9.965,53.598
9384,9385,2,7,14,715,2017,6,13,3,3,4,2,0,0,1,1,0,0,,0,556729.868400000040000,5925166.066499999700000,9.854689513000039,53.472425314000077,2170613000047602260,9.855,53.472
9387,9388,2,2,3,209,2017,9,7,4,3,3,6,0,0,1,0,0,0,,0,561963.403000000050000,5935393.919099999600000,9.935549592000029,53.563757728000041,2170927000021800070,9.936,53.564
9388,9389,2,7,14,715,2017,9,14,3,3,5,3,0,0,1,1,0,0,,0,557290.923500000030000,5925063.156499999600000,9.863122528000076,53.471439642000064,2170926000047795770,9.863,53.471
9396,9397,2,3,4,316,2017,9,15,3,3,3,2,0,0,1,1,0,0,,0,564185.912000000010000,5937687.041000000200000,9.969572176000042,53.584099516000038,2170926000023802290,9.97,53.584
9397,9398,2,2,5,215,2017,6,13,3,3,3,2,0,1,1,1,0,0,,0,561355.515800000050000,5935375.251199999800000,9.926369113000021,53.563661375000038,2170613000025599140,9.926,53.564
9402,9403,2,3,9,321,2017,6,7,2,3,3,2,0,0,1,0,0,0,,1,561161.207100000000000,5938868.265100000400000,9.924120226000071,53.595077108000055,2170612000027637390,9.924,53.595
9404,9405,2,2,9,221,2017,6,17,2,3,5,3,0,0,1,1,0,0,,0,557295.614599999970000,5936212.903400000200000,9.865232771000024,53.571648773000049,2170612000026621620,9.865,53.572
9407,9408,2,2,12,225,2017,6,15,2,3,3,2,0,1,1,1,0,0,,0,554479.200700000040000,5936713.169300000200000,9.822793760000025,53.576445003000060,2170612000026621600,9.823,53.576
9417,9418,2,3,8,320,2017,6,16,2,3,5,3,0,0,1,0,0,0,,1,560068.688199999980000,5941657.625699999700000,9.908152735000044,53.620272485000044,2170612000024635440,9.908,53.62
9420,9421,2,3,1,306,2017,6,17,1,3,3,6,0,0,1,0,0,0,,0,562834.124199999960000,5936474.433000000200000,9.948911512000052,53.573365137000053,2170611000023604930,9.949,53.573
9421,9422,2,3,1,304,2017,2,19,2,3,0,7,2,0,1,0,0,0,,0,562471.507100000050000,5936367.321300000000000,9.943414712000049,53.572445794000032,2170227000023376631,9.943,53.572
120784,120785,2,1,5,114,2017,1,14,5,3,1,5,0,1,1,0,0,0,,1,566764.885600000040000,5934151.431300000300000,10.007767100000024,53.552002366000067,2170105000011033840,10.008,53.552
120794,120795,2,3,8,320,2017,1,11,4,3,1,5,0,1,1,1,0,0,,0,560107.746700000020000,5940066.895100000300000,9.908436213000073,53.605971519000036,2170104000027350840,9.908,53.606
120814,120815,2,1,16,137,2017,1,7,3,2,5,3,2,1,1,1,0,0,,0,564204.771599999980000,5929706.872600000400000,9.968218598000021,53.512376943000049,2170103000003352760,9.968,53.512
120817,120818,2,5,18,526,2017,1,22,2,2,5,3,2,1,1,1,0,0,,0,576333.515499999980000,5941265.331199999900000,10.153908545000036,53.614629049000030,2170102000038306340,10.154,53.615
120823,120824,2,2,1,203,2017,1,16,2,3,5,3,1,0,1,1,0,0,,0,562750.701400000020000,5934001.311300000200000,9.947155184000053,53.551148317000070,2170102000021301830,9.947,53.551
121020,121021,2,4,5,410,2017,1,8,3,3,5,3,0,1,1,1,0,0,,0,567213.810500000020000,5938396.861700000200000,10.015455862000067,53.590099417000033,2170124000033342320,10.015,53.59
121022,121023,2,3,8,320,2017,1,14,3,3,5,3,0,1,1,1,0,0,,0,560115.068600000000000,5940855.606499999800000,9.908699033000062,53.613059125000063,2170124000027352300,9.909,53.613
121025,121026,2,4,2,403,2017,1,16,3,3,5,3,2,0,1,1,0,0,,0,565142.379800000000000,5938651.990500000300000,9.984219446000054,53.592653779000045,2170124000023324630,9.984,53.593
121026,121027,2,2,4,211,2017,1,18,3,3,4,6,2,0,1,0,0,0,,0,561480.605899999970000,5934829.721500000000000,9.928150164000044,53.558743842000069,2170124000021303730,9.928,53.559
121034,121035,2,1,12,130,2017,1,7,2,3,0,6,1,0,1,0,1,0,,0,572469.472700000040000,5933224.129099999600000,10.093642233000025,53.542912318000049,2170123000042311050,10.094,53.543