,OBJECTID,ULAND,UREGBEZ,UKREIS,UGEMEINDE,UJAHR,UMONAT,USTUNDE,UWOCHENTAG,UKATEGORIE,UART,UTYP1,ULICHTVERH,STRZUSTAND,IstRad,IstPKW,IstFuss,IstKrad,IstGkfz,IstSonstig,LINREFX,LINREFY,XGCSWGS84,YGCSWGS84,UIDENTSTLA,lat_short,long_short
121035,121036,2,5,6,514,2017,1,7,2,3,5,3,2,0,1,1,0,0,,0,573588.832599999970000,5938884.215200000400000,10.111864629000024,53.593623165000054,2170123000038308000,10.112,53.594
121036,121037,2,4,8,422,2017,1,13,5,3,5,3,0,0,1,1,0,0,,0,568854.334500000000000,5936296.896700000400000,10.039772947000074,53.571014008000077,2170126000031332720,10.04,53.571
121037,121038,2,4,8,422,2017,1,13,5,3,5,3,0,0,1,1,0,0,,0,568627.873900000010000,5936685.397900000200000,10.036439154000050,53.574535174000061,2170126000031332690,10.036,53.575
121039,121040,2,3,6,318,2017,1,15,5,3,5,3,0,0,1,0,0,0,,0,562944.439900000000000,5941340.411600000200000,9.951559431000021,53.617083865000041,2170126000024350320,9.952,53.617
121041,121042,2,1,1,101,2017,1,18,5,3,1,6,2,0,1,1,0,0,,0,566094.550099999990000,5933996.600700000300000,9.997617840000032,53.550695685000051,2170126000014348370,9.998,53.551
121046,121047,2,5,7,515,2017,1,7,4,3,5,3,1,0,1,1,0,0,,0,571424.970899999960000,5939621.379300000100000,10.079345853000063,53.600547297000048,2170125000036305750,10.079,53.601
121048,121049,2,4,7,416,2017,1,18,4,3,5,3,2,0,1,1,0,0,,0,567910.890400000030000,5935114.889100000300000,10.025271515000043,53.560514117000082,2170125000031332500,10.025,53.561
121049,121050,2,2,5,215,2017,1,21,4,3,1,7,2,0,1,1,0,0,,0,561370.735499999950000,5935023.697499999800000,9.926529823000067,53.560500041000068,2170125000025320240,9.927,53.561
121053,121054,2,7,4,705,2017,1,8,3,3,5,3,1,0,1,1,0,0,,0,565610.327900000030000,5922807.496299999800000,9.987969467000028,53.450196239000036,2170124000046346040,9.988,53.45
121054,121055,2,1,16,137,2017,1,9,3,3,5,3,0,1,1,1,0,0,,0,565729.629800000000000,5929501.264399999800000,9.991166857000053,53.510340658000075,2170124000044326940,9.991,53.51
121055,121056,2,1,12,130,2017,1,12,3,3,5,3,0,0,1,1,0,0,,0,575985.763999999970000,5931415.773000000000000,10.146256416000028,53.526163981000082,2170124000042311180,10.146,53.526
121059,121060,2,5,5,513,2017,1,5,3,2,5,3,2,1,1,1,0,0,,0,574918.932999999960000,5937874.578499999800000,10.131714572000021,53.584361379000029,2170124000038308120,10.132,53.584
121060,121061,2,5,18,526,2017,1,15,3,3,5,3,0,0,1,1,0,0,,0,576511.629500000040000,5939969.580299999600000,10.156282256000054,53.602958572000034,2170124000038308100,10.156,53.603
121063,121064,2,4,11,430,2017,1,8,3,3,3,2,1,1,1,1,0,0,,0,568714.508200000040000,5940457.417700000100000,10.038578282000060,53.608423189000064,2170124000036305720,10.039,53.608
121070,121071,2,4,5,409,2017,1,7,2,3,5,3,2,0,1,1,0,0,,0,567139.851000000020000,5939257.916000000200000,10.014524060000042,53.597847291000051,2170123000033342280,10.015,53.598
121071,121072,2,4,6,414,2017,1,12,2,3,2,2,0,0,1,1,0,0,,0,567184.546199999980000,5937293.613599999800000,10.014776271000073,53.580188132000046,2170123000031332210,10.015,53.58
121072,121073,2,2,7,219,2017,1,18,2,2,5,3,2,0,1,0,0,0,,0,559474.366400000060000,5933904.490000000200000,9.897690822000072,53.550659501000041,2170123000025320060,9.898,53.551
121076,121077,2,3,6,318,2017,1,14,2,3,4,6,0,0,1,1,0,0,,0,563516.626999999980000,5944335.806800000400000,9.960819523000055,53.643935037000062,2170123000024350120,9.961,53.644
121089,121090,2,5,6,514,2017,1,13,7,3,5,2,0,1,1,1,0,0,,0,574666.318800000010000,5939739.530799999800000,10.128345905000060,53.601157338000064,2170121000038307870,10.128,53.601
121097,121098,2,1,6,116,2017,1,14,6,3,5,2,0,0,1,1,0,0,,0,567662.010699999980000,5933931.039900000200000,10.021258507000027,53.549906820000047,2170120000041316810,10.021,53.55
121102,121103,2,5,7,515,2017,1,7,6,3,3,6,2,0,1,1,0,0,,1,572729.866900000020000,5941328.579300000300000,10.099459446000026,53.615710193000041,2170120000036305490,10.099,53.616
121104,121105,2,4,5,413,2017,1,8,6,3,3,6,1,1,1,1,0,0,,0,566240.724099999990000,5937341.040900000400000,10.000532960000044,53.580734422000035,2170120000033342030,10.001,53.581
121106,121107,2,4,5,408,2017,1,18,6,3,3,6,0,0,1,0,0,0,,0,567029.885699999980000,5939782.463399999800000,10.012975489000041,53.602575533000049,2170120000033342010,10.013,53.603
121107,121108,2,4,5,413,2017,1,14,6,3,3,6,0,1,1,1,0,0,,0,566788.661700000060000,5937048.369699999700000,10.008745255000065,53.578034649000074,2170120000033342000,10.009,53.578
121108,121109,2,2,5,215,2017,1,22,6,3,0,2,2,0,1,1,0,0,,0,561440.748000000020000,5934962.309799999900000,9.927574598000035,53.559940134000044,2170120000025319840,9.928,53.56
121110,121111,2,2,5,215,2017,1,7,6,2,5,3,1,1,1,0,0,0,,1,561810.337700000030000,5935724.579599999800000,9.933304308000061,53.566747550000059,2170120000021303430,9.933,53.567
121112,121113,2,6,14,615,2017,1,8,5,3,5,3,0,0,1,1,0,0,,0,578294.415999999970000,5926247.978099999900000,10.179784479000034,53.479383371000040,2170119000043313710,10.18,53.479
121115,121116,2,4,10,429,2017,1,17,5,3,5,2,2,0,1,1,0,0,,0,568544.321000000000000,5939605.195799999900000,10.035819038000056,53.600786526000036,2170119000031331820,10.036,53.601
121117,121118,2,4,8,419,2017,1,8,5,3,5,3,1,0,1,1,0,0,,0,568353.610899999970000,5937481.828700000400000,10.032472285000040,53.581728580000060,2170119000031331800,10.032,53.582
121119,121120,2,3,1,309,2017,1,7,5,3,5,3,2,0,1,0,0,0,,1,564450.683700000050000,5936589.484799999700000,9.973344477000069,53.574203025000031,2170119000017334200,9.973,53.574
121122,121123,2,6,2,602,2017,1,8,4,2,5,3,0,0,1,1,0,0,,0,580315.597900000050000,5927083.272500000000000,10.210447109000029,53.486585407000064,2170118000043313610,10.21,53.487
121130,121131,2,4,13,432,2017,1,19,4,3,4,2,2,0,1,1,0,0,,0,566376.984000000050000,5945859.992399999900000,10.004406665000033,53.657277967000027,2170118000034339840,10.004,53.657
121133,121134,2,3,8,320,2017,1,12,4,3,1,5,0,0,1,1,0,0,,0,558883.302700000000000,5940821.215900000200000,9.890075662000072,53.612889948000031,2170118000027351960,9.89,53.613
121136,121137,2,3,4,316,2017,1,7,4,3,3,6,1,0,1,0,0,0,,1,563879.567999999970000,5937116.061999999900000,9.964828495000063,53.579005378000033,2170118000023323880,9.965,53.579
121137,121138,2,3,1,309,2017,1,8,4,3,5,7,0,0,1,0,0,0,,1,563900.205800000000000,5935811.268799999700000,9.964873140000066,53.567276316000061,2170118000017334130,9.965,53.567
121139,121140,2,1,11,128,2017,1,8,3,3,5,3,0,1,1,1,0,0,,0,572339.829799999950000,5933743.251299999700000,10.091806236000025,53.547595527000055,2170117000042310540,10.092,53.548
121142,121143,2,5,9,517,2017,1,16,3,3,5,3,0,0,1,1,0,0,,0,571684.665700000010000,5944063.477199999600000,10.084292173000051,53.640432443000066,2170117000035328560,10.084,53.64
121145,121146,2,4,13,432,2017,1,7,3,3,0,7,0,0,1,0,0,0,,0,566969.223400000020000,5944473.551199999600000,10.013068063000048,53.644742470000040,2170117000034339740,10.013,53.645
121150,121151,2,2,14,227,2017,1,7,3,3,4,2,0,1,1,1,0,0,,0,549858.753400000050000,5936096.527800000300000,9.752920080000024,53.571362300000033,2170117000026338070,9.753,53.571
121155,121156,2,2,4,212,2017,1,14,3,3,7,7,0,0,1,0,0,0,,0,560803.376999999980000,5934292.183299999700000,9.917823170000077,53.553991643000074,2170117000021319530,9.918,53.554
121156,121157,2,3,1,310,2017,1,12,3,3,5,2,0,0,1,1,0,0,,0,563962.930000000050000,5935585.719999999700000,9.965773924000075,53.565241600000036,2170117000016343400,9.966,53.565
121168,121169,2,4,13,432,2017,1,16,2,3,5,3,0,1,1,0,0,0,,0,566554.065999999990000,5946832.222000000100000,10.007294117000072,53.665992926000058,2170116000034339710,10.007,53.666
121169,121170,2,4,13,432,2017,1,11,2,3,5,3,0,0,1,1,0,0,,0,566195.739999999990000,5947052.530000000300000,10.001918745000069,53.668018333000077,2170116000034339700,10.002,53.668
121171,121172,2,4,13,432,2017,1,9,2,3,5,2,0,0,1,1,0,0,,0,565526.635000000010000,5946806.610000000300000,9.991741152000031,53.665892524000071,2170116000034339660,9.992,53.666
121182,121183,2,3,6,318,2017,1,9,1,3,5,3,0,0,1,1,0,0,,0,562927.069699999990000,5941942.315499999600000,9.951418518000025,53.622495413000081,2170115000024033140,9.951,53.622
121192,121193,2,3,3,314,2017,1,10,7,3,0,1,0,2,1,0,0,0,,0,565808.753000000030000,5937197.106300000100000,9.993978988000038,53.579495234000035,2170114000017333940,9.994,53.579
121204,121205,2,3,7,319,2017,1,14,6,3,1,7,0,0,1,0,0,0,,1,561447.272400000020000,5942686.488500000000000,9.929195078000021,53.629359249000061,2170113000024349610,9.929,53.629
121205,121206,2,3,1,310,2017,1,13,6,3,5,3,0,1,1,0,0,0,,1,563499.420000000040000,5935630.260099999600000,9.958785538000029,53.565698189000045,2170113000023323340,9.959,53.566
121207,121208,2,3,1,309,2017,1,12,6,3,6,6,0,0,1,0,1,0,,0,564446.800099999990000,5935987.601700000500000,9.973161623000067,53.568794219000040,2170113000017333900,9.973,53.569
121209,121210,2,1,5,114,2017,1,17,6,2,5,3,2,1,1,1,0,0,,0,566638.966200000020000,5934115.619800000500000,10.005859128000054,53.551696518000028,2170113000014347550,10.006,53.552
121213,121214,2,6,9,610,2017,1,17,5,3,5,3,1,1,1,1,0,0,,0,577931.368600000050000,5925283.729100000100000,10.174075899000059,53.470771711000054,2170112000043313090,10.174,53.471
121219,121220,2,5,2,505,2017,1,8,5,3,5,3,1,1,1,1,0,0,,0,570119.647699999970000,5936726.219399999800000,10.058973362000074,53.574704759000042,2170112000037335610,10.059,53.575
121220,121221,2,2,9,221,2017,1,8,5,3,5,2,0,1,1,1,0,0,,0,556495.037900000000000,5937171.701299999800000,9.853318086000058,53.580352847000029,2170112000026337900,9.853,53.58
121221,121222,2,2,8,220,2017,1,16,5,2,5,2,1,0,1,1,0,0,,0,557947.043100000010000,5938427.606700000400000,9.875480082000024,53.591481869000063,2170112000025319170,9.875,53.591
121224,121225,2,1,8,121,2017,1,18,4,3,0,5,2,1,1,1,0,0,,0,569383.781399999980000,5935176.663700000400000,10.047517878000065,53.560876647000043,2170111000041315880,10.048,53.561
121227,121228,2,4,9,425,2017,1,13,4,3,1,6,0,1,1,1,0,0,,0,570513.061100000050000,5937519.907599999600000,10.065093001000037,53.581784901000049,2170111000037335520,10.065,53.582
121229,121230,2,4,11,430,2017,1,7,4,3,5,3,2,0,1,1,0,0,,0,567865.466999999950000,5942103.481700000400000,10.026106491000064,53.623327119000066,2170111000034339410,10.026,53.623
121231,121232,2,3,8,320,2017,1,14,4,3,5,3,0,1,1,1,0,0,,0,560320.425999999980000,5940322.036600000200000,9.911699476000024,53.608240131000059,2170111000027351450,9.912,53.608
121232,121233,2,2,7,219,2017,1,7,4,3,5,3,1,1,1,1,0,0,,0,559011.106799999950000,5934411.213499999600000,9.890795080000032,53.555265952000070,2170111000025319030,9.891,53.555
121242,121243,2,4,2,403,2017,1,13,3,3,0,2,0,1,1,1,0,0,,0,565343.694800000060000,5938387.689500000300000,9.987205197000037,53.590253399000062,2170110000023323040,9.987,53.59
121243,121244,2,4,2,404,2017,1,11,3,3,5,3,0,1,1,0,0,0,,0,565841.222100000010000,5938217.597000000100000,9.994684643000028,53.588662502000034,2170110000023323020,9.995,53.589
121245,121246,2,1,4,112,2017,1,9,3,3,3,6,0,0,1,1,0,0,,0,563591.403900000030000,5933826.075899999600000,9.959807113000068,53.549472266000066,2170110000015353250,9.96,53.549
121248,121249,2,1,5,114,2017,1,23,3,3,5,3,2,0,1,1,0,0,,0,566669.222300000020000,5934455.127799999900000,10.006388143000038,53.554743905000066,2170110000011301170,10.006,53.555
121260,121261,2,2,4,212,2017,1,10,2,3,6,6,0,0,1,0,1,0,,0,560493.795099999990000,5933729.402700000400000,9.913041815000042,53.548969444000079,2170109000025318770,9.913,53.549
121273,121274,2,3,1,307,2017,1,12,7,3,1,7,0,2,1,1,0,0,,0,563024.498799999940000,5935965.004700000400000,9.951683276000040,53.568763903000047,2170107000023322750,9.952,53.569
121277,121278,2,1,7,119,2017,1,14,6,3,5,3,0,0,1,1,0,0,,0,568684.806199999990000,5934225.839499999800000,10.036758105000047,53.552423420000082,2170106000041315480,10.037,53.552
121285,121286,2,4,6,414,2017,1,8,6,3,0,7,0,0,1,0,0,0,,0,567239.422200000030000,5936451.419700000400000,10.015423602000055,53.572612182000057,2170106000031330030,10.015,53.573
121286,121287,2,2,5,216,2017,1,14,6,2,5,3,0,0,1,1,0,0,,0,560662.513999999970000,5935398.359899999600000,9.915911870000059,53.563949627000056,2170106000025318120,9.916,53.564
121294,121295,2,4,9,424,2017,1,9,5,3,3,6,0,0,1,1,0,0,,0,570053.105199999990000,5936868.077499999700000,10.058000430000050,53.575988532000054,2170105000037335130,10.058,53.576
121296,121297,2,4,13,432,2017,1,10,5,3,5,3,0,0,1,0,0,0,,1,567389.008700000010000,5945426.489799999600000,10.019623806000027,53.653252655000074,2170105000034338960,10.02,53.653
121311,121312,2,1,8,123,2017,2,19,6,3,5,2,2,0,1,1,0,0,,0,570372.499700000040000,5934631.831899999600000,10.062319520000074,53.555848585000035,2170217000041368751,10.062,53.556
121317,121318,2,2,6,218,2017,2,12,6,3,5,3,0,0,1,1,0,0,,0,557572.371900000030000,5935220.754700000400000,9.869228746000033,53.562701504000074,2170217000025371381,9.869,53.563
121318,121319,2,2,5,216,2017,2,15,6,2,0,7,0,1,1,0,0,0,,0,560645.076600000030000,5935394.671099999900000,9.915647913000043,53.563918490000049,2170217000025371341,9.916,53.564
121326,121327,2,4,13,432,2017,2,7,2,3,5,2,1,1,1,1,0,0,,0,565733.718699999970000,5946728.530399999600000,9.994858303000058,53.665164824000044,2170220000034389891,9.995,53.665
121327,121328,2,4,4,407,2017,2,16,2,3,1,5,2,1,1,1,0,0,,0,566566.655600000060000,5940522.168499999700000,10.006134211000074,53.609282401000030,2170220000033391641,10.006,53.609
121331,121332,2,2,4,213,2017,2,7,2,3,1,5,1,1,1,1,0,0,,0,561889.141599999970000,5934300.718399999700000,9.934212036000076,53.553941473000066,2170220000021357151,9.934,53.554
121332,121333,2,2,2,207,2017,2,14,2,3,1,7,0,1,1,1,0,0,,0,564322.216000000010000,5935448.055900000000000,9.971169573000054,53.563960458000054,2170220000016392711,9.971,53.564
121335,121336,2,4,13,432,2017,2,12,1,3,0,7,0,1,1,0,0,0,,0,567562.809400000030000,5948574.921099999900000,10.022938128000021,53.681525144000034,2170219000034389841,10.023,53.682
121338,121339,2,2,5,216,2017,2,12,1,3,5,3,0,1,1,1,0,0,,0,560738.579299999980000,5936069.024299999700000,9.917190588000040,53.569968370000026,2170219000025371571,9.917,53.57
121339,121340,2,3,1,307,2017,2,10,1,2,3,2,0,1,1,1,0,0,,0,563128.666500000050000,5935959.143799999700000,9.953254807000064,53.568698707000067,2170219000023375591,9.953,53.569
121347,121348,2,4,5,413,2017,2,18,7,3,6,6,1,0,1,0,1,0,,0,567036.969500000010000,5937409.822700000400000,10.012572570000032,53.581251403000067,2170218000033391521,10.013,53.581
121353,121354,2,1,4,111,2017,2,12,7,3,3,2,0,0,1,1,0,0,,0,563694.719099999990000,5934176.531499999600000,9.961437637000074,53.552609402000030,2170218000016392661,9.961,53.553
121355,121356,2,4,2,404,2017,2,6,6,3,6,4,2,1,1,0,1,0,,0,565567.947200000050000,5938291.136400000200000,9.990572327000052,53.589357660000076,2170217000023375421,9.991,53.589
121366,121367,2,6,2,602,2017,2,11,5,3,0,7,0,0,1,0,0,0,,0,578859.886999999990000,5927470.353299999600000,10.188610387000040,53.490284155000040,2170216000043365931,10.189,53.49
121370,121371,2,4,13,432,2017,2,12,5,3,5,3,0,0,1,0,0,0,,1,566410.694600000050000,5946228.394999999600000,10.004995441000062,53.660584539000070,2170216000034389641,10.005,53.661
121380,121381,2,3,2,311,2017,2,15,5,3,5,2,0,0,1,1,0,0,,0,564274.022800000040000,5935829.265200000300000,9.970520475000058,53.567392398000038,2170216000017384641,9.971,53.567
121393,121394,2,5,5,513,2017,2,6,4,3,3,6,2,0,1,0,0,0,,0,573715.452200000060000,5937692.323900000200000,10.113495716000045,53.582894040000042,2170215000038361201,10.113,53.583
121394,121395,2,5,3,511,2017,2,16,4,3,5,3,0,0,1,1,0,0,,0,572625.978299999960000,5936142.478400000400000,10.096681664000073,53.569117730000073,2170215000037386361,10.097,53.569
121395,121396,2,5,12,520,2017,2,17,4,3,5,3,1,0,1,1,0,0,,0,570043.892499999960000,5946127.499300000300000,10.059943926000074,53.659203794000064,2170215000035379321,10.06,53.659
121407,121408,2,1,1,101,2017,2,9,4,3,1,5,0,0,1,0,0,0,,1,566366.562299999990000,5934474.524500000300000,10.001824304000024,53.554956577000041,2170215000014396791,10.002,53.555
121408,121409,2,1,5,113,2017,2,12,4,3,4,2,0,0,1,1,0,0,,0,567415.556899999970000,5934442.082100000200000,10.017649491000043,53.554531347000079,2170215000011355081,10.018,53.555
121415,121416,2,3,8,320,2017,2,10,3,3,5,3,0,0,1,1,0,0,,0,558824.079299999980000,5941421.260999999900000,9.889293893000058,53.618289455000081,2170214000027400631,9.889,53.618
121417,121418,2,2,13,226,2017,2,14,3,3,5,3,0,0,1,1,0,0,,0,552236.818100000030000,5936078.389999999700000,9.788824692000048,53.570967895000081,2170214000026387931,9.789,53.571
121418,121419,2,2,14,227,2017,2,8,3,3,0,7,0,2,1,0,0,0,,0,550110.502600000010000,5937989.238400000100000,9.757025268000064,53.588349555000036,2170214000026387891,9.757,53.588
121421,121422,2,4,2,404,2017,2,14,3,3,1,5,0,0,1,1,0,0,,0,565334.388799999960000,5938339.661200000000000,9.987054566000040,53.589822919000028,2170214000023374941,9.987,53.59
121423,121424,2,2,1,204,2017,2,18,3,3,5,3,2,0,1,1,0,0,,0,562442.845100000040000,5934470.425699999600000,9.942602812000075,53.555401128000028,2170214000021356751,9.943,53.555
121424,121425,2,6,3,604,2017,2,18,2,3,5,3,2,0,1,1,0,0,,0,581685.124799999990000,5922902.031200000100000,10.229995359000043,53.448799283000028,2170213000043365601,10.23,53.449
121426,121427,2,1,12,130,2017,2,8,2,3,5,3,0,0,1,1,0,0,,0,574028.259700000050000,5933298.671900000400000,10.117178784000032,53.543364822000058,2170213000042363331,10.117,53.543
121431,121432,2,2,9,221,2017,2,11,2,3,5,3,0,0,1,1,0,0,,0,556729.229500000020000,5936131.462100000100000,9.856665935000024,53.570978364000041,2170213000026387851,9.857,53.571
121444,121445,2,2,1,206,2017,2,20,7,3,5,7,2,0,1,1,0,0,,0,563066.117399999990000,5934961.723600000100000,9.952109103000055,53.559742082000071,2170211000021356571,9.952,53.56
121447,121448,2,3,4,315,2017,2,22,6,3,4,2,2,0,1,1,0,0,,0,564204.309000000010000,5936853.952600000400000,9.969678660000056,53.576610080000080,2170210000023374601,9.97,53.577
121448,121449,2,4,1,402,2017,2,7,6,3,1,5,0,0,1,1,0,0,,0,564318.627100000040000,5938044.525600000300000,9.971650304000036,53.587296058000049,2170210000023374561,9.972,53.587
121449,121450,2,2,4,213,2017,2,19,6,3,1,6,2,0,1,1,0,0,,0,561515.290000000040000,5934336.839999999900000,9.928576698000029,53.554310053000052,2170210000021356471,9.929,53.554
121451,121452,2,1,3,108,2017,2,9,6,3,3,2,0,0,1,1,0,0,,0,565644.914299999950000,5934402.063799999700000,9.990917382000021,53.554396092000047,2170210000014396501,9.991,53.554
121457,121458,2,2,12,225,2017,2,18,5,3,5,3,2,0,1,1,0,0,,0,554765.009500000040000,5935677.075100000000000,9.826928104000047,53.567103214000042,2170209000026387671,9.827,53.567
121471,121472,2,1,4,112,2017,2,13,4,3,3,2,0,0,1,1,0,0,,0,563511.621000000040000,5933840.887000000100000,9.958606116000055,53.549615035000045,2170208000015402171,9.959,53.55
121477,121478,2,4,6,414,2017,2,7,3,3,3,6,1,0,1,0,0,0,,1,567084.925900000030000,5937207.885999999900000,10.013253409000072,53.579430437000042,2170207000031381211,10.013,53.579
121478,121479,2,4,10,428,2017,2,7,3,3,3,6,1,0,1,1,0,0,,0,569116.278900000030000,5938805.363900000200000,10.044283409000059,53.593523295000068,2170207000031381201,10.044,53.594
121479,121480,2,4,6,415,2017,2,22,3,3,5,3,2,1,1,0,0,1,,0,568448.194499999980000,5936576.378300000000000,10.033702167000058,53.573578880000071,2170207000031381181,10.034,53.574
121488,121489,2,5,7,515,2017,2,14,2,2,5,2,0,0,1,1,0,0,,0,571581.974399999950000,5941893.527200000400000,10.082240015000025,53.620945444000029,2170206000036358291,10.082,53.621
121493,121494,2,2,1,203,2017,2,7,2,3,1,5,0,1,1,0,0,0,,1,562417.837100000000000,5933854.375400000300000,9.942102367000075,53.549867426000048,2170206000021356071,9.942,53.55
121510,121511,2,5,18,526,2017,2,15,6,3,5,3,0,0,1,1,0,0,,0,577592.156399999980000,5940430.026300000000000,10.172722624000073,53.606937558000027,2170203000038360031,10.173,53.607
121512,121513,2,4,12,431,2017,2,8,6,3,5,3,0,0,1,1,0,0,,0,568050.377699999950000,5943640.304499999600000,10.029237869000042,53.637114585000063,2170203000034388921,10.029,53.637
121516,121517,2,3,1,309,2017,2,21,6,3,6,4,2,1,1,0,1,0,,0,563900.565300000020000,5935810.081799999800000,9.964878324000040,53.567265604000056,2170203000017383941,9.965,53.567
121517,121518,2,3,2,312,2017,2,13,6,3,4,2,0,0,1,1,0,0,,0,565644.401300000030000,5936250.619199999600000,9.991298015000041,53.571009550000042,2170203000017383911,9.991,53.571
121521,121522,2,7,1,702,2017,2,18,6,3,5,3,2,1,1,1,0,0,,0,565403.292000000020000,5924221.411000000300000,9.985146488000055,53.462929405000068,2170203000003401891,9.985,53.463
121535,121536,2,3,1,307,2017,2,19,5,3,5,3,2,0,1,1,0,0,,0,563166.289100000050000,5935985.218700000100000,9.953828102000045,53.568928522000078,2170202000023373681,9.954,53.569
121536,121537,2,3,2,312,2017,2,17,5,3,5,3,2,0,1,0,0,0,,1,565209.576200000010000,5935469.711900000500000,9.984569751000038,53.564045573000044,2170202000017383791,9.985,53.564
121537,121538,2,2,2,207,2017,2,9,5,3,3,6,0,1,1,1,0,0,,0,563943.772000000000000,5935381.051799999500000,9.965442813000038,53.563404521000052,2170202000016392241,9.965,53.563
121543,121544,2,4,10,428,2017,2,18,4,3,5,3,2,0,1,0,0,1,,0,569073.118099999960000,5939031.254400000000000,10.043681441000047,53.595559070000036,2170201000031380411,10.044,53.596
121545,121546,2,3,6,318,2017,2,9,4,3,5,2,0,0,1,1,0,0,,0,563610.407200000020000,5942632.075100000000000,9.961889526000050,53.628611872000079,2170201000024398041,9.962,53.629
121549,121550,2,7,14,715,2017,1,7,3,3,5,3,1,1,1,1,0,0,,0,557300.828300000050000,5924895.901100000400000,9.863241226000071,53.469935323000072,2170131000047322090,9.863,53.47
121550,121551,2,1,14,132,2017,1,5,3,3,6,3,2,1,1,0,1,0,,0,569777.752300000050000,5931993.648900000400000,10.052754574000062,53.532218402000069,2170131000041317740,10.053,53.532
121553,121554,2,3,4,315,2017,1,15,3,3,2,6,0,1,1,1,0,0,,0,564262.834000000030000,5936908.816800000100000,9.970573719000072,53.577095993000057,2170131000023325560,9.971,53.577
121565,121566,2,4,13,432,2017,1,14,2,2,5,3,0,2,1,1,0,0,,0,567546.646300000020000,5946335.829900000200000,10.022206219000054,53.661404565000055,2170130000034340530,10.022,53.661
121571,121572,2,1,3,106,2017,1,12,2,3,5,2,0,1,1,1,0,0,,0,564769.861999999960000,5933923.844899999900000,9.977611423000042,53.550206896000077,2170130000014348660,9.978,53.55
121585,121586,2,1,8,121,2017,1,17,7,3,5,3,2,0,1,1,0,0,,0,569137.368999999950000,5934712.629999999900000,10.043695704000072,53.556738851000034,2170128000041317490,10.044,53.557
121589,121590,2,3,1,307,2017,1,14,7,2,5,3,0,0,1,1,0,0,,0,563226.931600000010000,5936037.707200000100000,9.954754306000041,53.569392949000076,2170128000023325210,9.955,53.569
121592,121593,2,1,8,122,2017,1,13,6,3,3,2,0,0,1,0,0,0,,0,570011.593100000060000,5935554.999200000400000,10.057079241000054,53.564193394000029,2170127000041317450,10.057,53.564
121600,121601,2,5,9,517,2017,1,10,6,3,5,3,0,0,1,1,0,0,,0,572350.466699999990000,5943886.280399999600000,10.094319753000036,53.638748385000042,2170127000035329160,10.094,53.639
121601,121602,2,4,12,431,2017,1,7,6,3,6,4,0,0,1,0,1,0,,0,567868.793399999970000,5943019.791000000200000,10.026356589000045,53.631561593000072,2170127000034340380,10.026,53.632
121603,121604,2,2,11,224,2017,1,13,6,3,0,7,0,0,1,0,0,0,,0,552616.268599999950000,5936061.989199999700000,9.794551382000066,53.570782572000041,2170127000026338570,9.795,53.571
121606,121607,2,2,4,212,2017,1,13,6,3,5,3,0,0,1,1,0,0,,0,560823.482599999990000,5934619.325600000100000,9.918190276000075,53.556929483000033,2170127000025320480,9.918,53.557
121608,121609,2,3,1,310,2017,1,17,6,3,1,5,2,0,1,1,0,0,,0,563415.330399999980000,5935753.205500000200000,9.957541012000036,53.566813307000075,2170127000023325060,9.958,53.567
121610,121611,2,4,2,404,2017,1,8,6,3,1,5,0,0,1,1,0,0,,0,565397.143599999950000,5938355.504700000400000,9.988005816000054,53.589957484000081,2170127000023325000,9.988,53.59
121611,121612,2,3,2,312,2017,1,13,6,3,5,3,0,0,1,1,0,0,,0,565611.453300000050000,5935066.984000000200000,9.990551950000054,53.560376073000043,2170127000017334650,9.991,53.56
121612,121613,2,1,4,112,2017,1,8,6,3,3,6,0,2,1,1,0,0,,0,563606.393799999960000,5933527.566499999700000,9.959972610000023,53.546787646000041,2170127000015353420,9.96,53.547
121614,121615,2,6,2,602,2017,1,13,5,3,5,3,0,0,1,1,0,0,,0,578683.291300000040000,5927347.052299999600000,10.185918372000060,53.489202515000045,2170126000043314280,10.186,53.489
121619,121620,2,4,4,407,2017,1,20,5,3,3,6,2,0,1,1,0,0,,0,567382.312400000050000,5941132.414200000500000,10.018592476000038,53.614662461000080,2170126000033342530,10.019,53.615
121620,121621,2,4,12,431,2017,3,8,5,3,3,6,0,0,1,0,0,0,,1,566984.692799999960000,5942511.121100000100000,10.012879460000022,53.627104013000064,2170316000034446470,10.013,53.627