,OBJECTID,ULAND,UREGBEZ,UKREIS,UGEMEINDE,UJAHR,UMONAT,USTUNDE,UWOCHENTAG,UKATEGORIE,UART,UTYP1,ULICHTVERH,STRZUSTAND,IstRad,IstPKW,IstFuss,IstKrad,IstGkfz,IstSonstig,LINREFX,LINREFY,XGCSWGS84,YGCSWGS84,UIDENTSTLA,lat_short,long_short
121621,121622,2,4,12,431,2017,3,18,5,3,1,5,0,0,1,1,0,0,,0,567629.006399999950000,5942798.795400000200000,10.022682978000034,53.629606528000068,2170316000034446440,10.023,53.63
121623,121624,2,3,5,317,2017,3,8,4,3,5,3,0,0,1,0,0,0,,1,564104.446200000010000,5937912.371199999900000,9.968388066000046,53.586134582000057,2170315000023428030,9.968,53.586
121626,121627,2,2,1,205,2017,3,18,5,3,4,2,2,0,1,1,0,0,,0,563291.491799999960000,5934068.789599999800000,9.955330259000050,53.551689855000063,2170316000021405220,9.955,53.552
121628,121629,2,3,1,309,2017,3,18,4,3,6,6,0,0,1,0,1,0,,0,564107.608299999960000,5935744.690499999600000,9.967990698000051,53.566652659000056,2170315000016439850,9.968,53.567
121633,121634,2,2,7,219,2017,3,15,3,3,4,6,0,0,1,0,0,0,,1,560249.443399999990000,5933955.760499999900000,9.909397906000038,53.551031922000050,2170314000025422860,9.909,53.551
121637,121638,2,1,8,126,2017,3,19,2,3,4,2,2,0,1,1,0,0,,0,570243.961899999990000,5933815.905000000300000,10.060196204000022,53.548533023000061,2170313000041419130,10.06,53.549
121638,121639,2,5,3,510,2017,3,18,2,3,5,3,1,0,1,1,0,0,,0,571343.303700000050000,5936254.803600000200000,10.077342213000065,53.570303170000045,2170313000037442090,10.077,53.57
121640,121641,2,4,12,431,2017,3,21,2,3,5,3,2,1,1,1,0,0,,0,567137.280900000010000,5943149.092400000400000,10.015323995000074,53.632817958000032,2170313000034446190,10.015,53.633
121643,121644,2,2,11,223,2017,3,19,2,3,1,5,2,0,1,1,0,0,,0,553890.990499999960000,5935244.237800000200000,9.813657599000067,53.563303510000026,2170313000026444140,9.814,53.563
121645,121646,2,3,3,314,2017,3,19,5,3,5,2,2,0,1,1,0,0,,0,564846.301100000040000,5937236.213700000200000,9.979452538000032,53.579966580000075,2170316000017439930,9.979,53.58
121646,121647,2,1,4,111,2017,3,15,5,3,5,2,0,0,1,1,0,0,,0,563693.361000000030000,5933848.076000000400000,9.961350230000051,53.549657630000070,2170316000015461230,9.961,53.55
121651,121652,2,5,18,526,2017,3,14,4,2,6,6,0,0,1,0,1,0,,0,575799.876399999950000,5940310.352500000000000,10.145611138000049,53.606124428000044,2170315000038410240,10.146,53.606
121653,121654,2,4,10,429,2017,3,16,4,3,5,3,0,0,1,1,0,0,,0,569279.709000000030000,5939829.067300000200000,10.046979705000069,53.602701767000042,2170315000036407480,10.047,53.603
121661,121662,2,3,2,312,2017,3,22,2,3,2,6,2,0,1,1,0,0,,0,565430.565999999990000,5936432.868800000300000,9.988107597000067,53.572674180000035,2170313000017439780,9.988,53.573
121662,121663,2,3,1,309,2017,3,11,2,3,3,2,0,0,1,1,0,0,,0,564239.599099999990000,5935854.589300000100000,9.970005977000028,53.567624209000030,2170313000017439770,9.97,53.568
121663,121664,2,1,5,113,2017,3,17,2,2,3,6,0,0,1,1,0,0,,0,567952.846400000040000,5934631.458100000400000,10.025799715000062,53.556164024000054,2170313000011403510,10.026,53.556
121664,121665,2,5,18,526,2017,3,13,1,2,1,5,0,0,1,1,0,0,,0,576234.452900000030000,5942465.741399999700000,10.152705278000042,53.625431166000055,2170312000038409870,10.153,53.625
121666,121667,2,5,7,515,2017,3,12,1,3,5,3,0,0,1,1,0,0,,0,570662.945500000030000,5940660.848299999700000,10.068068324000023,53.609992251000051,2170312000036407280,10.068,53.61
121667,121668,2,3,9,321,2017,3,22,1,3,1,5,2,0,1,1,0,0,,0,561001.272200000010000,5939330.573400000100000,9.921794467000041,53.599250676000054,2170312000027459500,9.922,53.599
121672,121673,2,7,8,709,2017,3,13,7,3,5,3,0,0,1,1,0,0,,0,564138.007600000010000,5921048.387900000400000,9.965444050000031,53.434567545000050,2170311000046451980,9.965,53.435
121673,121674,2,1,12,130,2017,3,16,7,2,5,3,0,0,1,1,0,0,,0,573115.275499999990000,5933278.227599999900000,10.103398759000072,53.543308989000082,2170311000042412880,10.103,53.543
121674,121675,2,5,18,526,2017,3,10,7,3,6,4,0,0,1,0,1,0,,0,576437.915999999970000,5939724.292600000300000,10.155108362000021,53.600765004000039,2170311000038409840,10.155,53.601
121681,121682,2,2,8,220,2017,3,8,7,2,5,2,0,0,1,1,0,0,,0,557741.428500000040000,5937692.260200000400000,9.872237892000044,53.584895632000041,2170311000025422580,9.872,53.585
121683,121684,2,1,4,109,2017,3,15,7,3,5,6,0,0,1,0,0,0,,0,564551.114300000020000,5934833.858400000300000,9.974498167000036,53.558412389000068,2170311000016450110,9.974,53.558
121686,121687,2,5,6,514,2017,3,22,6,3,6,7,2,0,1,0,1,0,,0,573961.874900000050000,5940375.553000000300000,10.117853625000066,53.606973034000077,2170310000038409720,10.118,53.607
121689,121690,2,5,12,520,2017,3,9,6,3,5,3,0,0,1,1,0,0,,0,570138.767899999980000,5945745.759600000500000,10.061293181000053,53.655760425000040,2170310000035433310,10.061,53.656
121691,121692,2,4,12,431,2017,3,12,6,3,0,1,0,0,1,0,0,0,,0,567852.561100000050000,5942666.516599999700000,10.026034127000059,53.628388808000068,2170310000034445940,10.026,53.628
121693,121694,2,4,5,413,2017,3,18,6,3,1,5,1,0,1,1,0,0,,0,566955.263700000010000,5937169.047299999700000,10.011286990000031,53.579097956000055,2170310000033448140,10.011,53.579
121694,121695,2,2,14,227,2017,3,20,6,3,5,3,2,0,1,1,0,0,,0,550920.679499999970000,5936791.477000000000000,9.769068060000052,53.577506334000077,2170310000026443960,9.769,53.578
121698,121699,2,3,2,312,2017,3,14,6,3,5,7,0,0,1,1,0,0,,0,565483.081899999990000,5935250.337600000200000,9.988652637000030,53.562039948000063,2170310000017439600,9.989,53.562
121717,121718,2,4,5,411,2017,3,14,5,2,5,3,0,0,1,1,0,0,,0,567821.601299999980000,5937820.502399999600000,10.024511372000063,53.584841346000076,2170309000033448080,10.025,53.585
121721,121722,2,2,7,219,2017,3,8,5,3,5,3,0,0,1,1,0,0,,0,557817.362100000030000,5933507.487400000000000,9.872610252000072,53.547276504000081,2170309000025422350,9.873,53.547
121722,121723,2,2,3,210,2017,3,15,5,3,5,3,0,1,1,1,0,0,,0,562402.170999999970000,5934468.055599999600000,9.941988436000031,53.555384664000030,2170309000021404730,9.942,53.555
121724,121725,2,1,5,114,2017,3,10,5,3,5,3,0,0,1,1,0,0,,0,566987.727300000030000,5934036.755699999600000,10.011105589000067,53.550943368000048,2170309000011403360,10.011,53.551
121726,121727,2,5,18,526,2017,3,6,4,3,5,2,0,0,1,1,0,0,,0,575535.880000000000000,5942789.440000000400000,10.142223361000049,53.628441386000077,2170308000038409410,10.142,53.628
121748,121749,2,5,4,512,2017,3,12,2,3,5,3,0,0,1,1,0,0,,0,574865.668300000020000,5937233.061499999800000,10.130756249000058,53.578603803000078,2170306000038409180,10.131,53.579
121749,121750,2,4,13,432,2017,3,13,2,3,5,2,0,1,1,0,0,0,,1,566232.691699999970000,5945208.735000000300000,10.002084807000074,53.651443368000059,2170306000034445670,10.002,53.651
121755,121756,2,3,2,311,2017,3,8,2,3,3,2,0,1,1,1,0,0,,0,564716.420000000040000,5935468.059999999600000,9.977124661000062,53.564091775000065,2170306000017439350,9.977,53.564
121759,121760,2,7,1,702,2017,3,9,7,3,1,5,0,0,1,1,0,0,,0,565278.913999999990000,5923581.706000000200000,9.983140498000068,53.457195545000047,2170304000046451400,9.983,53.457
121770,121771,2,1,20,141,2017,3,18,6,3,5,2,2,0,1,1,0,0,,0,557892.968800000030000,5931995.153500000000000,9.873471357000028,53.533675975000051,2170303000047424830,9.873,53.534
121771,121772,2,7,9,710,2017,3,8,6,2,5,3,0,0,1,1,0,0,,0,562348.194499999980000,5922764.007299999700000,9.938846614000056,53.450201449000076,2170303000046451380,9.939,53.45
121772,121773,2,7,4,705,2017,3,14,6,3,5,2,0,0,1,1,0,0,,0,565768.410200000040000,5922107.876799999700000,9.990203255000040,53.443888767000033,2170303000046451360,9.99,53.444
121776,121777,2,1,12,130,2017,3,13,6,3,5,3,0,0,1,1,0,0,,0,572791.424899999980000,5933074.086400000400000,10.098464946000036,53.541519367000035,2170303000042412360,10.098,53.542
121783,121784,2,5,7,515,2017,3,11,6,2,0,3,0,0,1,0,0,0,,1,571908.335599999990000,5942090.583999999800000,10.087218773000075,53.622671657000069,2170303000036406830,10.087,53.623
121788,121789,2,4,8,420,2017,3,10,6,3,5,3,0,0,1,1,0,0,,0,568522.716400000030000,5936728.675699999600000,10.034860816000048,53.574937862000070,2170303000031435280,10.035,53.575
121793,121794,2,2,1,201,2017,3,21,6,3,3,6,2,0,1,1,0,0,,0,563189.484999999990000,5933560.982800000300000,9.953688172000057,53.547138304000043,2170303000015461020,9.954,53.547
121795,121796,2,1,2,103,2017,3,15,6,3,0,1,0,0,1,0,0,0,,0,565260.866000000040000,5933096.649199999900000,9.984848643000021,53.542711863000079,2170303000014454350,9.985,53.543
121797,121798,2,1,5,113,2017,3,9,6,3,3,6,0,0,1,1,0,0,,0,567150.445500000030000,5934977.979799999900000,10.013763412000060,53.559381533000078,2170303000011403140,10.014,53.559
121808,121809,2,2,5,216,2017,3,14,5,2,5,3,0,1,1,1,0,0,,0,559902.496999999970000,5935293.116000000400000,9.904418169000053,53.563091057000065,2170302000025421680,9.904,53.563
121811,121812,2,2,4,213,2017,3,11,5,3,5,6,0,1,1,1,0,0,,0,561808.105800000020000,5934293.784300000400000,9.932987614000069,53.553888701000062,2170302000021404220,9.933,53.554
121813,121814,2,1,1,102,2017,3,9,5,3,4,2,0,1,1,1,0,0,,0,565707.285200000040000,5933824.577999999700000,9.991737358000023,53.549198282000077,2170302000014454230,9.992,53.549
121815,121816,2,1,20,141,2017,3,21,4,3,0,7,2,0,1,0,0,0,,0,557593.124900000050000,5932015.325500000300000,9.868951689000028,53.533890229000065,2170301000047424650,9.869,53.534
121818,121819,2,5,7,515,2017,3,13,4,2,5,3,0,0,1,1,0,0,,0,570772.640000000010000,5939591.028699999700000,10.069483093000031,53.600363034000054,2170301000036406760,10.069,53.6
121820,121821,2,5,17,525,2017,3,8,4,3,3,6,0,0,1,0,0,0,,1,576952.800999999980000,5945376.726900000100000,10.164284837000025,53.651485970000067,2170301000035432710,10.164,53.651
121821,121822,2,4,13,432,2017,3,19,4,3,1,5,2,0,1,1,0,0,,0,567565.935999999990000,5946423.419999999900000,10.022517140000048,53.662189245000036,2170301000034445320,10.023,53.662
121824,121825,2,3,7,319,2017,3,14,4,3,5,2,0,0,1,0,0,0,,1,559404.974900000030000,5942186.282800000200000,9.898220578000064,53.625099434000049,2170301000024457010,9.898,53.625
121826,121827,2,2,4,213,2017,3,17,4,3,0,5,1,0,1,1,0,0,,0,561840.982800000000000,5934217.837899999700000,9.933468793000031,53.553202269000053,2170301000021404100,9.933,53.553
121845,121846,2,5,12,520,2017,2,17,3,3,5,3,0,0,1,1,0,0,,0,569478.966400000030000,5944744.470400000000000,10.051087516000052,53.646849972000041,2170228000035380251,10.051,53.647
121848,121849,2,4,6,415,2017,2,7,3,3,0,7,0,0,1,0,0,0,,1,568139.296399999990000,5936275.533800000300000,10.028972381000074,53.570915370000080,2170228000031383681,10.029,53.571
121852,121853,2,2,3,210,2017,2,13,3,3,4,2,0,0,1,1,0,0,,0,562677.320300000020000,5935209.485600000200000,9.946290012000077,53.562015379000059,2170228000021357881,9.946,53.562
121857,121858,2,1,16,137,2017,3,10,6,3,5,3,0,0,1,1,0,0,,0,565636.785999999960000,5930216.024000000200000,9.989916762000064,53.516776021000055,2170317000044431670,9.99,53.517
121863,121864,2,1,8,123,2017,2,9,2,3,5,3,0,0,1,1,0,0,,0,570253.562099999980000,5935304.431200000500000,10.060675614000047,53.561909194000066,2170227000041369631,10.061,53.562
121864,121865,2,4,10,429,2017,2,14,2,3,6,6,0,0,1,0,1,0,,0,568965.624399999970000,5939735.205299999600000,10.042213245000028,53.601899655000068,2170227000036359641,10.042,53.602
121865,121866,2,5,12,520,2017,2,9,2,2,5,3,0,0,1,1,0,0,,0,569041.250299999960000,5944229.348500000300000,10.044352512000046,53.642278536000049,2170227000035380191,10.044,53.642
121867,121868,2,4,10,427,2017,2,8,2,3,3,2,0,0,1,1,0,0,,0,568992.143300000000000,5938305.663599999600000,10.042297647000055,53.589048818000037,2170227000031383491,10.042,53.589
121868,121869,2,2,5,215,2017,2,19,2,3,5,3,2,0,1,1,0,0,,0,560951.930500000020000,5935297.861800000100000,9.920261396000058,53.563012874000037,2170227000025372161,9.92,53.563
121870,121871,2,2,4,211,2017,2,16,2,3,1,5,0,0,1,1,0,0,,0,561652.376500000010000,5934618.291600000100000,9.930701239000030,53.556823490000056,2170227000021357791,9.931,53.557
121871,121872,2,2,4,214,2017,2,8,2,3,3,6,0,0,1,1,0,0,,0,561481.650799999940000,5933780.172700000000000,9.927959519000069,53.549310995000042,2170227000021357781,9.928,53.549
121872,121873,2,3,2,312,2017,2,17,2,3,2,6,1,0,1,0,0,0,,0,566081.368200000030000,5934788.691399999900000,9.997586347000038,53.557816042000070,2170227000017402001,9.998,53.558
121873,121874,2,3,1,309,2017,2,21,2,3,6,4,2,1,1,0,1,0,,0,563931.751599999960000,5935724.221699999600000,9.965331581000044,53.566490155000054,2170227000017385381,9.965,53.566
121875,121876,2,1,3,106,2017,2,8,2,3,5,3,0,0,1,1,0,0,,0,564882.050000000050000,5934564.320000000300000,9.979437397000027,53.555949171000066,2170227000014397921,9.979,53.556
121885,121886,2,2,5,215,2017,2,1,1,3,5,2,2,1,1,1,0,0,,0,561444.108200000020000,5934978.241999999600000,9.927628453000068,53.560082930000078,2170226000025372031,9.928,53.56
121886,121887,2,3,7,319,2017,2,17,1,3,0,7,1,1,1,0,0,0,,1,561022.859999999990000,5942948.910000000100000,9.922829567000065,53.631767352000054,2170226000024399571,9.923,53.632
121895,121896,2,4,11,430,2017,2,14,7,2,3,6,0,1,1,1,0,0,,0,567535.496399999950000,5942139.540400000300000,10.021126125000023,53.623693841000033,2170225000034390211,10.021,53.624
121897,121898,2,2,9,221,2017,2,9,7,2,1,6,0,1,1,1,0,0,,0,556005.176600000010000,5935301.900899999800000,9.845584618000032,53.563600399000052,2170225000026388541,9.846,53.564
121903,121904,2,7,4,705,2017,2,16,6,3,1,5,0,1,1,1,0,0,,0,566507.863400000030000,5922017.253600000400000,10.001315388000023,53.442981514000053,2170224000046395481,10.001,53.443
121914,121915,2,1,1,101,2017,2,12,6,3,5,3,0,0,1,1,0,0,,0,566318.536399999980000,5934572.232099999700000,10.001120189000062,53.555840766000074,2170224000014397711,10.001,53.556
121930,121931,2,4,10,428,2017,2,14,5,3,3,6,0,1,1,1,0,0,,0,568914.836099999960000,5939363.737599999600000,10.041363751000063,53.598567943000035,2170223000031383071,10.041,53.599
121931,121932,2,4,10,429,2017,2,7,5,3,3,6,0,1,1,0,0,0,,1,568583.713400000010000,5939223.032700000300000,10.036330147000058,53.597346854000079,2170223000031383031,10.036,53.597
121933,121934,2,2,5,215,2017,2,14,5,3,4,2,0,1,1,1,0,0,,0,560790.809000000010000,5937121.696999999700000,9.918184137000026,53.579423116000044,2170223000025371881,9.918,53.579
121935,121936,2,2,4,213,2017,2,8,5,3,0,4,0,1,1,0,1,0,,0,561520.390000000010000,5934458.290000000000000,9.928677574000062,53.555400976000044,2170223000021357431,9.929,53.555
121938,121939,2,2,2,207,2017,2,8,5,3,5,3,0,1,1,1,0,0,,0,563974.094799999960000,5935259.690700000200000,9.965875716000028,53.562310117000038,2170223000016392761,9.966,53.562
121947,121948,2,5,7,515,2017,2,17,4,3,5,3,0,0,1,1,0,0,,0,570095.780999999960000,5938827.845999999900000,10.059085079000056,53.593595285000049,2170222000036359291,10.059,53.594
121952,121953,2,3,1,310,2017,2,17,4,3,5,3,1,1,1,1,0,0,,0,563960.768599999950000,5935628.336199999800000,9.965750020000030,53.565624868000043,2170222000016392721,9.966,53.566
121955,121956,2,3,2,311,2017,3,13,6,3,6,4,0,0,1,0,1,0,,0,565177.041399999990000,5936081.950400000400000,9.984206347000054,53.569551952000040,2170317000017440010,9.984,53.57
121961,121962,2,1,16,137,2017,3,17,5,3,4,2,0,0,1,1,0,0,,0,566055.344599999950000,5928305.212700000000000,9.995825660000037,53.499550559000056,2170316000044431570,9.996,53.5
121970,121971,2,3,5,317,2017,2,7,3,3,5,3,0,0,1,1,0,0,,0,562893.664299999950000,5937857.066499999700000,9.950089140000046,53.585784165000064,2170221000023375671,9.95,53.586
121979,121980,2,1,13,131,2017,3,11,5,3,5,3,0,0,1,1,0,0,,0,573660.207500000020000,5931912.789699999600000,10.111299347000056,53.530961756000067,2170316000042413380,10.111,53.531
121981,121982,2,5,17,525,2017,3,11,5,3,3,6,0,0,1,1,0,0,,0,576946.491099999980000,5945374.486399999800000,10.164188836000051,53.651466763000030,2170316000035433580,10.164,53.651
121984,121985,2,5,7,515,2017,3,2,5,3,0,6,2,0,1,0,1,0,,0,570615.203100000040000,5940368.094899999900000,10.067280490000030,53.607367729000032,2170323000036408070,10.067,53.607
121988,121989,2,5,11,519,2017,3,17,5,3,4,2,0,0,1,1,0,0,,0,570620.458800000020000,5945255.980200000100000,10.068469112000059,53.651294023000048,2170323000035434170,10.068,53.651
121989,121990,2,1,11,128,2017,4,7,3,3,5,3,0,1,1,1,0,0,,0,571205.382100000050000,5934529.409000000000000,10.074866684000028,53.554815796000071,2170411000042472200,10.075,53.555
121990,121991,2,1,8,123,2017,4,7,3,3,5,3,0,0,1,1,0,0,,0,570319.202500000010000,5935339.937699999700000,10.061674445000051,53.562219501000072,2170411000041477880,10.062,53.562
122000,122001,2,2,5,215,2017,4,7,3,3,5,2,0,1,1,1,0,0,,0,561797.750499999970000,5935727.308299999700000,9.933114815000067,53.566773556000044,2170411000025480760,9.933,53.567
122003,122004,2,3,1,309,2017,4,8,3,3,1,6,0,1,1,1,0,0,,0,563872.172600000050000,5935888.306400000100000,9.964465666000024,53.567972089000079,2170411000017497490,9.964,53.568
122009,122010,2,5,2,505,2017,4,14,2,3,2,6,0,0,1,1,0,0,,0,570853.899800000010000,5936534.411999999500000,10.070016676000023,53.572882329000038,2170410000037499150,10.07,53.573
122015,122016,2,2,3,210,2017,4,16,2,3,2,6,0,0,1,1,0,0,,0,562324.516999999990000,5934478.023199999700000,9.940818376000038,53.555483471000059,2170410000021464180,9.941,53.555
122018,122019,2,4,5,409,2017,3,9,5,3,3,2,0,0,1,0,0,0,,1,566626.876900000030000,5938533.743200000400000,10.006619309000030,53.591404507000050,2170323000033448960,10.007,53.591
122022,122023,2,3,6,318,2017,3,8,5,3,2,6,0,0,1,1,0,0,,0,563621.952999999980000,5942836.891900000200000,9.962105963000056,53.630451200000039,2170323000024458370,9.962,53.63
122024,122025,2,1,12,130,2017,4,16,1,3,5,3,0,0,1,1,0,0,,0,576369.812999999970000,5932101.212000000300000,10.152215767000030,53.532268219000059,2170409000042471940,10.152,53.532
122027,122028,2,3,1,306,2017,3,10,5,3,5,2,0,0,1,1,0,0,,0,563012.169400000010000,5936789.399100000000000,9.951663483000061,53.576174482000056,2170323000023429160,9.952,53.576
122029,122030,2,3,2,311,2017,3,7,5,3,3,2,0,0,1,1,0,0,,0,564626.905999999960000,5936129.161700000100000,9.975910123000062,53.570044303000032,2170323000017440520,9.976,53.57
122032,122033,2,3,1,305,2017,4,4,1,3,6,6,2,0,1,0,1,0,,0,563028.872600000000000,5936847.360399999700000,9.951927413000021,53.576693391000049,2170409000023485880,9.952,53.577
122035,122036,2,6,2,602,2017,3,8,4,3,1,3,0,0,1,1,0,0,,0,578761.171800000010000,5926261.644200000000000,10.186819595000031,53.479436556000053,2170322000043416790,10.187,53.479
122036,122037,2,1,4,112,2017,4,14,1,3,0,7,0,0,1,0,0,0,,0,564044.205300000030000,5933478.324099999900000,9.966569120000031,53.546291874000076,2170409000014512090,9.967,53.546
122040,122041,2,6,14,615,2017,4,12,7,3,5,3,0,0,1,1,0,0,,0,578431.390999999950000,5926997.638000000300000,10.182035291000034,53.486100012000065,2170408000043474550,10.182,53.486
122043,122044,2,5,18,526,2017,4,21,7,3,1,5,2,0,1,1,0,0,,0,576237.890800000050000,5942466.868800000300000,10.152757525000027,53.625440797000067,2170408000038468750,10.153,53.625
122044,122045,2,4,9,424,2017,4,6,7,3,5,2,0,0,1,1,0,0,,0,570242.331899999990000,5936984.252799999900000,10.060883892000049,53.577007296000033,2170408000037499020,10.061,53.577
122046,122047,2,4,13,432,2017,4,16,7,3,5,3,0,0,1,0,0,0,,1,566386.932500000000000,5945857.414400000100000,10.004556628000046,53.657253535000052,2170408000034502930,10.005,53.657
122047,122048,2,4,5,411,2017,4,13,7,3,0,7,0,0,1,0,0,0,,0,567824.837700000030000,5938068.328999999900000,10.024614125000028,53.587068171000055,2170408000033505190,10.025,53.587
122048,122049,2,4,7,417,2017,4,19,7,3,1,5,0,0,1,1,0,0,,0,567878.000400000020000,5935395.872800000000000,10.024836091000054,53.563043612000058,2170408000031493700,10.025,53.563
122049,122050,2,5,1,504,2017,4,13,7,3,5,2,0,0,1,1,0,0,,0,569999.485499999950000,5936624.317300000200000,10.057136122000031,53.573805010000058,2170408000031493650,10.057,53.574
122051,122052,2,3,2,312,2017,4,17,7,3,1,7,0,0,1,1,0,0,,0,565325.316699999970000,5935928.905199999900000,9.986413005000031,53.568158059000041,2170408000017497310,9.986,53.568
122053,122054,2,7,1,702,2017,4,17,6,3,5,3,0,0,1,1,0,0,,0,565205.667400000030000,5924000.105999999700000,9.982124313000043,53.460964949000072,2170407000046509090,9.982,53.461
122054,122055,2,1,12,130,2017,4,16,6,3,5,3,0,0,1,1,0,0,,0,573930.403199999940000,5932189.564299999700000,10.115440267000054,53.533411158000035,2170407000042471820,10.115,53.533
122055,122056,2,1,8,124,2017,4,18,6,3,5,3,0,0,1,1,0,0,,0,569066.238999999940000,5934567.484299999700000,10.042590052000037,53.555443776000061,2170407000041477550,10.043,53.555
122066,122067,2,5,7,515,2017,4,17,6,3,5,2,0,0,1,1,0,0,,0,571487.160799999950000,5940852.591699999800000,10.080567890000054,53.611603616000082,2170407000036466380,10.081,53.612
122067,122068,2,5,7,515,2017,4,10,6,3,5,2,0,0,1,1,0,0,,0,571266.509300000030000,5941440.155299999800000,10.077367703000050,53.616914059000067,2170407000036466370,10.077,53.617
122068,122069,2,4,11,430,2017,4,8,6,3,0,4,0,0,1,0,1,0,,0,568458.890400000030000,5941324.231100000400000,10.034905957000035,53.616246733000082,2170407000036466360,10.035,53.616
122069,122070,2,5,7,515,2017,4,18,6,3,8,1,0,0,1,0,0,0,,0,571126.258099999980000,5940977.956100000100000,10.075142328000027,53.612779379000074,2170407000036466350,10.075,53.613
122070,122071,2,5,7,515,2017,4,18,6,3,0,7,0,0,1,0,1,0,,0,571077.876099999990000,5940870.174700000300000,10.074386536000077,53.611817323000082,2170407000036466330,10.074,53.612
122073,122074,2,2,9,221,2017,4,16,6,3,5,3,0,0,1,0,0,0,,0,556599.616200000050000,5937506.262500000200000,9.854958151000062,53.583348455000078,2170407000026501020,9.855,53.583
122077,122078,2,2,10,222,2017,4,23,6,2,0,1,2,0,1,0,0,0,,0,555669.510899999990000,5934480.643000000200000,9.840370925000059,53.556254966000040,2170407000026501010,9.84,53.556
122081,122082,2,1,3,107,2017,4,11,6,2,5,2,0,1,1,1,0,0,,0,565146.902600000030000,5933715.428299999800000,9.983257990000027,53.548287152000057,2170407000014511940,9.983,53.548
122087,122088,2,4,1,401,2017,3,18,4,3,3,2,0,0,1,1,0,0,,0,564933.121500000010000,5937790.281700000200000,9.980878964000056,53.584935374000054,2170322000023429060,9.981,53.585
122090,122091,2,5,7,515,2017,4,12,5,2,4,2,0,0,1,1,0,0,,0,570626.395999999950000,5940480.820799999900000,10.067475178000052,53.608379282000044,2170406000036466280,10.067,53.608
122093,122094,2,5,9,517,2017,4,12,5,3,5,2,0,0,1,0,0,0,,1,571375.041399999990000,5944127.259700000300000,10.079624394000064,53.641047967000077,2170406000035491080,10.08,53.641
122097,122098,2,4,6,414,2017,4,10,5,3,0,7,0,0,1,0,0,0,,0,566911.345899999960000,5936904.730000000400000,10.010567117000051,53.576728100000082,2170406000031493390,10.011,53.577
122101,122102,2,2,3,209,2017,4,8,5,3,5,3,0,0,1,1,0,0,,0,562406.282000000010000,5935580.231999999800000,9.942272593000041,53.565379709000069,2170406000021463940,9.942,53.565
122105,122106,2,1,3,108,2017,4,14,5,3,0,2,0,0,1,0,0,0,,0,565530.183199999970000,5934487.641599999700000,9.989203726000028,53.555179535000036,2170406000014511820,9.989,53.555
122109,122110,2,1,11,129,2017,4,7,4,3,5,3,0,0,1,1,0,0,,0,573126.529300000050000,5934393.056300000300000,10.103829249000057,53.553326309000056,2170405000042471570,10.104,53.553
122115,122116,2,4,10,427,2017,4,9,4,3,1,5,0,0,1,1,0,0,,0,569240.667900000000000,5938578.867700000300000,10.046112186000073,53.591471352000042,2170405000031493190,10.046,53.591
122118,122119,2,3,2,312,2017,3,8,4,3,5,3,0,0,1,0,0,0,,1,565207.445399999970000,5935472.530299999800000,9.984538172000043,53.564071168000055,2170322000017440440,9.985,53.564
122121,122122,2,7,13,714,2017,3,14,3,3,5,3,0,0,1,1,0,0,,0,558452.609599999970000,5925819.611100000300000,9.880762560000051,53.478110710000067,2170321000047425700,9.881,53.478
122122,122123,2,3,5,317,2017,4,7,4,3,5,3,0,0,1,1,0,0,,0,562339.757499999950000,5939335.790699999800000,9.942018483000027,53.599140071000079,2170405000023485320,9.942,53.599
122124,122125,2,7,7,708,2017,3,7,3,2,5,2,0,1,1,1,0,0,,0,565173.590300000040000,5919934.885400000000000,9.980799363000074,53.424432996000064,2170321000046452950,9.981,53.424
122126,122127,2,2,1,202,2017,4,16,4,3,0,7,0,0,1,0,0,0,,0,562664.649399999990000,5933245.562900000300000,9.945705077000071,53.544366401000048,2170405000021463830,9.946,53.544
122127,122128,2,2,3,208,2017,4,23,4,3,6,7,2,0,1,0,1,0,,0,563187.188300000040000,5935161.027700000400000,9.953976933000035,53.561518733000071,2170405000021463800,9.954,53.562
122128,122129,2,7,4,705,2017,4,13,3,3,2,6,0,0,1,1,0,0,,0,565574.239999999990000,5922780.782999999800000,9.987420570000040,53.449960648000058,2170404000046508680,9.987,53.45