,OBJECTID,ULAND,UREGBEZ,UKREIS,UGEMEINDE,UJAHR,UMONAT,USTUNDE,UWOCHENTAG,UKATEGORIE,UART,UTYP1,ULICHTVERH,STRZUSTAND,IstRad,IstPKW,IstFuss,IstKrad,IstGkfz,IstSonstig,LINREFX,LINREFY,XGCSWGS84,YGCSWGS84,UIDENTSTLA,lat_short,long_short
122130,122131,2,1,12,130,2017,4,18,3,3,5,7,0,0,1,1,0,0,,0,572791.140600000040000,5933073.536000000300000,10.098460529000022,53.541514460000030,2170404000042471500,10.098,53.542
122132,122133,2,1,8,126,2017,4,15,3,3,0,3,0,0,1,0,0,0,,1,569080.811699999960000,5933943.219200000200000,10.042672056000072,53.549831525000059,2170404000041477120,10.043,53.55
122135,122136,2,5,5,513,2017,4,12,3,3,5,2,0,0,1,1,0,0,,0,574387.943600000000000,5937352.307799999600000,10.123570737000023,53.579743419000067,2170404000038468250,10.124,53.58
122137,122138,2,5,18,526,2017,4,15,3,3,0,7,0,0,1,0,0,0,,0,576874.199799999940000,5940194.110799999900000,10.161815746000059,53.604923291000034,2170404000038468230,10.162,53.605
122138,122139,2,5,18,526,2017,4,14,3,3,5,3,0,0,1,1,0,0,,0,576878.342199999960000,5942646.552500000200000,10.162483689000055,53.626961909000045,2170404000038468220,10.162,53.627
122140,122141,2,4,9,424,2017,4,14,3,3,0,2,0,0,1,1,0,0,,0,569988.496700000020000,5937338.572499999800000,10.057130330000064,53.580225505000044,2170404000037498740,10.057,53.58
122144,122145,2,5,7,515,2017,4,13,3,3,5,2,0,0,1,1,0,0,,0,570895.619599999980000,5940191.741200000000000,10.071477781000056,53.605744982000033,2170404000036466130,10.071,53.606
122146,122147,2,5,7,515,2017,4,15,3,3,4,2,0,0,1,1,0,0,,0,571224.136100000000000,5941102.480999999700000,10.076650034000068,53.613885175000064,2170404000036466110,10.077,53.614
122149,122150,2,4,8,418,2017,4,16,3,3,3,6,0,0,1,0,0,0,,0,568071.368200000030000,5936257.811700000400000,10.027942915000040,53.570764917000076,2170404000031493160,10.028,53.571
122150,122151,2,4,10,426,2017,4,12,3,3,3,7,0,0,1,0,0,0,,0,569349.703300000050000,5937764.980499999600000,10.047578309000073,53.584142507000081,2170404000031493150,10.048,53.584
122152,122153,2,2,8,220,2017,4,7,3,3,1,7,0,0,1,1,0,0,,0,557832.936600000020000,5939131.518000000200000,9.873886892000030,53.597820859000080,2170404000025480010,9.874,53.598
122154,122155,2,3,1,303,2017,4,18,3,3,6,4,0,0,1,1,1,0,,0,562472.240100000050000,5936791.672399999600000,9.943510686000025,53.576259494000055,2170404000023485160,9.944,53.576
122165,122166,2,1,16,137,2017,4,22,2,3,4,2,2,0,1,1,0,0,,0,565480.766500000030000,5930269.912999999700000,9.987575364000065,53.517279796000082,2170403000044488960,9.988,53.517
122166,122167,2,1,16,137,2017,4,13,2,3,0,3,0,0,1,0,0,0,,1,565777.023399999950000,5928676.785799999700000,9.991708421000055,53.502924884000038,2170403000044488950,9.992,53.503
122167,122168,2,6,2,602,2017,4,11,2,3,5,3,0,0,1,1,0,0,,0,578197.795399999940000,5928100.247800000000000,10.178790371000048,53.496043686000064,2170403000043474140,10.179,53.496
122175,122176,2,2,8,220,2017,4,17,2,3,5,3,0,0,1,1,0,0,,0,557467.018099999990000,5938855.876600000100000,9.868307565000066,53.595383782000056,2170403000025479850,9.868,53.595
122178,122179,2,4,4,407,2017,3,8,3,3,5,3,0,0,1,1,0,0,,0,567071.114999999990000,5941636.430999999900000,10.013997583000048,53.619232042000078,2170321000034446720,10.014,53.619
122179,122180,2,3,5,317,2017,4,16,2,3,5,2,0,0,1,1,0,0,,0,562692.346099999970000,5938769.809700000100000,9.947231870000053,53.594011375000036,2170403000023484980,9.947,53.594
122180,122181,2,4,8,419,2017,3,8,3,3,5,3,0,0,1,1,0,0,,0,567983.097500000030000,5937346.741399999700000,10.026847294000049,53.580562696000072,2170321000031437460,10.027,53.581
122181,122182,2,2,14,227,2017,3,18,3,3,5,3,1,0,1,1,0,0,,0,551406.864500000030000,5937046.201799999900000,9.776452250000034,53.579748307000045,2170321000026444610,9.776,53.58
122185,122186,2,2,4,213,2017,4,5,2,3,5,3,2,0,1,0,0,0,,1,561275.871399999950000,5933954.878600000400000,9.924888316000022,53.550905206000039,2170403000021463610,9.925,53.551
122187,122188,2,3,3,313,2017,4,17,2,3,5,2,0,0,1,1,0,0,,0,565809.229900000030000,5936451.507899999600000,9.993829021000067,53.572794330000079,2170403000017496900,9.994,53.573
122188,122189,2,1,4,111,2017,4,17,2,3,3,2,0,0,1,1,0,0,,0,564443.831200000020000,5934336.244500000000000,9.972776226000065,53.553953371000034,2170403000016507080,9.973,53.554
122191,122192,2,7,1,702,2017,4,19,1,2,1,5,0,0,1,1,0,0,,0,565221.213299999940000,5923365.952200000200000,9.982226880000042,53.455263622000075,2170402000046508420,9.982,53.455
122196,122197,2,5,11,519,2017,4,12,1,3,1,7,0,0,1,1,0,0,,0,571111.489999999990000,5945837.031100000300000,10.076029820000031,53.656449324000050,2170402000035490760,10.076,53.656
122206,122207,2,5,2,509,2017,4,20,7,2,4,6,2,0,1,0,0,0,,0,571073.925099999990000,5937734.495699999900000,10.073612041000047,53.583637688000067,2170401000037498540,10.074,53.584
122207,122208,2,4,10,429,2017,4,21,7,2,0,7,2,0,1,0,0,0,,0,569065.610499999950000,5939762.578400000000000,10.043730031000052,53.602132490000031,2170401000036465980,10.044,53.602
122211,122212,2,6,10,611,2017,3,7,2,3,5,3,0,1,1,1,0,0,,0,577068.944900000000000,5929256.112099999600000,10.162061473000051,53.506597813000042,2170320000043416540,10.162,53.507
122215,122216,2,2,1,206,2017,4,23,7,3,3,2,2,0,1,1,0,0,,0,562898.590699999940000,5934845.205900000400000,9.949556884000060,53.558715000000063,2170401000021463430,9.95,53.559
122216,122217,2,1,4,112,2017,4,23,7,3,6,3,2,0,1,0,1,0,,0,563810.167000000020000,5933498.193599999900000,9.963041566000072,53.546498939000060,2170401000015518250,9.963,53.546
122217,122218,2,1,1,102,2017,4,13,7,3,6,4,0,0,1,0,1,0,,0,565964.413300000010000,5933986.291299999700000,9.995651732000056,53.550619398000038,2170401000014511110,9.996,53.551
122227,122228,2,1,8,124,2017,3,19,6,2,5,3,1,0,1,1,0,0,,0,569062.976400000040000,5934567.796099999900000,10.042540879000057,53.555447008000044,2170331000041421510,10.043,53.555
122228,122229,2,5,18,526,2017,3,16,6,2,5,3,0,0,1,1,0,0,,0,576966.469599999950000,5938500.936499999800000,10.162791974000072,53.589693746000080,2170331000038412040,10.163,53.59
122229,122230,2,5,6,514,2017,3,7,6,3,5,3,0,0,1,1,0,0,,0,573787.286300000040000,5939066.324699999800000,10.114905561000057,53.595231856000055,2170331000038412020,10.115,53.595
122240,122241,2,1,5,114,2017,3,18,6,3,4,2,0,0,1,1,0,0,,0,567454.040599999950000,5934225.697599999600000,10.018183619000069,53.552581719000045,2170331000011404070,10.018,53.553
122252,122253,2,4,11,430,2017,3,7,5,2,5,3,0,1,1,1,0,0,,0,568370.154600000010000,5941763.773199999700000,10.033661264000045,53.620208501000036,2170330000034447390,10.034,53.62
122253,122254,2,4,5,408,2017,3,13,5,3,6,7,0,0,1,0,1,0,,0,567084.560900000040000,5940044.572300000100000,10.013858030000051,53.604924138000058,2170330000033449590,10.014,53.605
122257,122258,2,3,9,321,2017,3,18,5,3,5,3,0,0,1,1,0,0,,0,561945.947099999990000,5936321.452200000200000,9.935470025000029,53.572095872000034,2170330000027460680,9.935,53.572
122258,122259,2,1,16,137,2017,3,14,5,3,5,3,0,0,1,1,0,0,,0,562472.807599999940000,5930744.758600000300000,9.942311181000036,53.521913519000066,2170330000002418030,9.942,53.522
122263,122264,2,2,5,215,2017,3,17,2,3,4,2,1,1,1,1,0,0,,0,561443.803500000040000,5934977.754900000100000,9.927623758000038,53.560078588000067,2170320000025423390,9.928,53.56
122269,122270,2,4,12,431,2017,3,8,4,2,5,2,0,1,1,1,0,0,,0,567099.391100000010000,5943007.931099999700000,10.014720641000054,53.631554190000031,2170329000034447300,10.015,53.632
122270,122271,2,4,5,410,2017,3,11,4,3,0,2,0,1,1,0,0,0,,1,566423.091000000010000,5938332.846599999800000,10.003498189000027,53.589624877000062,2170329000033449460,10.003,53.59
122277,122278,2,7,16,717,2017,3,6,3,3,0,7,1,0,1,0,0,0,,0,552540.606600000060000,5932006.702800000100000,9.792727418000027,53.534342334000030,2170328000047426100,9.793,53.534
122284,122285,2,5,17,525,2017,3,18,3,2,3,6,0,0,1,0,0,0,,0,575950.819999999950000,5944539.223000000200000,10.148923758000024,53.644106058000034,2170328000035434580,10.149,53.644
122289,122290,2,5,11,519,2017,3,16,3,3,5,3,0,0,1,1,0,0,,0,572205.091099999960000,5945505.016200000400000,10.092497306000041,53.653315742000075,2170328000035434550,10.092,53.653
122293,122294,2,2,5,217,2017,3,9,3,3,4,2,0,0,1,1,0,0,,0,559198.572900000030000,5936397.590300000300000,9.894000963000053,53.573097367000059,2170328000025424230,9.894,53.573
122294,122295,2,2,4,211,2017,3,9,3,3,5,3,0,0,1,0,0,0,,0,561480.914899999970000,5934829.758600000300000,9.928154836000033,53.558744140000044,2170328000021406320,9.928,53.559
122297,122298,2,2,2,207,2017,3,1,3,3,5,3,2,0,1,1,0,0,,0,563943.788799999980000,5935435.138700000000000,9.965454137000052,53.563890614000059,2170328000016450760,9.965,53.564
122301,122302,2,6,2,603,2017,3,7,2,3,2,6,0,0,1,1,0,0,,0,581075.993200000030000,5926944.276100000400000,10.221868379000057,53.485219700000073,2170327000043417350,10.222,53.485
122303,122304,2,1,11,129,2017,3,12,2,3,6,3,0,0,1,0,1,0,,0,572034.398000000040000,5934282.164099999700000,10.087321497000062,53.552480712000033,2170327000042414510,10.087,53.552
122305,122306,2,5,6,514,2017,3,8,2,3,5,3,0,0,1,1,0,0,,0,573491.371000000040000,5938818.702800000100000,10.110376934000044,53.593048088000046,2170327000038411510,10.11,53.593
122307,122308,2,5,2,507,2017,3,8,2,3,5,3,0,0,1,1,0,0,,0,570943.601999999960000,5936462.885599999700000,10.071354824000025,53.572227399000042,2170327000037443220,10.071,53.572
122308,122309,2,5,7,515,2017,3,13,2,3,5,3,0,0,1,1,0,0,,0,571713.002699999950000,5940792.724100000200000,10.083967163000068,53.611034726000071,2170327000036408340,10.084,53.611
122316,122317,2,3,5,317,2017,3,10,2,3,1,5,0,0,1,1,0,0,,0,563789.232300000030000,5938334.640800000200000,9.963713399000028,53.589968072000033,2170327000023429810,9.964,53.59
122318,122319,2,1,4,111,2017,3,19,2,3,5,3,0,0,1,0,0,0,,0,563779.988099999960000,5934595.795800000400000,9.962810070000046,53.556367112000032,2170327000016450740,9.963,53.556
122332,122333,2,3,4,315,2017,3,3,1,3,1,5,2,0,1,1,0,0,,0,564235.617300000040000,5936883.496299999800000,9.970157515000039,53.576871764000032,2170326000023429630,9.97,53.577
122334,122335,2,4,6,415,2017,3,15,1,3,5,3,0,1,1,1,0,0,,0,568400.346099999970000,5936596.019299999800000,10.032983994000062,53.573761636000029,2170319000031437220,10.033,53.574
122339,122340,2,5,1,501,2017,3,22,7,3,3,2,2,0,1,1,0,0,,0,569104.509399999980000,5935869.389200000100000,10.043455576000042,53.567139073000078,2170325000031438000,10.043,53.567
122341,122342,2,2,8,220,2017,3,17,7,3,4,2,0,0,1,1,0,0,,0,558400.603299999960000,5938603.383800000000000,9.882364620000033,53.593011331000071,2170325000025424020,9.882,53.593
122353,122354,2,1,8,121,2017,3,15,6,3,3,2,0,0,1,0,0,0,,0,569486.869100000010000,5935214.203800000300000,10.049082301000055,53.561200384000074,2170324000041420540,10.049,53.561
122357,122358,2,4,9,424,2017,3,12,6,2,6,3,0,0,1,0,1,0,,0,569999.316499999960000,5937306.978500000200000,10.057286640000029,53.579940126000054,2170324000037442940,10.057,53.58
122361,122362,2,2,1,206,2017,3,4,1,3,5,3,2,0,1,1,0,0,,0,562966.356799999950000,5934530.341900000300000,9.950516336000021,53.555877083000041,2170319000021405530,9.951,53.556
122369,122370,2,4,7,416,2017,3,21,6,3,5,3,1,0,1,1,0,0,,0,567343.450500000040000,5935274.026899999900000,10.016740486000060,53.562017429000036,2170324000031437800,10.017,53.562
122371,122372,2,2,11,224,2017,3,9,6,3,5,3,0,0,1,1,0,0,,0,554053.843299999950000,5936114.561900000100000,9.816266721000034,53.571108936000030,2170324000026444760,9.816,53.571
122372,122373,2,4,2,405,2017,3,17,6,3,5,3,0,0,1,1,0,0,,0,565371.176800000020000,5938997.724299999900000,9.987748190000048,53.595732475000034,2170324000023429310,9.988,53.596
122374,122375,2,2,1,206,2017,3,9,6,3,4,6,0,0,1,0,0,0,,0,562827.133400000050000,5934987.506600000000000,9.948506890000033,53.560002464000036,2170324000021406050,9.949,53.56
122381,122382,2,6,2,603,2017,3,7,5,3,5,2,0,0,1,1,0,0,,0,581288.528900000030000,5926571.305200000300000,10.224974056000065,53.481835161000049,2170323000043416940,10.225,53.482
122385,122386,2,5,17,525,2017,3,23,7,3,0,7,2,0,1,0,0,0,,0,577521.823600000000000,5944996.716699999800000,10.172797313000046,53.647986972000069,2170318000035433710,10.173,53.648
122388,122389,2,2,7,219,2017,5,15,1,3,1,7,0,0,1,1,0,0,,0,557560.647800000040000,5933557.923800000000000,9.868745558000057,53.547758008000073,2170507000025539110,9.869,53.548
122389,122390,2,3,1,307,2017,5,19,1,3,3,2,0,0,1,0,0,0,,0,563792.277400000020000,5936031.338700000200000,9.963288654000053,53.569267282000055,2170507000023544280,9.963,53.569
122390,122391,2,2,7,219,2017,5,14,1,3,0,5,0,0,1,1,0,0,,0,560777.110800000020000,5933495.858199999700000,9.917271952000021,53.546837758000038,2170507000021520810,9.917,53.547
122393,122394,2,1,4,109,2017,5,2,1,3,1,5,2,0,1,1,0,0,,0,564662.094300000000000,5934799.171600000000000,9.976166137000064,53.558086989000060,2170507000014571100,9.976,53.558
122396,122397,2,5,2,505,2017,4,16,2,3,5,3,0,0,1,1,0,0,,0,570240.032299999960000,5936280.440499999600000,10.060690841000053,53.570682430000033,2170417000037499610,10.061,53.571
122401,122402,2,3,9,321,2017,4,12,2,3,0,5,0,0,1,1,0,0,,0,562629.573899999960000,5937711.198800000400000,9.946071037000024,53.584504814000070,2170417000027517080,9.946,53.585
122402,122403,2,1,14,132,2017,5,14,7,3,1,5,0,0,1,1,0,0,,0,569190.736299999990000,5931732.795099999800000,10.043842081000037,53.529951709000045,2170506000041535840,10.044,53.53
122408,122409,2,1,3,108,2017,5,19,7,3,6,3,0,0,1,0,1,0,,0,565702.314499999980000,5934332.364500000100000,9.991769053000041,53.553762507000044,2170506000014571050,9.992,53.554
122413,122414,2,1,8,122,2017,5,6,6,3,5,2,1,1,1,1,0,0,,0,569895.693199999980000,5935193.152200000400000,10.055248692000021,53.560956906000058,2170505000041535730,10.055,53.561
122418,122419,2,5,7,515,2017,5,11,6,3,0,2,0,1,1,1,0,0,,0,571236.280000000030000,5941129.549999999800000,10.076839761000031,53.614126790000057,2170505000036523650,10.077,53.614
122422,122423,2,5,17,525,2017,5,13,6,3,5,3,0,1,1,1,0,0,,0,576960.180000000050000,5944850.795800000400000,10.164266238000039,53.646758558000045,2170505000035550140,10.164,53.647
122426,122427,2,4,5,413,2017,5,8,6,3,5,3,0,1,1,1,0,0,,0,566574.339900000020000,5937300.197300000100000,10.005562497000028,53.580325112000082,2170505000033564670,10.006,53.58
122427,122428,2,3,9,321,2017,5,8,6,3,5,3,0,1,1,1,0,0,,0,561533.346499999990000,5938698.659099999800000,9.929708819000041,53.593509248000032,2170505000027575440,9.93,53.594
122443,122444,2,1,4,111,2017,4,20,1,3,0,1,0,1,1,0,0,0,,0,563610.809000000010000,5933944.692900000100000,9.960124087000054,53.550535966000041,2170416000015518420,9.96,53.551
122456,122457,2,4,3,406,2017,5,8,5,3,5,3,0,1,1,1,0,0,,0,566307.929499999970000,5941555.784400000200000,10.002444337000043,53.618604442000048,2170504000034562080,10.002,53.619
122460,122461,2,2,1,204,2017,5,15,5,3,5,2,0,0,1,1,0,0,,0,562235.988999999940000,5934274.870000000100000,9.939441755000075,53.553668160000029,2170504000021520470,9.939,53.554
122462,122463,2,3,2,312,2017,5,20,5,3,4,6,2,1,1,0,0,0,,0,565854.907699999980000,5934904.093399999700000,9.994192507000037,53.558881648000067,2170504000017556390,9.994,53.559
122463,122464,2,3,2,311,2017,5,9,5,3,0,7,0,1,1,0,0,0,,0,565060.929699999980000,5935483.494599999900000,9.982328638000070,53.564187892000064,2170504000017556370,9.982,53.564
122464,122465,2,3,1,310,2017,5,16,5,3,5,2,0,0,1,1,0,0,,0,563950.729599999960000,5935600.182699999800000,9.965592700000059,53.565373068000042,2170504000016566480,9.966,53.565
122468,122469,2,6,2,602,2017,5,11,4,3,3,6,0,0,1,0,0,0,,0,580233.468800000030000,5927442.237099999600000,10.209301399000026,53.489823837000074,2170503000043532200,10.209,53.49
122471,122472,2,5,18,526,2017,5,12,4,3,5,7,0,0,1,1,0,0,,0,576047.672900000010000,5941813.952700000300000,10.149722481000026,53.619600913000056,2170503000038525730,10.15,53.62
122477,122478,2,5,2,509,2017,5,12,4,3,5,3,0,0,1,1,0,0,,0,571228.555399999950000,5938370.956799999800000,10.076092668000058,53.589336555000045,2170503000037558270,10.076,53.589
122478,122479,2,5,2,509,2017,4,14,7,3,5,3,0,1,1,1,0,0,,0,571372.432999999960000,5938115.059799999900000,10.078207347000046,53.587017257000070,2170415000037499530,10.078,53.587
122481,122482,2,5,10,518,2017,5,8,4,3,4,2,0,0,1,0,0,0,,1,574214.774800000010000,5944571.926000000000000,10.122675657000059,53.644649055000059,2170503000035549920,10.123,53.645
122482,122483,2,4,13,432,2017,5,15,4,3,4,3,0,0,1,1,0,0,,0,568098.229000000050000,5948239.195600000200000,10.030969548000030,53.678438497000059,2170503000034562030,10.031,53.678
122483,122484,2,4,5,408,2017,5,17,4,3,0,7,0,0,1,1,0,0,,0,566777.061699999960000,5939457.508899999800000,10.009085780000021,53.599687404000065,2170503000033564440,10.009,53.6
122485,122486,2,3,9,321,2017,5,9,4,3,5,3,0,0,1,1,0,0,,0,560744.033599999970000,5939334.973700000000000,9.917908724000029,53.599320100000057,2170503000027575200,9.918,53.599
122486,122487,2,4,2,404,2017,5,18,4,3,0,7,0,0,1,0,0,0,,0,565553.405400000050000,5938290.761199999600000,9.990352593000068,53.589356107000071,2170503000023543920,9.99,53.589
122492,122493,2,4,1,401,2017,5,8,4,3,4,2,0,0,1,1,0,0,,0,564806.022000000000000,5937342.263000000300000,9.978866271000072,53.580924648000064,2170503000023543860,9.979,53.581
122493,122494,2,3,5,317,2017,5,18,4,3,2,6,0,0,1,1,0,0,,0,563380.525000000020000,5939447.082999999600000,9.957765791000043,53.600015459000076,2170503000023543810,9.958,53.6
122497,122498,2,3,3,313,2017,5,18,4,3,5,3,0,0,1,1,0,0,,0,564718.664400000010000,5936622.057099999900000,9.977397670000073,53.574462769000036,2170503000017556260,9.977,53.574
122498,122499,2,2,2,207,2017,5,18,4,3,1,5,0,0,1,1,0,0,,0,563780.487100000030000,5935099.284900000300000,9.962920355000051,53.560892066000065,2170503000016566440,9.963,53.561
122503,122504,2,1,4,112,2017,5,17,4,3,0,7,0,0,1,0,0,0,,0,563780.424899999980000,5933802.272599999800000,9.962654776000022,53.549235411000041,2170503000015577600,9.963,53.549
122504,122505,2,1,3,108,2017,5,15,4,3,5,3,0,0,1,1,0,0,,0,565432.317099999990000,5934634.581100000100000,9.987757400000021,53.556512324000039,2170503000014570800,9.988,53.557
122506,122507,2,1,5,113,2017,5,11,4,3,5,3,0,0,1,1,0,0,,0,567327.752400000000000,5934550.935499999700000,10.016347741000061,53.555520900000033,2170503000011518970,10.016,53.556
122508,122509,2,6,14,615,2017,5,7,3,3,5,3,0,0,1,1,0,0,,0,578159.877499999940000,5926900.082899999800000,10.177919986000063,53.485263698000040,2170502000043532100,10.178,53.485
122511,122512,2,1,8,124,2017,5,16,3,3,0,3,0,1,1,1,0,0,,0,569048.587700000030000,5934558.429499999600000,10.042321645000072,53.555364722000036,2170502000041535470,10.042,53.555
122515,122516,2,5,2,505,2017,5,18,3,3,6,4,0,0,1,0,1,0,,0,570634.560999999990000,5936601.413200000300000,10.066720068000052,53.573514046000071,2170502000037558190,10.067,53.574
122516,122517,2,5,2,507,2017,5,6,3,2,3,2,0,0,1,0,0,0,,1,571163.593299999950000,5936746.110000000300000,10.074740931000065,53.574742936000064,2170502000037558170,10.075,53.575
122517,122518,2,5,7,515,2017,5,19,3,3,6,3,0,0,1,0,1,0,,0,570919.649500000060000,5939280.777499999900000,10.071633631000054,53.597554950000074,2170502000036523450,10.072,53.598
122519,122520,2,5,7,515,2017,5,17,3,3,5,2,0,1,1,1,0,0,,0,570828.924499999960000,5940054.261199999600000,10.070438736000028,53.604518476000067,2170502000036523410,10.07,53.605
122520,122521,2,4,4,407,2017,5,12,3,3,6,3,0,0,1,0,1,0,,0,568013.511599999970000,5941513.392699999700000,10.028215589000069,53.618004758000041,2170502000033564320,10.028,53.618
122521,122522,2,4,5,413,2017,5,9,3,3,0,7,0,0,1,0,0,0,,0,566390.821000000000000,5938026.601800000300000,10.002945574000023,53.586876693000079,2170502000033564310,10.003,53.587
122522,122523,2,4,7,416,2017,5,21,3,3,5,2,2,1,1,1,0,0,,0,567801.999100000020000,5934854.966400000300000,10.023571446000062,53.558192232000067,2170502000031552130,10.024,53.558
122523,122524,2,4,8,419,2017,5,13,3,3,5,3,0,0,1,1,0,0,,0,568216.329999999960000,5937730.899000000200000,10.030453489000024,53.583984872000030,2170502000031552100,10.03,53.584
122524,122525,2,4,7,416,2017,5,8,3,3,5,2,0,0,1,1,0,0,,0,567343.729700000030000,5935293.558699999900000,10.016748910000047,53.562192929000048,2170502000031552080,10.017,53.562
122527,122528,2,3,1,304,2017,5,7,3,3,5,3,0,0,1,1,0,0,,0,562529.155000000030000,5936427.012000000100000,9.944297106000022,53.572975387000042,2170502000023543750,9.944,53.573
122528,122529,2,3,2,311,2017,5,18,3,3,5,3,0,1,1,1,0,0,,0,564796.458400000000000,5936258.035400000400000,9.978496809000035,53.571181611000043,2170502000017556210,9.978,53.571
122530,122531,2,1,5,114,2017,5,18,3,3,6,4,0,0,1,0,1,0,,0,566754.898300000000000,5934906.043899999900000,10.007777528000076,53.558785488000069,2170502000011518940,10.008,53.559
122532,122533,2,2,4,214,2017,5,13,2,3,0,7,0,0,1,0,1,0,,0,561393.751700000020000,5933460.233300000400000,9.926570214000037,53.546445849000065,2170501000021520170,9.927,53.546
122534,122535,2,7,14,715,2017,4,11,5,3,5,3,0,1,1,1,0,0,,0,557917.091800000050000,5925700.090599999800000,9.872672380000040,53.477095691000045,2170413000047483880,9.873,53.477
122535,122536,2,7,1,702,2017,4,19,5,3,3,2,0,0,1,1,0,0,,0,565393.350699999950000,5923558.247700000200000,9.984858827000039,53.456970523000052,2170413000046509810,9.985,53.457
122537,122538,2,6,1,601,2017,4,11,5,3,5,3,0,0,1,1,0,0,,0,579115.317700000010000,5928921.104700000000000,10.192825325000058,53.503283320000037,2170413000043475050,10.193,53.503
122538,122539,2,1,3,107,2017,5,16,2,2,6,6,0,0,1,0,1,0,,0,565017.152699999980000,5934418.368099999600000,9.981446175000031,53.554620747000058,2170501000014570620,9.981,53.555
122539,122540,2,6,5,606,2017,4,11,5,2,1,5,0,0,1,0,0,0,,1,580676.058500000040000,5923138.549399999900000,10.214865506000024,53.451080249000029,2170413000043475040,10.215,53.451
122543,122544,2,7,3,704,2017,4,13,1,3,2,6,0,0,1,0,0,1,,0,567717.513700000010000,5921133.037800000000000,10.019334036000032,53.434880747000079,2170430000046511010,10.019,53.435
122565,122566,2,1,6,116,2017,5,13,1,3,5,2,0,0,1,1,0,0,,0,567535.732399999980000,5933947.969899999900000,10.019356510000023,53.550075231000051,2170507000041535880,10.019,53.55
122576,122577,2,1,8,125,2017,4,16,6,3,4,2,0,0,1,1,0,0,,0,570161.395800000060000,5934040.081100000100000,10.059000562000051,53.550558746000036,2170428000041479510,10.059,53.551
122579,122580,2,5,5,513,2017,4,7,6,3,5,3,0,0,1,1,0,0,,0,574497.635699999980000,5937844.983699999700000,10.125344803000075,53.584155436000060,2170428000038470880,10.125,53.584
122582,122583,2,5,8,516,2017,4,21,6,3,6,7,2,1,1,0,1,0,,0,570352.655000000030000,5940507.860999999600000,10.063344638000046,53.608659119000038,2170428000036467780,10.063,53.609
122583,122584,2,5,7,515,2017,4,13,6,3,1,5,0,0,1,0,0,0,,1,572638.712300000010000,5941365.216199999700000,10.098090282000044,53.616052092000075,2170428000036467770,10.098,53.616
122586,122587,2,4,13,432,2017,4,16,6,3,5,3,0,1,1,1,0,0,,0,566295.415700000010000,5944907.467199999800000,10.002969387000064,53.648727909000058,2170428000034504400,10.003,53.649
122590,122591,2,2,4,213,2017,4,15,6,3,1,5,0,0,1,1,0,0,,0,561571.946800000030000,5934281.214700000400000,9.929420856000036,53.553803484000071,2170428000021465770,9.929,53.554
122591,122592,2,2,3,210,2017,4,8,6,3,0,7,0,0,1,0,0,0,,0,562192.723000000000000,5934263.732699999600000,9.938786542000059,53.553573192000044,2170428000021465760,9.939,53.554
122594,122595,2,1,5,114,2017,4,20,6,3,6,6,1,1,1,0,1,0,,0,566750.549899999980000,5934148.076700000100000,10.007550034000076,53.551974040000061,2170428000011463200,10.008,53.552
122597,122598,2,6,14,615,2017,4,12,5,3,0,7,0,0,1,0,0,0,,0,578263.063399999980000,5927023.038900000000000,10.179505359000075,53.486353343000076,2170427000043476270,10.18,53.486
122598,122599,2,3,1,306,2017,4,17,5,3,1,5,0,1,1,1,0,0,,0,563007.607199999970000,5936764.995900000400000,9.951589666000075,53.575955710000073,2170413000023486640,9.952,53.576
122599,122600,2,3,5,317,2017,4,17,5,3,0,6,0,0,1,1,0,0,,0,563305.186899999970000,5937925.624099999700000,9.956318676000024,53.586350791000029,2170413000023486630,9.956,53.586
122600,122601,2,3,4,316,2017,4,6,5,3,5,3,0,0,1,1,0,0,,0,563908.003499999990000,5937796.105600000400000,9.965397172000053,53.585113650000039,2170413000023486620,9.965,53.585
122602,122603,2,1,3,107,2017,4,11,5,3,0,2,0,1,1,1,0,0,,0,565308.928500000040000,5934059.180499999800000,9.985774837000065,53.551356416000033,2170413000014512480,9.986,53.551
122603,122604,2,1,11,129,2017,4,17,5,3,6,6,0,0,1,0,1,0,,0,571574.486999999960000,5935156.612200000300000,10.080580981000026,53.560402267000029,2170427000042473690,10.081,53.56