,OBJECTID,ULAND,UREGBEZ,UKREIS,UGEMEINDE,UJAHR,UMONAT,USTUNDE,UWOCHENTAG,UKATEGORIE,UART,UTYP1,ULICHTVERH,STRZUSTAND,IstRad,IstPKW,IstFuss,IstKrad,IstGkfz,IstSonstig,LINREFX,LINREFY,XGCSWGS84,YGCSWGS84,UIDENTSTLA,lat_short,long_short
122606,122607,2,1,14,132,2017,4,18,5,3,0,7,0,0,1,0,0,0,,0,570672.878000000030000,5931637.366000000400000,10.066176578000068,53.528896819000067,2170427000041479350,10.066,53.529
122607,122608,2,5,6,514,2017,4,16,5,3,4,6,0,1,1,0,0,0,,0,574222.701800000040000,5940614.425900000100000,10.121851811000056,53.609082851000039,2170427000038470750,10.122,53.609
122609,122610,2,5,2,505,2017,4,11,5,3,5,3,0,0,1,0,0,0,,1,570142.177299999980000,5936569.422899999700000,10.059278326000026,53.573292614000081,2170427000037500470,10.059,53.573
122614,122615,2,1,16,137,2017,5,16,1,3,5,3,0,0,1,1,0,0,,0,566356.264800000000000,5930234.988199999600000,10.000769961000060,53.516856132000044,2170507000044548250,10.001,53.517
122618,122619,2,2,1,201,2017,4,9,5,3,3,2,0,0,1,1,0,0,,0,563110.560000000060000,5933353.218999999600000,9.952455252000050,53.545280548000051,2170427000021465590,9.952,53.545
122619,122620,2,1,5,114,2017,4,17,5,3,5,3,0,0,1,0,0,0,,0,566976.147299999950000,5934474.047899999700000,10.011024514000042,53.554874874000063,2170427000011463150,10.011,53.555
122621,122622,2,6,2,603,2017,4,20,4,3,5,3,0,0,1,1,0,0,,0,580710.227599999980000,5927007.175499999900000,10.216373591000036,53.485841176000065,2170426000043476200,10.216,53.486
122626,122627,2,5,4,512,2017,4,8,4,3,2,6,0,0,1,0,0,0,,0,575572.272000000000000,5937932.725800000100000,10.141595755000026,53.584790189000046,2170426000038470610,10.142,53.585
122630,122631,2,4,13,432,2017,4,7,4,3,6,6,0,0,1,0,1,0,,0,566935.819699999990000,5945110.800699999600000,10.012700056000028,53.650473733000069,2170426000034504230,10.013,53.65
122646,122647,2,3,3,313,2017,4,9,4,3,3,3,0,0,1,1,0,0,,0,564734.650999999950000,5936633.835799999500000,9.977641507000044,53.574566654000080,2170426000017498340,9.978,53.575
122648,122649,2,3,3,313,2017,4,9,4,3,5,3,0,0,1,0,0,0,,0,565298.093400000010000,5936483.714599999600000,9.986118005000037,53.573147648000031,2170426000017498310,9.986,53.573
122650,122651,2,1,11,128,2017,4,8,3,3,5,3,0,1,1,1,0,0,,0,571251.086000000010000,5933774.934000000400000,10.075384531000054,53.548029121000070,2170425000042473410,10.075,53.548
122654,122655,2,5,3,510,2017,4,8,3,3,0,7,0,1,1,1,1,0,,0,571086.295000000040000,5936479.870900000400000,10.073513154000068,53.572360731000060,2170425000037500150,10.074,53.572
122655,122656,2,4,5,410,2017,4,14,3,3,5,3,0,0,1,1,0,0,,0,566247.411100000030000,5938311.269799999900000,10.000839938000070,53.589453190000029,2170425000033506480,10.001,53.589
122657,122658,2,5,9,517,2017,5,11,1,3,1,3,0,0,1,1,0,0,,0,572353.941800000030000,5943881.266900000200000,10.094371138000042,53.638702849000026,2170507000035550230,10.094,53.639
122658,122659,2,4,5,409,2017,4,8,3,3,0,7,0,1,1,0,0,0,,0,567081.773300000000000,5939453.979799999900000,10.013688807000051,53.599616775000072,2170425000033506460,10.014,53.6
122662,122663,2,2,9,221,2017,4,12,3,3,6,6,0,0,1,0,1,0,,0,556740.889399999990000,5936350.662899999900000,9.856881818000034,53.572947183000053,2170425000026501990,9.857,53.573
122666,122667,2,1,12,130,2017,4,17,4,3,3,2,0,1,1,1,0,0,,0,574230.701400000020000,5935340.977400000200000,10.120718146000058,53.561690186000078,2170412000042472300,10.121,53.562
122672,122673,2,6,2,602,2017,4,15,2,3,5,3,0,0,1,1,0,0,,0,578740.121399999950000,5927499.014999999700000,10.186812845000077,53.490559666000081,2170424000043475960,10.187,53.491
122673,122674,2,5,8,516,2017,4,22,2,3,0,7,2,1,1,0,0,0,,0,569740.540000000040000,5940102.409799999600000,10.054003820000048,53.605097170000079,2170424000036467520,10.054,53.605
122676,122677,2,4,10,427,2017,4,11,2,2,5,3,0,0,1,1,0,0,,0,569117.118000000020000,5938704.003700000200000,10.044273622000048,53.592612257000042,2170424000031495800,10.044,53.593
122680,122681,2,3,6,318,2017,4,19,2,3,4,2,1,1,1,1,0,0,,0,562938.028500000010000,5943530.423000000400000,9.951905374000035,53.636766791000070,2170424000024515440,9.952,53.637
122681,122682,2,4,2,403,2017,4,14,2,3,4,2,0,0,1,1,0,0,,0,565346.161700000060000,5938381.962200000000000,9.987241261000065,53.590201619000027,2170424000023487860,9.987,53.59
122683,122684,2,2,1,204,2017,4,17,2,3,0,7,0,1,1,1,0,0,,0,562907.173399999970000,5934610.726599999700000,9.949639239000021,53.556606624000040,2170424000021465230,9.95,53.557
122689,122690,2,5,8,516,2017,4,18,4,3,5,3,0,1,1,1,0,0,,0,569969.389300000040000,5940401.853600000000000,10.057529056000021,53.607757757000059,2170412000036466770,10.058,53.608
122693,122694,2,4,13,432,2017,4,0,1,2,6,6,2,0,1,0,1,0,,0,567352.718400000010000,5943974.001100000000000,10.018760124000039,53.640203773000053,2170423000034503950,10.019,53.64
122694,122695,2,2,9,221,2017,4,19,1,3,5,3,0,0,1,1,0,0,,0,556674.900999999950000,5936665.493999999900000,9.855942554000023,53.575783878000038,2170423000026501910,9.856,53.576
122696,122697,2,3,5,317,2017,4,12,1,3,5,3,0,0,1,1,0,0,,0,564482.263999999970000,5938823.858000000000000,9.974283054000068,53.594280003000051,2170423000023487680,9.974,53.594
122702,122703,2,5,3,510,2017,4,14,7,2,1,5,0,1,1,1,0,0,,0,570965.273999999980000,5936191.748499999800000,10.071620428000074,53.569787762000033,2170422000037499950,10.072,53.57
122715,122716,2,6,1,601,2017,4,12,6,3,6,6,0,0,1,0,1,0,,0,580003.734000000050000,5928004.667399999700000,10.205983018000040,53.494913203000067,2170421000043475770,10.206,53.495
122716,122717,2,6,1,601,2017,4,16,6,3,0,2,0,1,1,1,0,0,,0,580295.552499999990000,5928757.992200000200000,10.210573684000053,53.501638625000055,2170421000043475740,10.211,53.502
122719,122720,2,3,8,320,2017,4,7,6,3,0,6,0,0,1,0,0,0,,0,559206.255200000010000,5939830.001899999600000,9.894768390000024,53.603945099000043,2170421000027517360,9.895,53.604
122720,122721,2,2,10,222,2017,4,7,6,3,5,3,0,0,1,1,0,0,,0,555743.823500000060000,5934865.158400000100000,9.841561177000074,53.559702955000034,2170421000026501840,9.842,53.56
122721,122722,2,2,9,221,2017,4,5,4,3,5,3,2,1,1,1,0,0,,0,557364.522699999970000,5935562.685600000400000,9.866153813000040,53.565797385000053,2170412000026501410,9.866,53.566
122726,122727,2,3,1,303,2017,4,10,6,3,5,7,0,0,1,1,0,0,,0,562644.913199999950000,5937119.404600000000000,9.946183926000060,53.579184338000061,2170421000023487450,9.946,53.579
122727,122728,2,4,2,403,2017,4,16,6,3,6,4,0,0,1,0,1,0,,0,565254.924200000010000,5938357.447200000300000,9.985857952000060,53.589992662000043,2170421000023487430,9.986,53.59
122728,122729,2,3,1,310,2017,4,8,6,3,4,6,0,0,1,0,0,0,,0,563889.543100000010000,5935840.538400000000000,9.964718148000031,53.567540669000039,2170421000017498040,9.965,53.568
122729,122730,2,1,6,115,2017,4,10,6,3,5,3,0,0,1,1,0,0,,0,566932.271399999970000,5933720.851099999600000,10.010201067000025,53.548111344000063,2170421000011462900,10.01,53.548
122734,122735,2,6,5,606,2017,4,14,5,2,1,5,0,0,1,0,0,0,,1,583213.351499999990000,5919327.774299999700000,10.252056556000070,53.416439686000047,2170420000043475660,10.252,53.416
122738,122739,2,5,18,526,2017,4,16,5,3,5,3,0,0,1,1,0,0,,0,576541.895099999970000,5938314.872000000400000,10.156333386000028,53.588083794000056,2170420000038469950,10.156,53.588
122742,122743,2,5,7,515,2017,4,14,5,3,5,3,0,0,1,1,0,0,,0,570006.008200000040000,5939047.114299999500000,10.057778168000027,53.595577844000047,2170420000036467300,10.058,53.596
122743,122744,2,5,2,509,2017,4,7,5,3,2,6,0,0,1,1,0,0,,0,571140.386900000040000,5938795.499800000300000,10.074857739000038,53.593163873000037,2170420000036467290,10.075,53.593
122745,122746,2,4,4,407,2017,4,22,5,3,0,1,2,0,1,0,0,0,,0,567306.011799999980000,5940939.321000000500000,10.017397546000041,53.612936926000032,2170420000033506090,10.017,53.613
122748,122749,2,2,6,218,2017,4,9,5,3,5,7,0,0,1,1,0,0,,0,558252.582399999960000,5935602.801000000000000,9.879568491000043,53.566060090000065,2170420000025481660,9.88,53.566
122749,122750,2,4,2,403,2017,4,14,5,2,0,7,0,0,1,0,0,0,,0,564242.670000000040000,5937995.628499999600000,9.970492946000036,53.586865919000047,2170420000023487260,9.97,53.587
122751,122752,2,2,4,213,2017,4,8,5,3,4,6,0,0,1,1,0,0,,0,561592.692799999960000,5934363.920099999800000,9.929750264000063,53.554544357000054,2170420000021464920,9.93,53.555
122753,122754,2,1,5,113,2017,4,11,5,3,3,2,0,0,1,0,0,0,,1,567295.505000000000000,5934521.994099999800000,10.015854803000025,53.555264934000036,2170420000011462840,10.016,53.555
122755,122756,2,7,10,711,2017,4,10,4,2,7,1,0,0,1,0,0,0,,0,562262.682999999960000,5925249.607200000400000,9.938051476000055,53.472550951000073,2170419000046510220,9.938,53.473
122760,122761,2,2,1,203,2017,4,17,4,3,5,3,0,1,1,1,0,0,,0,562613.410299999990000,5933707.052500000200000,9.945024307000040,53.548520095000072,2170412000021464370,9.945,53.549
122772,122773,2,4,7,417,2017,4,9,4,3,6,3,0,0,1,0,1,0,,0,568091.320799999990000,5935690.070000000300000,10.028120398000056,53.565659965000066,2170419000031495040,10.028,53.566
122773,122774,2,2,12,225,2017,4,11,4,3,5,3,0,0,1,1,0,0,,0,554462.126799999970000,5935585.941599999600000,9.822339335000038,53.566315663000069,2170419000026501770,9.822,53.566
122774,122775,2,2,9,221,2017,4,10,4,3,5,7,0,0,1,1,0,0,,0,556442.729999999980000,5936269.924999999800000,9.852365071000065,53.572253709000051,2170419000026501750,9.852,53.572
122775,122776,2,2,8,220,2017,4,15,4,3,5,3,0,0,1,1,0,0,,0,558021.091200000020000,5938843.466799999600000,9.876676045000068,53.595211212000038,2170419000025481530,9.877,53.595
122776,122777,2,2,8,220,2017,4,18,4,3,5,3,0,0,1,1,0,0,,0,556453.213899999970000,5938615.784199999600000,9.852947740000047,53.593336109000063,2170419000025481500,9.853,53.593
122779,122780,2,4,2,403,2017,4,12,4,3,0,7,0,0,1,0,0,0,,0,565196.453600000010000,5938390.486800000100000,9.984981640000058,53.590296870000032,2170419000023487160,9.985,53.59
122780,122781,2,3,3,313,2017,4,6,4,3,5,3,0,0,1,0,0,0,,0,564622.185999999990000,5937028.643000000200000,9.976025022000044,53.578128752000055,2170419000017497850,9.976,53.578
122782,122783,2,1,16,137,2017,4,19,3,3,5,3,0,0,1,1,0,0,,0,565393.064600000040000,5930124.204800000400000,9.986222455000075,53.515981188000069,2170418000044489860,9.986,53.516
122784,122785,2,6,2,603,2017,4,17,3,2,6,4,0,0,1,0,1,0,,0,581045.124500000030000,5926460.874400000100000,10.221278496000025,53.480880291000062,2170418000043475510,10.221,53.481
122785,122786,2,6,14,615,2017,4,21,3,3,0,7,2,1,1,1,0,0,,0,578164.388400000050000,5926892.325100000000000,10.177986021000038,53.485193310000056,2170418000043475500,10.178,53.485
122786,122787,2,5,18,526,2017,4,7,3,3,5,3,0,1,1,1,0,0,,0,575897.368999999950000,5940964.353500000200000,10.147243586000059,53.611987629000055,2170418000038469620,10.147,53.612
122787,122788,2,3,2,311,2017,4,14,4,3,6,4,0,1,1,0,1,0,,0,564708.389500000050000,5936053.920900000300000,9.977124794000076,53.569358051000052,2170412000017497580,9.977,53.569
122788,122789,2,3,2,312,2017,4,9,4,3,1,5,0,1,1,0,0,0,,1,566276.713299999940000,5935736.034500000100000,10.000735791000068,53.566305381000063,2170412000017497570,10.001,53.566
122791,122792,2,1,4,109,2017,4,15,4,3,3,6,0,1,1,0,0,0,,1,564269.601600000050000,5934704.384600000500000,9.970222347000060,53.557283315000063,2170412000016507450,9.97,53.557
122794,122795,2,5,7,515,2017,4,20,3,3,4,7,0,0,1,1,0,0,,0,573736.466299999970000,5943043.847299999600000,10.115079362000074,53.630984201000047,2170418000036467110,10.115,53.631
122796,122797,2,1,1,101,2017,4,15,4,3,4,2,0,1,1,1,0,0,,0,566656.843800000030000,5933922.110299999800000,10.006087677000039,53.549955139000076,2170412000014512330,10.006,53.55
122797,122798,2,4,5,411,2017,4,7,3,3,5,2,0,0,1,1,0,0,,0,568387.544400000010000,5938094.017900000300000,10.033118923000075,53.587225951000050,2170418000033505920,10.033,53.587
122798,122799,2,4,6,415,2017,4,7,3,3,4,2,0,0,1,1,0,0,,0,568647.770099999970000,5936287.144799999900000,10.036652026000070,53.570953435000035,2170418000031494920,10.037,53.571
122803,122804,2,3,1,306,2017,4,15,3,3,0,2,0,0,1,1,0,0,,0,563247.463600000020000,5936698.267300000400000,9.955198093000035,53.575327135000066,2170418000023487070,9.955,53.575
122804,122805,2,4,2,404,2017,4,11,3,3,5,7,0,0,1,0,0,0,,1,565456.264100000030000,5938458.264700000200000,9.988920413000074,53.590873630000033,2170418000023487040,9.989,53.591
122806,122807,2,3,1,307,2017,4,19,3,3,5,3,0,0,1,1,0,0,,0,563399.400200000030000,5936116.202499999700000,9.957374193000021,53.570077599000058,2170418000023486970,9.957,53.57
122807,122808,2,3,5,317,2017,4,18,3,3,5,3,0,0,1,1,0,0,,0,563290.310000000060000,5937842.030000000300000,9.956077016000052,53.585601303000033,2170418000023486950,9.956,53.586
122808,122809,2,2,1,206,2017,4,9,3,2,5,3,0,0,1,0,0,0,,1,562750.182900000010000,5935129.982599999800000,9.947373947000074,53.561292151000032,2170418000021464750,9.947,53.561
122810,122811,2,6,1,601,2017,4,18,2,3,5,3,0,1,1,1,0,0,,0,580318.736900000020000,5929435.796299999600000,10.211096767000072,53.507726277000074,2170417000043475390,10.211,53.508
122813,122814,2,5,1,501,2017,5,13,2,2,0,7,0,0,1,1,0,0,,0,569133.529499999950000,5935981.636400000200000,10.043918534000056,53.568144025000038,2170529000031555800,10.044,53.568
122816,122817,2,2,7,219,2017,5,21,6,3,5,7,0,0,1,0,0,0,,1,557716.259599999990000,5934358.317400000100000,9.871241613000052,53.554934508000031,2170526000025541050,9.871,53.555
122817,122818,2,5,12,520,2017,5,15,3,3,5,3,0,0,1,1,0,0,,0,568320.559000000010000,5945015.520999999700000,10.033625703000041,53.649438447000080,2170530000034564080,10.034,53.649
122819,122820,2,4,2,403,2017,5,15,6,3,5,3,0,0,1,1,0,0,,0,565176.392400000010000,5938061.219200000200000,9.984609813000077,53.587340167000036,2170526000023547050,9.985,53.587
122820,122821,2,1,20,141,2017,5,16,3,3,5,3,0,1,1,0,0,0,,1,557846.305399999950000,5932361.687599999800000,9.872835152000050,53.536975368000071,2170530000047543460,9.873,53.537
122822,122823,2,5,1,503,2017,5,15,4,2,5,3,0,0,1,1,0,0,,0,569498.617100000030000,5935986.650399999700000,10.049431471000048,53.568140857000060,2170531000031556140,10.049,53.568
122823,122824,2,7,16,717,2017,5,13,5,3,5,3,0,0,1,1,0,0,,0,551767.168399999970000,5930519.134300000000000,9.780813109000064,53.521049158000039,2170525000047543160,9.781,53.521
122824,122825,2,1,11,129,2017,5,6,4,3,5,3,0,0,1,1,0,0,,0,572250.914899999970000,5934409.898099999900000,10.090618577000043,53.553598900000054,2170531000042531960,10.091,53.554
122826,122827,2,6,1,601,2017,5,23,5,3,0,7,2,0,1,0,0,0,,0,580271.591099999960000,5928507.880199999500000,10.210148503000028,53.499394610000081,2170525000043534350,10.21,53.499
122827,122828,2,5,18,526,2017,5,17,5,3,0,7,0,0,1,0,0,0,,1,576197.290000000040000,5939600.534000000000000,10.151442648000057,53.599687862000053,2170525000038528530,10.151,53.6
122829,122830,2,4,11,430,2017,5,16,5,3,3,2,0,0,1,0,0,1,,0,568546.402200000010000,5942804.879599999600000,10.036554660000036,53.629541897000081,2170525000035551540,10.037,53.63
122831,122832,2,3,2,312,2017,5,14,5,3,5,3,0,0,1,1,0,0,,0,566041.265400000030000,5936486.942200000400000,9.997340056000041,53.573083627000074,2170525000017557720,9.997,53.573
122832,122833,2,7,1,702,2017,5,8,4,2,6,3,0,0,1,0,1,0,,0,565189.124500000030000,5923607.832399999700000,9.981793847000063,53.457441472000028,2170524000046570090,9.982,53.457
122836,122837,2,1,12,130,2017,5,10,4,3,3,2,0,0,1,0,0,0,,1,573089.648999999980000,5933229.157800000200000,10.103000637000036,53.542871568000066,2170524000042531460,10.103,53.543
122838,122839,2,4,13,432,2017,5,7,7,3,1,5,0,0,1,1,0,0,,0,567147.459799999950000,5947774.431300000300000,10.016477371000065,53.674384690000068,2170527000034563870,10.016,53.674
122839,122840,2,5,18,526,2017,5,18,4,3,3,6,0,0,1,1,0,0,,0,576776.068399999990000,5939818.916400000500000,10.160240582000029,53.601565930000049,2170524000038528450,10.16,53.602
122841,122842,2,4,9,425,2017,5,20,1,3,5,2,0,0,1,1,0,0,,0,570757.766300000020000,5937425.690299999900000,10.068767183000034,53.580905213000051,2170528000037559880,10.069,53.581
122845,122846,2,5,4,512,2017,5,10,2,3,5,3,0,0,1,1,0,0,,0,573875.817900000020000,5936385.419400000000000,10.115608317000067,53.571126520000064,2170529000038528890,10.116,53.571
122848,122849,2,5,11,519,2017,5,16,4,3,5,3,0,0,1,1,0,0,,0,570357.359599999970000,5947265.717199999800000,10.064944463000074,53.669390732000068,2170524000035551500,10.065,53.669
122849,122850,2,4,10,427,2017,5,19,4,2,5,2,0,0,1,1,0,0,,0,569185.485100000050000,5938396.436599999700000,10.045238154000060,53.589839122000058,2170524000031555290,10.045,53.59
122850,122851,2,2,12,225,2017,5,17,4,3,5,3,0,0,1,1,0,0,,0,554447.660400000050000,5937559.131000000100000,9.822465040000054,53.584051463000037,2170524000026561480,9.822,53.584
122851,122852,2,2,5,215,2017,5,14,4,3,5,3,0,0,1,1,0,0,,0,561287.260600000040000,5935065.042799999900000,9.925277871000048,53.560881382000048,2170524000025540890,9.925,53.561
122854,122855,2,5,18,526,2017,5,20,3,3,5,3,0,0,1,1,0,0,,0,576222.995200000000000,5939644.218399999700000,10.151841683000043,53.600076703000070,2170523000038528310,10.152,53.6
122855,122856,2,5,2,505,2017,5,17,3,3,1,5,0,0,1,1,0,0,,0,570468.910799999950000,5936449.527099999600000,10.064184624000063,53.572171322000031,2170523000037559600,10.064,53.572
122859,122860,2,4,13,432,2017,5,7,3,3,5,3,0,0,1,1,0,0,,0,567543.813800000000000,5946336.507399999500000,10.022163509000052,53.661411019000070,2170523000034563610,10.022,53.661
122860,122861,2,5,6,514,2017,5,16,2,3,3,2,0,0,1,1,0,0,,0,574202.552499999990000,5940218.832299999900000,10.121453125000073,53.605530589000068,2170529000038528900,10.121,53.606
122861,122862,2,4,13,432,2017,5,14,3,3,5,3,0,0,1,1,0,0,,0,567381.680900000040000,5945447.986399999800000,10.019517614000051,53.653446789000043,2170523000034563600,10.02,53.653
122862,122863,2,3,1,306,2017,5,18,3,3,3,2,0,1,1,1,0,0,,0,563246.627199999990000,5936696.019899999700000,9.955185008000058,53.575307037000073,2170530000023547580,9.955,53.575
122863,122864,2,4,4,407,2017,5,8,3,3,5,3,0,0,1,1,0,0,,0,566707.403999999980000,5941043.096900000200000,10.008372763000068,53.613946140000053,2170523000034563580,10.008,53.614
122868,122869,2,5,1,502,2017,5,18,3,3,5,2,0,0,1,1,0,0,,0,569771.139500000050000,5936070.832100000200000,10.053564610000024,53.568861235000043,2170523000031555200,10.054,53.569
122870,122871,2,3,8,320,2017,5,15,3,3,6,6,0,1,1,0,1,0,,0,559895.856099999980000,5940299.723799999800000,9.905279004000022,53.608088305000081,2170523000027576880,9.905,53.608
122872,122873,2,3,5,317,2017,5,15,3,3,6,3,0,1,1,0,1,0,,0,562651.570700000040000,5939341.457100000200000,9.946730738000042,53.599153816000069,2170523000023546810,9.947,53.599
122874,122875,2,2,1,203,2017,5,19,3,3,5,3,0,0,1,1,0,0,,0,562257.605600000010000,5933754.923999999600000,9.939664473000050,53.548992642000030,2170523000021522570,9.94,53.549
122875,122876,2,3,2,312,2017,5,16,3,3,1,5,0,0,1,1,0,0,,0,566251.144600000000000,5935838.801400000200000,10.000371581000024,53.567232197000067,2170523000017557620,10.0,53.567
122876,122877,2,1,4,109,2017,5,18,3,3,6,3,0,0,1,0,1,0,,0,564637.297999999950000,5934833.645499999600000,9.975798991000033,53.558399869000027,2170523000014572500,9.976,53.558
122877,122878,2,1,5,113,2017,5,19,3,3,4,7,0,0,1,1,0,0,,0,567068.572399999950000,5934861.304800000000000,10.012502555000026,53.558343423000053,2170523000011519790,10.013,53.558
122885,122886,2,6,1,601,2017,5,15,2,3,3,2,0,0,1,0,0,0,,1,580089.380699999980000,5928013.177699999900000,10.207275922000065,53.494976651000059,2170522000043534110,10.207,53.495
122891,122892,2,2,5,217,2017,5,15,1,3,3,2,0,0,1,1,0,0,,0,559037.511999999990000,5936495.493999999900000,9.891587500000071,53.573995424000032,2170528000025541130,9.892,53.574
122896,122897,2,5,1,504,2017,5,7,2,3,6,4,0,0,1,0,1,0,,0,570104.953699999950000,5936210.132100000000000,10.058635627000058,53.570068633000062,2170522000031555040,10.059,53.57
122898,122899,2,5,1,504,2017,5,13,2,3,0,7,0,0,1,0,0,0,,0,569975.454499999990000,5936089.143299999600000,10.056653353000058,53.568998590000035,2170522000031554990,10.057,53.569
122899,122900,2,4,13,432,2017,5,16,3,3,3,6,0,0,1,1,0,0,,0,566569.617199999980000,5948529.436099999600000,10.007893469000066,53.681243840000036,2170530000034564090,10.008,53.681
122900,122901,2,3,9,321,2017,5,15,2,3,3,5,0,0,1,1,0,0,,0,560988.129300000030000,5939280.758200000000000,9.921586147000028,53.598804499000039,2170522000027576820,9.922,53.599
122904,122905,2,2,7,219,2017,5,8,2,3,0,6,0,0,1,0,0,0,,1,558019.472700000040000,5933459.993200000400000,9.875651411000035,53.546827355000062,2170522000025540590,9.876,53.547
122906,122907,2,4,2,404,2017,5,15,2,3,6,3,0,0,1,0,1,0,,0,565608.739199999950000,5938155.268400000400000,9.991159919000040,53.588131486000066,2170522000023546580,9.991,53.588
122907,122908,2,3,1,308,2017,5,13,2,3,5,3,0,0,1,1,0,0,,0,563764.017400000010000,5936080.475800000100000,9.962872015000073,53.569712327000047,2170522000023546560,9.963,53.57
122908,122909,2,2,4,214,2017,5,13,2,3,3,2,0,0,1,1,0,0,,0,561653.068500000050000,5933819.933199999900000,9.930554239000060,53.549648239000078,2170522000021522410,9.931,53.55
122911,122912,2,6,2,602,2017,5,23,1,3,0,7,2,0,1,0,0,0,,0,579743.165000000040000,5926916.330199999700000,10.201779577000025,53.485172194000029,2170528000043534560,10.202,53.485
122912,122913,2,1,3,108,2017,5,16,2,3,1,5,0,0,1,1,0,0,,0,565824.881100000000000,5934205.113599999800000,9.993592083000067,53.552603519000058,2170522000014572370,9.994,53.553
122920,122921,2,2,5,215,2017,5,12,2,3,3,2,0,0,1,1,0,0,,0,561001.231799999950000,5935818.082200000100000,9.921107231000065,53.567682580000053,2170529000025541210,9.921,53.568
122928,122929,2,2,11,223,2017,5,12,1,3,8,1,0,0,1,0,0,0,,0,552267.443600000000000,5934847.747499999600000,9.789081215000067,53.559904176000032,2170521000026561310,9.789,53.56
122939,122940,2,1,8,125,2017,5,23,7,3,1,7,2,0,1,1,0,0,,0,570710.030000000030000,5934344.750000000000000,10.067348858000059,53.553223215000060,2170520000041537440,10.067,53.553
122941,122942,2,5,18,526,2017,5,14,7,3,5,3,0,0,1,1,0,0,,0,577874.719399999940000,5940139.751000000200000,10.176919740000073,53.604287047000071,2170520000038528060,10.177,53.604
122946,122947,2,4,7,416,2017,5,12,1,3,1,5,0,0,1,0,1,0,,0,567707.405600000060000,5935653.947499999800000,10.022316796000041,53.565385003000074,2170528000031555650,10.022,53.565
122948,122949,2,3,2,311,2017,5,16,2,3,1,5,0,0,1,1,0,0,,0,564899.627800000020000,5935954.766099999700000,9.979991508000069,53.568443302000048,2170529000017557900,9.98,53.568
122949,122950,2,4,5,412,2017,5,10,7,3,6,4,0,0,1,0,1,0,,0,567067.447700000020000,5937244.846599999800000,10.012997404000032,53.579764843000078,2170520000033565670,10.013,53.58
122953,122954,2,2,3,210,2017,5,19,7,3,5,3,0,0,1,1,0,0,,0,562824.413300000010000,5934965.145600000400000,9.948461335000047,53.559801824000033,2170520000021522260,9.948,53.56
122956,122957,2,1,4,112,2017,5,14,7,3,6,7,0,0,1,0,1,0,,0,563932.079799999950000,5933824.327999999700000,9.964947896000069,53.549415186000033,2170520000015577930,9.965,53.549
122959,122960,2,2,1,206,2017,5,18,2,3,1,5,0,0,1,1,0,0,,0,563127.807900000010000,5935021.451500000400000,9.953052369000034,53.560271461000070,2170529000021522990,9.953,53.56
122961,122962,2,5,2,506,2017,5,15,2,3,5,3,0,0,1,0,0,0,,1,571125.397299999950000,5937572.617300000000000,10.074352513000065,53.582175914000061,2170529000037559950,10.074,53.582
122962,122963,2,6,2,602,2017,5,17,6,2,5,3,0,0,1,1,0,0,,0,578726.220199999980000,5927434.731800000200000,10.186587241000041,53.489984048000053,2170519000043533860,10.187,53.49
122965,122966,2,6,1,601,2017,5,14,6,3,0,4,0,0,1,0,1,0,,0,575656.502400000000000,5931148.594899999900000,10.141225993000035,53.523810398000080,2170519000042530940,10.141,53.524
122968,122969,2,5,7,515,2017,5,18,6,3,3,5,0,0,1,1,0,0,,0,571338.138400000050000,5939915.178700000000000,10.078101168000046,53.603199477000032,2170519000036524690,10.078,53.603
122969,122970,2,4,12,431,2017,5,7,6,3,5,3,0,0,1,1,0,0,,0,567443.409899999970000,5943241.106700000400000,10.019972757000062,53.633605543000044,2170519000034563360,10.02,53.634
122973,122974,2,2,5,215,2017,5,14,6,3,6,3,0,0,1,0,1,0,,0,561508.900900000010000,5935149.878700000200000,9.928640279000035,53.561617908000073,2170519000025540410,9.929,53.562
122978,122979,2,2,1,201,2017,5,19,6,3,5,2,1,1,1,1,0,0,,0,563295.349700000020000,5933852.475800000100000,9.955344692000040,53.549745303000066,2170519000021522120,9.955,53.55
122984,122985,2,6,9,610,2017,5,13,5,3,5,2,0,0,1,1,0,0,,0,573688.478099999950000,5928296.381500000100000,10.110875331000045,53.498457286000075,2170518000043533730,10.111,53.498