,OBJECTID,ULAND,UREGBEZ,UKREIS,UGEMEINDE,UJAHR,UMONAT,USTUNDE,UWOCHENTAG,UKATEGORIE,UART,UTYP1,ULICHTVERH,STRZUSTAND,IstRad,IstPKW,IstFuss,IstKrad,IstGkfz,IstSonstig,LINREFX,LINREFY,XGCSWGS84,YGCSWGS84,UIDENTSTLA,lat_short,long_short
122985,122986,2,1,12,130,2017,5,15,5,3,0,3,0,0,1,0,0,0,,1,573608.223400000020000,5933225.538599999600000,10.110824016000038,53.542766618000030,2170518000042530840,10.111,53.543
122986,122987,2,1,12,130,2017,5,7,5,3,0,7,0,0,1,0,0,0,,0,572883.432599999940000,5932835.869699999700000,10.099797622000040,53.539365765000070,2170518000042530790,10.1,53.539
122987,122988,2,1,6,117,2017,5,17,5,3,5,2,0,0,1,1,0,0,,0,567662.056699999960000,5933930.959099999600000,10.021259184000030,53.549906088000057,2170518000041537270,10.021,53.55
122990,122991,2,5,3,510,2017,5,16,5,3,4,2,0,0,1,0,0,0,,0,571056.309299999960000,5935367.656600000300000,10.072807404000059,53.562369331000070,2170518000037559290,10.073,53.562
122997,122998,2,2,10,222,2017,5,13,2,3,1,5,0,0,1,0,0,0,,1,556852.055199999940000,5934654.152200000400000,9.858251657000039,53.557687650000048,2170529000026561740,9.858,53.558
122998,122999,2,4,10,426,2017,5,17,5,3,5,2,0,0,1,1,0,0,,0,570295.893900000020000,5938266.744900000300000,10.061981584000023,53.588525880000077,2170518000031554520,10.062,53.589
122999,123000,2,5,8,516,2017,5,14,4,2,5,3,0,0,1,1,0,0,,0,569961.626799999970000,5940405.894700000100000,10.057412661000058,53.607795111000030,2170531000036525470,10.057,53.608
123002,123003,2,2,4,212,2017,5,9,5,3,1,5,0,0,1,1,0,0,,0,560419.351200000030000,5933745.667999999600000,9.911921522000057,53.549124200000051,2170518000025540270,9.912,53.549
123003,123004,2,3,6,318,2017,5,11,5,3,1,5,0,0,1,1,0,0,,0,562913.919699999970000,5941965.221199999600000,9.951224357000058,53.622702853000078,2170518000024574230,9.951,53.623
123005,123006,2,2,4,213,2017,5,15,5,3,3,2,0,0,1,1,0,0,,1,561529.399800000010000,5933920.227900000300000,9.928707664000058,53.550564135000059,2170518000021522050,9.929,53.551
123006,123007,2,3,3,313,2017,5,18,5,3,5,3,0,0,1,1,0,0,,0,565002.956400000020000,5936638.959099999600000,9.981693948000043,53.574579520000043,2170518000017557370,9.982,53.575
123007,123008,2,3,3,313,2017,5,17,5,3,3,6,0,0,1,0,0,0,,1,564968.252899999960000,5936404.677600000100000,9.981121183000028,53.572478275000037,2170518000017557360,9.981,53.572
123009,123010,2,1,5,114,2017,5,11,5,3,1,7,0,0,1,1,0,0,,0,567377.718100000060000,5934486.790599999900000,10.017088043000058,53.554938008000079,2170518000011519590,10.017,53.555
123010,123011,2,6,14,615,2017,5,19,4,3,4,6,0,0,1,0,0,0,,0,578240.748099999970000,5926991.002799999900000,10.179161137000051,53.486068760000080,2170517000043533600,10.179,53.486
123013,123014,2,4,10,429,2017,5,19,4,3,9,7,0,0,1,1,0,0,,0,569192.420099999990000,5939890.216900000300000,10.045674380000037,53.603262852000057,2170517000036524460,10.046,53.603
123015,123016,2,5,9,517,2017,5,7,4,3,5,3,0,0,1,1,0,0,,0,571546.425999999980000,5944093.596199999600000,10.082208518000073,53.640722035000067,2170517000035551060,10.082,53.641
123016,123017,2,4,13,432,2017,5,13,7,3,4,6,0,0,1,1,0,0,,0,565878.189000000010000,5944404.216900000300000,9.996551661000069,53.644257858000060,2170527000034563840,9.997,53.644
123017,123018,2,4,5,409,2017,5,10,4,3,5,3,0,0,1,1,0,0,,0,565861.234399999960000,5938931.119099999800000,9.995137593000038,53.595072538000068,2170517000033565490,9.995,53.595
123021,123022,2,1,6,116,2017,5,11,4,3,5,3,0,0,1,1,0,0,,0,567401.467799999980000,5933928.738199999600000,10.017326181000044,53.549919645000045,2170531000041538530,10.017,53.55
123022,123023,2,4,6,414,2017,5,13,4,3,1,5,0,0,1,1,0,0,,0,567155.528300000010000,5937004.714100000400000,10.014275897000061,53.577595467000037,2170517000031554330,10.014,53.578
123027,123028,2,2,10,222,2017,5,14,4,2,5,3,0,0,1,1,0,0,,0,554555.093299999950000,5934955.317699999500000,9.823632787000065,53.560638181000058,2170517000026561100,9.824,53.561
123029,123030,2,3,6,318,2017,5,14,4,3,5,3,0,0,1,1,0,0,,0,562944.719900000030000,5943532.012199999800000,9.952006884000070,53.636780269000042,2170517000024574150,9.952,53.637
123030,123031,2,4,1,401,2017,5,17,4,3,5,2,0,0,1,0,0,0,,0,564387.577000000050000,5937475.922299999700000,9.972574423000026,53.582177417000082,2170517000023545990,9.973,53.582
123031,123032,2,2,3,210,2017,5,20,4,2,0,5,1,0,1,1,0,0,,0,562383.706499999970000,5934721.137400000400000,9.941760260000024,53.557661398000050,2170517000021521970,9.942,53.558
123033,123034,2,1,3,105,2017,5,8,4,3,0,7,0,0,1,1,0,0,,0,564469.781800000000000,5933606.640300000100000,9.973017450000043,53.547393015000068,2170517000014571990,9.973,53.547
123034,123035,2,5,18,526,2017,5,13,6,3,6,4,0,0,1,0,1,0,,0,575419.739199999950000,5942336.505199999500000,10.140357760000029,53.624387740000031,2170526000038528610,10.14,53.624
123035,123036,2,1,5,114,2017,5,16,4,2,5,3,0,0,1,1,0,0,,0,566388.571400000020000,5934740.006600000000000,10.002212870000051,53.557339738000053,2170517000011519540,10.002,53.557
123036,123037,2,3,1,306,2017,5,16,3,3,1,5,0,0,1,1,0,0,,0,563014.362300000040000,5936803.701700000100000,9.951699484000073,53.576302760000033,2170530000023547560,9.952,53.576
123041,123042,2,1,16,136,2017,5,19,3,3,5,3,0,1,1,0,0,0,,0,566958.662600000040000,5927290.606999999800000,10.009224889000052,53.490317798000035,2170516000044548870,10.009,53.49
123048,123049,2,5,18,526,2017,5,13,3,3,5,3,0,1,1,1,0,0,,0,575346.920399999940000,5939639.199099999900000,10.138604579000059,53.600158276000059,2170516000038527470,10.139,53.6
123052,123053,2,5,7,515,2017,5,20,3,3,5,4,0,0,1,0,1,0,,0,571639.872600000000000,5942012.169300000200000,10.083142499000076,53.622003749000044,2170516000036524390,10.083,53.622
123054,123055,2,5,10,518,2017,5,8,3,3,0,7,0,1,1,1,0,0,,0,572773.500499999970000,5946031.203999999900000,10.101219112000024,53.657965704000048,2170516000035550910,10.101,53.658
123057,123058,2,5,2,505,2017,5,21,4,2,5,2,1,0,1,0,0,1,,0,570858.801400000000000,5936533.493200000400000,10.070090476000075,53.572873410000057,2170531000037560130,10.07,53.573
123058,123059,2,4,4,407,2017,5,15,3,3,5,3,0,1,1,1,0,0,,0,565785.108299999960000,5939671.732699999600000,9.994143816000076,53.601738116000035,2170516000033565440,9.994,53.602
123065,123066,2,2,2,207,2017,5,14,3,3,0,3,0,1,1,1,0,0,,0,564076.278300000010000,5935717.613599999800000,9.967512152000040,53.566413138000030,2170516000016566980,9.968,53.566
123066,123067,2,1,1,102,2017,5,17,3,3,0,7,0,0,1,0,0,0,,0,565386.939999999940000,5933679.870000000100000,9.986872835000042,53.547937744000080,2170516000014571900,9.987,53.548
123067,123068,2,1,3,106,2017,5,15,3,3,4,2,0,1,1,1,0,0,,0,564754.719399999940000,5934076.678799999900000,9.977414555000053,53.551582325000027,2170516000014571890,9.977,53.552
123077,123078,2,1,6,118,2017,5,15,2,2,1,7,0,0,1,1,0,0,,0,568926.146399999970000,5933395.434299999800000,10.040217307000034,53.544928844000026,2170515000041536890,10.04,53.545
123080,123081,2,5,9,517,2017,5,15,6,2,0,3,0,0,1,1,0,0,,0,572267.770200000030000,5943667.389100000300000,10.093018340000071,53.636792672000070,2170526000035551600,10.093,53.637
123081,123082,2,5,18,526,2017,5,7,2,3,1,5,0,0,1,0,0,0,,1,576106.127199999990000,5941676.347699999800000,10.150572392000072,53.618355810000082,2170515000038527330,10.151,53.618
123082,123083,2,4,5,411,2017,5,11,6,3,1,5,0,0,1,0,0,0,,1,568062.945799999990000,5937920.249300000300000,10.028178230000037,53.585706512000058,2170526000033566000,10.028,53.586
123086,123087,2,5,7,515,2017,5,9,2,3,5,3,0,0,1,0,0,0,,0,573159.355699999960000,5943057.478600000000000,10.106357011000057,53.631187670000031,2170515000036524270,10.106,53.631
123092,123093,2,4,11,430,2017,5,16,2,3,5,3,0,0,1,1,0,0,,0,567862.068500000050000,5942000.176199999600000,10.026032597000039,53.622399149000046,2170515000034562980,10.026,53.622
123093,123094,2,4,5,413,2017,5,8,2,3,1,5,0,0,1,1,0,0,,0,566870.212599999970000,5937445.801000000000000,10.010061898000060,53.581596034000029,2170515000033565280,10.01,53.582
123096,123097,2,2,4,212,2017,5,16,2,3,4,6,0,0,1,0,0,0,,0,560434.407400000030000,5933908.436599999700000,9.912180195000076,53.550585343000080,2170515000025539880,9.912,53.551
123097,123098,2,2,4,212,2017,5,10,2,3,4,2,0,0,1,1,0,0,,0,560492.308599999990000,5934788.345900000100000,9.913224293000042,53.558486813000059,2170515000025539870,9.913,53.558
123098,123099,2,3,9,321,2017,5,18,2,3,5,2,0,0,1,1,0,0,,0,562738.634300000030000,5937603.731700000400000,9.947696630000053,53.583525937000047,2170515000023545660,9.948,53.584
123099,123100,2,3,3,313,2017,5,20,2,3,5,3,0,0,1,0,0,0,,0,564739.593600000020000,5936633.858000000000000,9.977716145000045,53.574566244000039,2170515000017557080,9.978,53.575
123102,123103,2,1,5,113,2017,5,19,2,3,5,3,0,0,1,1,0,0,,0,567858.052700000000000,5934356.351800000300000,10.024309263000021,53.553703865000045,2170515000011519500,10.024,53.554
123107,123108,2,5,6,514,2017,5,19,1,3,2,6,0,0,1,1,0,0,,0,573895.485899999970000,5939254.969800000100000,10.116584790000047,53.596911933000058,2170514000038527090,10.117,53.597
123108,123109,2,4,5,410,2017,5,19,1,3,4,2,1,1,1,1,0,0,,0,566468.832999999980000,5938214.422000000300000,10.004163894000044,53.588554780000038,2170514000033565220,10.004,53.589
123109,123110,2,3,6,318,2017,5,10,3,3,0,7,0,0,1,0,0,0,,1,564239.398099999990000,5944165.552699999900000,9.971716028000060,53.642316703000063,2170530000024574960,9.972,53.642
123113,123114,2,3,1,305,2017,5,13,1,3,5,2,0,0,1,1,0,0,,0,563108.964999999970000,5936977.514999999700000,9.953163180000047,53.577853501000050,2170514000023545440,9.953,53.578
123116,123117,2,5,6,514,2017,5,13,4,3,3,6,0,0,1,1,0,0,,0,573718.616500000000000,5941940.799999999800000,10.114548243000058,53.621073873000057,2170531000038529190,10.115,53.621
123118,123119,2,1,4,111,2017,5,22,1,3,0,7,2,1,1,0,0,0,,0,564588.957999999980000,5934600.722099999900000,9.975021207000054,53.556312472000059,2170514000016566780,9.975,53.556
123119,123120,2,7,1,702,2017,5,13,1,3,5,3,0,0,1,1,0,0,,0,565388.964000000040000,5924233.637000000100000,9.984933248000061,53.463041064000038,2170514000003577400,9.985,53.463
123123,123124,2,4,8,419,2017,5,17,7,3,4,7,0,1,1,1,0,0,,0,567906.515900000000000,5937359.792600000300000,10.025693614000033,53.580689910000046,2170513000031553680,10.026,53.581
123127,123128,2,1,6,115,2017,5,17,6,3,0,7,0,0,1,0,0,0,,1,567774.710500000040000,5932819.264399999800000,10.022718344000054,53.539900569000054,2170512000041536600,10.023,53.54
123128,123129,2,5,6,514,2017,5,16,6,3,1,7,0,0,1,1,0,0,,0,574525.219200000050000,5939737.761099999800000,10.126213659000030,53.601161518000026,2170512000038526960,10.126,53.601
123129,123130,2,5,18,526,2017,5,16,6,3,0,3,0,0,1,1,0,0,,0,575729.401500000040000,5941640.123700000300000,10.144869497000059,53.618084882000062,2170512000038526930,10.145,53.618
123131,123132,2,5,7,515,2017,5,13,2,3,5,2,0,0,1,0,0,0,,1,570791.968400000010000,5940510.536200000000000,10.069983976000060,53.608623987000044,2170529000036525320,10.07,53.609
123133,123134,2,2,4,212,2017,5,15,3,3,1,7,0,0,1,1,0,0,,0,560941.437900000020000,5934870.340900000200000,9.920019622000041,53.559171783000068,2170530000021523160,9.92,53.559
123137,123138,2,4,12,431,2017,5,13,6,3,3,6,0,0,1,1,0,0,,0,566974.109000000050000,5943201.894200000000000,10.012868120000064,53.633313393000037,2170512000034562780,10.013,53.633
123140,123141,2,4,13,432,2017,5,17,4,2,0,3,0,0,1,0,0,0,,1,566919.379199999970000,5944971.930400000000000,10.012421464000056,53.649227804000077,2170531000034564170,10.012,53.649
123141,123142,2,3,8,320,2017,5,16,6,3,0,5,0,0,1,1,0,0,,0,559805.766399999960000,5939809.003499999600000,9.903823382000041,53.603688300000044,2170512000027575980,9.904,53.604
123142,123143,2,5,1,501,2017,5,17,6,2,4,2,0,0,1,1,0,0,,0,568539.697200000050000,5935555.466500000100000,10.034859755000070,53.564391897000064,2170526000031555520,10.035,53.564
123143,123144,2,2,5,216,2017,5,10,6,3,5,2,0,1,1,1,0,0,,0,560791.008500000000000,5935805.666500000300000,9.917930931000058,53.567595393000033,2170512000025539600,9.918,53.568
123145,123146,2,1,4,112,2017,5,9,1,3,3,6,0,0,1,0,0,0,,1,563877.609399999960000,5933431.970599999700000,9.964045742000053,53.545895572000063,2170528000014572900,9.964,53.546
123148,123149,2,3,6,318,2017,5,11,6,3,1,5,0,1,1,1,0,0,,0,563129.756000000050000,5942261.577999999700000,9.954547288000072,53.625340306000055,2170512000024573830,9.955,53.625
123152,123153,2,6,2,602,2017,5,14,4,3,0,3,0,0,1,0,0,0,,0,578398.991500000000000,5927774.869900000300000,10.181741280000040,53.493089647000033,2170531000043534940,10.182,53.493
123155,123156,2,4,1,402,2017,5,7,6,3,5,3,0,0,1,1,0,0,,0,564439.814200000020000,5937673.845599999700000,9.973404211000059,53.583949787000051,2170512000023545150,9.973,53.584
123156,123157,2,1,4,109,2017,5,15,6,3,5,3,0,0,1,1,0,0,,0,564414.430799999970000,5934686.014299999900000,9.972404576000031,53.557100463000040,2170512000016566740,9.972,53.557
123157,123158,2,1,5,113,2017,5,13,6,3,0,7,0,0,1,0,0,0,,0,567159.133999999960000,5934989.451200000000000,10.013897024000073,53.559483517000047,2170512000011519360,10.014,53.559
123160,123161,2,6,2,602,2017,5,9,5,3,0,7,0,0,1,0,1,0,,0,580241.171199999980000,5927022.235299999800000,10.209310085000027,53.486048238000080,2170511000043532950,10.209,53.486
123161,123162,2,1,12,130,2017,5,16,5,3,4,1,0,0,1,0,0,0,,1,574230.014100000030000,5935606.075699999900000,10.120770753000045,53.564072683000063,2170511000042530130,10.121,53.564
123163,123164,2,1,12,130,2017,5,8,5,2,5,3,0,0,1,1,0,0,,0,573210.290799999960000,5933482.806099999700000,10.104880245000061,53.545134285000074,2170511000042530110,10.105,53.545
123168,123169,2,1,20,141,2017,5,14,1,3,3,6,0,0,1,1,0,0,,0,558246.601799999950000,5931856.831100000100000,9.878780435000067,53.532393705000061,2170528000047543320,9.879,53.532
123174,123175,2,4,5,413,2017,5,15,5,3,3,6,0,0,1,1,0,0,,0,566952.957599999970000,5937463.672000000300000,10.011315366000076,53.581746087000056,2170511000033565120,10.011,53.582
123177,123178,2,2,5,215,2017,5,17,5,3,5,3,0,0,1,1,0,0,,0,561783.778700000020000,5935733.134399999900000,9.932905031000075,53.566827563000061,2170511000025539510,9.933,53.567
123178,123179,2,3,1,305,2017,5,16,5,3,0,6,0,0,1,1,0,0,,0,563725.042499999980000,5936693.852000000000000,9.962408738000022,53.575229654000054,2170511000023545000,9.962,53.575
123179,123180,2,4,7,417,2017,5,19,6,3,0,5,0,0,1,1,0,0,,0,567876.245200000000000,5935407.299399999900000,10.024812077000036,53.563146531000029,2170526000031555460,10.025,53.563
123182,123183,2,3,1,306,2017,5,8,5,3,0,7,0,0,1,0,0,0,,0,563099.752600000010000,5936500.576799999900000,9.952927667000040,53.573568217000059,2170511000023544850,9.953,53.574
123187,123188,2,4,6,415,2017,5,13,4,3,0,5,0,0,1,1,0,0,,0,567461.345699999950000,5935908.500699999700000,10.018657148000045,53.567704401000071,2170531000031556100,10.019,53.568
123190,123191,2,1,3,107,2017,5,19,5,3,5,3,0,0,1,1,0,0,,0,565301.524899999960000,5934024.512799999700000,9.985655864000023,53.551045770000030,2170511000014571450,9.986,53.551
123193,123194,2,7,14,715,2017,5,7,4,3,5,3,0,0,1,1,0,0,,0,557511.444600000050000,5923908.133299999900000,9.866233019000049,53.461034606000055,2170510000047542000,9.866,53.461
123195,123196,2,1,16,137,2017,5,8,4,2,4,7,0,0,1,0,0,0,,0,565524.563800000000000,5928958.459800000300000,9.987961619000032,53.505487893000065,2170510000044548430,9.988,53.505
123196,123197,2,1,11,129,2017,5,19,4,3,5,2,0,0,1,1,0,0,,0,572268.150999999950000,5933907.990500000300000,10.090762692000055,53.549085903000048,2170510000042530000,10.091,53.549
123198,123199,2,1,12,130,2017,5,12,4,3,4,6,0,0,1,0,0,0,,0,572922.895499999980000,5932960.967000000200000,10.100422146000028,53.540484532000050,2170510000042529970,10.1,53.54
123201,123202,2,5,4,512,2017,5,18,4,3,5,3,0,0,1,1,0,0,,0,574880.079400000050000,5937859.359600000100000,10.131124129000057,53.584230159000072,2170510000038526640,10.131,53.584
123203,123204,2,5,18,526,2017,5,7,4,2,4,2,0,0,1,0,0,0,,1,576218.996900000030000,5942224.259600000500000,10.152412502000061,53.623263300000076,2170510000038526510,10.152,53.623
123206,123207,2,4,6,414,2017,5,8,4,3,5,3,0,0,1,1,0,0,,0,567506.529699999960000,5937442.186400000000000,10.019670901000040,53.581482030000075,2170510000031553220,10.02,53.581
123207,123208,2,5,1,503,2017,5,14,4,3,5,3,0,0,1,1,0,0,,0,569925.105199999990000,5935693.993099999600000,10.055804746000035,53.565454070000044,2170510000031553180,10.056,53.565
123208,123209,2,3,9,321,2017,5,8,4,3,0,7,0,0,1,0,0,0,,0,561532.248200000030000,5938563.688000000100000,9.929665598000042,53.592296345000079,2170510000027575780,9.93,53.592
123209,123210,2,3,1,304,2017,5,20,4,3,6,7,0,0,1,0,1,0,,0,562316.371399999950000,5936607.870699999900000,9.941120283000032,53.574626145000082,2170510000023544780,9.941,53.575
123216,123217,2,5,3,510,2017,5,16,2,3,5,3,0,0,1,1,0,0,,0,571026.278000000050000,5936215.252999999600000,10.072546795000051,53.569990742000073,2170529000037559960,10.073,53.57
123217,123218,2,1,14,132,2017,5,10,3,3,5,2,0,0,1,0,0,0,,1,569095.857800000000000,5932761.960699999700000,10.042638171000021,53.539213439000036,2170509000041536110,10.043,53.539
123223,123224,2,3,3,314,2017,5,15,4,3,4,2,0,0,1,1,0,0,,0,564868.929200000010000,5937109.114699999800000,9.979767848000051,53.578821513000037,2170531000017558060,9.98,53.579
123224,123225,2,4,11,430,2017,5,7,3,3,3,6,0,0,1,1,0,0,,0,568748.274100000040000,5940275.586699999900000,10.039048425000033,53.606784639000068,2170509000036523910,10.039,53.607
123225,123226,2,5,8,516,2017,5,16,3,3,2,6,0,0,1,1,0,0,,0,569517.398599999960000,5940943.529500000200000,10.050819722000028,53.612685958000043,2170509000036523880,10.051,53.613
123228,123229,2,4,6,415,2017,5,15,3,3,5,3,0,0,1,1,0,0,,0,567446.055900000040000,5935953.258800000000000,10.018435979000060,53.568108614000039,2170509000031553020,10.018,53.568
123231,123232,2,4,1,402,2017,5,12,3,3,3,6,0,0,1,0,0,0,,1,564459.488499999980000,5938137.021499999800000,9.973797046000072,53.588110043000029,2170509000023544640,9.974,53.588
123235,123236,2,7,14,715,2017,5,16,2,3,5,3,0,0,1,1,0,0,,0,557752.508900000020000,5925630.093500000400000,9.870179951000068,53.476484661000029,2170508000047541840,9.87,53.476
123238,123239,2,1,14,132,2017,5,7,2,3,5,2,0,1,1,1,0,0,,0,568604.890200000020000,5932998.344700000200000,10.035282767000069,53.541402212000037,2170508000041535980,10.035,53.541
123243,123244,2,4,3,406,2017,5,8,2,3,5,3,0,1,1,1,0,0,,0,566168.950399999970000,5941883.045500000000000,10.000413147000074,53.621563154000057,2170508000034562470,10.0,53.622
123245,123246,2,5,12,520,2017,5,13,2,3,6,3,0,0,1,0,1,0,,0,568701.892100000060000,5944898.365299999700000,10.039367978000030,53.648335635000080,2170508000034562450,10.039,53.648
123246,123247,2,7,9,710,2017,5,4,2,3,3,2,2,0,1,1,0,0,,0,563380.103699999980000,5923401.249699999600000,9.954511297000067,53.455805558000066,2170529000046570410,9.955,53.456
123249,123250,2,4,5,409,2017,5,18,2,3,5,3,0,0,1,1,0,0,,0,566328.698100000040000,5938483.220200000300000,10.002104347000056,53.590988259000028,2170508000033564890,10.002,53.591
123251,123252,2,4,13,432,2017,6,13,2,3,5,3,0,0,1,1,0,0,,0,567480.155499999990000,5944856.195600000200000,10.020878834000030,53.648115662000066,2170612000034623850,10.021,53.648
123253,123254,2,2,3,209,2017,6,10,3,3,5,3,0,1,1,1,0,0,,0,563030.519699999950000,5935661.921000000100000,9.951713020000057,53.566039267000065,2170613000021580410,9.952,53.566
123258,123259,2,1,5,114,2017,6,16,2,2,6,3,0,0,1,0,1,0,,0,566721.150700000000000,5934141.011800000400000,10.007104843000036,53.551914283000031,2170605000011578290,10.007,53.552
123260,123261,2,6,2,603,2017,6,17,1,3,5,3,0,0,1,1,0,0,,0,580185.156599999990000,5926513.019700000100000,10.208336036000048,53.481480610000062,2170604000043591290,10.208,53.481
123261,123262,2,2,1,206,2017,6,3,6,3,0,7,2,0,1,0,0,0,,0,563200.686699999960000,5935085.233000000000000,9.954165366000041,53.560835915000041,2170616000021580760,9.954,53.561
123269,123270,2,1,11,129,2017,6,19,1,3,5,3,0,0,1,1,0,0,,0,571821.014100000030000,5934556.149199999900000,10.084164159000068,53.554972245000044,2170604000042588180,10.084,53.555
123274,123275,2,2,3,208,2017,6,14,2,3,4,2,0,0,1,1,0,0,,0,563373.586000000010000,5935237.029699999800000,9.956806082000071,53.562179313000058,2170612000016627910,9.957,53.562
123279,123280,2,5,6,514,2017,6,19,1,2,5,3,0,0,1,1,0,0,,0,573887.772600000030000,5940483.337600000200000,10.116759440000067,53.607952127000033,2170604000038584420,10.117,53.608
123284,123285,2,3,1,307,2017,6,14,3,3,1,5,0,0,1,1,0,0,,0,563337.916899999950000,5935863.106999999800000,9.956394570000043,53.567810376000068,2170613000023605250,9.956,53.568
123285,123286,2,5,13,521,2017,6,18,1,3,5,2,0,0,1,1,0,0,,0,572216.050000000050000,5948014.707200000100000,10.093246711000063,53.675868286000082,2170604000035610350,10.093,53.676
123290,123291,2,2,4,212,2017,6,19,6,3,4,6,0,0,1,1,0,0,,0,560491.140999999950000,5934917.301000000000000,9.913231629000052,53.559645923000062,2170616000025599650,9.913,53.56
123291,123292,2,3,1,309,2017,6,16,4,3,4,2,0,1,1,1,0,0,,0,564227.271900000050000,5935863.434100000200000,9.969821686000046,53.567705208000064,2170607000017616920,9.97,53.568
123292,123293,2,1,8,123,2017,6,16,6,3,3,2,0,0,1,1,0,0,,0,570293.248799999940000,5935135.111899999900000,10.061236595000025,53.560382201000039,2170616000041595870,10.061,53.56
123293,123294,2,5,8,516,2017,6,8,4,3,5,3,0,0,1,1,0,0,,0,569842.733699999980000,5940258.645700000200000,10.055583022000064,53.606487648000041,2170607000036582390,10.056,53.606
123294,123295,2,3,1,303,2017,6,19,5,3,0,7,0,0,1,1,0,0,,0,562783.831099999950000,5936889.311499999800000,9.948235537000073,53.577099806000035,2170608000023604430,9.948,53.577
123297,123298,2,1,5,113,2017,6,17,7,3,0,3,0,0,1,1,0,0,,0,566943.450900000050000,5935020.088899999900000,10.010647991000042,53.559786417000055,2170610000011578510,10.011,53.56
123300,123301,2,3,6,318,2017,6,16,1,3,1,5,0,0,1,1,0,0,,0,563220.036199999970000,5944102.820399999600000,9.956286297000077,53.641877059000080,2170604000024634920,9.956,53.642
123301,123302,2,6,2,602,2017,6,20,1,3,5,3,0,1,1,1,0,0,,0,578252.566800000030000,5928115.250900000300000,10.179619572000036,53.496170372000051,2170611000043592150,10.18,53.496
123304,123305,2,1,4,112,2017,6,14,1,3,1,5,0,0,1,1,0,0,,0,563681.990600000020000,5933483.530399999600000,9.961104404000025,53.546382716000039,2170604000015639100,9.961,53.546
123307,123308,2,6,1,601,2017,6,11,4,2,5,3,0,0,1,1,0,0,,0,580011.574000000020000,5927808.520700000200000,10.206051149000075,53.493149301000074,2170614000043592390,10.206,53.493
123308,123309,2,2,8,220,2017,6,18,5,3,5,3,0,0,1,0,0,0,,1,556282.995499999960000,5938929.305900000000000,9.850432819000048,53.596172200000069,2170615000025599520,9.85,53.596
123310,123311,2,4,10,427,2017,6,10,3,3,4,2,0,0,1,1,0,0,,0,569013.941100000050000,5938570.367800000100000,10.042685462000065,53.591424858000039,2170606000031613040,10.043,53.591
123313,123314,2,4,11,430,2017,6,19,6,3,0,3,0,0,1,0,0,0,,1,569562.059499999970000,5943438.902999999900000,10.052052292000042,53.635105873000043,2170616000035611200,10.052,53.635
123316,123317,2,1,16,137,2017,6,16,4,3,3,2,0,1,1,0,0,0,,1,565140.367699999940000,5930884.648900000400000,9.982570164000038,53.522846915000059,2170607000044608550,9.983,53.523
123323,123324,2,4,13,432,2017,6,18,5,3,3,2,0,1,1,1,0,0,,0,566386.924800000040000,5945857.435200000200000,10.004556516000036,53.657253723000053,2170608000034623570,10.005,53.657
123324,123325,2,2,5,216,2017,6,14,6,3,1,5,0,0,1,1,0,0,,0,560382.071000000000000,5935533.730000000400000,9.911704361000034,53.565198600000031,2170609000025598590,9.912,53.565
123326,123327,2,7,5,706,2017,6,12,7,3,0,7,0,1,1,1,0,0,,0,567101.428199999970000,5921556.602000000000000,10.010152132000030,53.438766242000042,2170603000046629090,10.01,53.439
123327,123328,2,3,1,306,2017,6,12,7,3,1,5,0,0,1,1,0,0,,0,563608.956600000030000,5936485.426599999900000,9.960613358000046,53.573370562000036,2170610000023604800,9.961,53.573
123334,123335,2,1,5,114,2017,6,9,4,3,3,6,0,0,1,0,0,0,,0,566591.088100000050000,5934807.766800000300000,10.005284016000076,53.557923060000064,2170614000011578700,10.005,53.558
123339,123340,2,4,1,401,2017,6,19,3,3,6,6,0,0,1,1,1,0,,0,565099.016700000040000,5937684.987200000300000,9.983362603000046,53.583968501000072,2170606000023603990,9.983,53.584
123340,123341,2,1,1,101,2017,6,7,6,3,2,6,0,0,1,0,0,0,,0,566174.641500000030000,5934423.529199999800000,9.998916888000053,53.554522499000029,2170616000014633360,9.999,53.555
123342,123343,2,2,14,227,2017,6,20,6,3,0,1,0,0,1,0,0,0,,0,550524.509100000020000,5937212.865199999900000,9.763153393000039,53.581331979000026,2170616000026621890,9.763,53.581