,OBJECTID,ULAND,UREGBEZ,UKREIS,UGEMEINDE,UJAHR,UMONAT,USTUNDE,UWOCHENTAG,UKATEGORIE,UART,UTYP1,ULICHTVERH,STRZUSTAND,IstRad,IstPKW,IstFuss,IstKrad,IstGkfz,IstSonstig,LINREFX,LINREFY,XGCSWGS84,YGCSWGS84,UIDENTSTLA,lat_short,long_short
123343,123344,2,3,5,317,2017,6,7,4,3,5,3,0,0,1,1,0,0,,0,564410.797999999950000,5939280.210300000400000,9.973297690000038,53.598390131000031,2170607000023604180,9.973,53.598
123351,123352,2,1,1,102,2017,6,7,6,3,2,6,0,0,1,0,0,0,,1,565509.802299999980000,5933728.867900000000000,9.988737134000076,53.548362787000030,2170616000014633370,9.989,53.548
123352,123353,2,5,7,515,2017,6,17,3,3,0,3,0,1,1,0,0,0,,0,571764.571899999980000,5941158.168100000400000,10.084830685000043,53.614311869000062,2170606000036582350,10.085,53.614
123353,123354,2,2,10,222,2017,6,19,6,3,5,3,0,0,1,1,0,0,,0,555978.001200000060000,5934585.691999999800000,9.845046065000076,53.557166298000027,2170616000026621920,9.845,53.557
123356,123357,2,5,6,514,2017,6,16,4,3,5,3,0,1,1,1,0,0,,0,573807.550700000020000,5940408.355000000400000,10.115529438000067,53.607289580000042,2170607000038584780,10.116,53.607
123357,123358,2,2,5,215,2017,6,14,5,3,5,3,0,1,1,1,0,0,,0,560906.726799999950000,5936153.812900000300000,9.919745897000041,53.570710907000034,2170608000025598450,9.92,53.571
123361,123362,2,1,5,114,2017,6,16,7,3,0,7,0,0,1,0,1,0,,0,566488.922000000020000,5934749.082100000200000,10.003729454000052,53.557408599000041,2170610000011578550,10.004,53.557
123362,123363,2,2,4,212,2017,6,20,7,3,2,6,0,0,1,1,0,0,,0,560800.826299999960000,5934098.756099999900000,9.917747054000074,53.552253523000047,2170603000021579620,9.918,53.552
123363,123364,2,4,5,413,2017,6,19,7,3,0,7,0,0,1,1,0,0,,0,566544.089299999990000,5937522.433600000100000,10.005153042000074,53.582326225000031,2170610000033625990,10.005,53.582
123364,123365,2,7,10,711,2017,6,15,6,3,6,7,0,0,1,0,1,0,,0,563537.608299999960000,5925018.637600000000000,9.957209914000032,53.470322816000078,2170602000046629060,9.957,53.47
123365,123366,2,1,16,136,2017,6,14,6,3,3,2,0,0,1,1,0,0,,0,567221.390800000050000,5927632.010400000000000,10.013257283000030,53.493352587000061,2170602000044608170,10.013,53.493
123366,123367,2,2,8,220,2017,6,15,3,3,5,3,0,0,1,0,0,0,,1,558889.281199999970000,5939565.847500000100000,9.889928776000033,53.601606747000062,2170613000025599120,9.89,53.602
123373,123374,2,3,2,312,2017,6,11,1,2,5,3,0,0,1,1,0,0,,0,565607.783199999950000,5935118.137099999900000,9.990507291000029,53.560836257000062,2170611000017617170,9.991,53.561
123375,123376,2,1,5,114,2017,6,14,2,3,1,5,0,1,1,1,0,0,,0,566779.577099999990000,5934462.189700000000000,10.008055201000047,53.554793345000064,2170612000011578660,10.008,53.555
123380,123381,2,4,13,432,2017,6,7,5,3,5,3,0,0,1,1,0,0,,0,567162.853299999960000,5945267.604799999900000,10.016168235000066,53.651853838000079,2170615000034624140,10.016,53.652
123382,123383,2,1,16,136,2017,6,15,5,3,4,1,0,0,1,1,0,0,,0,566873.123700000000000,5926593.473899999600000,10.007787303000043,53.484063333000051,2170615000044609050,10.008,53.484
123383,123384,2,4,13,432,2017,6,7,3,3,5,3,0,0,1,0,0,0,,1,566681.308700000050000,5944852.536600000200000,10.008794705000071,53.648185203000082,2170606000034623330,10.009,53.648
123387,123388,2,4,6,415,2017,6,16,4,3,3,2,0,1,1,0,0,0,,1,568448.336000000010000,5936576.214100000400000,10.033704268000065,53.573577386000068,2170607000031613240,10.034,53.574
123388,123389,2,1,5,114,2017,6,7,5,3,5,3,0,0,1,1,0,0,,0,567522.159300000060000,5934269.710900000300000,10.019221163000054,53.552968518000057,2170608000011578440,10.019,53.553
123394,123395,2,2,5,216,2017,6,17,6,3,5,3,0,1,1,1,0,0,,0,560153.528799999970000,5935395.167100000200000,9.908227417000035,53.563979522000068,2170609000025598620,9.908,53.564
123396,123397,2,5,4,512,2017,6,11,6,3,5,2,0,0,1,0,0,0,,1,574465.931699999960000,5936355.828900000100000,10.124510768000050,53.570777170000042,2170602000038584300,10.125,53.571
123398,123399,2,1,16,137,2017,6,22,7,3,6,6,2,0,1,0,1,0,,0,566366.452599999960000,5930084.792899999800000,10.000891771000056,53.515504999000029,2170610000044608730,10.001,53.516
123401,123402,2,4,9,424,2017,6,13,6,3,3,6,0,0,1,1,0,0,,0,570292.932099999980000,5937436.538499999800000,10.061749825000049,53.581065213000045,2170602000037618800,10.062,53.581
123403,123404,2,5,2,507,2017,6,17,4,3,0,7,0,0,1,0,0,0,,0,571101.478000000000000,5936817.608599999900000,10.073819304000040,53.575393915000063,2170614000037619610,10.074,53.575
123406,123407,2,5,12,520,2017,6,17,2,2,5,3,0,0,1,1,0,0,,0,569478.061699999960000,5944739.657300000100000,10.051072756000053,53.646806837000042,2170605000035610410,10.051,53.647
123409,123410,2,3,1,310,2017,6,18,6,3,4,2,0,0,1,1,0,0,,0,563578.619300000020000,5935407.391900000200000,9.959935838000035,53.563685613000075,2170616000016628090,9.96,53.564
123412,123413,2,5,4,512,2017,6,13,4,3,2,2,0,1,1,1,0,0,,0,575021.170200000050000,5937893.716699999800000,10.133263222000039,53.584518754000044,2170607000038584810,10.133,53.585
123413,123414,2,3,8,320,2017,6,16,4,3,0,7,0,1,1,0,0,0,,0,559996.514899999950000,5941193.675300000200000,9.906972342000074,53.616111066000030,2170607000027637160,9.907,53.616
123415,123416,2,1,8,123,2017,6,16,4,3,5,3,0,1,1,1,0,0,,0,570510.128299999980000,5935108.552199999800000,10.064504272000022,53.560114418000069,2170607000041594890,10.065,53.56
123416,123417,2,2,4,212,2017,6,18,5,3,5,3,0,1,1,1,0,0,,0,560453.563599999990000,5934283.810800000100000,9.912541877000024,53.553956795000033,2170608000025598490,9.913,53.554
123419,123420,2,5,2,508,2017,6,13,6,3,5,3,0,0,1,1,0,0,,0,573000.677299999980000,5937245.971099999700000,10.102596618000064,53.578982704000055,2170609000038585130,10.103,53.579
123422,123423,2,5,7,515,2017,6,17,6,3,5,3,0,0,1,1,0,0,,0,570095.780999999960000,5938827.845999999900000,10.059085079000056,53.593595285000049,2170602000036582120,10.059,53.594
123424,123425,2,2,11,223,2017,6,17,3,3,3,2,0,0,1,1,0,0,,0,554293.055999999980000,5935076.768000000200000,9.819698288000041,53.561756907000074,2170613000026621690,9.82,53.562
123428,123429,2,5,11,519,2017,6,9,6,3,0,7,0,0,1,0,0,0,,0,572607.312500000000000,5945216.624800000300000,10.098514503000047,53.650668354000061,2170602000035610170,10.099,53.651
123431,123432,2,5,7,515,2017,6,16,5,3,0,3,0,0,1,1,0,0,,0,571792.680100000000000,5939929.397699999600000,10.084972378000032,53.603265188000080,2170615000036582930,10.085,53.603
123434,123435,2,7,13,714,2017,6,15,3,3,5,2,0,0,1,1,0,0,,0,558059.410700000010000,5925726.710500000000000,9.874821434000069,53.477319265000062,2170606000047601820,9.875,53.477
123435,123436,2,5,11,519,2017,6,8,4,3,3,6,0,0,1,0,0,0,,0,572763.233600000040000,5945648.906299999900000,10.100974252000071,53.654531509000037,2170614000035611000,10.101,53.655
123436,123437,2,7,16,717,2017,6,19,4,2,5,3,0,0,1,1,0,0,,0,551794.063599999990000,5930524.343899999700000,9.781219594000049,53.521093331000031,2170614000047602340,9.781,53.521
123437,123438,2,4,9,425,2017,6,16,5,3,0,7,0,0,1,1,0,0,,0,570581.757600000010000,5938092.759899999900000,10.066260032000059,53.586923876000071,2170615000037619700,10.066,53.587
123440,123441,2,5,10,518,2017,6,17,3,3,5,3,0,1,1,1,0,0,,0,573867.262499999950000,5945073.214999999900000,10.117538919000026,53.649203182000065,2170606000035610510,10.118,53.649
123441,123442,2,3,1,310,2017,6,20,6,3,4,6,1,0,1,0,0,0,,0,563603.510200000020000,5935560.531600000300000,9.960342770000068,53.565058911000051,2170616000023605940,9.96,53.565
123442,123443,2,1,5,114,2017,6,17,4,3,6,3,0,1,1,0,1,0,,0,566948.133000000030000,5934036.676699999700000,10.010508042000026,53.550947709000070,2170607000011578390,10.011,53.551
123444,123445,2,2,4,214,2017,6,9,5,3,5,3,0,0,1,1,0,0,,0,561468.555000000050000,5933738.263399999600000,9.927753651000046,53.548935872000072,2170608000021579910,9.928,53.549
123445,123446,2,3,9,321,2017,6,15,7,3,1,5,0,0,1,1,0,0,,0,561490.544299999950000,5938125.490199999900000,9.928949220000050,53.588363000000072,2170617000027637880,9.929,53.588
123446,123447,2,5,2,508,2017,6,6,5,3,0,3,0,0,1,1,0,0,,0,572695.553100000020000,5937274.167799999900000,10.097995544000071,53.579278483000053,2170608000037619270,10.098,53.579
123447,123448,2,4,7,416,2017,6,15,6,3,5,3,0,0,1,1,0,0,,0,567804.476499999990000,5934853.500900000300000,10.023608521000028,53.558178741000063,2170609000031613500,10.024,53.558
123448,123449,2,4,13,432,2017,6,8,6,3,5,3,0,0,1,1,0,0,,0,565586.255400000020000,5946780.906299999900000,9.992637925000054,53.665654048000079,2170602000034623100,9.993,53.666
123451,123452,2,4,5,412,2017,6,11,6,3,3,2,0,0,1,0,0,0,,0,567179.482700000050000,5937883.296099999900000,10.014826745000050,53.585488337000072,2170602000033625490,10.015,53.585
123453,123454,2,4,5,411,2017,6,18,6,3,1,5,0,0,1,1,0,0,,0,568011.858099999950000,5937864.760800000300000,10.027394526000023,53.585214460000032,2170602000033625480,10.027,53.585
123455,123456,2,4,6,414,2017,6,19,6,3,0,6,0,0,1,1,0,0,,0,566770.113200000020000,5936491.796400000300000,10.008346124000070,53.573034995000057,2170602000031612650,10.008,53.573
123466,123467,2,1,3,108,2017,6,19,4,3,6,7,0,0,1,0,1,0,,0,565624.489799999980000,5934402.746500000400000,9.990609265000046,53.554404781000073,2170614000014633130,9.991,53.554
123469,123470,2,4,2,404,2017,6,17,5,3,5,3,0,0,1,1,0,0,,0,565679.292099999960000,5938569.248599999600000,9.992312760000061,53.591843170000061,2170615000023605710,9.992,53.592
123470,123471,2,1,8,123,2017,6,17,2,3,3,2,0,0,1,1,0,0,,0,569902.768300000000000,5935201.556200000500000,10.055357368000045,53.561031491000051,2170605000041594620,10.055,53.561
123471,123472,2,1,8,121,2017,6,19,5,3,3,2,0,1,1,0,0,0,,0,569052.382400000000000,5934582.537600000400000,10.042384243000072,53.555580885000040,2170615000041595730,10.042,53.556
123472,123473,2,4,7,417,2017,6,17,3,3,7,7,0,1,1,1,1,0,,0,567890.503700000000000,5935314.481399999900000,10.025007150000022,53.562310519000050,2170606000031613020,10.025,53.562
123475,123476,2,3,8,320,2017,6,14,6,3,0,5,0,0,1,1,0,0,,0,560159.497699999950000,5939726.594999999700000,9.909152554000059,53.602907174000052,2170602000027636830,9.909,53.603
123476,123477,2,3,6,318,2017,6,15,6,3,5,3,0,0,1,1,0,0,,0,562678.636999999990000,5944026.333300000100000,9.948082742000054,53.641254778000075,2170609000024635260,9.948,53.641
123477,123478,2,1,12,130,2017,6,12,6,3,5,3,0,0,1,1,0,0,,0,573251.975899999960000,5933198.476599999700000,10.105442639000046,53.542573223000034,2170609000042588870,10.105,53.543
123478,123479,2,2,14,227,2017,6,11,6,3,3,5,0,0,1,1,0,0,,0,550838.816100000050000,5936741.870000000100000,9.767823700000065,53.577068420000046,2170602000026621040,9.768,53.577
123482,123483,2,2,3,209,2017,6,12,3,3,3,2,0,1,1,1,0,0,,0,563045.969099999990000,5935718.324900000400000,9.951957643000071,53.566544332000035,2170613000021580420,9.952,53.567
123487,123488,2,1,4,111,2017,6,15,6,3,3,6,0,0,1,1,0,0,,0,564224.095100000040000,5933899.966199999700000,9.969370223000055,53.550059333000036,2170602000014632020,9.969,53.55
123488,123489,2,1,1,102,2017,6,7,5,3,5,3,0,0,1,1,0,0,,0,565989.454600000060000,5933916.064299999700000,9.996014816000070,53.549985105000076,2170615000014633190,9.996,53.55
123490,123491,2,3,1,303,2017,6,11,3,3,4,6,0,0,1,1,0,0,,0,562538.459299999990000,5937060.738099999700000,9.944564540000044,53.578669786000034,2170606000023603970,9.945,53.579
123491,123492,2,5,7,515,2017,6,13,3,3,5,3,0,0,1,1,0,0,,0,570823.930000000050000,5940034.190000000400000,10.070358708000072,53.604338773000052,2170606000036582330,10.07,53.604
123492,123493,2,7,16,717,2017,6,8,6,3,4,2,0,1,1,1,0,0,,0,552592.086000000010000,5929886.955799999600000,9.793148057000053,53.515285380000080,2170623000047602940,9.793,53.515
123495,123496,2,1,16,137,2017,6,15,6,3,5,3,0,0,1,1,0,0,,0,565877.412800000050000,5930279.035799999700000,9.993558483000072,53.517312227000048,2170623000044609600,9.994,53.517
123497,123498,2,1,11,129,2017,6,13,6,3,5,3,0,0,1,1,0,0,,0,572672.374300000020000,5933913.518199999800000,10.096863803000076,53.549079789000075,2170623000042590070,10.097,53.549
123503,123504,2,5,4,512,2017,6,14,5,3,5,3,0,0,1,1,0,0,,0,574840.466299999970000,5936405.607300000300000,10.130177342000025,53.571171228000082,2170608000038585030,10.13,53.571
123506,123507,2,5,7,515,2017,6,15,6,3,3,2,0,0,1,1,0,0,,0,571096.157400000030000,5940884.959099999600000,10.074666190000073,53.611947708000059,2170609000036582570,10.075,53.612
123508,123509,2,4,8,422,2017,6,14,6,2,5,3,0,0,1,1,0,0,,0,568635.578300000050000,5936685.511099999800000,10.036555512000064,53.574535183000080,2170623000031615460,10.037,53.575
123511,123512,2,2,7,219,2017,6,14,2,2,5,3,0,0,1,1,0,0,,0,557924.864300000020000,5934260.380199999500000,9.874372004000065,53.554031317000067,2170612000025598960,9.874,53.554
123513,123514,2,3,7,319,2017,6,9,3,3,3,2,0,1,1,1,0,0,,0,561357.721999999950000,5942668.972000000100000,9.927837654000030,53.629212326000072,2170613000024635530,9.928,53.629
123514,123515,2,2,5,215,2017,6,19,6,2,0,7,0,0,1,0,0,0,,0,561366.354500000020000,5936292.937099999700000,9.926713030000030,53.571907711000051,2170623000025600770,9.927,53.572
123519,123520,2,1,4,111,2017,6,13,4,3,4,2,0,0,1,1,0,0,,0,564070.966000000010000,5934709.370000000100000,9.967225210000038,53.557352403000039,2170614000016628010,9.967,53.557
123523,123524,2,6,14,615,2017,6,16,2,3,5,2,0,0,1,1,0,0,,0,577904.941499999960000,5927196.807699999800000,10.174152469000035,53.487968104000061,2170605000043591350,10.174,53.488
123525,123526,2,2,5,216,2017,6,19,5,3,0,7,0,0,1,0,0,0,,0,560655.655400000050000,5935051.633299999900000,9.915741021000031,53.560834240000077,2170608000025598430,9.916,53.561
123526,123527,2,3,2,311,2017,6,8,4,3,3,6,0,0,1,0,0,0,,0,565095.801400000000000,5935622.773000000000000,9.982884088000049,53.565435297000079,2170614000017617450,9.983,53.565
123527,123528,2,1,13,131,2017,6,19,5,3,3,2,0,0,1,1,0,0,,0,570908.865100000050000,5931372.768100000000000,10.069676094000044,53.526487069000041,2170601000042587920,10.07,53.526
123532,123533,2,6,1,601,2017,6,7,5,3,4,2,0,0,1,1,0,0,,0,579903.236999999960000,5927640.575000000200000,10.204375764000076,53.491656488000046,2170615000043592520,10.204,53.492
123533,123534,2,4,13,432,2017,6,10,3,3,4,2,0,0,1,0,0,1,,0,567145.679299999960000,5945572.078499999800000,10.015974228000061,53.654592356000080,2170606000034623280,10.016,53.655
123536,123537,2,3,7,319,2017,6,8,6,3,5,3,0,1,1,1,0,0,,0,560244.813800000000000,5943458.748800000200000,9.911163793000071,53.636439561000032,2170623000024636210,9.911,53.636
123537,123538,2,3,1,307,2017,6,16,6,3,3,2,0,0,1,1,0,0,,0,563407.243900000000000,5936096.311099999600000,9.957488582000053,53.569897881000031,2170623000023606810,9.957,53.57
123539,123540,2,3,2,311,2017,6,18,6,3,4,2,0,0,1,1,0,0,,0,564512.914499999960000,5936030.654699999800000,9.974168700000064,53.569173023000076,2170623000017618060,9.974,53.569
123545,123546,2,1,5,114,2017,6,18,6,3,5,3,0,0,1,1,0,0,,0,566768.555199999940000,5934533.059799999900000,10.007903989000056,53.555431670000075,2170623000011579040,10.008,53.555
123548,123549,2,7,10,711,2017,6,20,5,3,5,3,1,1,1,1,0,0,,0,561944.419299999950000,5923219.980299999900000,9.932857208000030,53.454347149000057,2170622000046630930,9.933,53.454
123551,123552,2,7,1,702,2017,6,13,5,3,5,2,0,0,1,1,0,0,,0,564554.566299999950000,5922976.410500000200000,9.972108859000059,53.451844741000059,2170622000046630920,9.972,53.452
123553,123554,2,2,1,206,2017,6,16,3,3,5,3,0,0,1,1,0,0,,0,562810.181400000000000,5935145.197999999900000,9.948282699000060,53.561421720000055,2170613000021580440,9.948,53.561
123554,123555,2,7,10,711,2017,6,12,5,3,6,7,0,0,1,0,1,0,,0,563833.715100000030000,5924182.592299999700000,9.961500325000031,53.462773084000048,2170622000046033420,9.962,53.463
123556,123557,2,4,5,410,2017,6,16,3,3,0,6,0,0,1,1,0,0,,0,567311.112199999970000,5938362.811999999900000,10.016918280000027,53.589780925000071,2170613000033626190,10.017,53.59
123557,123558,2,6,14,615,2017,6,13,5,3,0,7,0,0,1,0,0,0,,1,577874.330500000040000,5927074.200000000200000,10.173660798000071,53.486870784000075,2170622000043593200,10.174,53.487
123558,123559,2,5,18,526,2017,6,16,5,3,5,2,0,0,1,1,0,0,,0,575132.869399999970000,5940027.757500000300000,10.135464302000059,53.603680883000038,2170601000038584150,10.135,53.604
123559,123560,2,6,6,607,2017,6,14,5,3,1,2,0,0,1,1,0,0,,0,574517.804000000000000,5920180.949500000100000,10.121451224000054,53.425407045000043,2170622000043593190,10.121,53.425
123562,123563,2,5,18,526,2017,6,16,5,3,5,3,0,0,1,1,0,0,,0,577837.678500000040000,5942968.534900000300000,10.177067076000071,53.629713693000042,2170622000038586750,10.177,53.63
123567,123568,2,5,7,515,2017,6,8,5,3,3,2,0,0,1,1,0,0,,0,571214.019600000000000,5941332.494699999700000,10.076549729000021,53.615953662000038,2170622000036639050,10.077,53.616
123571,123572,2,4,12,431,2017,6,7,3,2,6,7,0,1,1,0,1,0,,0,567871.343100000060000,5942887.753499999600000,10.026366341000028,53.630374637000045,2170613000034623900,10.026,53.63
123573,123574,2,4,11,430,2017,6,13,5,3,5,3,0,0,1,0,0,0,,0,569538.676300000050000,5942981.788099999500000,10.051596545000052,53.631000909000079,2170601000035610080,10.052,53.631
123575,123576,2,5,16,524,2017,6,18,5,3,5,3,0,0,1,1,0,0,,0,574130.684200000020000,5947715.589300000100000,10.122154026000032,53.672912158000031,2170622000035611730,10.122,53.673
123576,123577,2,4,13,432,2017,6,18,5,3,5,3,0,0,1,0,0,0,,0,567473.375000000000000,5945286.301400000200000,10.020869643000026,53.651981904000081,2170601000034623060,10.021,53.652
123578,123579,2,4,12,431,2017,6,10,5,3,5,3,0,0,1,1,0,0,,0,567475.588600000020000,5942231.247499999600000,10.020240365000063,53.624525741000070,2170601000034623020,10.02,53.625
123581,123582,2,4,5,410,2017,6,18,5,3,5,2,0,0,1,1,0,0,,0,566839.580800000000000,5938318.338100000300000,10.009786200000065,53.589441557000043,2170601000033625380,10.01,53.589
123582,123583,2,2,8,220,2017,6,19,3,3,3,2,0,0,1,1,0,0,,0,558545.134399999980000,5939508.966300000400000,9.884718065000072,53.601134089000027,2170606000025598220,9.885,53.601
123584,123585,2,4,13,432,2017,6,12,5,3,5,3,0,1,1,1,0,0,,0,568115.008400000050000,5948603.241399999700000,10.031303459000071,53.681707969000058,2170622000034624660,10.031,53.682
123587,123588,2,2,4,212,2017,6,7,5,3,4,2,0,0,1,1,0,0,,0,560272.583800000020000,5934336.150399999700000,9.909820471000046,53.554448004000051,2170622000025600570,9.91,53.554
123589,123590,2,4,2,404,2017,6,15,5,3,3,2,0,0,1,1,0,0,,0,565699.509300000030000,5938596.382500000300000,9.992623876000039,53.592084494000062,2170622000023606740,9.993,53.592
123592,123593,2,3,3,313,2017,6,11,5,3,4,2,0,0,1,1,0,0,,0,564806.569200000030000,5936388.569699999900000,9.978676558000075,53.572353507000059,2170622000017617990,9.979,53.572
123594,123595,2,1,5,114,2017,6,0,5,3,4,6,2,0,1,0,0,0,,0,566165.351000000020000,5934752.731900000000000,9.998846355000069,53.557482287000028,2170622000011578980,9.999,53.557
123595,123596,2,1,5,114,2017,6,7,5,2,5,3,0,0,1,1,0,0,,0,566386.793500000030000,5934739.947800000200000,10.002186022000046,53.557339434000028,2170622000011578970,10.002,53.557
123596,123597,2,3,5,317,2017,6,23,7,3,1,5,2,0,1,1,0,0,,0,562947.936600000020000,5939718.082800000000000,9.951284511000040,53.602503145000071,2170610000023604830,9.951,53.603
123599,123600,2,1,16,137,2017,6,20,4,3,3,2,0,0,1,1,0,0,,0,565860.460399999980000,5930163.520200000100000,9.993278568000051,53.516276179000045,2170621000044609410,9.993,53.516
123602,123603,2,4,10,428,2017,6,10,5,3,5,3,0,0,1,1,0,0,,0,568999.302000000030000,5939347.342699999900000,10.042636244000050,53.598409489000062,2170601000031612520,10.043,53.598
123603,123604,2,2,11,223,2017,6,7,2,3,0,7,0,1,1,0,0,0,,1,554416.520000000020000,5934607.924100000400000,9.821480455000028,53.557530312000040,2170612000026621560,9.821,53.558
123606,123607,2,1,14,132,2017,6,14,4,3,0,6,0,0,1,1,0,0,,0,569022.080599999990000,5932051.379400000000000,10.041368374000058,53.532837052000048,2170621000041596430,10.041,53.533
123607,123608,2,1,14,132,2017,6,14,4,2,0,1,0,0,1,0,0,0,,0,569117.498000000020000,5931781.891499999900000,10.042748217000053,53.530402584000058,2170621000041596410,10.043,53.53
123611,123612,2,3,1,310,2017,6,18,6,3,5,2,0,0,1,1,0,0,,0,563959.097300000020000,5935607.313799999700000,9.965720485000077,53.565436137000063,2170609000016627820,9.966,53.565
123612,123613,2,5,11,519,2017,6,16,4,3,5,3,0,0,1,1,0,0,,0,571251.089200000050000,5945254.511900000300000,10.078008200000056,53.651195315000052,2170621000035611600,10.078,53.651
123613,123614,2,5,10,518,2017,6,13,4,3,4,6,0,0,1,1,0,0,,0,573623.635499999970000,5945124.563299999600000,10.113866012000074,53.649698977000071,2170621000035611590,10.114,53.65
123614,123615,2,5,12,520,2017,6,7,4,3,5,3,0,0,1,1,0,0,,0,568685.994599999980000,5944245.986200000200000,10.038983386000041,53.642474809000078,2170621000035611570,10.039,53.642
123617,123618,2,2,9,221,2017,6,7,2,3,5,3,0,0,1,0,0,0,,0,557327.623299999980000,5936663.331500000300000,9.865798779000045,53.575693514000079,2170612000026621570,9.866,53.576
123619,123620,2,5,9,517,2017,6,17,4,3,3,2,0,0,1,1,0,0,,0,572395.154100000040000,5943948.558000000200000,10.095010022000054,53.639301883000030,2170621000035611530,10.095,53.639
123620,123621,2,3,8,320,2017,6,16,5,2,3,2,0,0,1,1,0,0,,0,557837.443899999950000,5941187.662899999900000,9.874336624000023,53.616299888000071,2170601000027636740,9.874,53.616
123624,123625,2,5,18,526,2017,6,7,3,3,5,2,0,0,1,0,0,0,,1,577181.519699999950000,5940301.782800000200000,10.166485944000044,53.605845727000030,2170613000038585480,10.166,53.606
123625,123626,2,4,7,416,2017,6,20,4,3,0,1,0,0,1,0,0,0,,0,567766.079900000010000,5935658.050699999600000,10.023203456000033,53.565414305000047,2170621000031615080,10.023,53.565
123630,123631,2,2,9,221,2017,6,16,4,3,5,3,0,0,1,0,0,1,,0,557338.777699999980000,5936870.208200000200000,9.866005216000076,53.577551605000053,2170621000026622240,9.866,53.578
123633,123634,2,1,12,130,2017,6,18,6,3,6,6,0,0,1,0,1,0,,0,574330.420399999940000,5932749.105000000400000,10.121607240000060,53.538383248000059,2170616000042589500,10.122,53.538
123635,123636,2,2,5,215,2017,6,9,4,3,4,2,0,0,1,1,0,0,,0,561310.531800000000000,5936261.245600000000000,9.925863933000073,53.571629414000029,2170621000025600400,9.926,53.572
123637,123638,2,3,4,315,2017,6,7,4,3,4,6,0,0,1,0,0,0,,0,564226.204000000030000,5936822.265499999700000,9.970002770000065,53.576322620000042,2170621000023606550,9.97,53.576
123638,123639,2,3,2,311,2017,6,8,4,3,1,6,0,0,1,0,0,0,,0,565127.806100000050000,5935578.335199999600000,9.983357985000055,53.565031952000027,2170621000017617890,9.983,53.565
123640,123641,2,1,5,114,2017,6,16,4,3,4,6,0,0,1,0,0,0,,0,566595.685000000060000,5934267.161100000100000,10.005238225000028,53.553063943000041,2170621000014633780,10.005,53.553
123643,123644,2,1,12,130,2017,6,6,3,3,6,3,1,0,1,0,1,0,,0,573683.626200000060000,5933311.811499999800000,10.111982008000041,53.543531372000075,2170620000042589790,10.112,53.544
123646,123647,2,5,10,518,2017,6,19,3,3,5,3,0,0,1,1,0,0,,0,572282.246399999950000,5944972.088999999700000,10.093540526000027,53.648515774000032,2170620000035611460,10.094,53.649
123648,123649,2,5,16,524,2017,6,13,3,3,3,6,0,0,1,1,0,0,,0,574749.301699999950000,5947476.204900000200000,10.131458709000071,53.670672795000030,2170620000035611420,10.131,53.671
123651,123652,2,4,6,415,2017,6,9,3,3,3,2,0,0,1,0,0,1,,0,567155.115299999950000,5936324.388199999900000,10.014123332000054,53.571481329000051,2170620000031614990,10.014,53.571
123652,123653,2,2,9,221,2017,6,7,3,3,4,2,0,0,1,1,0,0,,0,557073.699600000050000,5936895.996799999800000,9.862006874000031,53.577812291000043,2170620000026622150,9.862,53.578
123655,123656,2,2,2,207,2017,6,7,3,3,5,3,0,0,1,0,0,0,,0,563649.191699999970000,5935142.926699999700000,9.960947330000067,53.561300227000061,2170620000016628300,9.961,53.561
123656,123657,2,5,4,512,2017,6,10,7,3,5,3,0,0,1,1,0,0,,0,575594.822999999970000,5936343.283800000300000,10.141551440000057,53.570502991000069,2170610000038585200,10.142,53.571
123658,123659,2,4,2,403,2017,6,15,1,3,6,6,0,0,1,1,1,0,,0,565387.032600000040000,5938598.348500000300000,9.987903993000032,53.592141230000038,2170611000023604920,9.988,53.592
123659,123660,2,1,3,108,2017,6,17,3,3,5,3,0,0,1,1,0,0,,0,565198.367899999950000,5934644.636099999800000,9.984228405000067,53.556631801000037,2170620000014633650,9.984,53.557
123662,123663,2,4,3,406,2017,6,7,5,3,5,3,0,0,1,1,0,0,,0,564938.814600000040000,5940128.216799999600000,9.981451821000064,53.605946179000057,2170601000023603410,9.981,53.606
123664,123665,2,1,20,141,2017,6,16,2,2,0,7,0,0,1,0,0,0,,0,557269.883000000030000,5932022.884300000000000,9.864076684000054,53.533993501000054,2170619000047602690,9.864,53.534