,OBJECTID,ULAND,UREGBEZ,UKREIS,UGEMEINDE,UJAHR,UMONAT,USTUNDE,UWOCHENTAG,UKATEGORIE,UART,UTYP1,ULICHTVERH,STRZUSTAND,IstRad,IstPKW,IstFuss,IstKrad,IstGkfz,IstSonstig,LINREFX,LINREFY,XGCSWGS84,YGCSWGS84,UIDENTSTLA,lat_short,long_short
123665,123666,2,2,1,206,2017,6,14,5,3,2,6,0,0,1,0,0,0,,0,563192.568800000010000,5935077.772300000300000,9.954041317000076,53.560769841000081,2170601000021579460,9.954,53.561
123670,123671,2,1,7,120,2017,6,12,2,3,5,2,0,0,1,1,0,0,,0,568794.159899999970000,5934971.539400000100000,10.038572557000066,53.559110789000044,2170619000041596160,10.039,53.559
123671,123672,2,2,2,207,2017,6,14,5,2,5,2,0,0,1,1,0,0,,0,564065.607899999940000,5934708.458700000300000,9.967144149000035,53.557344867000040,2170601000016627540,9.967,53.557
123674,123675,2,1,3,108,2017,6,16,5,2,0,7,0,0,1,0,0,0,,0,565329.997500000060000,5933892.774700000000000,9.986058032000074,53.549858263000033,2170601000014631900,9.986,53.55
123676,123677,2,3,9,321,2017,6,8,2,3,0,7,0,0,1,0,0,0,,0,560999.612100000030000,5937937.841099999800000,9.921496984000044,53.586733873000071,2170619000027638020,9.921,53.587
123678,123679,2,4,2,404,2017,6,14,6,2,5,3,0,0,1,1,0,0,,0,565801.979700000030000,5937798.432900000400000,9.994003489000022,53.584900323000056,2170616000023605910,9.994,53.585
123680,123681,2,4,8,421,2017,6,17,4,2,5,3,0,1,1,1,0,0,,0,568802.498799999940000,5937137.884200000200000,10.039175638000074,53.578578829000037,2170607000031613250,10.039,53.579
123681,123682,2,3,1,307,2017,6,19,7,3,3,2,0,0,1,1,0,0,,0,563223.963699999960000,5936041.677199999800000,9.954710300000045,53.569428986000048,2170617000023606030,9.955,53.569
123682,123683,2,1,5,113,2017,6,17,5,2,6,6,0,0,1,0,1,0,,0,567052.202099999990000,5935097.301199999600000,10.012306098000067,53.560466456000029,2170608000011578450,10.012,53.56
123688,123689,2,3,6,318,2017,6,19,2,3,5,3,0,0,1,1,0,0,,0,563606.291500000050000,5942586.228299999600000,9.961817929000063,53.628200337000067,2170619000024636010,9.962,53.628
123690,123691,2,3,1,308,2017,6,8,2,3,2,6,0,0,1,1,0,0,,0,563619.272899999980000,5936500.058899999600000,9.960772111000040,53.573500816000035,2170619000023606240,9.961,53.574
123692,123693,2,2,3,210,2017,6,14,2,3,5,3,0,0,1,1,0,0,,0,562501.572300000000000,5934998.963800000000000,9.943594890000043,53.560144304000062,2170619000021581010,9.944,53.56
123695,123696,2,7,1,702,2017,6,11,2,3,0,7,0,0,1,0,0,0,,0,565226.990200000000000,5924376.091500000100000,9.982523445000027,53.464341443000080,2170619000003638920,9.983,53.464
123698,123699,2,6,2,602,2017,6,12,1,3,0,3,0,0,1,0,0,0,,1,579740.576000000000000,5927350.256000000100000,10.201850808000074,53.489072153000052,2170618000043592730,10.202,53.489
123699,123700,2,4,8,420,2017,6,20,7,2,5,3,0,0,1,1,0,0,,0,568170.982199999970000,5936517.591199999700000,10.029503626000064,53.573086650000050,2170610000031613520,10.03,53.573
123702,123703,2,1,8,124,2017,6,20,1,3,5,3,0,0,1,1,0,0,,0,568947.643300000000000,5934573.807599999900000,10.040801509000062,53.555516195000052,2170618000041596060,10.041,53.556
123705,123706,2,6,11,612,2017,6,12,1,2,0,7,0,0,1,0,0,0,,0,571926.608699999980000,5929456.413700000400000,10.084586023000043,53.509126415000026,2170611000043592110,10.085,53.509
123707,123708,2,1,3,107,2017,6,15,5,3,1,5,0,0,1,1,0,0,,0,565122.396700000040000,5934298.038200000300000,9.983009530000061,53.553526265000073,2170601000014631850,9.983,53.554
123712,123713,2,5,7,515,2017,6,13,1,3,0,7,0,0,1,0,0,0,,0,572466.068199999980000,5940929.256500000100000,10.095379497000067,53.612158099000055,2170618000036583100,10.095,53.612
123713,123714,2,1,1,101,2017,6,12,5,3,5,3,0,0,1,1,0,0,,0,566375.949799999940000,5934506.278599999800000,10.001972730000034,53.555240771000058,2170601000014631830,10.002,53.555
123715,123716,2,4,7,416,2017,6,9,5,3,4,2,0,0,1,1,0,0,,0,567978.634399999980000,5934674.244400000200000,10.026198241000031,53.556545212000060,2170601000011578180,10.026,53.557
123716,123717,2,3,1,302,2017,6,17,5,3,4,7,0,0,1,1,0,0,,0,563121.534300000060000,5937422.615899999600000,9.953443004000064,53.581852246000039,2170615000023605700,9.953,53.582
123718,123719,2,3,2,312,2017,6,13,6,3,5,3,0,0,1,0,0,0,,1,565480.260600000040000,5935252.698499999900000,9.988610544000039,53.562061517000075,2170616000017617570,9.989,53.562
123721,123722,2,2,3,208,2017,7,14,4,3,3,2,0,1,1,1,0,0,,0,563571.805900000040000,5935402.995500000200000,9.959832087000052,53.563646927000036,2170712000016682030,9.96,53.564
123731,123732,2,5,4,512,2017,7,11,3,3,5,3,0,0,1,1,0,0,,0,575789.527400000020000,5937452.170599999800000,10.144760194000071,53.580440204000070,2170711000038657670,10.145,53.58
123732,123733,2,5,8,516,2017,7,15,3,3,3,6,0,1,1,0,0,0,,0,569273.040099999980000,5940443.052600000100000,10.047015418000058,53.608220541000037,2170711000036680410,10.047,53.608
123733,123734,2,5,7,515,2017,7,18,3,3,1,5,0,0,1,1,0,0,,0,570858.576699999980000,5939262.434700000100000,10.070706798000060,53.597398364000071,2170711000036653880,10.071,53.597
123734,123735,2,5,17,525,2017,7,16,3,3,5,3,0,1,1,1,0,0,,0,576687.243900000000000,5944808.293600000400000,10.160127664000072,53.646416682000051,2170711000035680170,10.16,53.646
123735,123736,2,5,14,522,2017,7,8,3,3,5,3,0,0,1,1,0,0,,0,572961.502199999990000,5951669.926500000100000,10.105389702000025,53.708613146000062,2170711000035678930,10.105,53.709
123736,123737,2,5,14,522,2017,7,14,3,3,5,3,0,1,1,1,0,0,,0,573306.790900000020000,5951266.483199999700000,10.110524377000047,53.704939162000073,2170711000035656500,10.111,53.705
123738,123739,2,4,6,415,2017,7,12,3,3,1,5,0,1,1,1,0,0,,0,567762.001200000060000,5936041.715699999600000,10.023225112000034,53.568862881000030,2170711000031657660,10.023,53.569
123739,123740,2,4,6,414,2017,7,17,3,3,5,3,0,0,1,1,0,0,,0,567459.435500000020000,5937327.077800000100000,10.018934797000043,53.580453594000062,2170711000031653690,10.019,53.58
123742,123743,2,2,5,215,2017,7,16,3,3,4,6,0,0,1,0,0,0,,0,560570.471600000050000,5937473.013299999800000,9.914924810000059,53.582606029000033,2170711000025680250,9.915,53.583
123744,123745,2,2,4,212,2017,7,18,3,3,6,3,0,1,1,0,1,0,,0,560354.981400000050000,5934309.652200000400000,9.911058982000043,53.554200386000048,2170711000025661420,9.911,53.554
123745,123746,2,2,7,219,2017,7,15,3,3,5,3,0,0,1,1,0,0,,0,557589.642200000000000,5934356.373800000200000,9.869330175000073,53.554930945000081,2170711000025656280,9.869,53.555
123746,123747,2,3,5,317,2017,7,12,3,3,6,7,0,0,1,0,1,0,,0,562984.842100000010000,5939277.794900000100000,9.951753194000048,53.598541721000061,2170711000023679570,9.952,53.599
123747,123748,2,2,4,211,2017,7,6,3,3,5,3,0,1,1,0,0,0,,1,561472.541800000010000,5934639.215400000100000,9.927990971000043,53.557032632000073,2170711000021678950,9.928,53.557
123748,123749,2,2,3,209,2017,7,8,3,3,4,6,0,1,1,0,0,0,,0,562362.001000000050000,5935532.472500000100000,9.941594559000066,53.564955742000052,2170711000021657220,9.942,53.565
123749,123750,2,1,3,106,2017,7,21,3,3,3,2,1,0,1,1,0,0,,0,564248.346400000040000,5933901.742100000400000,9.969736569000077,53.550072326000077,2170711000014650070,9.97,53.55
123753,123754,2,5,6,514,2017,7,13,2,3,5,3,0,1,1,1,0,0,,0,573187.519399999990000,5940785.419200000400000,10.106248763000053,53.610765165000032,2170710000038672710,10.106,53.611
123756,123757,2,3,9,321,2017,7,11,2,3,0,7,0,1,1,0,0,0,,0,562186.177999999960000,5938645.013100000100000,9.939560320000055,53.592950079000047,2170710000027656390,9.94,53.593
123758,123759,2,3,7,319,2017,7,12,2,3,0,7,0,1,1,0,0,0,,0,560623.726999999960000,5944047.577899999900000,9.917008581000061,53.641687799000067,2170710000024678070,9.917,53.642
123761,123762,2,1,4,112,2017,7,18,2,3,6,4,0,1,1,0,1,0,,0,563777.808100000020000,5933830.407599999600000,9.962621024000043,53.549488587000042,2170710000015648190,9.963,53.549
123763,123764,2,1,5,113,2017,7,7,2,3,5,3,0,0,1,1,0,0,,0,567522.169100000060000,5934221.542200000000000,10.019210907000058,53.552535616000057,2170710000011677750,10.019,53.553
123764,123765,2,7,14,715,2017,7,21,1,3,0,3,0,0,1,0,0,0,,1,557281.712100000000000,5924861.564100000100000,9.862947015000032,53.469628793000027,2170709000047677810,9.863,53.47
123766,123767,2,6,11,612,2017,7,14,1,3,3,6,0,0,1,0,0,1,,0,571415.970500000050000,5929186.670500000000000,10.076826123000046,53.506771814000047,2170709000043676910,10.077,53.507
123767,123768,2,6,9,610,2017,7,23,1,3,1,5,2,0,1,1,0,0,,0,574719.915400000060000,5927697.897500000000000,10.126278726000066,53.492933250000078,2170709000043676420,10.126,53.493
123775,123776,2,4,5,413,2017,7,15,1,3,5,2,0,0,1,1,0,0,,0,566949.956400000020000,5937468.749400000100000,10.011271130000068,53.581792101000076,2170709000033651270,10.011,53.582
123777,123778,2,3,1,306,2017,7,11,1,3,0,4,0,0,1,0,1,0,,0,563190.312799999960000,5936546.040799999600000,9.954304293000064,53.573965915000031,2170709000023676120,9.954,53.574
123783,123784,2,4,12,431,2017,7,22,7,3,5,3,2,0,1,1,0,0,,0,567778.690199999950000,5942548.714900000000000,10.024891629000024,53.627339688000063,2170708000034676730,10.025,53.627
123787,123788,2,7,1,702,2017,7,20,6,3,4,6,0,0,1,1,0,0,,0,565181.491900000020000,5923797.477099999800000,9.981718229000023,53.459146832000044,2170707000046675360,9.982,53.459
123788,123789,2,6,1,601,2017,7,9,6,3,3,6,0,0,1,1,0,0,,0,580082.034899999970000,5928978.223600000100000,10.207411620000073,53.503650324000034,2170707000043673890,10.207,53.504
123790,123791,2,1,6,117,2017,7,5,6,2,5,3,0,0,1,1,0,0,,0,567937.441600000020000,5934141.523699999800000,10.025460735000024,53.551762905000032,2170707000041673210,10.025,53.552
123793,123794,2,4,12,431,2017,7,15,6,3,4,6,0,0,1,0,0,0,,0,567513.328800000020000,5942950.330099999900000,10.020966889000022,53.630983308000054,2170707000034674390,10.021,53.631
123796,123797,2,4,5,413,2017,7,8,6,2,1,5,0,0,1,0,0,0,,1,566448.937999999970000,5937145.412399999800000,10.003635750000058,53.578949936000072,2170707000033673980,10.004,53.579
123798,123799,2,3,9,321,2017,7,14,6,3,4,6,0,0,1,0,0,1,,0,561913.943899999950000,5937534.463899999900000,9.935227386000065,53.583001418000038,2170707000027674430,9.935,53.583
123799,123800,2,2,5,215,2017,7,17,6,3,0,3,0,0,1,1,0,0,,0,560308.549600000030000,5937606.626899999600000,9.910994817000074,53.583837055000060,2170707000025675320,9.911,53.584
123800,123801,2,3,7,319,2017,7,13,6,3,5,3,0,0,1,1,0,0,,0,560734.387299999940000,5943363.552400000400000,9.918548646000033,53.635527421000063,2170707000024673780,9.919,53.636
123802,123803,2,7,12,713,2017,7,14,5,3,5,3,0,0,1,1,0,0,,0,558686.657200000020000,5930244.841599999900000,9.885116692000054,53.517856882000046,2170706000047672740,9.885,53.518
123804,123805,2,1,12,130,2017,7,14,5,3,6,4,0,0,1,0,1,0,,0,573621.778199999940000,5934279.062800000400000,10.111276542000041,53.552232644000071,2170706000042672670,10.111,53.552
123806,123807,2,1,13,131,2017,7,12,5,3,0,7,0,0,1,0,0,0,,0,572396.111000000030000,5932581.675800000300000,10.092386690000069,53.537148724000076,2170706000042671220,10.092,53.537
123811,123812,2,5,18,526,2017,7,10,5,2,5,3,0,0,1,1,0,0,,0,575910.524500000060000,5940255.551599999900000,10.147269716000039,53.605615930000056,2170706000038646000,10.147,53.606
123812,123813,2,4,9,425,2017,7,15,5,3,4,2,0,0,1,1,0,0,,0,570951.698100000040000,5937695.926799999500000,10.071757319000028,53.583307622000063,2170706000037672230,10.072,53.583
123815,123816,2,5,7,515,2017,7,11,5,3,6,7,0,0,1,0,1,0,,0,572028.788999999990000,5941562.728000000100000,10.088917500000036,53.617911333000052,2170706000036671890,10.089,53.618
123816,123817,2,5,7,515,2017,7,12,5,3,5,3,0,0,1,1,0,0,,0,571426.290000000040000,5940963.708999999800000,10.079673451000076,53.612610519000043,2170706000036671130,10.08,53.613
123819,123820,2,5,11,519,2017,7,22,5,3,0,3,2,0,1,1,0,0,,0,572400.395400000040000,5945306.740899999600000,10.095405567000057,53.651506887000039,2170706000035672140,10.095,53.652
123820,123821,2,5,11,519,2017,7,7,5,3,5,3,0,0,1,1,0,0,,0,572046.314099999960000,5945447.636699999700000,10.090082110000026,53.652821976000041,2170706000035670790,10.09,53.653
123821,123822,2,5,13,521,2017,7,9,5,3,0,1,0,0,1,0,0,0,,0,572773.471999999950000,5947573.070200000000000,10.101580013000046,53.671822090000035,2170706000035648760,10.102,53.672
123824,123825,2,5,1,504,2017,7,19,5,3,5,2,0,0,1,1,0,0,,0,569966.793399999970000,5936146.654799999700000,10.056535476000022,53.569516603000068,2170706000031672820,10.057,53.57
123826,123827,2,4,6,414,2017,7,12,5,3,5,3,0,0,1,1,0,0,,0,567184.680399999950000,5936820.914800000400000,10.014676561000044,53.575939903000062,2170706000031671160,10.015,53.576
123827,123828,2,2,9,221,2017,7,14,5,3,0,7,0,0,1,0,0,0,,0,557365.022200000010000,5935477.378100000300000,9.866145689000064,53.565030625000077,2170706000026672610,9.866,53.565
123828,123829,2,2,12,225,2017,7,8,5,3,5,3,0,0,1,1,0,0,,0,554630.188399999980000,5935991.648400000300000,9.824947617000021,53.569944538000072,2170706000026670680,9.825,53.57
123831,123832,2,3,3,314,2017,7,19,5,2,1,5,0,0,1,1,0,0,,0,565328.466000000010000,5937388.222000000100000,9.986765895000076,53.581272875000082,2170706000017672860,9.987,53.581
123832,123833,2,1,3,108,2017,7,21,5,3,0,7,0,0,1,0,0,0,,0,565524.239900000040000,5934354.739699999800000,9.989086167000039,53.553985854000075,2170706000014667530,9.989,53.554
123833,123834,2,1,6,115,2017,7,6,5,3,5,3,0,0,1,1,0,0,,0,566932.490400000010000,5933716.850800000100000,10.010203516000047,53.548075364000056,2170706000011671310,10.01,53.548
123837,123838,2,6,5,606,2017,7,10,4,2,5,3,0,0,1,1,0,0,,0,579609.752199999990000,5924442.286600000200000,10.199142429000062,53.462958805000028,2170705000043668530,10.199,53.463
123846,123847,2,5,12,520,2017,7,15,4,3,5,3,0,0,1,1,0,0,,0,568045.478000000000000,5944260.540000000000000,10.029299480000077,53.642689284000028,2170705000034670030,10.029,53.643
123847,123848,2,4,8,423,2017,7,18,4,3,3,6,0,0,1,0,0,0,,0,568979.241500000000000,5937321.750599999900000,10.041885264000030,53.580208034000066,2170705000031669610,10.042,53.58
123850,123851,2,2,10,222,2017,7,11,4,3,1,6,0,0,1,1,0,0,,1,555616.468200000000000,5934515.720499999800000,9.839576544000067,53.556575851000048,2170705000026669390,9.84,53.557
123851,123852,2,2,8,220,2017,7,19,4,3,0,7,0,0,1,0,0,0,,0,556273.994599999980000,5938918.778099999800000,9.850294932000054,53.596078547000047,2170705000025669920,9.85,53.596
123852,123853,2,2,8,220,2017,7,7,4,3,5,3,0,1,1,1,0,0,,0,558746.213899999970000,5939235.068699999700000,9.887704710000037,53.598649949000048,2170705000025668240,9.888,53.599
123856,123857,2,2,1,206,2017,7,8,4,3,5,3,0,1,1,0,0,0,,0,562993.992100000030000,5934906.520399999800000,9.951009265000039,53.559254613000064,2170705000021668390,9.951,53.559
123858,123859,2,7,1,702,2017,7,10,3,3,5,3,0,0,1,1,0,0,,0,566524.860200000000000,5923334.165799999600000,10.001849724000067,53.454814952000049,2170704000046667200,10.002,53.455
123860,123861,2,6,14,615,2017,7,9,3,3,5,3,0,0,1,0,0,0,,0,578223.950100000020000,5926968.685700000300000,10.178902473000051,53.485870698000042,2170704000043669320,10.179,53.486
123861,123862,2,6,2,602,2017,7,9,3,3,0,6,0,0,1,0,0,0,,1,579296.969999999970000,5927323.074500000100000,10.195159508000074,53.488894914000070,2170704000043667560,10.195,53.489
123867,123868,2,4,13,432,2017,7,16,3,3,5,3,0,0,1,1,0,0,,0,566430.178599999980000,5944131.388199999900000,10.004842018000033,53.641736140000035,2170704000034646700,10.005,53.642
123870,123871,2,4,5,408,2017,7,8,3,3,5,3,0,0,1,1,0,0,,0,565770.148099999990000,5939394.657800000200000,9.993859319000023,53.599249876000044,2170704000033642340,9.994,53.599
123871,123872,2,3,7,319,2017,7,17,3,3,5,3,0,0,1,1,0,0,,0,559885.140400000030000,5943108.578400000000000,9.905657307000070,53.633333734000075,2170704000024668970,9.906,53.633
123872,123873,2,3,7,319,2017,7,8,3,3,2,3,0,0,1,1,0,0,,0,560962.453899999960000,5944326.714999999900000,9.922186241000077,53.644157135000057,2170704000024651200,9.922,53.644
123873,123874,2,4,2,405,2017,7,16,3,3,5,3,0,0,1,1,0,0,,0,565051.059000000010000,5939010.657999999800000,9.982914742000048,53.595888537000064,2170704000023667290,9.983,53.596
123875,123876,2,3,2,312,2017,7,18,3,3,5,2,0,0,1,1,0,0,,0,565400.457100000000000,5936431.339599999600000,9.987652658000059,53.572664191000058,2170704000017667420,9.988,53.573
123878,123879,2,1,3,106,2017,7,8,3,3,5,3,0,0,1,1,0,0,,0,564540.691899999980000,5933831.095599999700000,9.974133824000035,53.549401551000074,2170704000014648400,9.974,53.549
123879,123880,2,1,5,114,2017,7,14,3,3,0,3,0,0,1,1,0,0,,0,567344.582799999970000,5934528.905899999700000,10.016597015000059,53.555320757000061,2170704000011667600,10.017,53.555
123880,123881,2,1,20,141,2017,7,18,2,3,0,6,0,1,1,1,0,0,,0,558112.211000000010000,5931971.737400000000000,9.876774444000034,53.533441316000051,2170703000047665840,9.877,53.533
123887,123888,2,5,18,526,2017,7,9,2,3,5,3,0,0,1,1,0,0,,0,574825.378099999970000,5940774.025500000500000,10.130997452000031,53.610431408000068,2170703000038665470,10.131,53.61
123888,123889,2,5,18,526,2017,7,13,2,3,5,3,0,0,1,1,0,0,,0,575110.312999999970000,5941539.268699999900000,10.135487884000042,53.617267672000082,2170703000038659910,10.135,53.617
123889,123890,2,4,9,424,2017,7,8,2,3,3,6,0,0,1,0,0,0,,0,570301.829000000030000,5937037.052000000100000,10.061794209000027,53.577473832000067,2170703000037652670,10.062,53.577
123891,123892,2,5,12,520,2017,7,13,2,3,4,2,0,0,1,1,0,0,,0,570230.602300000030000,5945532.403500000000000,10.062634273000072,53.653830694000078,2170703000035659930,10.063,53.654
123892,123893,2,4,5,409,2017,7,15,2,3,5,3,0,0,1,1,0,0,,0,567107.496999999970000,5938821.110000000300000,10.013941251000062,53.593925807000062,2170703000033646940,10.014,53.594
123894,123895,2,3,9,321,2017,7,6,2,3,3,2,0,0,1,0,0,0,,1,560730.270699999990000,5939347.726599999700000,9.917703265000057,53.599436310000044,2170703000027664580,9.918,53.599
123896,123897,2,3,1,305,2017,7,9,2,3,1,5,0,0,1,1,0,0,,0,563750.221900000000000,5936758.839999999900000,9.962802222000050,53.575810660000059,2170703000023664670,9.963,53.576
123897,123898,2,1,6,115,2017,7,17,2,3,5,2,0,1,1,0,0,0,,1,566814.340399999990000,5933984.497399999800000,10.008477785000025,53.550495806000072,2170703000011666160,10.008,53.55
123898,123899,2,7,14,715,2017,7,13,1,3,0,7,0,1,1,0,0,0,,1,554925.066100000050000,5924865.754900000100000,9.827449108000053,53.469917544000054,2170702000047665220,9.827,53.47
123907,123908,2,5,2,505,2017,7,18,7,3,5,2,0,0,1,1,0,0,,0,570192.913399999960000,5936400.396400000000000,10.060006397000052,53.571766783000044,2170701000037663510,10.06,53.572
123912,123913,2,2,5,217,2017,7,20,7,3,5,3,1,0,1,1,0,0,,0,557412.288100000010000,5936527.614099999900000,9.867052324000042,53.574464490000082,2170701000025664120,9.867,53.574
123913,123914,2,3,4,316,2017,7,16,7,2,0,7,0,0,1,0,0,0,,0,563850.036300000040000,5937724.382399999500000,9.964506977000042,53.584476116000076,2170701000023647770,9.965,53.584
123914,123915,2,2,4,212,2017,7,14,7,3,5,3,0,1,1,1,0,0,,0,560850.060300000010000,5934607.289400000100000,9.918589093000037,53.556818228000054,2170701000021662220,9.919,53.557
123916,123917,2,7,14,715,2017,6,11,6,2,5,3,0,1,1,1,0,0,,0,557312.909800000020000,5924883.774899999600000,9.863421000000074,53.469825022000066,2170630000047603320,9.863,53.47
123923,123924,2,4,10,429,2017,6,15,6,3,5,2,0,1,1,1,0,0,,0,568748.298399999970000,5940275.495699999900000,10.039048772000058,53.606783818000054,2170630000036583960,10.039,53.607
123929,123930,2,4,5,409,2017,6,19,6,3,5,7,0,1,1,1,0,0,,0,567140.530400000050000,5939256.400799999900000,10.014533998000047,53.597833587000082,2170630000033627520,10.015,53.598
123930,123931,2,4,6,415,2017,6,11,6,2,0,6,0,1,1,0,0,0,,0,567879.171399999990000,5936059.167200000000000,10.024997896000059,53.569004575000065,2170630000031616500,10.025,53.569
123931,123932,2,2,9,221,2017,6,17,6,3,5,3,0,1,1,1,0,0,,0,556428.121300000000000,5938287.032700000300000,9.852509186000077,53.590384144000041,2170630000026622890,9.853,53.59
123933,123934,2,3,1,305,2017,6,12,6,3,1,5,0,1,1,1,0,0,,0,563757.449099999970000,5936777.493599999700000,9.962915165000027,53.575977427000055,2170630000023607980,9.963,53.576
123936,123937,2,3,2,312,2017,6,21,6,3,5,3,1,1,1,1,0,0,,0,565866.387899999970000,5935018.637199999800000,9.994389933000036,53.559909638000079,2170630000017618570,9.994,53.56
123939,123940,2,6,2,603,2017,6,15,5,3,4,2,0,0,1,1,0,0,,0,580193.032699999980000,5926541.196899999900000,10.208461891000070,53.481732630000067,2170629000043593720,10.208,53.482
123942,123943,2,1,11,128,2017,6,15,5,3,5,3,0,0,1,1,0,0,,0,570810.983000000010000,5934355.343000000300000,10.068874824000034,53.553304808000064,2170629000042590710,10.069,53.553
123944,123945,2,1,11,129,2017,6,10,5,2,5,3,0,0,1,0,0,0,,1,572958.513999999970000,5934907.404799999700000,10.101413661000038,53.557972097000061,2170629000042590670,10.101,53.558
123946,123947,2,4,10,428,2017,7,7,4,3,5,3,0,0,1,1,0,0,,0,569144.977700000050000,5939208.770300000000000,10.044806391000066,53.597144937000053,2170719000031670110,10.045,53.597
123947,123948,2,3,5,317,2017,7,21,4,3,5,3,1,0,1,1,0,0,,0,562725.678599999980000,5937538.337799999900000,9.947487813000066,53.582939771000042,2170719000027684470,9.947,53.583
123948,123949,2,3,9,321,2017,7,14,4,3,5,3,0,0,1,1,0,0,,0,561227.504199999970000,5937995.506699999800000,9.924950484000021,53.587225574000058,2170719000027671030,9.925,53.587
123950,123951,2,3,5,317,2017,7,17,4,3,6,4,0,0,1,0,1,0,,0,563395.001999999980000,5939427.479000000300000,9.957980538000072,53.599837522000030,2170719000023671190,9.958,53.6
123951,123952,2,2,4,214,2017,7,19,4,3,5,2,0,0,1,1,0,0,,0,561627.017899999980000,5933912.754700000400000,9.930179398000064,53.550485522000031,2170719000021688240,9.93,53.55
123952,123953,2,2,4,213,2017,7,7,4,3,1,7,0,0,1,1,0,0,,0,561281.153000000050000,5933961.726499999900000,9.924969366000028,53.550966134000078,2170719000021686570,9.925,53.551
123953,123954,2,2,4,214,2017,7,22,4,3,0,5,2,1,1,1,0,0,,0,561840.026500000040000,5933626.234799999700000,9.933337354000059,53.547885407000081,2170719000021682180,9.933,53.548
123955,123956,2,3,3,314,2017,7,17,4,3,6,4,0,0,1,0,1,0,,0,565285.460700000050000,5937306.112999999900000,9.986099244000059,53.580540299000063,2170719000017687400,9.986,53.581
123957,123958,2,1,4,109,2017,7,19,4,2,5,3,0,0,1,0,0,1,,0,564614.775400000040000,5934895.643500000200000,9.975471851000066,53.558959836000042,2170719000014688220,9.975,53.559
123960,123961,2,7,14,715,2017,7,9,3,3,5,3,0,0,1,1,0,0,,0,555706.598800000040000,5925310.168100000400000,9.839300369000057,53.473829719000037,2170718000047680970,9.839,53.474
123961,123962,2,6,12,613,2017,7,19,3,2,4,2,0,0,1,1,0,0,,0,571877.489100000010000,5927845.799100000400000,10.083476327000028,53.494658442000059,2170718000043687170,10.083,53.495
123967,123968,2,5,12,520,2017,6,14,5,3,4,2,0,0,1,1,0,0,,0,570230.627800000020000,5945532.479299999800000,10.062634675000027,53.653831372000070,2170629000035612230,10.063,53.654
123969,123970,2,4,13,432,2017,6,19,5,3,4,2,0,0,1,1,0,0,,0,567099.561100000050000,5944787.979100000100000,10.015107253000053,53.647551548000081,2170629000034625150,10.015,53.648
123970,123971,2,3,9,321,2017,6,19,5,3,1,5,0,1,1,1,0,0,,0,561642.313199999980000,5937626.127999999600000,9.931143032000023,53.583857235000039,2170629000027638740,9.931,53.584
123971,123972,2,3,8,320,2017,6,6,5,3,3,6,0,0,1,1,0,0,,0,559416.162600000040000,5941700.964599999600000,9.898297091000075,53.620736425000075,2170629000027638720,9.898,53.621
123975,123976,2,2,8,220,2017,6,14,5,3,5,3,0,0,1,1,0,0,,0,557311.549000000000000,5938297.382100000000000,9.865856144000077,53.590381332000049,2170629000025601230,9.866,53.59
123976,123977,2,3,7,319,2017,6,17,5,2,0,7,0,0,1,1,0,0,,0,560550.395299999970000,5944161.238300000300000,9.915921636000064,53.642717790000063,2170629000024636600,9.916,53.643
123977,123978,2,3,7,319,2017,6,14,5,2,0,2,0,0,1,1,0,0,,0,560494.765400000030000,5943277.448599999800000,9.914908363000052,53.634781328000031,2170629000024636580,9.915,53.635
123979,123980,2,3,3,314,2017,6,17,5,3,4,2,0,0,1,1,0,0,,0,566042.780000000030000,5937098.038900000000000,9.997492196000053,53.578575481000030,2170629000017618450,9.997,53.579
123983,123984,2,5,6,514,2017,7,7,3,3,5,3,0,0,1,1,0,0,,0,574678.120299999950000,5939296.263600000200000,10.128418033000059,53.597172114000045,2170718000038659820,10.128,53.597
123984,123985,2,5,7,515,2017,7,12,3,3,5,3,0,0,1,0,0,0,,1,570808.444800000060000,5939511.313600000000000,10.070005949000063,53.599641802000065,2170718000036673660,10.07,53.6
123987,123988,2,1,4,110,2017,6,20,5,3,4,3,1,1,1,0,0,0,,0,563771.456699999980000,5934591.415199999700000,9.962680408000040,53.556328779000069,2170629000016628630,9.963,53.556
123988,123989,2,4,13,432,2017,7,7,3,3,5,3,0,0,1,0,0,0,,1,567387.836000000010000,5945534.480000000400000,10.019629485000053,53.654223316000071,2170718000034686370,10.02,53.654