,OBJECTID,ULAND,UREGBEZ,UKREIS,UGEMEINDE,UJAHR,UMONAT,USTUNDE,UWOCHENTAG,UKATEGORIE,UART,UTYP1,ULICHTVERH,STRZUSTAND,IstRad,IstPKW,IstFuss,IstKrad,IstGkfz,IstSonstig,LINREFX,LINREFY,XGCSWGS84,YGCSWGS84,UIDENTSTLA,lat_short,long_short
123989,123990,2,4,5,409,2017,7,9,3,3,0,5,0,0,1,1,0,0,,0,566037.469000000040000,5939019.409599999900000,9.997818683000048,53.595843846000037,2170718000033686950,9.998,53.596
123991,123992,2,3,1,310,2017,6,15,5,3,4,2,0,0,1,1,0,0,,0,563594.949999999950000,5935402.345300000200000,9.960181340000077,53.563638279000031,2170629000016628620,9.96,53.564
123993,123994,2,2,5,215,2017,7,16,3,3,1,7,0,0,1,1,0,0,,0,560823.298799999990000,5936888.063900000400000,9.918629270000054,53.577319596000052,2170718000025687140,9.919,53.577
123994,123995,2,2,3,208,2017,6,12,5,3,3,2,0,0,1,1,0,0,,0,563396.262600000020000,5935256.763000000300000,9.957152401000030,53.562353924000035,2170629000016628610,9.957,53.562
123995,123996,2,2,8,220,2017,7,17,3,3,3,2,0,0,1,1,0,0,,0,557915.475499999940000,5938027.207600000300000,9.874928872000055,53.587886775000072,2170718000025686360,9.875,53.588
123997,123998,2,1,4,111,2017,6,2,5,3,4,6,2,0,1,0,0,0,,0,563812.610600000010000,5934770.998900000000000,9.963338227000065,53.557937753000033,2170629000016628560,9.963,53.558
124000,124001,2,1,3,108,2017,6,9,5,3,3,5,0,0,1,1,0,0,,0,565376.159400000000000,5934537.664900000200000,9.986889519000044,53.555648311000027,2170629000014634480,9.987,53.556
124002,124003,2,3,1,309,2017,7,8,3,3,0,7,0,0,1,0,0,0,,0,564127.915599999950000,5935769.681900000200000,9.968302410000035,53.566874783000060,2170718000016661160,9.968,53.567
124005,124006,2,1,5,113,2017,7,9,3,3,4,6,0,0,1,0,0,0,,0,567662.692599999950000,5934659.645499999600000,10.021426491000057,53.556454829000074,2170718000011686960,10.021,53.556
124007,124008,2,5,7,515,2017,6,14,4,2,2,6,0,0,1,1,0,0,,0,572717.912600000040000,5941857.996399999600000,10.099402393000048,53.620469638000031,2170628000036583870,10.099,53.62
124010,124011,2,5,11,519,2017,6,13,4,3,5,3,0,0,1,1,0,0,,0,572386.555799999970000,5945824.803399999600000,10.095316899000068,53.656164524000076,2170628000035612140,10.095,53.656
124012,124013,2,4,4,407,2017,6,17,4,3,3,6,0,1,1,0,0,0,,0,566715.967700000040000,5941040.427899999500000,10.008501621000050,53.613921063000078,2170628000034625040,10.009,53.614
124013,124014,2,4,5,409,2017,6,9,4,2,0,5,0,0,1,1,0,0,,0,566027.257400000000000,5939041.181499999900000,9.997669023000071,53.596040800000026,2170628000033627260,9.998,53.596
124014,124015,2,4,5,412,2017,6,9,4,3,1,5,0,0,1,1,0,0,,0,567110.750000000000000,5937837.900000000400000,10.013778869000021,53.585089157000027,2170628000033627250,10.014,53.585
124015,124016,2,5,1,501,2017,6,17,4,3,1,5,0,1,1,1,0,0,,0,568970.198800000010000,5935423.993300000200000,10.041329567000048,53.563153933000081,2170628000031616120,10.041,53.563
124020,124021,2,2,3,210,2017,6,20,4,3,9,1,1,1,1,0,0,0,,0,562024.020800000060000,5934410.876799999700000,9.936269586000037,53.554915591000054,2170628000021581760,9.936,53.555
124021,124022,2,3,1,309,2017,6,21,4,3,4,2,1,0,1,1,0,0,,0,564460.764500000050000,5936087.780600000200000,9.973393131000023,53.569692838000037,2170628000017618350,9.973,53.57
124022,124023,2,3,2,311,2017,6,9,4,3,3,6,0,0,1,1,0,0,,0,564325.979999999980000,5935890.099999999600000,9.971317420000048,53.567932771000073,2170628000017618330,9.971,53.568
124023,124024,2,1,16,137,2017,7,7,2,3,4,2,0,0,1,1,0,0,,0,565778.669200000000000,5928700.329099999700000,9.991738169000030,53.503136269000038,2170717000044685830,9.992,53.503
124024,124025,2,6,9,610,2017,7,18,2,3,1,5,0,0,1,1,0,0,,0,575517.084700000010000,5926070.798399999700000,10.137900701000035,53.478196830000059,2170717000043686850,10.138,53.478
124025,124026,2,6,7,608,2017,7,18,2,2,4,6,0,0,1,0,0,0,,0,571836.841400000030000,5925667.533200000400000,10.082365245000062,53.475087724000048,2170717000043033520,10.082,53.475
124026,124027,2,1,12,130,2017,7,17,2,3,3,2,0,0,1,1,0,0,,0,573917.213499999950000,5934868.240500000300000,10.115874350000070,53.557486003000065,2170717000042686020,10.116,53.557
124029,124030,2,1,14,132,2017,7,17,2,3,5,3,0,0,1,1,0,0,,0,568783.879500000040000,5932974.274199999900000,10.037978029000044,53.541162476000068,2170717000041685350,10.038,53.541
124034,124035,2,5,7,515,2017,7,17,2,3,5,2,0,0,1,1,0,0,,0,573437.090600000000000,5942177.815600000300000,10.110348654000063,53.623243437000042,2170717000036686880,10.11,53.623
124038,124039,2,1,3,108,2017,6,17,4,3,5,3,0,1,1,1,0,0,,0,565781.182599999940000,5934781.854600000200000,9.993053955000050,53.557792304000031,2170628000014634380,9.993,53.558
124040,124041,2,1,5,114,2017,6,8,4,3,5,2,0,0,1,1,0,0,,0,567522.127199999990000,5934268.845099999600000,10.019220491000056,53.552960741000049,2170628000011579260,10.019,53.553
124042,124043,2,5,17,525,2017,7,10,2,3,5,3,0,0,1,1,0,0,,0,576788.636199999950000,5945260.906299999900000,10.161772994000046,53.650469260000079,2170717000035659540,10.162,53.65
124048,124049,2,4,6,415,2017,7,15,2,2,5,3,0,0,1,1,0,0,,0,567515.783199999950000,5935734.089300000100000,10.019441306000033,53.566129938000074,2170717000031685260,10.019,53.566
124051,124052,2,5,4,512,2017,6,14,3,3,6,4,0,0,1,0,1,0,,0,575104.960199999970000,5936401.652999999900000,10.134169696000072,53.571097895000037,2170627000038587260,10.134,53.571
124052,124053,2,2,9,221,2017,7,13,2,3,5,2,0,0,1,1,0,0,,0,557351.291300000040000,5937737.367399999900000,9.866353541000024,53.585343848000036,2170717000026684060,9.866,53.585
124055,124056,2,3,2,312,2017,7,18,2,3,5,3,0,0,1,0,0,0,,1,565429.624700000040000,5935295.071499999600000,9.987855049000075,53.562448649000032,2170717000017674710,9.988,53.562
124058,124059,2,5,10,518,2017,6,12,3,3,5,3,0,0,1,1,0,0,,0,573434.158900000040000,5945989.186300000200000,10.111204300000054,53.657495757000049,2170627000035612050,10.111,53.657
124059,124060,2,5,11,519,2017,6,14,3,3,0,2,0,0,1,1,0,0,,0,572233.025400000040000,5945692.873999999800000,10.092963550000036,53.655000126000061,2170627000035612030,10.093,53.655
124060,124061,2,1,3,108,2017,7,18,2,3,3,2,0,0,1,1,0,0,,0,565529.675399999950000,5934815.302899999500000,9.989264758000047,53.558124371000076,2170717000014686820,9.989,53.558
124061,124062,2,5,17,525,2017,6,7,3,2,4,7,0,0,1,0,0,0,,0,576487.661800000000000,5943996.191900000000000,10.156909296000038,53.639147846000071,2170627000035587190,10.157,53.639
124062,124063,2,4,12,431,2017,6,7,3,3,1,5,0,0,1,1,0,0,,0,567233.600199999990000,5942905.906100000300000,10.016727843000069,53.630620067000052,2170627000034624950,10.017,53.631
124066,124067,2,2,5,215,2017,6,19,3,3,4,2,0,0,1,1,0,0,,0,561445.731700000000000,5934980.837299999800000,9.927653470000053,53.560106065000070,2170627000025601060,9.928,53.56
124068,124069,2,2,5,215,2017,6,14,3,3,5,3,0,0,1,1,0,0,,0,561412.533000000050000,5935491.515300000100000,9.927252711000051,53.564699617000031,2170627000025601050,9.927,53.565
124069,124070,2,3,7,319,2017,6,16,3,3,5,3,0,0,1,1,0,0,,0,560028.670700000020000,5942367.410799999700000,9.907684678000067,53.626656165000043,2170627000024636420,9.908,53.627
124070,124071,2,3,7,319,2017,6,15,3,3,6,7,0,0,1,0,1,0,,0,560757.439800000050000,5942922.827100000300000,9.918811176000077,53.631563810000046,2170627000024636400,9.919,53.632
124071,124072,2,3,7,319,2017,6,13,3,3,6,6,0,0,1,0,1,0,,0,560544.372500000060000,5943318.941599999600000,9.915666579000060,53.635148503000039,2170627000024636390,9.916,53.635
124077,124078,2,2,4,213,2017,7,11,1,3,0,6,0,1,1,1,0,0,,0,561567.310599999970000,5934080.090200000400000,9.929311275000032,53.551996440000039,2170716000021685710,9.929,53.552
124079,124080,2,7,4,705,2017,7,10,7,3,4,2,0,0,1,1,0,0,,0,565426.399300000050000,5921886.775700000100000,9.985008840000035,53.441944202000059,2170715000046678480,9.985,53.442
124081,124082,2,6,2,602,2017,7,20,7,3,1,1,0,0,1,1,0,0,,0,579166.998000000020000,5926231.307799999600000,10.192925723000030,53.479103054000063,2170715000043685030,10.193,53.479
124085,124086,2,5,8,516,2017,7,19,7,3,6,6,0,0,1,0,1,0,,0,569881.402800000040000,5940286.234699999900000,10.056173533000049,53.606730434000042,2170715000036685070,10.056,53.607
124087,124088,2,5,10,518,2017,7,15,7,3,5,3,0,0,1,1,0,0,,0,573483.761399999960000,5944989.952499999700000,10.111718445000065,53.648508929000059,2170715000035695400,10.112,53.649
124088,124089,2,3,1,303,2017,6,13,3,3,4,6,0,0,1,0,0,0,,0,562628.131300000010000,5936817.667700000100000,9.945869955000035,53.576474533000066,2170627000023607240,9.946,53.576
124089,124090,2,5,9,517,2017,7,10,7,3,0,7,0,0,1,1,0,0,,0,570244.967999999990000,5943805.140999999800000,10.062461320000068,53.638306024000030,2170715000035685500,10.062,53.638
124090,124091,2,2,4,212,2017,6,7,3,3,6,6,0,0,1,0,1,0,,0,560841.954600000060000,5933979.378300000000000,9.918344539000032,53.551175858000079,2170627000021581650,9.918,53.551
124092,124093,2,5,10,518,2017,7,12,7,2,5,3,0,0,1,1,0,0,,0,574067.603499999970000,5945865.605600000400000,10.120758102000025,53.656295849000060,2170715000035681020,10.121,53.656
124093,124094,2,4,6,414,2017,7,9,7,3,1,5,0,0,1,1,0,0,,0,567197.924299999960000,5936711.389299999900000,10.014852973000075,53.574953885000070,2170715000031685510,10.015,53.575
124094,124095,2,4,7,417,2017,7,13,7,3,5,3,0,0,1,0,0,0,,1,568518.391500000030000,5935527.467500000300000,10.034531984000068,53.564143049000052,2170715000031685430,10.035,53.564
124095,124096,2,3,5,317,2017,7,13,7,2,5,3,0,0,1,1,0,0,,0,563326.272000000000000,5938001.566900000000000,9.956652563000034,53.587030765000065,2170715000023681730,9.957,53.587
124096,124097,2,2,3,209,2017,7,1,7,3,4,6,2,1,1,0,0,0,,1,563031.270800000060000,5935661.263100000100000,9.951724227000057,53.566033264000055,2170715000021668410,9.952,53.566
124098,124099,2,1,16,136,2017,7,22,6,3,4,2,2,0,1,1,0,0,,0,566962.660500000000000,5927459.808799999800000,10.009321244000034,53.491837955000051,2170714000044685720,10.009,53.492
124102,124103,2,5,18,526,2017,7,8,6,3,5,3,0,0,1,1,0,0,,0,576223.801800000020000,5939645.694400000400000,10.151854230000026,53.600089850000074,2170714000038684020,10.152,53.6
124103,124104,2,1,3,106,2017,6,23,3,3,5,3,2,0,1,0,0,0,,0,564609.544200000000000,5934082.256299999500000,9.975224767000043,53.551650337000069,2170627000014634340,9.975,53.552
124104,124105,2,1,1,102,2017,6,16,3,2,5,3,0,0,1,0,0,0,,0,565831.779699999960000,5933561.871299999800000,9.993560773000070,53.546821678000072,2170627000014634330,9.994,53.547
124105,124106,2,1,5,113,2017,6,9,3,3,2,7,0,0,1,1,0,0,,0,567611.337000000060000,5934723.812400000200000,10.020665250000036,53.557038124000030,2170627000011579220,10.021,53.557
124110,124111,2,4,9,425,2017,7,14,6,2,2,6,0,0,1,1,0,0,,0,570707.963600000020000,5938144.842899999600000,10.068178033000038,53.587374941000064,2170714000037684440,10.068,53.587
124113,124114,2,5,5,513,2017,7,14,6,3,5,3,0,0,1,1,0,0,,0,572692.348400000020000,5938628.633999999600000,10.098262699000031,53.591451367000047,2170714000037684420,10.098,53.591
124118,124119,2,5,3,510,2017,7,12,6,3,5,3,0,0,1,1,0,0,,0,571406.390299999970000,5935636.264899999800000,10.078153288000067,53.564735795000047,2170714000037659810,10.078,53.565
124119,124120,2,5,17,525,2017,6,13,2,3,5,3,0,0,1,1,0,0,,0,578241.064699999990000,5944703.920699999700000,10.183602199000063,53.645248687000048,2170626000035611960,10.184,53.645
124120,124121,2,5,17,525,2017,6,10,2,2,5,3,0,0,1,1,0,0,,0,576840.786300000040000,5945427.531499999600000,10.162603016000048,53.651958995000030,2170626000035611910,10.163,53.652
124122,124123,2,4,13,432,2017,6,17,2,3,0,7,0,0,1,0,0,0,,1,568011.860499999950000,5946852.199500000100000,10.029358302000048,53.665984866000031,2170626000034624880,10.029,53.666
124123,124124,2,5,3,510,2017,7,18,6,3,5,3,0,0,1,1,0,0,,0,571461.197000000040000,5935478.059200000000000,10.078944457000034,53.563306543000067,2170714000037657240,10.079,53.563
124126,124127,2,5,12,520,2017,7,14,6,3,2,2,0,0,1,1,0,0,,0,568662.832799999970000,5944367.946000000500000,10.038660022000045,53.643573898000056,2170714000034683520,10.039,53.644
124127,124128,2,4,5,410,2017,7,14,6,3,4,6,0,0,1,0,0,0,,0,566531.185900000040000,5938285.655100000100000,10.005120910000073,53.589187054000035,2170714000033684390,10.005,53.589
124128,124129,2,4,5,408,2017,7,8,6,3,3,2,0,0,1,1,0,0,,0,567858.528000000050000,5939976.840499999900000,10.025538304000065,53.604215770000053,2170714000033684090,10.026,53.604
124129,124130,2,4,5,413,2017,7,9,6,3,5,2,0,0,1,1,0,0,,0,566840.136599999970000,5937065.284300000400000,10.009526198000060,53.578180106000048,2170714000033659470,10.01,53.578
124130,124131,2,4,8,420,2017,7,9,6,3,5,3,0,0,1,1,0,0,,0,568549.872199999980000,5936752.180100000500000,10.035276022000062,53.575145550000059,2170714000031659450,10.035,53.575
124131,124132,2,3,8,320,2017,7,11,6,2,5,3,0,0,1,1,0,0,,0,559444.564099999960000,5940513.786899999700000,9.898499844000071,53.610063572000058,2170714000027669350,9.898,53.61
124132,124133,2,2,11,224,2017,7,8,6,3,5,3,0,0,1,1,0,0,,0,552528.970199999980000,5935767.779099999900000,9.793183756000076,53.568147047000082,2170714000026683960,9.793,53.568
124133,124134,2,2,9,221,2017,7,13,6,3,0,7,0,0,1,0,1,0,,0,556421.418999999990000,5937035.233000000000000,9.852181591000033,53.579134255000042,2170714000026683540,9.852,53.579
124134,124135,2,2,4,212,2017,7,18,6,3,5,6,0,0,1,0,0,0,,0,560830.945700000040000,5934299.879700000400000,9.918240757000035,53.554057620000037,2170714000021684580,9.918,53.554
124135,124136,2,2,1,205,2017,7,15,6,3,4,6,0,0,1,0,0,0,,0,563124.196000000000000,5933992.184100000200000,9.952789991000032,53.551021515000059,2170714000021683720,9.953,53.551
124136,124137,2,3,3,314,2017,7,2,6,2,0,1,2,0,1,0,0,0,,0,565375.655700000000000,5937487.577999999700000,9.987499377000063,53.582159928000067,2170714000017661290,9.987,53.582
124140,124141,2,1,12,130,2017,7,6,5,3,4,7,0,0,1,1,0,0,,0,572849.892499999960000,5933014.722799999600000,10.099333255000033,53.540977763000058,2170713000042683840,10.099,53.541
124142,124143,2,1,14,132,2017,7,10,5,3,3,2,0,0,1,1,0,0,,0,568794.632400000000000,5932972.791400000500000,10.038139939000075,53.541147742000078,2170713000041683120,10.038,53.541
124144,124145,2,4,12,431,2017,6,15,2,3,5,3,0,0,1,1,0,0,,0,566882.633799999950000,5942152.077100000300000,10.011259337000070,53.623890302000063,2170626000034624850,10.011,53.624
124146,124147,2,5,1,502,2017,6,15,2,2,3,2,0,0,1,1,0,0,,0,569770.275099999970000,5936073.086900000500000,10.053552063000041,53.568881614000077,2170626000031615790,10.054,53.569
124147,124148,2,4,11,430,2017,7,17,5,3,5,3,0,0,1,1,0,0,,0,568394.382499999950000,5940371.025799999900000,10.033721681000031,53.607688668000037,2170713000036682720,10.034,53.608
124148,124149,2,4,8,419,2017,6,19,2,3,4,2,0,0,1,1,0,0,,0,568211.476099999970000,5937298.918899999900000,10.030285764000041,53.580103258000065,2170626000031615700,10.03,53.58
124149,124150,2,4,5,409,2017,7,16,5,3,1,6,0,0,1,1,0,0,,0,566326.428100000020000,5938632.541000000200000,10.002101810000056,53.592330516000061,2170713000033682620,10.002,53.592
124150,124151,2,3,9,321,2017,6,14,2,3,3,2,0,0,1,0,0,0,,1,561984.924099999950000,5936406.514399999800000,9.936075431000063,53.572855753000056,2170626000027638460,9.936,53.573
124151,124152,2,2,10,222,2017,6,14,2,3,6,6,0,0,1,1,1,0,,0,555814.114199999950000,5934407.694000000100000,9.842540530000065,53.555583973000068,2170626000026622560,9.843,53.556
124152,124153,2,4,8,418,2017,7,9,5,3,6,3,0,0,1,0,1,0,,0,567837.399699999950000,5936894.178799999900000,10.024548644000049,53.576514330000066,2170713000031686240,10.025,53.577
124153,124154,2,3,1,303,2017,6,8,2,3,0,7,0,0,1,1,0,0,,1,562556.606999999960000,5936912.548100000200000,9.944808900000055,53.577335790000063,2170626000023607110,9.945,53.577
124154,124155,2,2,4,213,2017,6,9,2,3,6,3,0,0,1,0,1,0,,0,561648.287600000040000,5934135.045199999600000,9.930544220000058,53.552480840000044,2170626000021581510,9.931,53.552
124156,124157,2,2,4,213,2017,6,11,2,3,5,3,0,0,1,0,0,0,,0,561801.877100000040000,5934305.363099999700000,9.932895895000058,53.553993497000079,2170626000021581450,9.933,53.554
124158,124159,2,4,6,414,2017,7,10,5,3,4,2,0,0,1,1,0,0,,0,567510.436499999950000,5937443.332200000100000,10.019730150000044,53.581491824000068,2170713000031660970,10.02,53.581
124160,124161,2,5,1,503,2017,7,22,5,3,5,3,2,0,1,1,0,0,,0,569583.837599999970000,5936004.017699999700000,10.050721935000070,53.568285643000081,2170713000031660770,10.051,53.568
124161,124162,2,4,6,414,2017,7,20,5,3,1,7,0,0,1,1,0,0,,0,567166.657000000010000,5936921.713000000500000,10.014426091000075,53.576848099000074,2170713000031659690,10.014,53.577
124164,124165,2,3,9,321,2017,7,14,5,2,5,3,0,0,1,1,0,0,,0,560841.711800000050000,5938346.396200000300000,9.919191665000028,53.590424058000053,2170713000027682510,9.919,53.59
124169,124170,2,4,13,432,2017,6,17,1,3,4,2,0,0,1,1,0,0,,0,566299.457999999980000,5946090.076000000400000,10.003282855000066,53.659355573000028,2170625000034624830,10.003,53.659
124172,124173,2,2,14,227,2017,6,13,1,3,5,3,0,0,1,1,0,0,,0,550628.991400000060000,5936708.661500000400000,9.764649621000046,53.576790245000041,2170625000026622430,9.765,53.577
124177,124178,2,4,3,406,2017,7,15,5,3,5,7,0,0,1,1,0,0,,0,565076.940999999990000,5940026.209599999700000,9.983517754000047,53.605012284000054,2170713000023683310,9.984,53.605
124179,124180,2,3,1,310,2017,7,23,5,3,5,2,2,0,1,1,0,0,,0,563604.256599999960000,5935421.179899999900000,9.960325667000063,53.563806424000063,2170713000016682790,9.96,53.564
124180,124181,2,1,1,101,2017,7,14,5,3,4,6,0,0,1,0,0,0,,0,566591.520299999970000,5933921.245699999900000,10.005101696000054,53.549955657000055,2170713000014683300,10.005,53.55
124182,124183,2,1,16,136,2017,7,20,4,3,5,3,0,0,1,1,0,0,,0,567758.800000000050000,5926797.040000000000000,10.021176197000045,53.485779556000068,2170712000044681310,10.021,53.486
124184,124185,2,1,12,130,2017,7,8,4,3,5,3,0,1,1,1,0,0,,0,576198.035999999960000,5931191.089599999600000,10.149403193000069,53.524114055000041,2170712000042681710,10.149,53.524
124185,124186,2,1,4,109,2017,6,20,1,3,6,6,0,0,1,0,1,0,,0,564303.509599999990000,5934707.340599999800000,9.970734754000034,53.557305728000074,2170625000016628440,9.971,53.557
124187,124188,2,1,4,111,2017,6,15,1,3,0,7,0,0,1,0,0,0,,0,563755.414400000010000,5934003.129200000300000,9.962318298000071,53.551043612000058,2170625000015639510,9.962,53.551
124193,124194,2,5,6,514,2017,6,15,7,3,3,2,0,1,1,1,0,0,,0,574170.322099999990000,5940494.042899999800000,10.121031620000053,53.608008412000061,2170624000038586990,10.121,53.608
124198,124199,2,5,11,519,2017,6,16,7,3,3,2,0,1,1,0,0,0,,1,572199.293999999990000,5945566.133000000400000,10.092423811000060,53.653865787000029,2170624000035611810,10.092,53.654
124200,124201,2,2,8,220,2017,7,4,4,3,5,3,1,1,1,1,0,0,,0,558449.255400000020000,5939502.192499999900000,9.883268088000023,53.601083912000036,2170712000025680850,9.883,53.601
124203,124204,2,3,2,311,2017,6,10,7,3,0,7,0,1,1,0,0,0,,0,565109.170000000040000,5935481.650000000400000,9.983056496000074,53.564165331000027,2170624000017618100,9.983,53.564
124204,124205,2,1,4,112,2017,6,20,7,3,2,6,0,0,1,1,0,0,,0,563980.630600000030000,5933497.724100000200000,9.965613755000049,53.546473978000051,2170624000015639490,9.966,53.546
124205,124206,2,1,3,108,2017,6,18,7,3,4,3,0,0,1,1,0,0,,0,565825.479999999980000,5934778.870000000100000,9.993721944000072,53.557759927000063,2170624000014634090,9.994,53.558
124206,124207,2,1,1,102,2017,6,18,7,3,6,4,0,0,1,0,1,0,,0,565982.740100000050000,5933977.745000000100000,9.995926503000021,53.550540288000036,2170624000014634080,9.996,53.551
124208,124209,2,5,16,524,2017,7,12,4,3,5,3,0,0,1,1,0,0,,0,574590.325900000050000,5948839.491100000200000,10.129380546000050,53.682946889000050,2170719000035687800,10.129,53.683
124209,124210,2,5,5,513,2017,7,9,4,3,0,5,0,0,1,1,0,0,,0,573072.135400000030000,5938478.374200000400000,10.103964293000047,53.590048205000073,2170719000038686630,10.104,53.59
124211,124212,2,7,17,718,2017,8,15,7,3,6,6,0,0,1,1,1,0,,0,551129.432200000040000,5932874.018100000000000,9.771579633000044,53.542276828000070,2170805000047721760,9.772,53.542
124213,124214,2,4,10,427,2017,8,14,7,3,5,3,0,0,1,1,0,0,,0,569043.479399999950000,5938401.837000000300000,10.043094351000036,53.589906375000055,2170805000031703470,10.043,53.59
124215,124216,2,3,2,312,2017,8,15,7,3,3,6,0,0,1,0,0,0,,0,566084.655799999950000,5935346.708999999800000,9.997753976000070,53.562830654000038,2170805000017703680,9.998,53.563
124219,124220,2,6,2,603,2017,8,10,6,3,5,3,0,0,1,1,0,0,,0,580085.360899999970000,5926151.760599999700000,10.206740413000034,53.478249274000063,2170804000043720400,10.207,53.478
124220,124221,2,5,5,513,2017,8,20,6,3,3,2,1,0,1,1,0,0,,0,574443.928799999990000,5938290.732300000300000,10.124640043000056,53.588168920000044,2170804000038721960,10.125,53.588
124222,124223,2,4,13,432,2017,8,14,6,3,1,5,0,0,1,1,0,0,,0,567148.306600000010000,5943961.946000000500000,10.015666176000025,53.640121701000055,2170804000034720830,10.016,53.64
124225,124226,2,2,6,218,2017,8,13,6,3,1,5,0,0,1,1,0,0,,0,558753.710100000030000,5935028.321999999700000,9.887026103000039,53.560841091000043,2170804000025720550,9.887,53.561
124226,124227,2,3,6,318,2017,8,12,6,3,2,6,0,0,1,1,0,0,,0,561601.079200000040000,5940997.254400000000000,9.931186352000054,53.614159522000080,2170804000024720520,9.931,53.614
124228,124229,2,3,5,317,2017,8,16,6,3,5,2,0,0,1,0,0,0,,1,562674.724900000030000,5938378.641800000300000,9.946887062000030,53.590497938000055,2170804000023706930,9.947,53.59
124229,124230,2,2,1,206,2017,8,16,6,3,2,3,0,0,1,1,0,0,,0,562933.756100000000000,5934642.442400000100000,9.950046854000050,53.556888479000065,2170804000021721000,9.95,53.557
124230,124231,2,1,3,108,2017,8,18,6,3,3,2,0,0,1,1,0,0,,0,565443.735899999970000,5934635.195100000100000,9.987929877000056,53.556516419000047,2170804000014722180,9.988,53.557
124231,124232,2,1,4,109,2017,8,18,6,3,5,3,0,0,1,0,0,0,,1,564709.104399999950000,5935422.068099999800000,9.977004698000030,53.563679336000064,2170804000014722090,9.977,53.564
124233,124234,2,1,4,109,2017,8,10,6,3,4,6,0,0,1,0,0,0,,0,564663.530299999980000,5935277.251400000400000,9.976286740000035,53.562383447000059,2170804000014720280,9.976,53.562
124234,124235,2,1,5,114,2017,8,8,6,3,3,6,0,0,1,0,0,0,,0,566570.893599999950000,5934795.187500000000000,10.004976524000028,53.557812568000031,2170804000011720080,10.005,53.558
124240,124241,2,5,7,515,2017,8,23,5,3,1,5,2,0,1,1,0,0,,0,572208.782099999950000,5941041.184899999800000,10.091517144000022,53.613199511000062,2170803000036719820,10.092,53.613
124245,124246,2,3,4,316,2017,8,16,5,3,5,2,0,1,1,1,0,0,,0,564336.145200000030000,5937443.722199999700000,9.971791031000066,53.581894339000030,2170803000023718730,9.972,53.582
124247,124248,2,2,2,207,2017,8,14,5,3,4,5,0,0,1,1,0,0,,0,563511.825500000040000,5935208.301199999600000,9.958887043000061,53.561904410000068,2170803000016719590,9.959,53.562
124254,124255,2,1,14,132,2017,8,13,4,3,3,6,0,0,1,0,0,0,,1,570094.329000000030000,5931754.384899999900000,10.057476381000072,53.530025974000068,2170802000041716440,10.057,53.53
124255,124256,2,5,5,513,2017,8,16,4,3,3,2,0,0,1,1,0,0,,0,574460.404100000040000,5938042.787899999900000,10.124829712000064,53.585938352000028,2170802000038716580,10.125,53.586
124257,124258,2,4,10,429,2017,8,16,4,3,5,3,0,0,1,1,0,0,,0,568436.000000000000000,5940220.460000000000000,10.034317514000065,53.606330092000064,2170802000036738820,10.034,53.606
124258,124259,2,5,7,515,2017,8,17,4,2,5,2,0,0,1,1,0,0,,0,571301.927499999990000,5939520.915300000500000,10.077463854000030,53.599661189000074,2170802000036701480,10.077,53.6
124260,124261,2,4,5,410,2017,8,10,4,3,1,5,0,0,1,1,0,0,,0,566698.847399999970000,5937898.796400000300000,10.007570723000072,53.585688996000044,2170802000033716860,10.008,53.586
124263,124264,2,3,8,320,2017,8,7,4,3,6,6,0,0,1,0,1,0,,0,559421.506000000050000,5939516.109000000200000,9.897961141000053,53.601099650000037,2170802000027746610,9.898,53.601
124264,124265,2,3,7,319,2017,8,19,4,3,3,2,0,0,1,1,0,0,,0,561056.060500000020000,5942937.090499999900000,9.923329257000034,53.631657256000040,2170802000024717650,9.923,53.632
124265,124266,2,3,7,319,2017,8,15,4,3,5,3,0,0,1,1,0,0,,0,559159.891300000020000,5942157.297299999700000,9.894509831000050,53.624866677000057,2170802000024704590,9.895,53.625
124270,124271,2,1,3,106,2017,8,21,4,2,0,7,1,0,1,1,0,0,,0,564336.912499999980000,5934131.280100000100000,9.971120368000072,53.552124409000044,2170802000016721090,9.971,53.552
124276,124277,2,4,10,427,2017,8,16,3,3,3,2,0,0,1,1,0,0,,0,568370.483099999950000,5938488.091799999600000,10.032947595000053,53.590769748000071,2170801000033696910,10.033,53.591