,OBJECTID,ULAND,UREGBEZ,UKREIS,UGEMEINDE,UJAHR,UMONAT,USTUNDE,UWOCHENTAG,UKATEGORIE,UART,UTYP1,ULICHTVERH,STRZUSTAND,IstRad,IstPKW,IstFuss,IstKrad,IstGkfz,IstSonstig,LINREFX,LINREFY,XGCSWGS84,YGCSWGS84,UIDENTSTLA,lat_short,long_short
124278,124279,2,5,11,519,2017,7,10,4,3,3,2,0,0,1,0,0,0,,1,571108.068399999990000,5946649.337100000100000,10.076164008000035,53.663749856000038,2170719000035688090,10.076,53.664
124279,124280,2,3,5,317,2017,8,10,3,3,4,5,0,0,1,1,0,0,,0,564041.907299999960000,5938257.347400000300000,9.967514291000043,53.589242613000067,2170801000023715680,9.968,53.589
124280,124281,2,4,1,401,2017,8,17,3,3,4,2,0,0,1,1,0,0,,0,565076.680500000020000,5937691.550499999900000,9.983026624000047,53.584030259000031,2170801000023715080,9.983,53.584
124281,124282,2,2,3,210,2017,8,16,3,3,3,2,0,0,1,0,0,0,,0,562269.447399999950000,5934765.090599999800000,9.940044388000047,53.558069989000046,2170801000021724610,9.94,53.558
124282,124283,2,2,1,203,2017,8,12,3,3,5,3,0,0,1,0,0,0,,1,562287.025999999950000,5933617.893400000400000,9.940081160000034,53.547757606000062,2170801000021715630,9.94,53.548
124289,124290,2,4,13,432,2017,7,17,2,3,3,2,0,0,1,0,0,0,,1,567873.898000000040000,5946397.881199999700000,10.027171316000022,53.661919846000046,2170731000034694130,10.027,53.662
124291,124292,2,4,5,409,2017,7,17,2,3,1,5,0,0,1,1,0,0,,0,566005.445100000010000,5939087.687199999600000,9.997349339000039,53.596461502000068,2170731000033686640,9.997,53.596
124292,124293,2,2,9,221,2017,7,21,2,3,0,3,1,0,1,1,0,0,,0,556241.983200000020000,5938094.444500000200000,9.849662652000063,53.588673249000067,2170731000026694220,9.85,53.589
124293,124294,2,2,11,224,2017,7,14,2,3,5,3,0,0,1,1,0,0,,0,553433.383799999950000,5936355.526200000200000,9.806939426000042,53.573338203000048,2170731000026694000,9.807,53.573
124295,124296,2,1,3,108,2017,7,1,2,3,0,3,2,0,1,1,0,0,,0,565825.479999999980000,5934778.870000000100000,9.993721944000072,53.557759927000063,2170731000014689050,9.994,53.558
124296,124297,2,7,14,715,2017,7,14,1,3,5,3,0,0,1,1,0,0,,0,556457.403000000050000,5925290.612400000000000,9.850607444000048,53.473573984000041,2170730000047694060,9.851,53.474
124298,124299,2,7,8,709,2017,7,15,1,3,3,6,0,0,1,1,0,0,,0,562056.524500000060000,5920617.850200000200000,9.934032107000064,53.430947150000065,2170730000046693990,9.934,53.431
124299,124300,2,6,3,604,2017,7,14,1,3,1,5,0,0,1,1,0,0,,0,579374.615600000020000,5924905.666100000000000,10.195718499000066,53.467158575000042,2170730000043694080,10.196,53.467
124302,124303,2,5,7,515,2017,7,11,1,3,1,6,0,0,1,1,0,0,,0,571870.592100000010000,5940776.251000000200000,10.086344912000072,53.610865089000072,2170730000036684700,10.086,53.611
124303,124304,2,5,11,519,2017,7,14,1,3,3,6,0,0,1,1,0,0,,0,571247.761799999980000,5945356.369199999600000,10.077981218000048,53.652111144000060,2170730000035694620,10.078,53.652
124304,124305,2,2,8,220,2017,7,18,1,3,0,7,0,0,1,0,0,0,,0,558868.543599999980000,5938933.226300000200000,9.889495981000039,53.595923433000053,2170730000025693810,9.889,53.596
124305,124306,2,3,5,317,2017,7,7,1,3,7,7,0,0,1,0,0,0,,1,563436.307700000000000,5939163.478900000500000,9.958550909000053,53.597459885000035,2170730000023695350,9.959,53.597
124308,124309,2,3,3,313,2017,7,18,1,2,5,3,0,0,1,1,0,0,,0,564719.408399999960000,5936294.013600000200000,9.977340913000035,53.571514467000043,2170730000017693770,9.977,53.572
124318,124319,2,3,1,310,2017,7,13,7,3,1,5,0,1,1,1,0,0,,0,563547.809699999980000,5935507.169999999900000,9.959491029000049,53.564586082000062,2170729000023694480,9.959,53.565
124324,124325,2,5,18,526,2017,7,10,6,3,4,2,0,0,1,0,0,0,,1,576226.383200000040000,5939650.417999999600000,10.151894385000048,53.600131924000038,2170728000038684710,10.152,53.6
124325,124326,2,4,9,424,2017,7,13,6,3,5,3,0,1,1,1,0,0,,0,570019.827000000050000,5937717.758899999800000,10.057688538000036,53.583629078000058,2170728000037693480,10.058,53.584
124327,124328,2,4,11,430,2017,7,10,6,3,5,3,0,0,1,1,0,0,,0,567626.642400000010000,5941624.460900000300000,10.022392119000074,53.619053029000042,2170728000034684680,10.022,53.619
124329,124330,2,3,9,321,2017,7,6,6,3,5,3,0,0,1,1,0,0,,0,560866.090800000010000,5938321.181400000100000,9.919555008000032,53.590194613000051,2170728000027692460,9.92,53.59
124334,124335,2,2,1,202,2017,7,17,6,3,1,6,0,0,1,1,0,0,,0,561541.747199999980000,5933267.771900000100000,9.928765609000038,53.544698794000055,2170728000021683190,9.929,53.545
124336,124337,2,1,4,112,2017,7,7,6,3,5,3,0,0,1,1,0,0,,0,564082.080199999970000,5933875.603600000000000,9.967222056000026,53.549857730000042,2170728000015693330,9.967,53.55
124340,124341,2,5,9,517,2017,7,13,5,3,3,2,0,0,1,1,0,0,,0,572385.543799999980000,5943926.740100000100000,10.094859613000040,53.639107138000043,2170727000035693070,10.095,53.639
124343,124344,2,4,6,415,2017,7,20,5,3,5,3,0,0,1,1,0,0,,0,567939.176800000020000,5936288.376899999600000,10.025953700000059,53.571056744000032,2170727000031692650,10.026,53.571
124344,124345,2,4,6,415,2017,7,21,4,3,5,3,0,0,1,1,0,0,,0,568374.822300000000000,5936493.544300000200000,10.032576162000055,53.572844011000029,2170719000031684210,10.033,53.573
124351,124352,2,5,6,514,2017,7,13,4,3,4,2,0,1,1,1,0,0,,0,573417.340800000010000,5940310.169800000300000,10.109609881000040,53.606462028000067,2170726000038692880,10.11,53.606
124353,124354,2,5,18,526,2017,7,16,4,3,3,6,0,0,1,1,0,0,,0,576165.321400000020000,5941150.779299999600000,10.151338565000060,53.613624090000030,2170726000038683020,10.151,53.614
124356,124357,2,5,7,515,2017,7,8,4,3,4,2,0,1,1,1,0,0,,0,571271.540999999970000,5939496.110899999700000,10.076999094000030,53.599442406000037,2170726000036682990,10.077,53.599
124358,124359,2,4,10,427,2017,7,16,4,3,5,3,0,0,1,1,0,0,,0,569045.248900000010000,5938401.493099999600000,10.043121003000067,53.589903051000078,2170726000031688620,10.043,53.59
124359,124360,2,2,10,222,2017,7,15,4,2,5,3,0,0,1,0,0,1,,0,555763.390999999950000,5933941.767400000200000,9.841691820000051,53.551401792000036,2170726000026692340,9.842,53.551
124363,124364,2,4,1,401,2017,7,7,4,3,6,2,0,1,1,0,1,0,,0,564578.106299999980000,5937572.489900000400000,9.975471894000066,53.583021867000070,2170726000023691150,9.975,53.583
124364,124365,2,3,3,314,2017,7,8,4,3,1,5,0,1,1,1,0,0,,0,565797.535299999990000,5937069.165599999900000,9.993782614000054,53.578346813000053,2170726000017692130,9.994,53.578
124366,124367,2,7,1,702,2017,7,13,3,2,5,3,0,1,1,1,0,0,,0,565456.915200000050000,5923865.096699999600000,9.985879869000030,53.459720405000041,2170725000046690520,9.986,53.46
124369,124370,2,1,8,122,2017,7,15,3,3,5,3,0,1,1,1,0,0,,0,569706.567200000050000,5935163.012400000400000,10.052387173000056,53.560711191000053,2170725000041691580,10.052,53.561
124375,124376,2,5,8,516,2017,7,14,3,3,5,3,0,1,1,1,0,0,,0,569768.303900000060000,5940475.479100000100000,10.054506869000022,53.608446243000060,2170725000036691700,10.055,53.608
124377,124378,2,5,11,519,2017,7,14,3,3,5,3,0,1,1,1,0,0,,0,572555.800700000020000,5945782.116399999700000,10.097867343000075,53.655757455000071,2170725000035691790,10.098,53.656
124384,124385,2,4,8,421,2017,7,15,3,3,4,5,0,1,1,1,0,0,,0,568567.475400000000000,5937308.593299999800000,10.035664042000064,53.580143782000050,2170725000031689090,10.036,53.58
124388,124389,2,2,3,210,2017,7,7,3,3,3,2,0,1,1,1,0,0,,0,562131.987700000060000,5934204.227500000000000,9.937858064000068,53.553045587000042,2170725000021690400,9.938,53.553
124394,124395,2,1,3,107,2017,7,8,3,3,5,3,0,1,1,1,0,0,,0,565157.633700000010000,5934252.989500000100000,9.983531950000042,53.553117028000031,2170725000014690450,9.984,53.553
124399,124400,2,6,1,601,2017,7,16,2,3,5,3,0,0,1,1,0,0,,0,577353.932000000030000,5930107.205799999600000,10.166567637000071,53.514204572000040,2170724000043690960,10.167,53.514
124411,124412,2,5,12,520,2017,7,10,4,3,3,3,0,0,1,1,0,0,,0,569866.042800000050000,5944837.525200000000000,10.056963083000028,53.647634704000041,2170719000035688130,10.057,53.648
124413,124414,2,3,1,310,2017,7,18,2,3,5,7,0,1,1,1,0,0,,0,563432.131000000050000,5935726.358000000000000,9.957789203000061,53.566569989000072,2170724000023690000,9.958,53.567
124416,124417,2,3,1,310,2017,7,19,2,3,6,4,0,1,1,0,1,0,,0,563945.315199999950000,5935595.568400000200000,9.965510016000053,53.565332258000069,2170724000016691020,9.966,53.565
124417,124418,2,1,1,101,2017,7,14,2,2,6,6,0,0,1,0,1,0,,0,566616.822900000030000,5934120.499300000300000,10.005525990000024,53.551743181000063,2170724000014690090,10.006,53.552
124423,124424,2,5,7,515,2017,7,19,1,3,5,3,0,0,1,1,0,0,,0,570299.804499999970000,5939106.884899999900000,10.062230015000068,53.596075682000048,2170723000036667180,10.062,53.596
124424,124425,2,4,11,430,2017,7,1,1,3,4,6,2,0,1,1,0,0,,0,569244.653000000050000,5943059.806400000100000,10.047168366000051,53.631741030000057,2170723000035674130,10.047,53.632
124428,124429,2,1,4,112,2017,7,15,1,3,5,2,0,0,1,1,0,0,,0,563364.425200000060000,5933844.170599999800000,9.956385437000051,53.549662330000046,2170723000015695510,9.956,53.55
124433,124434,2,5,18,526,2017,7,10,7,3,5,3,0,1,1,1,0,0,,0,578155.205700000050000,5943051.296199999700000,10.181888410000056,53.630410128000051,2170722000038688100,10.182,53.63
124443,124444,2,2,8,220,2017,7,15,7,3,5,3,0,1,1,1,0,0,,0,556970.264700000060000,5939141.178399999600000,9.860854849000077,53.598002159000032,2170722000025690750,9.861,53.598
124446,124447,2,2,4,212,2017,7,15,7,3,0,3,0,1,1,1,0,0,,0,560795.492199999980000,5933962.720300000200000,9.917640099000039,53.551031527000077,2170722000021690740,9.918,53.551
124447,124448,2,1,5,114,2017,7,19,7,3,6,6,0,0,1,0,1,0,,0,567272.590500000050000,5934140.323499999900000,10.015426827000056,53.551837729000056,2170722000011678610,10.015,53.552
124449,124450,2,6,5,606,2017,7,16,6,3,1,5,0,0,1,1,0,0,,0,582739.803599999980000,5918146.642500000100000,10.244623300000057,53.405899703000046,2170721000043689610,10.245,53.406
124450,124451,2,1,6,117,2017,7,12,6,3,6,3,0,0,1,0,1,0,,0,567838.977599999980000,5933846.805100000500000,10.023910819000037,53.549126954000030,2170721000041688730,10.024,53.549
124453,124454,2,4,12,431,2017,7,7,6,3,5,3,0,0,1,0,0,0,,0,566994.229100000000000,5942551.735899999700000,10.013032377000059,53.627467801000080,2170721000034667100,10.013,53.627
124456,124457,2,4,4,407,2017,7,14,6,3,6,7,0,0,1,0,1,0,,0,566961.940199999950000,5940461.662399999800000,10.012094790000049,53.608688255000061,2170721000033671080,10.012,53.609
124457,124458,2,4,8,419,2017,7,15,6,3,0,5,0,0,1,1,0,0,,0,568094.405600000060000,5937216.317900000100000,10.028499790000069,53.579376127000046,2170721000031688760,10.028,53.579
124460,124461,2,3,1,303,2017,7,14,6,3,1,5,0,0,1,1,0,0,,0,562734.461800000050000,5936705.506099999900000,9.947453080000059,53.575453794000055,2170721000023689560,9.947,53.575
124461,124462,2,3,1,303,2017,7,0,6,3,0,1,2,1,1,0,0,0,,0,562614.857899999940000,5936833.115000000200000,9.945672615000035,53.576614948000042,2170721000023670870,9.946,53.577
124462,124463,2,2,3,209,2017,7,13,6,3,2,2,0,0,1,1,0,0,,0,562345.689200000020000,5935378.673100000200000,9.941317615000060,53.563575429000082,2170721000021688700,9.941,53.564
124463,124464,2,1,5,114,2017,7,15,6,3,5,3,0,0,1,1,0,0,,0,567110.428900000060000,5933916.303000000300000,10.012931463000029,53.549845168000047,2170721000011689590,10.013,53.55
124466,124467,2,1,12,130,2017,7,16,5,3,5,3,0,1,1,1,0,0,,0,574147.215199999980000,5935442.907499999700000,10.119482143000027,53.562618019000070,2170720000042689420,10.119,53.563
124468,124469,2,1,12,130,2017,7,16,5,3,0,7,0,0,1,0,0,0,,0,573746.307599999940000,5932709.510900000100000,10.112785785000028,53.538109751000036,2170720000042663100,10.113,53.538
124473,124474,2,5,7,515,2017,7,13,5,3,0,3,0,0,1,1,0,0,,0,571612.530000000030000,5941415.951600000300000,10.082592063000050,53.616649349000056,2170720000036687760,10.083,53.617
124474,124475,2,5,7,515,2017,7,18,5,3,4,3,0,0,1,1,0,0,,0,570775.289400000010000,5941228.312300000300000,10.069895000000031,53.615076847000068,2170720000036670130,10.07,53.615
124475,124476,2,4,13,432,2017,7,22,5,3,5,3,2,1,1,1,0,0,,0,566070.715899999950000,5948375.812599999800000,10.000308437000058,53.679926540000054,2170720000034689330,10.0,53.68
124480,124481,2,1,12,130,2017,7,9,4,3,0,7,0,0,1,0,1,0,,0,574744.667999999950000,5932807.616899999800000,10.127870671000039,53.538850305000039,2170719000042687290,10.128,53.539
124482,124483,2,5,7,515,2017,8,14,6,3,4,2,0,0,1,1,0,0,,0,570512.225899999960000,5939322.801300000400000,10.065487921000056,53.597987584000066,2170825000036741720,10.065,53.598
124483,124484,2,5,10,518,2017,8,16,6,3,5,3,0,0,1,1,0,0,,0,573209.339999999970000,5945782.769999999600000,10.107754407000073,53.655672262000053,2170825000035743380,10.108,53.656
124485,124486,2,4,5,408,2017,8,13,6,2,4,6,0,0,1,0,0,0,,0,567867.628700000000000,5940147.247899999800000,10.025712926000040,53.605746055000054,2170825000033743510,10.026,53.606
124486,124487,2,6,6,607,2017,8,19,4,2,0,7,0,0,1,0,0,0,,0,577011.204999999960000,5922687.509999999800000,10.159580362000042,53.447575154000049,2170823000043741850,10.16,53.448
124488,124489,2,4,6,415,2017,8,18,6,3,4,6,0,0,1,0,0,0,,0,567340.153700000020000,5935682.888100000100000,10.016778845000033,53.565692353000031,2170825000031743230,10.017,53.566
124489,124490,2,4,6,415,2017,8,9,6,3,3,2,0,0,1,1,0,0,,0,567391.155799999950000,5936095.909000000000000,10.017637909000030,53.569397686000059,2170825000031742330,10.018,53.569
124490,124491,2,2,8,220,2017,8,16,6,3,5,2,0,0,1,1,0,0,,0,557823.273900000030000,5938354.409400000200000,9.873596812000073,53.590837675000046,2170825000025743290,9.874,53.591
124492,124493,2,4,2,405,2017,8,13,6,3,5,2,0,0,1,1,0,0,,0,564500.165099999980000,5939262.541400000500000,9.974644227000056,53.598220347000051,2170825000023743550,9.975,53.598
124493,124494,2,3,1,309,2017,8,19,6,3,5,3,1,0,1,1,0,0,,0,563822.463899999970000,5936061.432300000500000,9.963750561000040,53.569534071000078,2170825000023743120,9.964,53.57
124495,124496,2,3,2,312,2017,8,20,6,3,6,6,1,0,1,0,1,0,,0,566048.015099999960000,5935211.237499999800000,9.997172226000032,53.561617755000043,2170825000017743160,9.997,53.562
124505,124506,2,4,13,432,2017,8,17,5,3,5,3,0,0,1,1,0,0,,0,567294.371900000030000,5944991.697999999900000,10.018098016000067,53.649357355000063,2170824000034742020,10.018,53.649
124506,124507,2,3,9,321,2017,8,17,5,3,5,2,0,0,1,1,0,0,,0,562722.791600000000000,5937476.402099999600000,9.947431762000065,53.582383481000079,2170824000023743180,9.947,53.582
124507,124508,2,4,2,403,2017,8,16,5,3,5,3,0,0,1,0,0,0,,0,564331.929299999960000,5938053.213299999900000,9.971853017000058,53.587372505000076,2170824000023742720,9.972,53.587
124510,124511,2,6,2,603,2017,8,16,4,3,5,3,0,0,1,1,0,0,,0,580922.429699999980000,5927535.934399999700000,10.219707200000073,53.490560362000053,2170823000043742150,10.22,53.491
124512,124513,2,1,12,130,2017,8,8,4,2,4,2,0,0,1,1,0,0,,0,574935.268500000010000,5931803.124400000100000,10.130505653000057,53.529795907000050,2170823000042741570,10.131,53.53
124516,124517,2,3,9,321,2017,8,8,4,3,4,6,0,0,1,0,0,0,,0,561698.446000000000000,5939141.950000000200000,9.932290658000056,53.597473848000050,2170823000027742770,9.932,53.597
124523,124524,2,3,2,311,2017,8,21,4,3,4,6,2,0,1,0,0,0,,0,565033.040200000050000,5935482.975599999500000,9.981907505000038,53.564186684000049,2170823000017741770,9.982,53.564
124526,124527,2,1,1,102,2017,8,9,4,3,3,6,0,0,1,0,0,1,,0,565963.914800000030000,5934001.529099999900000,9.995647424000026,53.550756406000062,2170823000014740940,9.996,53.551
124528,124529,2,7,1,701,2017,8,19,3,2,5,3,1,0,1,1,0,0,,0,564803.750400000020000,5924063.986200000200000,9.976084796000066,53.461588667000058,2170822000046740770,9.976,53.462
124531,124532,2,5,2,508,2017,8,10,3,3,3,2,0,0,1,1,0,0,,0,572960.881100000000000,5937355.758500000500000,10.102021324000077,53.579974888000038,2170822000037718530,10.102,53.58
124533,124534,2,4,12,431,2017,8,18,3,3,6,4,0,0,1,0,1,0,,0,567132.480899999970000,5943129.250699999700000,10.015247135000038,53.632640255000069,2170822000034740700,10.015,53.633
124534,124535,2,4,12,431,2017,8,13,3,2,0,6,0,0,1,0,0,0,,1,567765.682999999960000,5942617.507899999600000,10.024709958000074,53.627959617000045,2170822000034731190,10.025,53.628
124535,124536,2,4,5,408,2017,8,8,3,2,5,3,0,1,1,1,0,0,,0,566995.262200000000000,5940202.939000000200000,10.012542723000024,53.606358821000072,2170822000033741040,10.013,53.606
124536,124537,2,3,8,320,2017,8,22,3,3,5,3,2,0,1,1,0,0,,0,559675.429499999970000,5940121.757500000300000,9.901913801000035,53.606514004000076,2170822000027741520,9.902,53.607
124539,124540,2,2,6,218,2017,8,9,3,3,5,3,0,0,1,1,0,0,,0,558188.318100000030000,5935149.240199999900000,9.878513800000064,53.561990834000028,2170822000025741030,9.879,53.562
124541,124542,2,2,1,201,2017,8,14,3,3,4,6,0,0,1,0,0,0,,0,563162.537000000010000,5933463.758999999600000,9.953261885000075,53.546267761000081,2170822000015740620,9.953,53.546
124542,124543,2,1,3,105,2017,8,12,3,3,6,4,0,0,1,0,1,0,,0,564675.435700000030000,5933294.186400000000000,9.976056199000027,53.544559609000032,2170822000014740590,9.976,53.545
124543,124544,2,1,1,102,2017,8,9,3,3,0,3,0,0,1,0,0,0,,1,565701.636900000040000,5933819.502700000100000,9.991651054000045,53.549153376000049,2170822000014732070,9.992,53.549
124544,124545,2,1,16,136,2017,8,13,2,3,5,3,0,1,1,1,0,0,,0,567749.352300000030000,5927803.497000000400000,10.021251125000049,53.494826061000026,2170821000044740420,10.021,53.495
124551,124552,2,5,18,526,2017,8,10,2,3,5,3,0,1,1,0,0,0,,1,576378.612700000060000,5942079.155399999600000,10.154789716000039,53.621936042000073,2170821000038738790,10.155,53.622
124556,124557,2,4,5,409,2017,8,17,2,3,4,2,0,0,1,1,0,0,,0,567217.425799999970000,5938595.815700000200000,10.015553346000047,53.591886977000058,2170821000033741300,10.016,53.592
124562,124563,2,2,3,209,2017,8,8,2,3,4,2,0,0,1,0,0,0,,0,563037.155799999950000,5935777.575299999700000,9.951836544000059,53.567077893000032,2170821000021739590,9.952,53.567
124563,124564,2,2,4,213,2017,8,13,2,3,5,3,0,0,1,1,0,0,,0,561434.105400000000000,5934145.409199999600000,9.927313770000069,53.552599092000037,2170821000021738270,9.927,53.553
124564,124565,2,1,3,107,2017,8,6,2,2,4,2,0,1,1,1,0,0,,0,565231.742199999980000,5933715.387099999900000,9.984538253000039,53.548276249000082,2170821000014740280,9.985,53.548
124566,124567,2,7,9,710,2017,8,15,1,3,0,7,0,1,1,0,0,0,,0,564621.621000000040000,5923040.439899999600000,9.973131612000032,53.452411983000047,2170820000046739330,9.973,53.452
124567,124568,2,7,4,705,2017,8,13,1,3,1,5,0,1,1,1,0,0,,0,565394.649600000000000,5922503.292200000000000,9.984659044000068,53.447489039000061,2170820000046739280,9.985,53.447
124569,124570,2,1,16,137,2017,8,2,1,3,2,6,2,0,1,0,0,0,,1,565403.169299999950000,5928514.048700000200000,9.986038868000037,53.501508933000082,2170820000044739170,9.986,53.502
124573,124574,2,2,14,227,2017,8,16,1,3,0,7,0,1,1,0,0,0,,0,549157.578699999950000,5936105.639800000000000,9.742334016000029,53.571510364000062,2170820000026740200,9.742,53.572
124575,124576,2,2,1,205,2017,8,13,1,3,6,4,0,1,1,0,1,0,,0,563023.838499999950000,5933973.075199999800000,9.951271584000040,53.550861833000056,2170820000021740430,9.951,53.551
124585,124586,2,2,5,217,2017,8,18,7,3,5,3,0,0,1,1,0,0,,0,557879.403300000010000,5937303.572499999800000,9.874249771000052,53.581387091000067,2170819000025740040,9.874,53.581
124586,124587,2,2,3,210,2017,8,13,7,3,5,3,0,0,1,1,0,0,,0,562625.599500000010000,5934660.618800000300000,9.945399267000028,53.557088692000036,2170819000021739200,9.945,53.557
124587,124588,2,1,5,114,2017,8,21,7,3,5,2,2,1,1,1,0,0,,0,567522.063700000060000,5934267.129599999600000,10.019219162000070,53.552945332000036,2170819000011740100,10.019,53.553
124591,124592,2,5,18,526,2017,8,14,6,3,5,3,0,1,1,1,0,0,,0,575636.738400000030000,5941612.337700000000000,10.143462184000043,53.617848567000067,2170818000038740000,10.143,53.618
124602,124603,2,7,4,705,2017,8,10,5,3,3,6,0,0,1,0,0,0,,1,565573.918300000020000,5922767.931400000100000,9.987413048000065,53.449845185000072,2170817000046738770,9.987,53.45
124606,124607,2,1,8,123,2017,8,19,5,3,3,3,1,1,1,1,0,0,,0,570319.503000000030000,5935117.848700000000000,10.061629003000064,53.560223540000038,2170817000041738370,10.062,53.56
124613,124614,2,3,5,317,2017,8,14,5,1,5,3,0,0,1,1,0,0,,1,563419.128000000030000,5939353.029000000100000,9.958329913000057,53.599165501000073,2170817000023738560,9.958,53.599
124615,124616,2,3,2,312,2017,8,9,5,3,3,6,0,0,1,1,0,0,,0,565638.722599999980000,5935051.835300000400000,9.990960392000034,53.560236518000067,2170817000017737080,9.991,53.56
124619,124620,2,6,2,602,2017,8,12,4,3,5,3,0,0,1,1,0,0,,0,580436.394300000040000,5926862.036100000100000,10.212210510000034,53.484578778000071,2170816000043736530,10.212,53.485
124621,124622,2,5,18,526,2017,8,21,4,2,1,5,2,0,1,1,0,0,,0,576957.852100000020000,5938516.492700000300000,10.162665650000065,53.589834809000081,2170816000038033600,10.163,53.59
124622,124623,2,5,2,507,2017,8,12,4,3,5,3,0,0,1,1,0,0,,0,570836.612199999970000,5936759.007899999600000,10.069806606000043,53.574903105000033,2170816000037737690,10.07,53.575
124624,124625,2,4,7,417,2017,8,15,4,3,5,3,0,0,1,1,0,0,,0,568303.853800000040000,5935403.331899999600000,10.031266203000030,53.563055395000049,2170816000031737620,10.031,53.563
124625,124626,2,5,1,501,2017,8,19,4,3,6,4,0,0,1,0,1,0,,0,569091.288300000010000,5935482.344800000100000,10.043170378000070,53.563662415000067,2170816000031710340,10.043,53.564
124626,124627,2,2,5,216,2017,8,10,4,3,6,4,0,0,1,0,1,0,,0,560062.028000000050000,5935361.918899999900000,9.906839691000073,53.563691186000028,2170816000025736880,9.907,53.564
124630,124631,2,2,1,201,2017,8,9,4,3,4,2,0,0,1,1,0,0,,0,563153.671500000050000,5933484.509999999800000,9.953132296000035,53.546455324000078,2170816000021737240,9.953,53.546
124631,124632,2,2,2,207,2017,8,18,4,3,2,6,0,0,1,1,0,0,,0,563949.901500000040000,5935474.978600000000000,9.965554570000052,53.564247923000039,2170816000016736780,9.966,53.564
124632,124633,2,1,4,112,2017,8,17,4,2,6,4,0,0,1,0,1,0,,0,563675.595600000000000,5933482.418399999800000,9.961007677000055,53.546373498000037,2170816000014746620,9.961,53.546
124636,124637,2,1,12,130,2017,8,12,3,3,0,3,0,0,1,1,0,0,,0,574586.690999999990000,5931892.809500000400000,10.125269347000028,53.530651493000050,2170815000042735320,10.125,53.531
124639,124640,2,4,12,431,2017,8,13,3,3,5,3,0,0,1,1,0,0,,0,567092.598299999950000,5943680.018400000400000,10.014762877000067,53.637595148000059,2170815000034716110,10.015,53.638
124640,124641,2,4,5,409,2017,8,18,3,3,5,3,0,0,1,1,0,0,,0,567095.307099999980000,5939048.926900000300000,10.013806120000027,53.595974786000056,2170815000033735650,10.014,53.596
124641,124642,2,4,10,427,2017,8,19,3,3,1,5,1,1,1,1,0,0,,0,569029.168700000040000,5937914.683100000000000,10.042770399000062,53.585530184000049,2170815000031718470,10.043,53.586
124643,124644,2,3,8,320,2017,8,11,3,3,5,3,0,0,1,1,0,0,,0,560029.381399999950000,5941379.051199999600000,9.907504852000045,53.617773341000031,2170815000027735980,9.908,53.618
124644,124645,2,3,8,320,2017,8,18,3,3,1,5,0,0,1,1,0,0,,0,559668.421699999950000,5940390.326799999900000,9.901859330000036,53.608928540000079,2170815000027735630,9.902,53.609
124647,124648,2,2,4,214,2017,8,17,3,3,3,2,0,0,1,1,0,0,,0,561318.092399999960000,5933716.446999999700000,9.925478745000021,53.548757391000038,2170815000021735580,9.925,53.549
124648,124649,2,2,3,210,2017,8,14,3,3,5,7,0,0,1,1,0,0,,0,562010.500099999950000,5934329.162300000000000,9.936049307000076,53.554182789000038,2170815000021733840,9.936,53.554
124653,124654,2,1,20,141,2017,8,16,2,3,5,3,0,0,1,1,0,0,,0,557220.173700000040000,5932027.906999999700000,9.863327692000041,53.534044060000042,2170814000047734430,9.863,53.534
124656,124657,2,5,7,515,2017,8,12,2,3,5,3,0,0,1,0,0,0,,0,571591.129199999970000,5940807.963299999900000,10.082128866000062,53.611188347000052,2170814000036721200,10.082,53.611
124664,124665,2,2,7,219,2017,8,7,2,3,5,3,0,0,1,1,0,0,,0,559508.870000000000000,5933789.702999999700000,9.898189694000052,53.549623944000075,2170814000025730690,9.898,53.55
124665,124666,2,1,3,108,2017,8,16,2,3,5,2,0,0,1,1,0,0,,0,565213.418799999980000,5934538.361999999700000,9.984433403000026,53.555674819000046,2170814000014734390,9.984,53.556
124675,124676,2,3,6,318,2017,8,11,1,3,6,7,0,0,1,0,1,0,,0,562903.741599999950000,5943680.123200000300000,9.951417155000058,53.638116302000071,2170813000024738550,9.951,53.638
124679,124680,2,1,12,130,2017,8,10,7,2,6,6,0,0,1,0,1,0,,0,575230.001500000010000,5932600.565800000000000,10.135142830000063,53.536920282000040,2170812000042736000,10.135,53.537