,OBJECTID,ULAND,UREGBEZ,UKREIS,UGEMEINDE,UJAHR,UMONAT,USTUNDE,UWOCHENTAG,UKATEGORIE,UART,UTYP1,ULICHTVERH,STRZUSTAND,IstRad,IstPKW,IstFuss,IstKrad,IstGkfz,IstSonstig,LINREFX,LINREFY,XGCSWGS84,YGCSWGS84,UIDENTSTLA,lat_short,long_short
124680,124681,2,5,8,516,2017,8,11,7,3,5,3,0,1,1,1,0,0,,0,569749.452700000020000,5940602.982699999600000,10.054250540000055,53.609594625000057,2170812000036733850,10.054,53.61
124685,124686,2,7,9,710,2017,8,14,6,3,5,3,0,0,1,1,0,0,,0,564116.319999999950000,5923498.815800000000000,9.965616971000031,53.456593348000069,2170811000046732530,9.966,53.457
124686,124687,2,7,4,705,2017,8,14,6,2,5,3,0,1,1,1,0,0,,0,565594.317000000040000,5922992.151999999800000,9.987766919000023,53.451857809000046,2170811000046731740,9.988,53.452
124688,124689,2,1,16,137,2017,8,16,6,3,0,1,0,1,1,0,0,0,,0,565129.964799999960000,5930849.833900000000000,9.982406033000075,53.522535311000070,2170811000044731720,9.982,53.523
124690,124691,2,6,1,601,2017,8,15,6,3,6,4,0,1,1,0,1,0,,0,580159.790000000040000,5927712.843000000300000,10.208260288000076,53.492266916000062,2170811000043732480,10.208,53.492
124691,124692,2,6,2,602,2017,8,11,6,2,3,6,0,1,1,1,0,0,,0,579891.161700000060000,5927165.267500000100000,10.204072799000073,53.487386875000027,2170811000043732290,10.204,53.487
124697,124698,2,5,5,513,2017,8,15,6,3,5,2,0,1,1,1,0,0,,0,572974.076600000030000,5937376.775700000100000,10.102225506000025,53.580161932000067,2170811000038735140,10.102,53.58
124698,124699,2,5,5,513,2017,8,16,6,3,5,3,0,1,1,1,0,0,,0,573681.394300000040000,5937662.896800000200000,10.112974419000068,53.582634370000051,2170811000038731620,10.113,53.583
124702,124703,2,4,11,430,2017,8,10,6,3,0,2,0,1,1,0,0,0,,1,568714.268599999950000,5940458.529400000300000,10.038574906000065,53.608433211000033,2170811000036709180,10.039,53.608
124705,124706,2,4,6,415,2017,8,17,6,3,5,3,0,1,1,1,0,0,,0,567918.511000000060000,5935826.036000000300000,10.025541140000030,53.566904304000047,2170811000031731710,10.026,53.567
124708,124709,2,4,8,422,2017,8,17,6,3,5,3,0,1,1,1,0,0,,0,569145.740699999970000,5936569.132299999700000,10.044232967000028,53.573422283000070,2170811000031709880,10.044,53.573
124710,124711,2,3,8,320,2017,8,6,6,3,5,3,0,0,1,1,0,0,,0,560163.531500000040000,5939655.099700000100000,9.909199706000038,53.602264155000057,2170811000027736150,9.909,53.602
124713,124714,2,7,6,707,2017,8,13,5,3,5,3,0,0,1,1,0,0,,0,565349.388999999970000,5920737.143500000200000,9.983610981000027,53.431621503000031,2170810000046729250,9.984,53.432
124716,124717,2,1,8,122,2017,8,15,5,3,1,5,0,0,1,1,0,0,,0,569520.568500000050000,5934839.720300000200000,10.049507678000055,53.557830411000054,2170810000041730130,10.05,53.558
124719,124720,2,4,5,410,2017,8,16,5,3,6,4,0,0,1,0,1,0,,0,566778.159899999970000,5938315.472099999900000,10.008857822000039,53.589423626000041,2170810000033719940,10.009,53.589
124720,124721,2,4,8,422,2017,8,17,5,3,3,6,0,0,1,0,0,0,,0,569182.920799999960000,5936506.704800000400000,10.044780524000032,53.572856341000033,2170810000031731580,10.045,53.573
124722,124723,2,2,3,209,2017,8,11,5,3,1,5,0,0,1,1,0,0,,0,561926.540000000040000,5936275.259999999800000,9.935167833000037,53.571683017000055,2170810000027730030,9.935,53.572
124723,124724,2,2,7,219,2017,8,18,5,3,5,3,0,0,1,1,0,0,,0,559262.203800000020000,5934134.155799999800000,9.894532456000036,53.552747612000076,2170810000025730390,9.895,53.553
124724,124725,2,3,5,317,2017,8,18,5,3,0,6,0,0,1,0,0,0,,0,563640.230400000000000,5939400.875000000000000,9.961680254000044,53.599568705000081,2170810000023727870,9.962,53.6
124726,124727,2,1,4,112,2017,8,17,5,3,3,6,0,0,1,0,0,0,,1,563511.417600000040000,5933830.873599999600000,9.958601012000031,53.549525065000068,2170810000015715980,9.959,53.55
124731,124732,2,4,11,430,2017,8,17,4,3,1,5,0,0,1,1,0,0,,0,567966.586200000020000,5942037.272800000400000,10.027620659000036,53.622718982000038,2170809000034727410,10.028,53.623
124732,124733,2,4,5,411,2017,8,21,4,2,1,5,2,0,1,1,0,0,,0,568101.505499999970000,5937941.341000000000000,10.028765224000040,53.585891058000072,2170809000033707160,10.029,53.586
124734,124735,2,4,1,402,2017,8,19,4,3,1,5,0,0,1,1,0,0,,0,564517.592500000030000,5937895.702200000200000,9.974624787000039,53.585934102000067,2170809000023729060,9.975,53.586
124735,124736,2,4,1,401,2017,8,18,4,3,1,5,0,0,1,1,0,0,,0,564858.928500000040000,5937396.756299999500000,9.979676596000047,53.581407852000041,2170809000023717310,9.98,53.581
124736,124737,2,3,3,314,2017,8,12,4,3,3,5,0,0,1,1,0,0,,0,565706.679600000030000,5937680.345999999900000,9.992539259000068,53.583851003000063,2170809000017728250,9.993,53.584
124737,124738,2,3,3,314,2017,8,8,4,3,4,6,0,0,1,0,0,0,,0,566092.587199999950000,5937042.177000000100000,9.998232517000076,53.578067166000039,2170809000017727190,9.998,53.578
124740,124741,2,1,4,112,2017,8,18,4,3,5,3,0,0,1,1,0,0,,0,563972.616000000040000,5933489.079099999700000,9.965491047000057,53.546397259000059,2170809000014727660,9.965,53.546
124741,124742,2,1,3,107,2017,8,8,4,3,6,4,0,0,1,0,1,0,,0,564909.414200000000000,5934440.636800000400000,9.979824728000040,53.554834214000039,2170809000014725510,9.98,53.555
124742,124743,2,1,5,113,2017,8,9,4,3,3,6,0,0,1,0,0,0,,0,567127.109700000030000,5935181.468100000200000,10.013454886000034,53.561213303000045,2170809000011747130,10.013,53.561
124744,124745,2,7,9,710,2017,8,16,3,3,1,5,0,0,1,1,0,0,,0,564159.617800000010000,5923507.713000000500000,9.966270766000037,53.456668040000068,2170808000046726360,9.966,53.457
124745,124746,2,1,11,129,2017,8,12,3,3,3,2,0,0,1,1,0,0,,0,572369.246799999960000,5933729.428899999700000,10.092246932000023,53.547467252000047,2170808000042725300,10.092,53.547
124748,124749,2,5,4,512,2017,8,7,3,3,5,3,0,0,1,1,0,0,,0,573144.145999999950000,5936574.809999999600000,10.104605873000025,53.572931069000049,2170808000038710690,10.105,53.573
124750,124751,2,5,7,515,2017,8,17,3,3,4,6,0,0,1,0,0,0,,0,570160.856600000060000,5938916.176300000400000,10.060088000000064,53.594380403000059,2170808000036725280,10.06,53.594
124752,124753,2,5,17,525,2017,8,9,3,2,3,6,0,0,1,1,0,0,,0,576664.141799999980000,5944800.349899999800000,10.159776294000039,53.646348681000063,2170808000035725790,10.16,53.646
124754,124755,2,4,5,413,2017,8,14,3,3,0,7,0,0,1,0,0,0,,1,565946.148599999960000,5937799.090800000400000,9.996181079000053,53.584888125000077,2170808000033725870,9.996,53.585
124757,124758,2,3,7,319,2017,8,15,3,3,5,3,0,0,1,1,0,0,,0,560532.710300000040000,5943299.022400000100000,9.915486350000037,53.634970832000079,2170808000024726290,9.915,53.635
124759,124760,2,2,1,203,2017,8,10,3,3,4,2,0,0,1,1,0,0,,0,562035.860499999950000,5934038.057099999900000,9.936374302000047,53.551563516000044,2170808000021725090,9.936,53.552
124760,124761,2,1,4,111,2017,8,8,3,3,3,6,0,0,1,1,0,0,,0,564229.702200000060000,5933905.702399999800000,9.969456019000063,53.550110200000063,2170808000015725850,9.969,53.55
124768,124769,2,5,1,504,2017,8,18,2,3,5,2,0,0,1,1,0,0,,0,570161.404899999960000,5935914.988300000300000,10.059421621000070,53.567408621000027,2170807000031724790,10.059,53.567
124770,124771,2,3,5,317,2017,8,22,2,3,2,6,2,0,1,0,0,0,,0,563239.263599999950000,5938526.625799999600000,9.955444794000073,53.591760121000050,2170807000023725760,9.955,53.592
124776,124777,2,4,10,427,2017,8,21,1,3,0,7,1,0,1,0,0,0,,0,568664.379300000030000,5938549.587100000100000,10.037400545000025,53.591284000000030,2170806000033718070,10.037,53.591
124777,124778,2,5,1,504,2017,8,14,1,3,1,5,0,0,1,1,0,0,,0,570000.672999999950000,5935912.629700000400000,10.056994531000043,53.567408891000071,2170806000031716310,10.057,53.567
124781,124782,2,3,2,312,2017,8,14,1,3,5,3,0,0,1,1,0,0,,0,566175.346900000000000,5936507.875400000300000,9.999369022000053,53.573254861000066,2170806000017700250,9.999,53.573
124786,124787,2,6,1,601,2017,9,11,3,3,4,6,0,0,1,0,0,0,,1,580125.470399999990000,5927583.610600000200000,10.207710111000040,53.491110772000070,2170912000043791360,10.208,53.491
124788,124789,2,5,6,514,2017,9,18,3,3,5,3,0,0,1,1,0,0,,0,573537.912000000010000,5942057.765999999800000,10.111844373000054,53.622150428000054,2170912000038791840,10.112,53.622
124790,124791,2,5,7,515,2017,9,18,3,3,3,2,0,0,1,1,0,0,,0,570936.503099999970000,5941321.284199999600000,10.072352739000053,53.615890571000079,2170912000036790950,10.072,53.616
124791,124792,2,5,7,515,2017,9,18,3,3,5,3,0,0,1,1,0,0,,0,570073.680599999960000,5938963.450100000000000,10.058781694000061,53.594816913000045,2170912000036781300,10.059,53.595
124792,124793,2,5,7,515,2017,9,7,3,3,5,7,0,0,1,1,0,0,,0,573370.117399999990000,5942628.612700000400000,10.109442502000036,53.627304047000052,2170912000036770290,10.109,53.627
124794,124795,2,5,1,504,2017,9,7,3,3,3,6,0,0,1,0,0,0,,0,569983.758500000000000,5936840.404199999800000,10.056947091000040,53.575749088000066,2170912000031791070,10.057,53.576
124795,124796,2,5,1,501,2017,9,7,3,3,5,3,0,0,1,1,0,0,,0,569156.288199999950000,5935970.674499999700000,10.044259701000044,53.568042510000055,2170912000031791060,10.044,53.568
124802,124803,2,4,5,413,2017,9,13,4,3,5,3,0,1,1,1,0,0,,0,566863.474200000060000,5937758.484600000100000,10.010027129000036,53.584407027000054,2170913000033776930,10.01,53.584
124803,124804,2,3,4,315,2017,9,12,3,3,3,2,0,1,1,0,0,0,,0,564302.879199999970000,5937188.286399999600000,9.971236004000048,53.579602751000039,2170912000023791390,9.971,53.58
124804,124805,2,3,3,314,2017,9,18,3,3,3,6,0,0,1,1,0,0,,0,564939.581299999960000,5937107.242399999900000,9.980834403000074,53.578795943000046,2170912000017791830,9.981,53.579
124805,124806,2,2,2,207,2017,9,20,3,3,1,7,2,0,1,1,0,0,,0,563953.800000000050000,5935498.597199999700000,9.965618257000074,53.564459715000055,2170912000016791990,9.966,53.564
124806,124807,2,1,1,101,2017,9,20,3,3,1,5,2,0,1,1,0,0,,0,566477.095500000050000,5933937.549200000200000,10.003378379000026,53.550116680000031,2170912000014791950,10.003,53.55
124807,124808,2,1,5,114,2017,9,20,3,3,4,2,2,0,1,0,0,0,,1,567107.604999999980000,5934185.962899999700000,10.012946725000063,53.552269013000057,2170912000011791970,10.013,53.552
124808,124809,2,1,16,136,2017,9,16,2,3,0,2,0,0,1,1,0,0,,0,567753.851099999970000,5927801.536200000000000,10.021318505000067,53.494807859000048,2170911000044790030,10.021,53.495
124809,124810,2,6,1,601,2017,9,13,2,3,5,3,0,1,1,1,0,0,,0,579990.827399999950000,5928029.049300000100000,10.205794727000068,53.495134278000080,2170911000043791140,10.206,53.495
124811,124812,2,1,14,132,2017,9,16,2,3,5,2,0,0,1,1,0,0,,0,568849.972599999980000,5932965.160400000400000,10.038973216000045,53.541071910000028,2170911000041789870,10.039,53.541
124812,124813,2,5,6,514,2017,9,7,2,3,6,6,0,1,1,0,1,0,,0,572611.950399999970000,5940802.209599999700000,10.097554560000049,53.610996147000037,2170911000038790010,10.098,53.611
124813,124814,2,5,18,526,2017,9,7,2,3,3,5,0,0,1,1,0,0,,0,576173.804899999990000,5937891.333800000100000,10.150670409000043,53.584331176000035,2170911000038768640,10.151,53.584
124814,124815,2,4,5,408,2017,9,17,2,3,3,2,0,1,1,1,0,0,,0,565770.079999999960000,5939398.470300000200000,9.993859094000072,53.599284148000038,2170911000033786120,9.994,53.599
124820,124821,2,2,8,220,2017,9,10,2,3,3,2,0,0,1,1,0,0,,0,558888.995400000010000,5939566.019700000100000,9.889924490000055,53.601608327000065,2170911000025789730,9.89,53.602
124821,124822,2,3,7,319,2017,9,11,2,3,4,6,0,0,1,0,0,0,,1,560941.128999999960000,5942739.849999999600000,9.921552807000069,53.629897986000060,2170911000024790760,9.922,53.63
124822,124823,2,4,2,404,2017,9,16,2,3,3,2,0,0,1,1,0,0,,0,565638.700300000030000,5938277.051099999800000,9.991638094000052,53.589222220000067,2170911000023789850,9.992,53.589
124828,124829,2,4,9,424,2017,9,12,1,2,4,2,0,0,1,1,0,0,,0,570066.110400000010000,5936871.868800000300000,10.058197660000076,53.576020867000068,2170910000037789250,10.058,53.576
124830,124831,2,2,10,222,2017,9,6,1,2,0,7,2,1,1,0,0,0,,0,557189.109999999990000,5934603.870000000100000,9.863330080000026,53.557199121000053,2170910000026784550,9.863,53.557
124834,124835,2,1,5,114,2017,9,16,1,3,6,4,0,0,1,0,1,0,,0,566606.093200000000000,5934248.667700000100000,10.005391367000072,53.552896419000035,2170910000014788740,10.005,53.553
124843,124844,2,5,12,520,2017,9,18,7,3,5,3,0,1,1,0,0,0,,0,570319.567400000060000,5945538.792100000200000,10.063981562000038,53.653876156000081,2170909000035777560,10.064,53.654
124848,124849,2,3,7,319,2017,9,9,7,3,4,2,0,1,1,0,0,0,,1,561401.632899999970000,5942707.275500000500000,9.928509126000051,53.629551422000077,2170909000024787090,9.929,53.63
124849,124850,2,4,2,403,2017,9,23,7,3,3,2,2,0,1,1,0,0,,0,565418.139500000050000,5938654.087100000100000,9.988385588000028,53.592638283000042,2170909000023790830,9.988,53.593
124851,124852,2,3,2,312,2017,9,20,7,3,6,4,2,0,1,0,1,0,,0,565023.773700000020000,5935896.029699999800000,9.981853595000075,53.567900053000074,2170909000017789610,9.982,53.568
124860,124861,2,2,5,216,2017,9,14,4,3,4,6,0,1,1,1,0,0,,0,560254.922099999970000,5935848.626000000200000,9.909845557000040,53.568043323000040,2170913000025793330,9.91,53.568
124865,124866,2,4,12,431,2017,9,6,4,3,5,3,0,1,1,1,0,0,,0,566561.083199999990000,5943486.499800000300000,10.006683772000031,53.635923847000072,2170913000034770860,10.007,53.636
124877,124878,2,2,7,219,2017,9,8,6,3,5,3,0,1,1,1,0,0,,0,559514.041399999990000,5934362.032900000000000,9.898376685000073,53.554767165000044,2170908000025783810,9.898,53.555
124883,124884,2,7,10,711,2017,9,5,6,3,5,3,2,1,1,1,0,0,,0,562221.995000000000000,5925687.849999999600000,9.937525372000039,53.476494471000080,2170908000003784430,9.938,53.476
124888,124889,2,1,6,117,2017,9,16,5,3,5,3,0,1,1,1,0,0,,0,568208.751700000020000,5933393.577100000300000,10.029392078000058,53.545005821000075,2170907000041774000,10.029,53.545
124892,124893,2,5,15,523,2017,9,10,5,3,0,5,0,1,1,1,0,0,,1,575289.709099999980000,5949876.286399999600000,10.140219404000050,53.692163857000082,2170907000035777240,10.14,53.692
124893,124894,2,4,5,409,2017,9,11,5,3,5,3,0,1,1,1,0,0,,0,567106.655900000010000,5938822.269399999600000,10.013928795000027,53.593936335000080,2170907000033782880,10.014,53.594
124894,124895,2,4,10,426,2017,9,12,5,3,4,2,0,0,1,1,0,0,,0,569898.046500000050000,5938598.991999999600000,10.056046755000068,53.591564976000029,2170907000031786830,10.056,53.592
124899,124900,2,3,6,318,2017,9,10,5,3,1,5,0,1,1,1,0,0,,0,563513.964200000050000,5942261.862700000400000,9.960355834000040,53.625296401000071,2170907000024753300,9.96,53.625
124902,124903,2,3,3,314,2017,9,13,5,2,5,3,0,1,1,1,0,0,,0,564866.531199999970000,5937287.491700000100000,9.979768705000026,53.580424925000045,2170907000017779150,9.98,53.58
124909,124910,2,1,16,137,2017,9,17,4,3,5,3,0,1,1,1,0,0,,0,565160.744900000050000,5929523.685100000400000,9.982594436000056,53.510612967000043,2170906000044781350,9.983,53.511
124918,124919,2,4,10,427,2017,9,13,4,3,5,3,0,1,1,1,0,0,,0,568408.723000000000000,5938182.685999999800000,10.033458250000024,53.588020055000072,2170906000033780010,10.033,53.588
124921,124922,2,4,1,401,2017,9,13,4,3,5,3,0,1,1,1,0,0,,0,564878.486099999980000,5937505.716300000400000,9.979994612000041,53.582384682000054,2170906000023779610,9.98,53.582
124922,124923,2,2,1,205,2017,9,6,4,3,4,2,1,1,1,1,0,0,,0,563069.512100000050000,5934398.095099999600000,9.952046611000071,53.554676151000081,2170906000021780240,9.952,53.555
124923,124924,2,3,2,311,2017,9,19,4,3,4,6,0,0,1,0,0,0,,0,564831.957700000030000,5935483.849200000100000,9.978872111000044,53.564219416000071,2170906000017780870,9.979,53.564
124924,124925,2,3,3,314,2017,9,8,4,3,5,3,0,1,1,1,0,0,,0,564857.708100000050000,5937105.048600000300000,9.979597549000062,53.578786357000070,2170906000017779710,9.98,53.579
124926,124927,2,1,4,110,2017,9,16,4,3,0,5,0,1,1,1,0,0,,0,563516.466900000000000,5934221.103500000200000,9.958756486000027,53.553031581000027,2170906000016777470,9.959,53.553
124929,124930,2,7,1,702,2017,9,14,3,3,1,7,0,0,1,1,0,0,,0,565246.024399999990000,5923045.665500000100000,9.982534025000064,53.452381999000067,2170905000046778900,9.983,53.452
124931,124932,2,5,4,512,2017,9,13,3,3,0,5,0,0,1,1,0,0,,0,574564.884899999950000,5936841.162999999700000,10.126120638000032,53.575124729000038,2170905000038779130,10.126,53.575
124932,124933,2,5,18,526,2017,9,7,3,2,5,3,0,0,1,0,0,0,,1,577951.942999999970000,5940826.820000000300000,10.178258421000066,53.610449984000070,2170905000038777430,10.178,53.61
124936,124937,2,4,6,415,2017,9,16,3,3,5,2,0,0,1,1,0,0,,0,567995.971499999990000,5936187.025299999900000,10.026789142000041,53.570138528000030,2170905000031778510,10.027,53.57
124939,124940,2,4,8,421,2017,9,10,3,3,3,6,0,0,1,0,0,0,,0,568860.809800000050000,5937295.762099999900000,10.040091023000059,53.579990037000073,2170905000031759580,10.04,53.58
124942,124943,2,2,11,223,2017,9,17,3,2,9,1,0,0,1,1,0,0,,0,553395.771500000030000,5934621.907399999900000,9.806075154000041,53.557760818000077,2170905000026778290,9.806,53.558
124947,124948,2,1,3,107,2017,9,9,3,3,3,2,0,0,1,0,0,0,,1,565147.554600000030000,5933716.969999999700000,9.983268151000061,53.548300927000071,2170905000014777920,9.983,53.548
124948,124949,2,1,1,102,2017,9,13,3,3,5,3,0,0,1,1,0,0,,0,565973.058899999950000,5933986.857900000200000,9.995782325000050,53.550623404000078,2170905000014777450,9.996,53.551
124949,124950,2,1,5,113,2017,9,9,3,3,5,3,0,0,1,1,0,0,,0,567812.952399999950000,5934308.182199999700000,10.023618150000061,53.553276785000037,2170905000011777930,10.024,53.553
124953,124954,2,6,5,606,2017,9,14,2,3,5,3,0,0,1,1,0,0,,0,581660.876000000050000,5922494.788599999600000,10.229524621000053,53.445143282000060,2170904000043775740,10.23,53.445
124955,124956,2,5,18,526,2017,9,10,2,3,3,3,0,1,1,0,0,0,,0,575703.671600000000000,5939673.879900000100000,10.144002867000040,53.600418534000028,2170904000038776670,10.144,53.6
124959,124960,2,5,7,515,2017,9,10,2,3,0,6,0,0,1,1,0,0,,0,571630.803300000030000,5941456.170099999800000,10.082877503000077,53.617008289000069,2170904000036773540,10.083,53.617
124961,124962,2,5,10,518,2017,9,14,2,3,4,6,0,0,1,0,0,0,,0,572861.947000000040000,5944799.577999999700000,10.102268463000030,53.646885042000065,2170904000035776110,10.102,53.647
124962,124963,2,4,5,411,2017,9,8,2,3,6,3,0,0,1,0,1,0,,0,568389.975600000010000,5938150.617200000200000,10.033168051000075,53.587734296000065,2170904000033781030,10.033,53.588
124963,124964,2,3,6,318,2017,9,15,2,3,2,7,0,0,1,1,0,0,,1,562465.619199999960000,5941922.244699999700000,9.944438689000037,53.622370279000052,2170904000024775760,9.944,53.622
124965,124966,2,3,5,317,2017,9,8,2,3,5,3,0,0,1,1,0,0,,0,563969.460599999990000,5939378.878200000200000,9.966650027000071,53.599330934000079,2170904000023775910,9.967,53.599
124966,124967,2,3,1,308,2017,9,7,2,3,2,6,0,0,1,1,0,0,,0,563938.579700000000000,5936786.712100000100000,9.965652203000047,53.576038229000062,2170904000023760550,9.966,53.576
124973,124974,2,1,12,130,2017,9,13,1,3,0,7,0,0,1,1,0,0,,0,575150.210899999950000,5934143.294900000100000,10.134309766000058,53.550795967000056,2170903000042774590,10.134,53.551
124976,124977,2,5,7,515,2017,9,16,1,3,0,4,0,0,1,0,1,0,,0,571655.738000000010000,5941511.050300000200000,10.083267006000028,53.617498081000065,2170903000036769440,10.083,53.617
124977,124978,2,5,1,504,2017,9,1,1,2,5,2,2,0,1,1,0,0,,0,569721.642800000030000,5936613.164500000000000,10.052938416000075,53.573741780000034,2170903000031775410,10.053,53.574
124978,124979,2,3,9,321,2017,9,11,1,3,8,6,0,0,1,0,0,0,,1,561388.281899999940000,5937519.937300000300000,9.927285405000021,53.582932659000051,2170903000027759910,9.927,53.583
124979,124980,2,2,3,208,2017,9,3,1,3,0,3,2,0,1,1,0,0,,0,563372.657299999960000,5935236.221500000000000,9.956791898000063,53.562172162000081,2170903000016775430,9.957,53.562
124981,124982,2,6,12,613,2017,9,10,7,3,0,6,0,0,1,1,0,0,,0,571868.446400000020000,5926710.657700000300000,10.083080088000031,53.484458071000063,2170902000043774160,10.083,53.484
124983,124984,2,1,8,121,2017,9,17,7,3,5,3,0,0,1,1,0,0,,0,568922.533799999980000,5935089.350999999800000,10.040536226000029,53.560152732000063,2170902000041775240,10.041,53.56
124991,124992,2,4,6,414,2017,9,11,7,3,0,7,0,0,1,1,0,0,,0,567296.731400000050000,5936800.138600000200000,10.016364074000023,53.575738821000073,2170902000031751530,10.016,53.576
124993,124994,2,3,1,304,2017,9,17,7,3,6,6,0,0,1,0,1,0,,0,562473.681800000020000,5936747.100100000400000,9.943523537000033,53.575858736000043,2170902000023758100,9.944,53.576
124994,124995,2,3,2,311,2017,9,9,7,3,0,7,0,0,1,0,0,0,,0,564950.616599999950000,5935830.930999999900000,9.980735570000036,53.567324056000075,2170902000017760730,9.981,53.567
125004,125005,2,5,18,526,2017,9,12,6,3,5,3,0,0,1,1,0,0,,0,575299.312900000020000,5938850.522500000000000,10.137694860000067,53.593077477000065,2170901000038770980,10.138,53.593
125008,125009,2,5,7,515,2017,9,20,6,2,5,3,2,0,1,1,0,0,,0,570946.872399999990000,5940492.582899999800000,10.072320732000037,53.608441689000074,2170901000036763920,10.072,53.608
125010,125011,2,5,7,515,2017,9,14,6,3,6,7,0,0,1,0,1,0,,0,571714.580399999980000,5942169.527700000400000,10.084308052000040,53.623407684000028,2170901000036748910,10.084,53.623
125014,125015,2,5,1,504,2017,9,15,6,2,4,3,0,0,1,1,0,0,,0,570167.560399999960000,5936049.216900000300000,10.059544704000075,53.568614114000070,2170901000031754970,10.06,53.569
125016,125017,2,4,8,422,2017,9,16,6,3,1,7,0,0,1,1,0,0,,0,568734.105800000020000,5936528.826200000000000,10.038008745000070,53.573114143000055,2170901000031749050,10.038,53.573
125019,125020,2,2,11,223,2017,9,12,6,3,2,6,0,0,1,1,0,0,,0,554657.294400000010000,5935376.477800000500000,9.825249243000030,53.564412785000059,2170901000026769220,9.825,53.564
125021,125022,2,3,6,318,2017,9,12,6,3,4,2,0,0,1,1,0,0,,0,562893.339799999960000,5942949.004099999600000,9.951112044000070,53.631546818000061,2170901000024770880,9.951,53.632
125022,125023,2,4,2,403,2017,9,14,6,2,0,3,0,0,1,1,0,0,,0,564777.338400000010000,5938363.826500000400000,9.978645170000050,53.590109218000066,2170901000023772580,9.979,53.59
125023,125024,2,2,1,206,2017,9,15,6,3,0,3,0,0,1,0,0,0,,0,562771.798500000030000,5935093.396499999800000,9.947692890000042,53.560960754000064,2170901000021748640,9.948,53.561
125025,125026,2,1,4,109,2017,9,16,6,2,3,2,0,0,1,0,0,0,,1,565569.437299999990000,5935013.011199999600000,9.989906404000067,53.559896257000048,2170901000014772450,9.99,53.56
125027,125028,2,1,3,108,2017,9,9,6,2,3,6,0,0,1,0,0,0,,1,565707.336499999980000,5934327.087600000200000,9.991843738000057,53.553714453000055,2170901000014770530,9.992,53.554
125034,125035,2,4,3,406,2017,9,8,4,3,5,3,0,1,1,0,0,0,,0,563976.799200000010000,5940060.826299999800000,9.966900874000032,53.605458867000038,2170913000023792250,9.967,53.605
125036,125037,2,1,11,128,2017,8,8,5,3,4,2,0,1,1,1,0,0,,0,571865.589400000060000,5934073.084099999600000,10.084725864000063,53.550624848000041,2170831000042745730,10.085,53.551
125038,125039,2,5,7,515,2017,8,6,5,3,0,7,2,1,1,0,0,0,,0,571759.870000000000000,5941008.589999999900000,10.084725164000076,53.612968271000057,2170831000036735910,10.085,53.613
125039,125040,2,5,10,518,2017,8,13,5,3,3,6,0,0,1,1,0,0,,0,574114.520000000020000,5944453.012400000400000,10.121131039000034,53.643594620000044,2170831000035746250,10.121,53.644
125040,125041,2,4,5,413,2017,8,23,5,2,1,5,2,0,1,1,0,0,,0,565932.557099999980000,5937745.137000000100000,9.995964400000048,53.584404941000059,2170831000033746870,9.996,53.584
125042,125043,2,4,4,407,2017,8,0,5,2,1,5,2,1,1,1,0,0,,0,567917.644899999960000,5941430.787899999900000,10.026748535000024,53.617274825000038,2170831000033733880,10.027,53.617
125043,125044,2,4,8,420,2017,8,22,5,3,5,2,2,0,1,1,0,0,,0,568573.368299999970000,5936761.265599999600000,10.035632804000045,53.575224132000073,2170831000031746860,10.036,53.575
125045,125046,2,2,5,215,2017,8,17,5,3,5,3,0,1,1,1,0,0,,0,561606.795000000040000,5935003.911999999500000,9.930089259000056,53.560294565000049,2170831000025747060,9.93,53.56
125051,125052,2,6,1,601,2017,8,13,4,3,5,3,0,0,1,1,0,0,,0,580005.778500000010000,5927810.438299999600000,10.205964301000051,53.493167415000073,2170830000043746320,10.206,53.493
125052,125053,2,6,2,603,2017,8,14,4,2,5,3,0,0,1,1,0,0,,0,580209.895400000040000,5926601.525399999700000,10.208731352000029,53.482272215000080,2170830000043746280,10.209,53.482
125053,125054,2,5,6,514,2017,8,12,4,3,3,6,0,0,1,0,0,0,,1,574474.778900000030000,5939473.817800000300000,10.125388521000048,53.598796687000061,2170830000038745490,10.125,53.599
125056,125057,2,4,5,409,2017,8,21,4,2,5,2,2,0,1,1,0,0,,0,566353.722700000040000,5939142.921099999900000,10.002622721000023,53.596913925000081,2170830000033735250,10.003,53.597