,OBJECTID,ULAND,UREGBEZ,UKREIS,UGEMEINDE,UJAHR,UMONAT,USTUNDE,UWOCHENTAG,UKATEGORIE,UART,UTYP1,ULICHTVERH,STRZUSTAND,IstRad,IstPKW,IstFuss,IstKrad,IstGkfz,IstSonstig,LINREFX,LINREFY,XGCSWGS84,YGCSWGS84,UIDENTSTLA,lat_short,long_short
125060,125061,2,2,12,225,2017,8,12,4,3,5,3,0,0,1,1,0,0,,0,554449.309400000030000,5937558.651600000400000,9.822489863000044,53.584046983000064,2170830000026747240,9.822,53.584
125061,125062,2,3,6,318,2017,8,15,4,3,4,6,0,0,1,0,0,0,,0,563190.589000000040000,5943976.818000000000000,9.955815333000032,53.640748206000069,2170830000024738660,9.956,53.641
125063,125064,2,1,5,114,2017,8,14,4,3,5,2,0,0,1,0,0,0,,1,566932.079900000010000,5934038.853000000100000,10.010266246000072,53.550969314000042,2170830000011746290,10.01,53.551
125064,125065,2,1,5,113,2017,8,8,4,3,3,2,0,0,1,1,0,0,,0,567600.498600000050000,5934748.974999999600000,10.020507103000057,53.557265660000041,2170830000011745770,10.021,53.557
125067,125068,2,7,4,705,2017,8,10,3,3,5,3,0,0,1,1,0,0,,0,566214.153399999950000,5922199.259499999700000,9.996932442000059,53.444654251000031,2170829000046745260,9.997,53.445
125071,125072,2,1,12,130,2017,8,15,3,3,5,3,0,0,1,1,0,0,,0,575213.705199999970000,5932966.269399999600000,10.134984894000070,53.540209139000069,2170829000042745700,10.135,53.54
125073,125074,2,5,18,526,2017,8,16,3,3,4,6,0,0,1,0,0,0,,0,578178.408999999990000,5940423.527999999900000,10.181579513000031,53.606792018000078,2170829000038741130,10.182,53.607
125078,125079,2,4,11,430,2017,8,7,3,2,5,3,0,0,1,1,0,0,,0,567949.878200000040000,5942038.677100000000000,10.027368394000064,53.622733771000071,2170829000034731440,10.027,53.623
125079,125080,2,4,5,411,2017,8,14,3,3,4,6,0,0,1,0,0,0,,1,567974.689099999960000,5937903.842600000100000,10.026841660000059,53.585570511000071,2170829000033731410,10.027,53.586
125080,125081,2,5,1,504,2017,8,18,3,3,6,7,0,0,1,0,1,0,,0,570055.230800000020000,5935785.966799999600000,10.057789781000054,53.566263286000037,2170829000031746260,10.058,53.566
125082,125083,2,4,10,429,2017,8,9,3,3,0,5,0,0,1,1,0,0,,0,568609.847199999960000,5939282.012600000000000,10.036737947000063,53.597873489000051,2170829000031738920,10.037,53.598
125083,125084,2,4,6,415,2017,8,10,3,3,6,4,0,0,1,0,1,0,,0,567442.431899999970000,5935717.678899999700000,10.018330402000061,53.565991888000042,2170829000031738170,10.018,53.566
125085,125086,2,2,9,221,2017,8,17,3,3,1,6,0,0,1,1,0,0,,0,556091.577000000050000,5936693.904000000100000,9.847138970000060,53.576101915000038,2170829000026741690,9.847,53.576
125088,125089,2,3,5,317,2017,8,9,3,3,5,3,0,0,1,1,0,0,,0,562978.084900000020000,5939415.888700000000000,9.951678998000034,53.599783621000029,2170829000023736270,9.952,53.6
125091,125092,2,1,1,101,2017,8,15,3,3,5,3,0,0,1,1,0,0,,0,566435.009100000020000,5933767.130099999700000,10.002707044000033,53.548590413000056,2170829000014744760,10.003,53.549
125092,125093,2,1,5,114,2017,8,16,3,3,4,6,0,0,1,0,0,0,,0,566950.922799999940000,5934037.371000000300000,10.010550292000062,53.550953593000031,2170829000011744780,10.011,53.551
125094,125095,2,6,2,602,2017,8,17,2,3,5,3,0,0,1,1,0,0,,0,579392.964999999970000,5927326.219800000100000,10.196606788000054,53.488908706000075,2170828000043745120,10.197,53.489
125096,125097,2,1,11,129,2017,8,12,2,3,5,3,0,0,1,1,0,0,,0,570942.992899999950000,5934951.098899999600000,10.071002314000054,53.558641054000077,2170828000042744660,10.071,53.559
125097,125098,2,5,18,526,2017,8,8,2,2,5,3,0,0,1,1,0,0,,0,576332.757100000050000,5941264.730800000000000,10.153896936000024,53.614623764000044,2170828000038742270,10.154,53.615
125101,125102,2,5,8,516,2017,8,7,2,3,5,2,0,0,1,1,0,0,,0,569585.012100000050000,5940478.280500000300000,10.051737660000072,53.608495794000078,2170828000036744870,10.052,53.608
125102,125103,2,4,11,430,2017,8,8,2,3,4,2,0,0,1,1,0,0,,0,568424.911500000050000,5941446.435899999900000,10.034419233000051,53.617349431000036,2170828000036731030,10.034,53.617
125105,125106,2,4,8,420,2017,8,16,2,3,6,4,0,0,1,0,1,0,,0,568400.426400000000000,5936596.097500000100000,10.032985223000026,53.573762329000033,2170828000031744340,10.033,53.574
125107,125108,2,3,8,320,2017,8,8,2,3,5,3,0,0,1,1,0,0,,0,559461.873700000000000,5940018.838100000300000,9.898666992000074,53.605613304000030,2170828000027744830,9.899,53.606
125110,125111,2,4,3,406,2017,8,9,2,3,5,2,0,0,1,1,0,0,,0,564389.598000000000000,5940859.048600000300000,9.973303599000076,53.612582095000050,2170828000023744850,9.973,53.613
125111,125112,2,4,1,401,2017,8,17,2,3,3,2,0,0,1,1,0,0,,0,564932.470199999980000,5937789.733099999800000,9.980869013000074,53.584930524000072,2170828000023744220,9.981,53.585
125112,125113,2,2,1,204,2017,8,8,2,3,1,5,0,0,1,1,0,0,,0,562117.610899999970000,5934165.179899999900000,9.937633325000036,53.552696352000055,2170828000021744900,9.938,53.553
125113,125114,2,2,4,212,2017,8,11,2,3,0,6,0,0,1,1,0,0,,0,561070.957199999950000,5933658.899500000300000,9.921738007000045,53.548268989000064,2170828000021743840,9.922,53.548
125114,125115,2,3,3,314,2017,8,20,2,3,5,3,2,0,1,1,0,0,,0,565488.488999999940000,5937404.484100000000000,9.989186009000036,53.581399068000053,2170828000017745170,9.989,53.581
125121,125122,2,2,11,223,2017,8,10,1,3,5,3,0,0,1,1,0,0,,0,553616.331600000030000,5935253.315899999800000,9.809512755000071,53.563413234000052,2170827000026744110,9.81,53.563
125125,125126,2,1,3,106,2017,8,17,1,3,5,3,0,0,1,1,0,0,,0,564784.226700000000000,5934656.225100000400000,9.977979975000039,53.556787230000054,2170827000014740800,9.978,53.557
125128,125129,2,6,2,602,2017,8,20,7,3,5,3,1,0,1,1,0,0,,0,579764.094399999940000,5926956.667299999900000,10.202105169000049,53.485531520000052,2170826000043745430,10.202,53.486
125129,125130,2,1,11,129,2017,8,15,7,2,1,5,0,0,1,0,0,0,,1,572450.411800000000000,5933570.921199999700000,10.093434966000075,53.546031557000049,2170826000042743990,10.093,53.546
125134,125135,2,2,13,226,2017,8,9,7,3,4,2,0,0,1,1,0,0,,0,553331.026700000050000,5936761.589999999900000,9.805463182000040,53.576998186000026,2170826000026742940,9.805,53.577
125136,125137,2,7,13,714,2017,8,21,6,3,5,3,2,0,1,1,0,0,,0,559197.189699999990000,5925797.878499999600000,9.891976296000053,53.477832183000032,2170825000047743090,9.892,53.478
125143,125144,2,4,11,430,2017,10,16,5,3,0,7,0,1,1,1,0,0,,0,568583.959400000050000,5940888.020300000000000,10.036700261000021,53.612310134000040,2171005000036838220,10.037,53.612
125149,125150,2,5,1,503,2017,10,14,5,3,5,3,0,0,1,1,0,0,,0,569584.477399999970000,5936000.287899999900000,10.050730763000047,53.568252038000082,2171005000031839120,10.051,53.568
125150,125151,2,4,8,419,2017,10,15,5,3,5,3,0,1,1,1,0,0,,0,567984.811100000050000,5937346.382299999700000,10.026873094000052,53.580559247000053,2171005000031837490,10.027,53.581
125153,125154,2,4,6,415,2017,10,23,5,3,5,2,2,1,1,1,0,0,,0,567996.007699999960000,5936187.057799999600000,10.026789696000037,53.570138815000064,2171005000031809280,10.027,53.57
125155,125156,2,2,12,225,2017,10,7,5,3,4,5,1,1,1,1,0,0,,0,554746.225800000010000,5935989.191599999600000,9.826699218000044,53.569910362000030,2171005000026835680,9.827,53.57
125157,125158,2,2,8,220,2017,10,19,5,3,4,2,1,1,1,1,0,0,,0,557077.936899999970000,5939107.924700000300000,9.862475550000056,53.597691577000035,2171005000025836780,9.862,53.598
125160,125161,2,3,1,301,2017,10,19,6,3,5,3,2,0,1,0,0,0,,0,562419.147800000040000,5937201.893500000200000,9.942790987000024,53.579952609000031,2171006000023839080,9.943,53.58
125164,125165,2,4,1,402,2017,10,13,5,3,5,7,0,1,1,0,0,0,,1,564330.863000000010000,5937610.622000000400000,9.971745661000057,53.583394957000053,2171005000023834830,9.972,53.583
125165,125166,2,3,3,314,2017,10,17,5,3,1,5,0,1,1,1,0,0,,0,564717.709599999940000,5937082.640800000200000,9.977478733000055,53.578602266000075,2171005000017837540,9.977,53.579
125166,125167,2,1,5,113,2017,10,7,5,3,6,3,2,1,1,0,1,0,,0,567583.165700000010000,5934085.861399999800000,10.020102129000065,53.551308382000059,2171005000011856570,10.02,53.551
125167,125168,2,1,5,113,2017,10,15,5,2,6,3,0,1,1,0,1,0,,0,567576.805000000050000,5934098.807900000400000,10.020008935000021,53.551425553000058,2171005000011837550,10.02,53.551
125171,125172,2,6,1,601,2017,10,15,4,2,5,3,0,0,1,1,0,0,,0,580367.825399999970000,5929031.238500000000000,10.211733069000047,53.504083157000082,2171004000043839710,10.212,53.504
125172,125173,2,1,8,121,2017,10,8,4,3,0,6,0,1,1,1,0,0,,0,569015.214400000060000,5935087.397699999600000,10.041934756000046,53.560122999000043,2171004000041835060,10.042,53.56
125173,125174,2,1,8,125,2017,10,15,4,2,5,2,0,0,1,1,0,0,,0,570075.460899999950000,5934520.213800000000000,10.057811342000036,53.554885204000072,2171004000041832670,10.058,53.555
125177,125178,2,5,13,521,2017,10,10,4,3,5,3,0,0,1,1,0,0,,0,573294.911700000060000,5949758.709499999900000,10.109987868000076,53.691390944000034,2171004000035819680,10.11,53.691
125181,125182,2,2,5,216,2017,10,11,4,3,0,3,0,1,1,1,0,0,,0,560032.038300000010000,5935165.557000000000000,9.906349229000057,53.561929824000060,2171004000025834150,9.906,53.562
125183,125184,2,2,6,218,2017,10,6,4,3,5,3,1,0,1,1,0,0,,0,557934.219799999960000,5935764.443500000100000,9.874792061000051,53.567548101000057,2171004000025833690,9.875,53.568
125184,125185,2,3,1,309,2017,10,8,6,3,0,7,0,1,1,1,0,0,,0,563904.190199999950000,5936170.132299999700000,9.965006718000041,53.570501042000046,2171006000017815830,9.965,53.571
125185,125186,2,3,6,318,2017,10,7,4,3,0,7,0,1,1,0,0,0,,0,563369.380099999950000,5943022.712899999700000,9.958324929000071,53.632151847000046,2171004000024807600,9.958,53.632
125186,125187,2,3,2,312,2017,10,13,4,3,0,7,0,0,1,1,0,0,,0,565900.763500000000000,5935644.148400000300000,9.995040750000044,53.565526930000033,2171004000017834600,9.995,53.566
125197,125198,2,1,12,130,2017,10,16,2,3,3,6,0,1,1,1,0,0,,0,573754.337900000040000,5933392.012699999800000,10.113067829000045,53.544242207000082,2171002000042831450,10.113,53.544
125200,125201,2,5,8,516,2017,10,15,2,3,4,2,0,0,1,1,0,0,,0,569878.678399999980000,5940282.967500000300000,10.056131632000074,53.606701435000048,2171002000036827180,10.056,53.607
125203,125204,2,5,11,519,2017,10,12,2,3,4,2,0,1,1,1,0,0,,0,571161.769300000040000,5945727.258200000000000,10.076765336000051,53.655455974000063,2171002000035831000,10.077,53.655
125211,125212,2,3,3,314,2017,10,17,2,3,2,6,0,1,1,1,0,0,,0,565802.591699999990000,5937203.266800000300000,9.993887241000039,53.579551373000072,2171002000017809790,9.994,53.58
125219,125220,2,7,14,715,2017,10,7,5,2,5,3,1,1,1,1,0,0,,0,557540.172200000030000,5925636.114299999500000,9.866982096000072,53.476562025000078,2171005000047835640,9.867,53.477
125229,125230,2,1,4,111,2017,10,4,1,3,5,3,2,1,1,1,0,0,,0,563692.746599999950000,5933931.009499999700000,9.961357852000049,53.550403055000061,2171001000015808770,9.961,53.55
125234,125235,2,4,5,411,2017,9,16,7,3,1,5,0,0,1,1,0,0,,0,567808.533000000050000,5938273.473799999800000,10.024412445000053,53.588913937000029,2170930000033794530,10.024,53.589
125236,125237,2,5,1,502,2017,9,2,7,3,1,5,2,0,1,0,0,0,,1,569502.678199999970000,5936130.593600000300000,10.049524813000062,53.569433945000071,2170930000031794550,10.05,53.569
125239,125240,2,2,4,211,2017,9,12,7,3,3,6,0,0,1,1,0,0,,0,561363.136799999980000,5934440.057599999900000,9.926300529000059,53.555255519000070,2170930000021803950,9.926,53.555
125241,125242,2,3,1,309,2017,9,1,7,3,1,6,2,0,1,1,0,0,,0,563902.741799999960000,5935803.350900000000000,9.964909807000026,53.567204847000028,2170930000017798530,9.965,53.567
125245,125246,2,1,20,141,2017,9,8,6,3,0,6,0,1,1,1,0,0,,0,558080.183700000050000,5932087.474200000100000,9.876312767000059,53.534485050000058,2170929000047805440,9.876,53.534
125252,125253,2,5,2,505,2017,9,12,6,3,0,7,0,1,1,0,0,0,,1,570526.946600000020000,5937195.016099999700000,10.065229287000022,53.578863235000028,2170929000037804270,10.065,53.579
125255,125256,2,5,8,516,2017,9,13,6,2,5,2,0,0,1,1,0,0,,0,570247.286700000060000,5940515.641800000300000,10.061754105000034,53.608743183000058,2170929000036801830,10.062,53.609
125260,125261,2,3,5,317,2017,9,9,6,3,4,2,0,0,1,0,0,0,,1,563448.640999999950000,5939067.704800000400000,9.958717753000030,53.596597645000031,2170929000023803960,9.959,53.597
125262,125263,2,3,1,307,2017,9,10,6,3,0,7,0,0,1,0,0,0,,0,563621.649100000040000,5935913.763600000200000,9.960688548000064,53.568231316000038,2170929000023802710,9.961,53.568
125272,125273,2,5,7,515,2017,9,12,5,3,0,7,0,0,1,0,0,0,,0,573400.287600000040000,5942404.421299999600000,10.109845748000055,53.625285056000052,2170928000036784720,10.11,53.625
125277,125278,2,2,4,213,2017,9,18,5,3,1,5,0,0,1,1,0,0,,0,561892.745400000010000,5934348.228099999900000,9.934275833000072,53.554368037000074,2170928000021803850,9.934,53.554
125278,125279,2,2,1,205,2017,9,11,5,2,1,5,0,1,1,1,0,0,,0,563314.969999999970000,5933903.299999999800000,9.955651076000038,53.550199712000051,2170928000021803410,9.956,53.55
125279,125280,2,3,1,310,2017,9,15,5,3,6,7,0,0,1,0,1,0,,0,563914.325199999960000,5935574.117200000200000,9.965037783000071,53.565143245000058,2170928000016798310,9.965,53.565
125281,125282,2,1,16,136,2017,9,10,4,3,6,4,0,0,1,0,1,0,,0,566944.726099999970000,5927976.111800000100000,10.009161135000056,53.496480400000053,2170927000044802600,10.009,53.496
125282,125283,2,1,12,130,2017,9,17,4,3,5,3,0,0,1,1,0,0,,0,575999.929000000000000,5931956.656999999700000,10.146601344000032,53.531022764000056,2170927000042803130,10.147,53.531
125284,125285,2,1,6,118,2017,9,7,4,3,5,3,0,0,1,1,0,0,,0,569009.462399999960000,5934064.747299999900000,10.041622162000067,53.550933093000026,2170927000041802190,10.042,53.551
125287,125288,2,5,2,507,2017,9,14,4,3,5,2,0,0,1,1,0,0,,0,570943.741200000050000,5936462.850499999700000,10.071356918000049,53.572227065000050,2170927000037799340,10.071,53.572
125290,125291,2,2,7,219,2017,9,20,4,3,5,7,2,1,1,1,0,0,,0,560255.986200000040000,5933389.696200000100000,9.909387575000039,53.545943688000079,2170927000025803230,9.909,53.546
125295,125296,2,2,1,203,2017,9,17,4,3,2,6,0,0,1,1,0,0,,0,562033.716600000040000,5933924.462000000300000,9.936319409000021,53.550542846000042,2170927000021803180,9.936,53.551
125297,125298,2,2,1,204,2017,9,6,4,3,5,2,1,0,1,0,0,0,,1,562889.354100000000000,5934816.247100000300000,9.949411636000036,53.558455844000036,2170927000021802160,9.949,53.558
125298,125299,2,3,2,312,2017,9,13,4,3,4,6,0,0,1,0,0,0,,0,566237.420000000040000,5935665.570000000300000,10.000127646000067,53.565677064000056,2170927000017802790,10.0,53.566
125299,125300,2,2,3,208,2017,9,13,4,3,4,2,0,0,1,0,0,0,,1,563422.461099999960000,5935279.561200000300000,9.957552511000074,53.562555653000061,2170927000016802810,9.958,53.563
125304,125305,2,5,11,519,2017,9,15,3,3,5,2,0,0,1,1,0,0,,0,571089.268599999950000,5946644.418800000100000,10.075878417000069,53.663708212000074,2170926000035793610,10.076,53.664
125305,125306,2,4,5,410,2017,9,16,3,3,5,2,0,0,1,1,0,0,,0,567212.925500000010000,5938396.820899999700000,10.015442485000051,53.590099164000037,2170926000033801920,10.015,53.59
125306,125307,2,3,8,320,2017,9,8,3,3,5,3,0,0,1,1,0,0,,0,559443.648000000040000,5940514.309999999600000,9.898486099000024,53.610068377000061,2170926000027801610,9.898,53.61
125307,125308,2,3,8,320,2017,9,7,3,3,3,6,1,0,1,0,0,0,,0,559068.700399999970000,5941073.927100000000000,9.892925669000022,53.615140294000071,2170926000027793410,9.893,53.615
125309,125310,2,2,5,215,2017,9,13,3,3,6,3,0,0,1,0,1,0,,0,561446.876000000050000,5934982.666500000300000,9.927671102000033,53.560122370000045,2170926000025801850,9.928,53.56
125310,125311,2,3,6,318,2017,9,15,3,3,0,7,0,0,1,1,0,0,,0,562782.474999999980000,5941839.432699999800000,9.949211918000060,53.621588135000081,2170926000024801240,9.949,53.622
125311,125312,2,4,2,404,2017,9,6,3,3,1,5,2,0,1,1,0,0,,0,565536.510899999990000,5938290.325299999700000,9.990097308000031,53.589354301000071,2170926000023798590,9.99,53.589
125312,125313,2,3,2,312,2017,9,7,3,3,1,5,0,1,1,1,0,0,,0,565947.559600000040000,5935398.335099999800000,9.995695322000074,53.563311874000078,2170926000017803030,9.996,53.563
125316,125317,2,1,12,130,2017,9,17,2,3,5,3,0,1,1,0,0,0,,1,573210.973299999950000,5933482.591900000300000,10.104890493000028,53.545132265000063,2170925000042802380,10.105,53.545
125318,125319,2,1,6,118,2017,9,16,2,3,1,5,0,1,1,1,0,0,,0,568926.547799999940000,5934049.523299999500000,10.040367527000058,53.550807165000037,2170925000041801520,10.04,53.551
125320,125321,2,5,7,515,2017,9,16,2,3,5,3,0,1,1,1,0,0,,0,570749.488400000030000,5940791.727000000000000,10.069405888000063,53.611156770000036,2170925000036802440,10.069,53.611
125322,125323,2,5,11,519,2017,9,14,2,3,5,3,0,0,1,1,0,0,,0,571995.921899999960000,5946745.250900000300000,10.089620544000070,53.664490321000073,2170925000035801500,10.09,53.664
125325,125326,2,4,12,431,2017,9,13,2,3,6,6,0,0,1,0,1,0,,0,566977.938300000040000,5942480.272800000400000,10.012770704000047,53.626827641000034,2170925000034791120,10.013,53.627
125328,125329,2,4,5,408,2017,9,13,2,3,5,3,0,0,1,1,0,0,,0,567801.349099999990000,5940201.351099999600000,10.024723161000054,53.606240865000075,2170925000033786380,10.025,53.606
125330,125331,2,4,10,429,2017,9,8,2,3,4,6,0,0,1,0,0,0,,0,568509.485699999960000,5939645.685100000400000,10.035301612000069,53.601154960000031,2170925000031801230,10.035,53.601
125331,125332,2,4,8,422,2017,9,17,2,2,3,2,0,0,1,0,0,0,,1,568579.257800000020000,5936726.161299999800000,10.035714024000072,53.574907876000054,2170925000031793650,10.036,53.575
125332,125333,2,2,8,220,2017,9,16,2,3,5,3,0,0,1,1,0,0,,0,557838.690100000010000,5939494.534099999800000,9.874041168000076,53.601082822000080,2170925000025791280,9.874,53.601
125333,125334,2,4,2,403,2017,9,13,2,3,5,3,0,0,1,1,0,0,,0,564948.130899999990000,5938490.938900000400000,9.981251527000040,53.591230475000032,2170925000023801390,9.981,53.591
125334,125335,2,4,4,407,2017,9,8,2,3,5,3,0,0,1,1,0,0,,0,565594.665299999990000,5939737.898799999600000,9.991280242000073,53.602356634000046,2170925000023796320,9.991,53.602
125345,125346,2,6,1,601,2017,9,15,7,3,5,3,0,0,1,1,0,0,,0,580367.849599999960000,5929031.096300000300000,10.211733397000046,53.504081876000043,2170923000043783780,10.212,53.504
125346,125347,2,5,2,506,2017,9,10,7,3,2,6,0,0,1,0,0,0,,0,571231.822099999990000,5937739.318000000000000,10.075997804000053,53.583659602000068,2170923000037864520,10.076,53.584
125349,125350,2,7,9,710,2017,9,14,6,3,4,2,0,0,1,1,0,0,,0,564609.624799999990000,5923027.131900000400000,9.972948257000041,53.452293849000057,2170922000046800030,9.973,53.452
125354,125355,2,5,18,526,2017,9,7,6,3,4,2,0,0,1,1,0,0,,0,576583.379300000030000,5938693.043100000400000,10.157052798000052,53.591476247000060,2170922000038799800,10.157,53.591
125357,125358,2,4,13,432,2017,9,14,6,3,3,2,0,0,1,1,0,0,,0,567374.067300000000000,5945419.047100000100000,10.019396162000021,53.653187692000074,2170922000034783760,10.019,53.653
125358,125359,2,4,7,416,2017,9,8,6,3,2,6,0,0,1,1,0,0,,0,567799.961299999970000,5935661.103099999900000,10.023715606000053,53.565437361000079,2170922000031799690,10.024,53.565
125359,125360,2,2,12,225,2017,9,10,6,3,0,7,0,0,1,1,0,0,,0,554384.959299999990000,5936719.249699999600000,9.821371662000047,53.576509431000034,2170922000026799740,9.821,53.577
125365,125366,2,6,14,615,2017,9,20,5,2,5,3,2,0,1,1,0,0,,0,578273.262800000030000,5927038.984199999800000,10.179663015000074,53.486495123000054,2170921000043799540,10.18,53.486
125366,125367,2,1,12,130,2017,9,11,5,3,5,3,0,0,1,1,0,0,,0,574092.304899999990000,5932698.438000000100000,10.118002957000044,53.537961550000034,2170921000042799180,10.118,53.538
125367,125368,2,5,18,526,2017,9,17,5,3,1,5,0,0,1,1,0,0,,0,574925.862899999950000,5939786.830699999800000,10.132278624000037,53.601545370000053,2170921000038799470,10.132,53.602
125373,125374,2,4,5,409,2017,9,8,5,3,1,6,0,0,1,1,0,0,,0,567091.932999999960000,5939393.310399999800000,10.013829250000072,53.599070232000031,2170921000033799030,10.014,53.599
125375,125376,2,2,7,219,2017,10,16,6,3,4,2,0,1,1,1,0,0,,0,559034.141500000030000,5934276.622899999800000,9.891117334000057,53.554053729000032,2171006000025841240,9.891,53.554
125377,125378,2,3,8,320,2017,10,18,6,3,4,6,1,0,1,0,0,0,,0,560162.176600000010000,5939993.660100000000000,9.909244585000067,53.605307082000081,2171006000027839560,9.909,53.605
125382,125383,2,1,3,105,2017,9,13,5,3,6,6,0,0,1,0,1,0,,0,565155.281899999940000,5933295.020200000100000,9.983296856000038,53.544507788000033,2170921000014799290,9.983,53.545
125383,125384,2,1,3,108,2017,9,14,5,3,0,3,0,0,1,0,0,0,,1,565490.199299999980000,5934731.723299999700000,9.988651393000055,53.557378147000065,2170921000014799240,9.989,53.557
125387,125388,2,5,18,526,2017,9,8,4,3,5,3,0,1,1,1,0,0,,0,576332.431300000050000,5941264.473000000200000,10.153891949000069,53.614621495000051,2170920000038798360,10.154,53.615
125390,125391,2,5,2,505,2017,9,15,4,3,5,3,0,0,1,1,0,0,,0,570527.224700000020000,5937203.821300000000000,10.065235476000055,53.578942330000075,2170920000037783070,10.065,53.579
125391,125392,2,5,7,515,2017,9,13,4,3,3,2,0,0,1,1,0,0,,0,570509.688800000000000,5939323.743300000200000,10.065449804000025,53.597996391000038,2170920000036798620,10.065,53.598
125392,125393,2,4,5,409,2017,9,17,4,3,2,6,0,0,1,1,0,0,,0,567142.008400000050000,5939253.104299999800000,10.014555618000031,53.597803771000031,2170920000033798770,10.015,53.598
125395,125396,2,1,8,122,2017,10,16,5,3,5,3,0,1,1,1,0,0,,0,569666.462300000010000,5934815.549399999900000,10.051704349000033,53.557593842000074,2171005000041837940,10.052,53.558
125397,125398,2,2,1,204,2017,9,17,4,3,4,6,0,0,1,0,0,0,,0,562733.756000000050000,5934025.930999999900000,9.946904389000054,53.551371608000068,2170920000021798780,9.947,53.551
125398,125399,2,2,4,213,2017,9,16,4,3,1,5,0,0,1,1,0,0,,0,561606.298100000010000,5934360.653699999700000,9.929954965000036,53.554513404000033,2170920000021798570,9.93,53.555
125402,125403,2,1,1,101,2017,9,19,4,3,6,3,2,0,1,0,1,0,,0,566078.203100000040000,5934187.513899999700000,9.997411491000037,53.552413523000041,2170920000014798830,9.997,53.552
125404,125405,2,1,16,137,2017,9,13,4,3,1,3,0,0,1,0,0,0,,1,564566.396500000030000,5931048.094300000000000,9.973947522000060,53.524386680000077,2170920000002795760,9.974,53.524
125409,125410,2,6,1,601,2017,9,5,3,2,6,4,2,0,1,0,1,0,,0,577555.195700000040000,5929924.676400000200000,10.169557010000062,53.512534570000071,2170919000043795800,10.17,53.513
125414,125415,2,4,9,425,2017,9,16,3,3,3,6,0,0,1,1,0,0,,0,570801.139100000030000,5938182.952899999900000,10.069594005000056,53.587704862000066,2170919000037797930,10.07,53.588
125419,125420,2,2,7,219,2017,9,18,3,2,5,3,0,0,1,0,0,0,,0,559644.524399999990000,5934217.824300000400000,9.900318571000071,53.553456285000038,2170919000025798000,9.9,53.553
125420,125421,2,2,5,217,2017,9,18,3,3,5,3,0,0,1,1,0,0,,0,557672.706299999960000,5936284.987800000200000,9.870939902000032,53.572255315000064,2170919000025788120,9.871,53.572
125424,125425,2,1,4,112,2017,9,23,3,3,0,2,2,1,1,1,0,0,,0,563849.379599999990000,5933557.729199999900000,9.963645436000036,53.547029239000040,2170919000015798130,9.964,53.547
125429,125430,2,5,18,526,2017,9,16,2,3,5,2,0,0,1,1,0,0,,0,577023.080199999970000,5942041.464900000000000,10.164522074000047,53.621502941000074,2170918000038796930,10.165,53.622
125432,125433,2,5,9,517,2017,9,15,2,3,6,3,0,0,1,0,1,0,,0,570805.373099999970000,5943390.200600000100000,10.070841426000072,53.634501483000065,2170918000035777340,10.071,53.635
125434,125435,2,4,12,431,2017,9,9,2,3,5,3,0,0,1,1,0,0,,0,566169.171500000050000,5941882.642000000000000,10.000416403000031,53.621559499000057,2170918000034777900,10.0,53.622
125435,125436,2,5,1,504,2017,9,8,2,3,5,3,0,1,1,1,0,0,,0,569985.626099999990000,5936843.998800000200000,10.056976098000064,53.575781143000029,2170918000031796490,10.057,53.576
125436,125437,2,4,7,416,2017,9,18,2,3,1,6,1,1,1,1,0,0,,0,567345.561299999940000,5935448.168100000400000,10.016809884000054,53.563582193000059,2170918000031777310,10.017,53.564
125438,125439,2,2,7,219,2017,9,18,2,3,5,5,0,0,1,1,0,0,,0,558561.911399999980000,5934644.591599999900000,9.884058920000030,53.557413745000076,2170918000025797010,9.884,53.557
125441,125442,2,3,6,318,2017,9,8,2,3,5,3,0,0,1,1,0,0,,0,563615.972799999990000,5942617.635499999900000,9.961970722000046,53.628481424000029,2170918000024768730,9.962,53.628
125465,125466,2,3,3,313,2017,9,13,7,3,5,3,0,0,1,0,0,0,,1,564730.442400000060000,5936943.360200000000000,9.977642134000064,53.577348946000029,2170916000017770710,9.978,53.577
125470,125471,2,4,6,414,2017,10,9,1,3,6,6,0,1,1,0,1,0,,0,567296.458600000010000,5937042.193599999900000,10.016412134000063,53.577914238000062,2171008000031822720,10.016,53.578
125475,125476,2,6,1,601,2017,9,9,6,3,5,2,0,0,1,0,0,1,,0,578248.590600000000000,5929413.297500000300000,10.179883538000070,53.507836199000053,2170915000043794380,10.18,53.508