,OBJECTID,ULAND,UREGBEZ,UKREIS,UGEMEINDE,UJAHR,UMONAT,USTUNDE,UWOCHENTAG,UKATEGORIE,UART,UTYP1,ULICHTVERH,STRZUSTAND,IstRad,IstPKW,IstFuss,IstKrad,IstGkfz,IstSonstig,LINREFX,LINREFY,XGCSWGS84,YGCSWGS84,UIDENTSTLA,lat_short,long_short
125477,125478,2,1,11,129,2017,9,13,6,3,1,5,0,0,1,1,0,0,,0,572574.623600000050000,5933321.268000000200000,10.095251291000068,53.543770782000081,2170915000042794910,10.095,53.544
125485,125486,2,3,6,318,2017,9,15,6,3,5,3,0,0,1,1,0,0,,0,563462.454900000010000,5942984.773299999500000,9.959724529000027,53.631799600000079,2170915000024795080,9.96,53.632
125495,125496,2,1,2,104,2017,9,17,5,2,5,3,0,0,1,0,0,0,,1,568095.530799999950000,5932148.220200000300000,10.027412638000044,53.533828286000073,2170914000041794020,10.027,53.534
125498,125499,2,4,10,429,2017,9,22,5,3,5,3,2,0,1,1,0,0,,0,569082.039499999960000,5939734.227400000200000,10.043971980000038,53.601875533000054,2170914000036794680,10.044,53.602
125501,125502,2,4,5,410,2017,9,20,5,3,6,6,2,0,1,0,1,0,,0,566441.808100000020000,5938009.828300000200000,10.003712118000067,53.586719489000075,2170914000033795400,10.004,53.587
125502,125503,2,4,4,407,2017,9,18,5,3,5,2,0,0,1,0,0,0,,0,566016.566100000050000,5940053.456500000300000,9.997721873000046,53.605139620000045,2170914000033794710,9.998,53.605
125506,125507,2,4,8,420,2017,10,17,7,3,5,3,0,1,1,1,0,0,,0,568427.839799999960000,5936913.871000000300000,10.033468794000044,53.576614614000050,2171007000031838840,10.033,53.577
125509,125510,2,3,1,310,2017,10,13,7,3,3,6,0,1,1,1,0,0,,0,563606.434600000040000,5935383.714800000200000,9.960350919000064,53.563469449000081,2171007000016841270,9.96,53.563
125512,125513,2,6,14,615,2017,10,7,6,3,0,2,0,1,1,1,0,0,,0,578166.236000000030000,5925940.367700000300000,10.177776874000074,53.476637986000071,2171006000043837870,10.178,53.477
125513,125514,2,1,12,130,2017,10,16,6,3,6,3,0,0,1,0,1,0,,0,574691.707999999980000,5932799.555700000400000,10.127069769000059,53.538785394000058,2171006000042839640,10.127,53.539
125521,125522,2,2,6,218,2017,9,9,5,3,1,7,0,0,1,1,0,0,,0,558919.184400000030000,5935127.813500000200000,9.889542758000061,53.561716720000049,2170914000025793230,9.89,53.562
125522,125523,2,3,4,316,2017,9,16,5,3,1,5,0,0,1,1,0,0,,0,564283.275099999970000,5937403.815100000200000,9.970984339000040,53.581542166000077,2170914000023793850,9.971,53.582
125524,125525,2,2,4,211,2017,9,19,5,3,5,3,1,0,1,0,0,0,,0,561284.067300000000000,5934817.422199999900000,9.925181107000071,53.558656288000066,2170914000021793990,9.925,53.559
125527,125528,2,3,1,310,2017,9,7,5,3,4,2,0,0,1,1,0,0,,0,563952.436299999940000,5935601.637199999800000,9.965618764000055,53.565385932000027,2170914000016778180,9.966,53.565
125533,125534,2,4,5,409,2017,10,8,6,3,5,3,0,1,1,1,0,0,,0,567105.209999999960000,5939074.400000000400000,10.013961208000069,53.596202448000042,2171006000033817440,10.014,53.596
125540,125541,2,3,7,319,2017,10,15,6,3,0,3,0,0,1,1,0,0,,0,559886.755499999970000,5942977.128800000100000,9.905656428000043,53.632152166000026,2171027000024861900,9.906,53.632
125544,125545,2,1,16,137,2017,10,6,5,2,5,3,2,1,1,1,0,0,,0,566127.185399999960000,5928272.353799999700000,9.996901597000033,53.499246219000042,2171026000044861460,9.997,53.499
125545,125546,2,1,16,137,2017,10,6,5,3,5,3,2,0,1,1,0,0,,0,565899.588299999940000,5925972.579400000200000,9.992988108000077,53.478605935000076,2171026000044861450,9.993,53.479
125546,125547,2,5,7,515,2017,10,18,3,3,3,2,1,1,1,1,0,0,,0,570829.755600000030000,5940057.604399999600000,10.070452054000043,53.604548409000074,2171010000036845780,10.07,53.605
125548,125549,2,5,17,525,2017,10,15,3,3,4,3,0,1,1,0,0,0,,1,576595.474599999960000,5944732.826899999800000,10.158721094000043,53.645751935000078,2171010000035846450,10.159,53.646
125551,125552,2,6,2,602,2017,10,13,5,2,0,1,0,1,1,0,0,0,,0,579107.444999999950000,5927366.767000000000000,10.192314691000036,53.489316093000070,2171026000043861160,10.192,53.489
125555,125556,2,5,7,515,2017,10,10,5,3,0,7,0,1,1,0,0,0,,0,571688.204499999990000,5942079.922899999700000,10.083888699000056,53.622606028000064,2171026000036849090,10.084,53.623
125557,125558,2,4,13,432,2017,10,14,5,3,3,2,0,0,1,1,0,0,,0,566098.093600000020000,5948203.171000000100000,10.000686086000030,53.678371543000026,2171026000034860990,10.001,53.678
125558,125559,2,4,5,413,2017,10,17,5,3,4,6,1,0,1,1,0,0,,0,566885.902099999950000,5937115.889100000300000,10.010228146000031,53.578629065000030,2171026000033854440,10.01,53.579
125562,125563,2,4,1,401,2017,10,16,5,3,4,6,0,0,1,0,0,0,,0,564751.682500000000000,5937271.648799999600000,9.978030978000049,53.580296733000068,2171026000023860810,9.978,53.58
125564,125565,2,7,10,711,2017,10,22,4,2,5,2,2,1,1,1,0,0,,0,563127.169699999970000,5924815.191399999900000,9.950986617000069,53.468543712000042,2171025000046861510,9.951,53.469
125567,125568,2,4,9,424,2017,10,11,4,3,0,6,0,0,1,0,1,0,,0,569844.342199999960000,5937656.542999999600000,10.055024536000076,53.583102330000031,2171025000037862230,10.055,53.583
125568,125569,2,5,8,516,2017,10,8,4,2,5,2,0,1,1,0,0,0,,1,569726.731900000010000,5940082.803200000000000,10.053790787000025,53.604922803000079,2171025000036859680,10.054,53.605
125570,125571,2,4,5,413,2017,10,20,4,2,6,4,2,0,1,0,1,0,,0,566957.565399999960000,5937735.342100000000000,10.011443244000077,53.584187037000049,2171025000033861560,10.011,53.584
125573,125574,2,4,8,418,2017,10,16,4,3,5,3,0,0,1,1,0,0,,0,567694.871599999950000,5936668.267799999600000,10.022347435000029,53.574502452000047,2171025000031854250,10.022,53.575
125574,125575,2,2,6,218,2017,10,7,4,3,5,3,2,1,1,1,0,0,,0,558127.189900000000000,5935512.216400000300000,9.877658551000025,53.565259864000041,2171025000025859590,9.878,53.565
125575,125576,2,3,6,318,2017,10,6,4,3,6,7,2,1,1,0,1,0,,0,562997.593400000010000,5943193.053000000300000,9.952737806000073,53.633727606000036,2171025000024855090,9.953,53.634
125576,125577,2,1,5,114,2017,10,10,4,3,3,2,0,1,1,1,0,0,,0,567107.600899999960000,5934186.012799999700000,10.012946674000034,53.552269462000027,2171025000011859730,10.013,53.552
125577,125578,2,6,6,607,2017,10,12,3,3,5,3,0,1,1,0,0,0,,1,578116.802000000030000,5918380.993499999900000,10.175155818000064,53.408710261000067,2171024000043859640,10.175,53.409
125578,125579,2,5,10,518,2017,10,15,3,3,2,6,0,1,1,1,0,0,,1,572865.879500000040000,5944879.568300000400000,10.102346692000026,53.647603350000054,2171010000035846390,10.102,53.648
125581,125582,2,4,10,429,2017,10,7,3,3,3,2,1,0,1,1,0,0,,0,568879.695199999960000,5939653.525899999800000,10.040896864000047,53.601176900000041,2171024000036857640,10.041,53.601
125587,125588,2,4,6,414,2017,10,8,3,3,1,5,0,1,1,1,0,0,,0,567284.248499999990000,5937190.617999999800000,10.016259743000035,53.579249715000060,2171024000031852480,10.016,53.579
125589,125590,2,2,5,216,2017,10,12,3,3,2,3,0,1,1,1,0,0,,0,560810.934200000020000,5935719.119099999800000,9.918214913000043,53.566815247000079,2171024000025859540,9.918,53.567
125593,125594,2,1,5,114,2017,10,17,3,3,5,3,1,1,1,1,0,0,,0,567176.523300000000000,5934505.550599999700000,10.014055499000051,53.555132392000075,2171024000011860250,10.014,53.555
125598,125599,2,1,12,130,2017,10,9,2,3,5,3,0,1,1,1,0,0,,0,573210.777099999950000,5933482.653500000000000,10.104887547000033,53.545132846000058,2171023000042859250,10.105,53.545
125605,125606,2,4,10,428,2017,10,21,2,3,5,2,2,1,1,1,0,0,,0,569762.168999999990000,5938901.842000000200000,10.054061989000047,53.594304790000081,2171023000036852540,10.054,53.594
125606,125607,2,4,12,431,2017,10,18,2,2,5,2,2,0,1,1,0,0,,0,567717.786899999950000,5942683.809799999900000,10.024000257000068,53.628561672000046,2171023000034859360,10.024,53.629
125608,125609,2,3,9,321,2017,10,17,2,3,5,3,0,1,1,1,0,0,,0,562734.016999999990000,5937493.389000000400000,9.947604712000043,53.582534805000080,2171023000027858610,9.948,53.583
125609,125610,2,2,5,215,2017,10,10,2,3,4,6,0,1,1,0,0,0,,0,561655.243800000050000,5935355.922399999600000,9.930890052000052,53.563452531000053,2171023000025858310,9.931,53.563
125610,125611,2,4,1,402,2017,10,22,2,3,3,2,2,1,1,1,0,0,,0,564133.604100000000000,5937928.763500000400000,9.968831837000039,53.586278338000056,2171023000023858770,9.969,53.586
125620,125621,2,3,7,319,2017,10,6,3,3,5,2,0,0,1,0,0,0,,1,559886.280499999990000,5943109.491700000100000,9.905674723000061,53.633341812000026,2171010000024844660,9.906,53.633
125624,125625,2,1,20,141,2017,10,11,1,3,5,3,0,0,1,1,0,0,,0,556078.901599999980000,5932293.811099999600000,9.846158114000048,53.536556975000053,2171022000047858160,9.846,53.537
125634,125635,2,3,8,320,2017,10,14,1,3,5,5,0,1,1,1,0,0,,0,559670.665500000000000,5940631.382100000000000,9.901939407000043,53.611094743000081,2171022000027855110,9.902,53.611
125636,125637,2,3,3,314,2017,10,11,1,3,5,2,0,0,1,1,0,0,,0,566042.217100000010000,5937097.481800000200000,9.997483577000025,53.578570545000048,2171022000017858170,9.997,53.579
125641,125642,2,1,12,130,2017,10,16,7,3,1,3,0,0,1,1,0,0,,0,576221.025999999950000,5931205.548899999800000,10.149753426000075,53.524240665000036,2171021000042858660,10.15,53.524
125646,125647,2,4,5,408,2017,10,11,7,3,0,7,0,0,1,1,0,0,,0,566917.052400000040000,5939472.206000000200000,10.011204009000039,53.599801633000027,2171021000033850470,10.011,53.6
125652,125653,2,7,1,702,2017,10,13,6,3,5,3,0,1,1,1,0,0,,0,565942.331800000040000,5923326.206299999700000,9.993076759000076,53.454816648000076,2171020000046855350,9.993,53.455
125656,125657,2,5,18,526,2017,10,17,6,3,5,3,0,1,1,1,0,0,,0,576332.430999999980000,5941264.472799999600000,10.153891944000065,53.614621493000072,2171020000038857930,10.154,53.615
125659,125660,2,4,5,411,2017,10,12,6,3,6,4,0,1,1,0,1,0,,0,567769.717999999990000,5937800.474000000400000,10.023723412000038,53.584668057000044,2171020000033857820,10.024,53.585
125664,125665,2,4,5,410,2017,10,18,6,3,1,5,0,1,1,1,0,0,,0,566759.530000000030000,5937890.179999999700000,10.008485411000038,53.585603837000065,2171020000033845760,10.008,53.586
125667,125668,2,4,8,421,2017,10,8,6,3,5,2,0,0,1,1,0,0,,0,568856.485600000010000,5937327.306400000100000,10.040032680000024,53.580274095000050,2171020000031851290,10.04,53.58
125668,125669,2,3,6,318,2017,10,12,6,3,5,3,0,1,1,1,0,0,,0,564723.177200000030000,5943891.324599999900000,9.978975659000071,53.639792563000071,2171020000024855080,9.979,53.64
125669,125670,2,3,5,317,2017,10,15,6,3,0,3,0,1,1,1,0,0,,0,562340.928100000020000,5939335.977699999700000,9.942036207000058,53.599141612000039,2171020000023857880,9.942,53.599
125672,125673,2,2,1,206,2017,10,13,6,3,5,7,0,1,1,0,0,0,,1,563020.973600000030000,5934549.452800000100000,9.951344539000047,53.556042285000046,2171020000016841210,9.951,53.556
125673,125674,2,1,4,112,2017,10,22,6,3,2,6,2,0,1,1,0,0,,0,563768.460100000030000,5933804.508299999900000,9.962474672000042,53.549256957000068,2171020000015858480,9.962,53.549
125676,125677,2,1,20,141,2017,10,14,5,3,5,3,0,0,1,1,0,0,,0,558679.597300000020000,5931229.296699999800000,9.885194668000054,53.526705524000079,2171019000047856800,9.885,53.527
125680,125681,2,1,16,137,2017,10,16,5,3,6,4,0,0,1,0,1,0,,0,565924.133000000030000,5930062.543700000300000,9.994217446000050,53.515360692000058,2171019000044856750,9.994,53.515
125681,125682,2,1,12,130,2017,10,9,5,3,1,5,0,0,1,1,0,0,,0,573716.630800000040000,5933349.245799999700000,10.112488809000070,53.543863159000068,2171019000042855730,10.112,53.544
125685,125686,2,4,9,424,2017,10,9,5,3,5,2,0,0,1,1,0,0,,0,570024.440599999970000,5937721.528500000000000,10.057759062000059,53.583662339000057,2171019000037844770,10.058,53.584
125686,125687,2,5,7,515,2017,10,13,5,3,4,6,0,0,1,1,0,0,,0,571408.219799999960000,5940394.885700000500000,10.079269986000043,53.607501019000040,2171019000036855700,10.079,53.608
125688,125689,2,4,7,416,2017,10,9,5,3,6,3,0,1,1,0,1,0,,0,567668.962300000010000,5935651.322700000400000,10.021735872000022,53.565366372000028,2171019000031855670,10.022,53.565
125689,125690,2,2,3,209,2017,10,9,5,3,5,3,0,0,1,1,0,0,,0,562640.340899999950000,5935449.339800000200000,9.945779876000074,53.564175448000071,2171019000021855690,9.946,53.564
125690,125691,2,3,3,314,2017,10,9,5,3,5,7,0,0,1,1,0,0,,0,565196.251799999970000,5937383.647599999800000,9.984768210000027,53.581248216000063,2171019000017855820,9.985,53.581
125691,125692,2,1,5,113,2017,10,18,5,3,5,2,1,0,1,1,0,0,,0,567607.185399999960000,5934754.202700000300000,10.020609161000039,53.557311781000067,2171019000011856870,10.021,53.557
125692,125693,2,1,6,115,2017,10,8,5,3,5,3,0,0,1,0,0,0,,0,566766.068100000030000,5933975.200600000100000,10.007747314000028,53.550418394000076,2171019000011855660,10.008,53.55
125696,125697,2,1,11,128,2017,10,18,4,3,4,2,2,0,1,1,0,0,,0,572298.436299999940000,5933367.784400000200000,10.091094827000063,53.544226918000049,2171018000042856040,10.091,53.544
125701,125702,2,3,1,305,2017,10,12,4,3,5,3,0,0,1,1,0,0,,0,563774.269500000050000,5936940.534199999600000,9.963202467000031,53.577440674000059,2171018000023855460,9.963,53.577
125703,125704,2,2,3,209,2017,10,18,4,3,5,3,0,0,1,0,0,0,,1,562371.029499999950000,5935582.692900000100000,9.941740886000048,53.565406017000043,2171018000021856200,9.942,53.565
125704,125705,2,3,2,311,2017,10,17,4,3,4,2,0,0,1,1,0,0,,0,564968.830399999980000,5935817.415599999900000,9.981007738000074,53.567200335000052,2171018000017856430,9.981,53.567
125705,125706,2,3,2,312,2017,10,20,4,3,0,6,2,0,1,0,0,0,,0,566211.316800000030000,5935608.605899999800000,9.999721503000046,53.565168410000069,2171018000017855940,10.0,53.565
125706,125707,2,3,3,313,2017,10,6,4,3,3,2,2,0,1,1,0,0,,0,564781.295399999940000,5936361.988300000300000,9.978289432000054,53.572117735000063,2171018000017854550,9.978,53.572
125707,125708,2,1,1,101,2017,10,17,4,3,5,2,1,0,1,1,0,0,,0,566492.826099999950000,5934393.951100000200000,10.003712836000034,53.554216469000039,2171018000014856220,10.004,53.554
125710,125711,2,6,14,615,2017,10,11,3,3,5,3,0,0,1,1,0,0,,0,578431.390999999950000,5926997.638000000300000,10.182035291000034,53.486100012000065,2171017000043854970,10.182,53.486
125712,125713,2,6,1,601,2017,10,16,3,3,5,3,0,0,1,0,0,0,,0,578432.060900000040000,5929309.969800000100000,10.182623526000043,53.506880287000058,2171017000043854350,10.183,53.507
125714,125715,2,5,6,514,2017,10,19,3,3,3,7,2,0,1,1,0,0,,0,573441.236299999990000,5938698.562900000300000,10.109591318000071,53.591975435000052,2171017000038854380,10.11,53.592
125717,125718,2,4,4,407,2017,10,7,3,3,5,3,0,0,1,0,0,0,,1,568146.993499999980000,5941658.210599999900000,10.030264877000036,53.619288891000053,2171017000033855310,10.03,53.619
125721,125722,2,4,4,407,2017,10,7,3,3,5,2,0,0,1,0,0,0,,1,567560.262699999960000,5940950.861999999700000,10.021242635000021,53.613007918000051,2171017000033841160,10.021,53.613
125724,125725,2,4,8,421,2017,10,22,3,3,5,3,2,0,1,1,0,0,,0,568609.432999999960000,5936807.247800000000000,10.036187480000024,53.575632662000032,2171017000031824970,10.036,53.576
125726,125727,2,2,9,221,2017,10,19,3,3,7,7,2,0,1,0,0,0,,1,556597.712399999960000,5935341.033400000100000,9.854536921000033,53.563888536000036,2171017000026855380,9.855,53.564
125729,125730,2,2,4,214,2017,10,20,3,3,1,5,2,0,1,1,0,0,,0,561428.177400000040000,5933607.807400000300000,9.927118688000064,53.547768134000080,2171017000021855340,9.927,53.548
125731,125732,2,1,1,101,2017,10,10,3,3,3,6,0,0,1,1,0,0,,0,566130.139500000050000,5933903.991299999900000,9.998135343000058,53.549858901000050,2171017000014854860,9.998,53.55
125732,125733,2,7,14,715,2017,10,15,2,3,4,2,0,0,1,1,0,0,,0,556808.522699999970000,5925266.827499999700000,9.855892592000032,53.473322444000075,2171016000047853970,9.856,53.473
125734,125735,2,1,11,128,2017,10,10,2,2,5,3,0,0,1,1,0,0,,0,572346.870000000000000,5933322.740000000200000,10.091815202000021,53.543815435000056,2171016000042853140,10.092,53.544
125738,125739,2,5,15,523,2017,10,18,2,3,0,7,0,0,1,0,0,0,,0,575216.497899999960000,5952865.002299999800000,10.139836588000037,53.719032745000050,2171016000035846100,10.14,53.719
125739,125740,2,4,13,432,2017,10,9,2,3,3,2,0,0,1,1,0,0,,0,567808.046100000040000,5945059.060399999800000,10.025882736000028,53.649896415000057,2171016000034852860,10.026,53.65
125740,125741,2,4,12,431,2017,10,16,2,3,4,2,0,0,1,0,0,0,,1,567862.140000000010000,5942778.219999999700000,10.026203307000060,53.629391449000082,2171016000034838370,10.026,53.629
125741,125742,2,4,5,408,2017,10,20,2,2,5,3,2,0,1,1,0,0,,0,567304.833600000010000,5939736.704900000200000,10.017119984000033,53.602129057000070,2171016000033837820,10.017,53.602
125744,125745,2,2,1,206,2017,10,4,3,2,5,3,2,1,1,1,0,0,,0,562797.871799999960000,5935046.938699999800000,9.948077135000062,53.560540103000051,2171010000021844930,9.948,53.561
125748,125749,2,2,5,217,2017,10,15,2,2,5,3,0,0,1,1,0,0,,0,558113.729100000000000,5936188.191700000300000,9.877581105000047,53.571336692000045,2171016000025853940,9.878,53.571
125751,125752,2,3,1,307,2017,10,14,2,3,5,3,0,0,1,1,0,0,,0,563095.475600000010000,5935869.457200000100000,9.952735577000055,53.567896657000063,2171016000023854020,9.953,53.568
125754,125755,2,1,3,105,2017,10,20,2,3,5,3,2,0,1,1,0,0,,0,565115.842599999970000,5933258.131199999700000,9.982694071000026,53.544181148000064,2171016000014854170,9.983,53.544
125756,125757,2,7,4,705,2017,10,16,1,2,6,4,0,0,1,0,1,0,,0,565819.066899999980000,5922337.450000000200000,9.991013833000068,53.445945712000082,2171015000046844580,9.991,53.446
125761,125762,2,5,12,520,2017,10,16,1,2,5,3,0,0,1,0,0,1,,0,568637.527400000020000,5943436.044800000300000,10.038071635000051,53.635202237000044,2171015000035852370,10.038,53.635
125762,125763,2,4,5,413,2017,10,17,1,3,0,7,0,0,1,0,0,0,,1,566840.902400000020000,5937063.637299999600000,10.009537409000075,53.578165206000051,2171015000033853030,10.01,53.578
125765,125766,2,3,4,315,2017,10,21,1,3,5,7,2,0,1,1,0,0,,0,564300.736299999990000,5937416.995099999900000,9.971250760000032,53.581658478000065,2171015000023853740,9.971,53.582
125768,125769,2,1,1,102,2017,10,11,1,2,0,7,0,0,1,0,0,0,,0,565779.513799999960000,5933896.698900000200000,9.992842515000064,53.549837407000041,2171015000014852160,9.993,53.55
125775,125776,2,2,3,208,2017,10,16,7,3,3,2,0,0,1,1,0,0,,0,563370.543799999980000,5935234.382399999500000,9.956759621000060,53.562155888000063,2171014000016852780,9.957,53.562
125778,125779,2,1,3,106,2017,10,17,7,3,5,3,0,0,1,1,0,0,,0,564882.050000000050000,5934564.320000000300000,9.979437397000027,53.555949171000066,2171014000014851890,9.979,53.556
125781,125782,2,7,1,701,2017,10,13,6,3,5,3,0,0,1,0,0,0,,1,565045.452099999990000,5923598.558400000400000,9.979628469000033,53.457375881000075,2171013000046857530,9.98,53.457
125783,125784,2,4,8,418,2017,11,7,5,3,5,3,1,1,1,0,0,0,,0,567733.236000000030000,5937123.169599999700000,10.023025420000067,53.578585758000031,2171102000031873430,10.023,53.579
125787,125788,2,2,8,220,2017,11,14,5,3,2,2,0,0,1,0,0,0,,1,558988.430999999980000,5938642.220700000400000,9.891252178000059,53.593294560000061,2171102000025880370,9.891,53.593
125789,125790,2,3,1,310,2017,11,9,5,3,0,2,0,1,1,1,0,0,,0,563522.565500000030000,5935577.511800000400000,9.959124235000047,53.565221322000070,2171102000023892110,9.959,53.565
125791,125792,2,2,4,213,2017,11,10,5,3,0,7,0,1,1,0,0,0,,0,561101.146199999960000,5934321.264499999600000,9.922323023000047,53.554218435000053,2171102000021893130,9.922,53.554
125795,125796,2,2,1,205,2017,11,13,5,3,1,5,0,1,1,1,0,0,,0,563371.148099999990000,5934169.563000000100000,9.956552844000044,53.552585931000067,2171102000015893020,9.957,53.553
125797,125798,2,6,2,603,2017,10,7,6,3,5,3,0,0,1,1,0,0,,0,581880.772499999960000,5926737.362700000400000,10.233939890000045,53.483235659000059,2171013000043841310,10.234,53.483
125801,125802,2,1,8,123,2017,10,9,6,3,3,6,0,0,1,0,0,0,,0,570403.897800000040000,5934462.062699999700000,10.062755169000070,53.554318652000063,2171013000041851130,10.063,53.554
125803,125804,2,5,2,508,2017,10,12,6,3,5,3,0,0,1,0,0,0,,1,572707.543999999990000,5937732.957999999600000,10.098283499000047,53.583399921000080,2171013000037850570,10.098,53.583
125806,125807,2,4,5,413,2017,10,21,6,3,1,5,2,0,1,1,0,0,,0,566853.175300000000000,5937668.759899999900000,10.009852359000035,53.583601971000064,2171013000033851040,10.01,53.584
125817,125818,2,5,8,516,2017,11,14,4,3,5,3,0,1,1,1,0,0,,0,569633.402800000040000,5940660.325799999800000,10.052509608000037,53.610125404000030,2171101000036890890,10.053,53.61
125821,125822,2,2,8,220,2017,10,16,6,3,3,2,0,0,1,0,0,0,,1,558304.736299999990000,5937605.849999999600000,9.880729934000044,53.584056692000047,2171013000025851610,9.881,53.584
125823,125824,2,1,3,108,2017,10,16,6,3,0,3,0,0,1,0,0,1,,0,565519.675999999980000,5934839.423999999600000,9.989118884000050,53.558342401000061,2171013000014851600,9.989,53.558
125828,125829,2,4,4,407,2017,11,7,4,3,3,6,1,1,1,1,0,0,,0,566964.256799999970000,5940679.769000000300000,10.012176675000035,53.610648105000053,2171101000033890160,10.012,53.611
125832,125833,2,4,8,418,2017,11,18,4,3,3,6,2,0,1,0,0,0,,0,567635.398200000050000,5936750.346599999800000,10.021467188000031,53.575247777000072,2171101000031864610,10.021,53.575
125833,125834,2,2,1,203,2017,11,14,4,3,4,2,0,1,1,1,0,0,,0,562020.140000000010000,5933877.263100000100000,9.936105156000053,53.550120255000081,2171101000021891110,9.936,53.55
125837,125838,2,1,6,118,2017,10,17,5,3,3,2,0,0,1,1,0,0,,0,568813.491099999980000,5933686.748300000100000,10.038581541000042,53.547561693000034,2171012000041850240,10.039,53.548
125839,125840,2,1,3,108,2017,11,11,4,3,5,2,0,1,1,0,0,0,,1,565509.102500000040000,5934835.580199999700000,9.988958481000054,53.558309176000080,2171101000014890450,9.989,53.558
125845,125846,2,3,8,320,2017,10,16,3,3,6,7,0,0,1,0,1,0,,0,560948.733200000020000,5941781.560100000400000,9.921480141000075,53.621284645000060,2171031000027863480,9.921,53.621
125846,125847,2,5,7,515,2017,10,14,5,3,5,2,0,0,1,1,0,0,,0,570903.034699999960000,5941193.092899999600000,10.071817710000062,53.614743057000055,2171012000036850200,10.072,53.615
125848,125849,2,5,7,515,2017,10,14,5,3,2,6,0,0,1,1,0,0,,0,572081.148999999980000,5943098.705299999600000,10.090064580000046,53.631707735000077,2171012000036845940,10.09,53.632
125851,125852,2,5,10,518,2017,10,7,5,3,0,7,0,0,1,0,0,0,,0,573190.731900000010000,5945950.048499999600000,10.107512305000057,53.657178157000033,2171012000035845800,10.108,53.657
125854,125855,2,4,5,410,2017,10,7,5,3,4,2,0,1,1,1,0,0,,0,567093.402400000020000,5938378.270100000300000,10.013633070000026,53.589947754000036,2171012000033848230,10.014,53.59
125855,125856,2,4,7,417,2017,10,8,5,3,5,2,0,1,1,0,0,0,,1,568525.432900000010000,5935517.569299999600000,10.034636109000076,53.564053173000048,2171012000031848320,10.035,53.564
125856,125857,2,2,6,218,2017,10,7,5,3,5,3,0,1,1,1,0,0,,0,558694.824999999950000,5935511.852699999700000,9.886228046000042,53.565193412000042,2171012000025848210,9.886,53.565
125860,125861,2,2,1,203,2017,10,3,3,3,0,1,2,1,1,0,0,0,,0,562733.756000000050000,5934025.930999999900000,9.946904389000054,53.551371608000068,2171031000021854280,9.947,53.551
125861,125862,2,3,1,302,2017,10,8,5,3,5,3,0,1,1,0,0,0,,1,562737.873299999980000,5937456.332600000300000,9.947655504000068,53.582201306000059,2171012000023848270,9.948,53.582
125863,125864,2,1,3,107,2017,10,8,5,3,5,3,0,1,1,1,0,0,,0,565286.403199999940000,5934121.060200000200000,9.985447816000033,53.551915347000033,2171012000014848300,9.985,53.552
125872,125873,2,5,2,506,2017,10,19,4,3,4,2,2,0,1,1,0,0,,0,571586.789200000000000,5937322.017699999700000,10.081263021000041,53.579861011000048,2171011000037848570,10.081,53.58
125874,125875,2,5,2,508,2017,10,8,4,2,5,3,0,1,1,1,0,0,,0,572740.366900000020000,5938334.681200000500000,10.098919487000046,53.588802988000054,2171011000037847720,10.099,53.589
125875,125876,2,4,10,429,2017,10,8,4,3,2,2,0,1,1,0,0,0,,0,569088.319999999950000,5940238.410000000100000,10.044178636000026,53.606405805000065,2171011000036847730,10.044,53.606
125876,125877,2,5,16,524,2017,10,7,4,3,5,2,0,0,1,1,0,0,,0,574941.719000000040000,5947900.745600000000000,10.134473149000030,53.674460444000033,2171011000035849270,10.134,53.674
125877,125878,2,1,12,130,2017,10,10,2,2,5,3,0,0,1,1,0,0,,0,576491.755299999960000,5932152.960799999500000,10.154067786000041,53.532715536000069,2171030000042862440,10.154,53.533
125879,125880,2,5,11,519,2017,10,17,2,3,6,7,2,0,1,0,1,0,,0,572216.064400000030000,5945416.260300000200000,10.092642679000051,53.652516596000055,2171030000035863850,10.093,53.653
125883,125884,2,4,10,427,2017,10,16,2,3,5,2,0,0,1,1,0,0,,0,569009.180300000010000,5938301.551900000300000,10.042554077000034,53.589009624000028,2171030000031857620,10.043,53.589