,OBJECTID,ULAND,UREGBEZ,UKREIS,UGEMEINDE,UJAHR,UMONAT,USTUNDE,UWOCHENTAG,UKATEGORIE,UART,UTYP1,ULICHTVERH,STRZUSTAND,IstRad,IstPKW,IstFuss,IstKrad,IstGkfz,IstSonstig,LINREFX,LINREFY,XGCSWGS84,YGCSWGS84,UIDENTSTLA,lat_short,long_short
125885,125886,2,2,11,223,2017,10,13,2,2,5,2,0,0,1,1,0,0,,0,550715.913700000030000,5935898.546699999800000,9.765830699000048,53.569500733000041,2171030000026863230,9.766,53.57
125886,125887,2,2,9,221,2017,10,8,2,2,0,5,0,0,1,1,0,0,,0,555448.826499999970000,5935423.265999999800000,9.837207191000061,53.564750261000029,2171030000026862290,9.837,53.565
125888,125889,2,3,5,317,2017,10,15,2,3,5,3,0,0,1,1,0,0,,0,563182.731600000060000,5939810.586900000500000,9.954851001000066,53.603306249000070,2171030000023864410,9.955,53.603
125889,125890,2,4,11,430,2017,10,18,4,3,5,3,2,0,1,1,0,0,,0,567402.286399999980000,5942140.734600000100000,10.019112620000044,53.623721736000050,2171011000034827610,10.019,53.624
125894,125895,2,1,1,102,2017,10,10,2,3,3,2,0,0,1,1,0,0,,0,565575.506300000010000,5933321.968399999700000,9.989643324000042,53.544697674000076,2171030000014862390,9.99,53.545
125898,125899,2,2,5,216,2017,10,21,4,3,1,5,0,0,1,1,0,0,,0,560618.323100000040000,5935387.171400000300000,9.915242577000072,53.563854178000042,2171011000025861680,9.915,53.564
125900,125901,2,3,1,303,2017,10,8,4,3,0,7,0,1,1,1,0,0,,0,562598.780000000030000,5936854.429999999700000,9.945434101000046,53.576808432000064,2171011000023847690,9.945,53.577
125903,125904,2,3,1,305,2017,10,13,4,3,0,7,0,1,1,0,0,0,,0,563338.037999999940000,5937219.176900000300000,9.956671480000068,53.579997777000074,2171011000023817860,9.957,53.58
125904,125905,2,2,4,214,2017,10,22,4,3,5,3,2,0,1,1,0,0,,0,561652.204299999980000,5933819.762699999800000,9.930541163000044,53.549646808000034,2171011000021848370,9.931,53.55
125905,125906,2,3,3,313,2017,10,13,4,3,4,2,0,1,1,1,0,0,,0,564341.465399999990000,5936710.444500000200000,9.971720233000042,53.575303529000053,2171011000017846970,9.972,53.575
125906,125907,2,2,2,207,2017,10,14,4,3,1,5,0,1,1,1,0,0,,0,563955.859900000040000,5935512.244300000400000,9.965652148000061,53.564582114000075,2171011000016847020,9.966,53.565
125911,125912,2,5,2,507,2017,10,9,3,3,5,3,0,1,1,1,0,0,,0,571017.188100000030000,5937037.523000000000000,10.072596576000024,53.577381700000046,2171010000037844590,10.073,53.577
125912,125913,2,1,3,107,2017,10,8,3,3,5,3,0,1,1,1,0,0,,0,565158.589299999990000,5934254.025799999900000,9.983546588000024,53.553126223000049,2171010000014845280,9.984,53.553
125922,125923,2,1,8,125,2017,10,21,2,3,5,3,2,1,1,1,0,0,,0,570055.546899999960000,5934505.090499999900000,10.057507400000077,53.554751948000046,2171009000041844530,10.058,53.555
125928,125929,2,5,2,506,2017,10,22,2,3,4,2,2,1,1,1,0,0,,0,570806.809800000050000,5937265.917399999700000,10.069471578000048,53.579462718000059,2171009000037845120,10.069,53.579
125929,125930,2,3,7,319,2017,10,11,1,3,5,3,0,0,1,1,0,0,,0,561087.273399999950000,5945043.515599999600000,9.924214989000063,53.650584665000054,2171029000024855920,9.924,53.651
125937,125938,2,4,4,407,2017,10,17,2,3,5,2,0,1,1,1,0,0,,0,565740.383799999950000,5939693.222299999600000,9.993472584000074,53.601936859000034,2171009000033844120,9.993,53.602
125944,125945,2,2,5,216,2017,10,17,7,3,5,3,0,1,1,1,0,0,,0,560748.532099999950000,5935036.733400000300000,9.917140121000045,53.560689586000080,2171028000025862420,9.917,53.561
125950,125951,2,4,10,427,2017,10,22,2,3,3,2,2,1,1,1,0,0,,0,568882.965399999990000,5938077.025000000400000,10.040598060000036,53.587008385000047,2171009000031845370,10.041,53.587
125951,125952,2,4,8,418,2017,10,19,2,3,4,2,1,1,1,1,0,0,,0,567918.948100000040000,5936587.267900000300000,10.025713288000077,53.573745533000078,2171009000031844380,10.026,53.574
125952,125953,2,4,10,427,2017,10,14,2,3,3,2,0,0,1,1,0,0,,0,568942.376999999980000,5938015.008000000400000,10.041481710000028,53.586443227000075,2171009000031843270,10.041,53.586
125955,125956,2,3,7,319,2017,10,10,2,3,5,3,0,1,1,1,0,0,,0,559591.809499999970000,5942222.786500000400000,9.901052176000064,53.625406276000035,2171009000024842970,9.901,53.625
125956,125957,2,2,3,210,2017,10,19,2,2,3,5,2,1,1,1,0,0,,0,561939.272800000040000,5934067.714800000200000,9.934922489000030,53.551841466000042,2171009000021844370,9.935,53.552
125957,125958,2,2,1,202,2017,10,16,2,3,5,3,0,1,1,1,0,0,,0,562712.809499999970000,5933728.676599999900000,9.946528651000051,53.548702576000039,2171009000021843370,9.947,53.549
125959,125960,2,1,4,109,2017,10,18,2,3,5,3,1,1,1,1,0,0,,0,564414.463899999970000,5934686.293300000000000,9.972405133000052,53.557102966000059,2171009000016844240,9.972,53.557
125961,125962,2,1,3,108,2017,10,21,2,3,5,3,2,1,1,0,0,1,,0,565823.756100000000000,5934776.699000000000000,9.993695467000066,53.557740632000048,2171009000014844500,9.994,53.558
125968,125969,2,5,4,512,2017,10,15,6,3,5,3,0,0,1,1,0,0,,0,574830.675099999990000,5936387.350599999500000,10.130025141000033,53.571008555000049,2171027000038861170,10.13,53.571
125969,125970,2,5,3,510,2017,10,8,6,3,5,3,0,1,1,1,0,0,,0,571023.633700000010000,5936214.208499999700000,10.072506635000025,53.569981713000061,2171027000037856700,10.073,53.57
125979,125980,2,5,16,524,2017,10,13,1,2,5,2,0,0,1,1,0,0,,0,574592.748600000050000,5948837.908499999900000,10.129416840000033,53.682932321000067,2171008000035842470,10.129,53.683
125980,125981,2,4,6,415,2017,10,13,1,3,0,5,0,1,1,1,0,0,,0,567455.288900000040000,5935718.668999999800000,10.018524713000033,53.565999134000037,2171008000031842450,10.019,53.566
125984,125985,2,5,17,525,2017,11,7,4,3,5,3,1,1,1,1,0,0,,0,576693.850899999960000,5944817.952499999700000,10.160229975000050,53.646502515000066,2171122000035907500,10.16,53.647
125985,125986,2,4,10,428,2017,11,15,4,3,1,5,0,1,1,1,0,0,,0,568649.086200000020000,5939074.663400000000000,10.037285115000032,53.596004893000043,2171122000031921390,10.037,53.596
125989,125990,2,2,14,227,2017,11,8,4,3,5,3,0,1,1,1,0,0,,0,549085.167200000030000,5937591.088700000200000,9.741474206000021,53.584868062000055,2171122000026921480,9.741,53.585
125996,125997,2,7,1,701,2017,11,16,3,2,5,2,1,1,1,1,0,0,,0,564895.305000000050000,5923852.409099999800000,9.977419910000037,53.459675862000040,2171121000046920700,9.977,53.46
126004,126005,2,5,18,526,2017,11,10,3,3,5,3,0,1,1,1,0,0,,0,578206.159300000060000,5939979.300699999600000,10.181887359000029,53.602795784000079,2171121000038920330,10.182,53.603
126006,126007,2,5,2,508,2017,11,7,3,3,5,3,0,1,1,1,0,0,,0,571551.844799999960000,5937908.580600000000000,10.080869801000063,53.585137189000079,2171121000037907480,10.081,53.585
126009,126010,2,4,8,422,2017,11,14,3,3,1,5,0,1,1,1,0,0,,0,568690.071499999960000,5936610.913800000200000,10.037361925000027,53.573857639000039,2171121000031920960,10.037,53.574
126010,126011,2,2,7,219,2017,11,17,3,3,5,3,2,1,1,1,0,0,,0,560007.653199999940000,5934416.376899999600000,9.905837270000063,53.555199388000062,2171121000025921610,9.906,53.555
126011,126012,2,2,6,218,2017,11,9,3,3,0,7,0,0,1,0,0,0,,0,558723.912999999940000,5934989.463600000400000,9.886569002000044,53.560495185000036,2171121000025920400,9.887,53.56
126012,126013,2,4,3,406,2017,11,9,3,2,5,3,0,1,1,0,0,0,,1,565280.837199999950000,5941262.905899999700000,9.986857898000039,53.616101323000066,2171121000023920340,9.987,53.616
126014,126015,2,3,2,311,2017,11,12,3,3,6,3,0,1,1,0,1,0,,0,564896.410200000040000,5935630.844800000100000,9.979875633000063,53.565532537000081,2171121000017905770,9.98,53.566
126016,126017,2,1,1,101,2017,11,15,3,3,5,3,0,1,1,1,0,0,,0,566407.865100000050000,5934426.976099999600000,10.002437577000023,53.554524026000081,2171121000014921770,10.002,53.555
126023,126024,2,5,18,526,2017,11,13,2,3,5,3,0,1,1,0,0,0,,1,575523.855499999950000,5942792.372700000200000,10.142042283000023,53.628469476000078,2171120000038920040,10.142,53.628
126024,126025,2,5,18,526,2017,11,9,2,3,5,3,0,1,1,1,0,0,,0,576716.739900000040000,5941183.595200000300000,10.159680189000028,53.613838531000056,2171120000038919750,10.16,53.614
126026,126027,2,5,7,515,2017,11,12,2,3,5,3,0,1,1,1,0,0,,0,570932.406800000000000,5939254.063400000300000,10.071820287000037,53.597313145000044,2171120000036906060,10.072,53.597
126029,126030,2,4,13,432,2017,11,12,2,3,5,3,0,1,1,1,0,0,,0,567537.397099999940000,5946338.042200000000000,10.022066753000047,53.661425641000051,2171120000034894640,10.022,53.661
126030,126031,2,4,5,408,2017,11,13,2,3,3,6,0,1,1,0,0,0,,0,565769.388000000040000,5939437.230999999700000,9.993856816000061,53.599632584000062,2171120000033905970,9.994,53.6
126032,126033,2,4,8,421,2017,11,10,2,3,5,3,0,1,1,1,0,0,,0,568632.986299999990000,5937335.291500000300000,10.036659232000034,53.580375153000034,2171120000031916060,10.037,53.58
126037,126038,2,2,3,209,2017,11,16,2,3,0,5,2,1,1,1,0,0,,0,562358.660000000030000,5935472.679999999700000,9.941532187000064,53.564418762000059,2171120000021902830,9.942,53.564
126049,126050,2,2,2,207,2017,11,18,1,3,3,6,2,0,1,1,0,0,,0,563874.206899999990000,5934941.471699999600000,9.964302804000056,53.559462353000072,2171119000016919600,9.964,53.559
126051,126052,2,7,14,715,2017,11,11,7,3,4,7,0,0,1,1,0,0,,0,556710.451600000030000,5925018.137799999700000,9.854370313000061,53.471097865000047,2171118000047902450,9.854,53.471
126064,126065,2,1,4,112,2017,11,20,7,3,1,5,2,1,1,1,0,0,,1,563917.860899999970000,5933855.473399999600000,9.964739686000030,53.549696831000063,2171118000015918680,9.965,53.55
126067,126068,2,1,20,141,2017,11,14,6,3,4,2,0,0,1,1,0,0,,0,556936.838600000020000,5932092.773799999600000,9.859065112000053,53.534657841000069,2171117000047918090,9.859,53.535
126070,126071,2,6,2,602,2017,11,13,6,3,5,3,0,0,1,0,0,0,,1,579581.806400000000000,5927332.657100000400000,10.199453945000073,53.488938031000032,2171117000043917950,10.199,53.489
126079,126080,2,4,5,413,2017,11,8,6,2,0,2,0,1,1,0,0,0,,1,566240.297200000030000,5937348.937500000000000,10.000528189000022,53.580805444000077,2171117000033918980,10.001,53.581
126082,126083,2,3,6,318,2017,11,8,6,3,5,7,0,0,1,1,0,0,,0,562630.576000000000000,5944286.468000000300000,9.947408271000029,53.643598422000082,2171117000024918820,9.947,53.644
126085,126086,2,2,1,203,2017,11,10,6,3,0,3,0,0,1,1,0,0,,0,562731.068100000030000,5934009.975100000400000,9.946860622000031,53.551228528000081,2171117000021914690,9.947,53.551
126090,126091,2,5,4,512,2017,11,11,5,3,3,6,0,1,1,1,0,0,,0,575129.775799999940000,5936810.234500000300000,10.134642663000022,53.574766182000076,2171116000038916520,10.135,53.575
126091,126092,2,5,18,526,2017,11,17,5,3,3,6,2,1,1,1,0,0,,0,576312.388000000040000,5941249.399799999800000,10.153585335000059,53.614488957000049,2171116000038897600,10.154,53.614
126094,126095,2,4,13,432,2017,11,12,5,3,0,2,0,1,1,1,0,0,,0,566299.388500000000000,5946090.263199999900000,10.003281843000025,53.659357265000040,2171116000034885790,10.003,53.659
126100,126101,2,3,7,319,2017,11,13,5,3,5,3,0,1,1,1,0,0,,0,560770.927099999970000,5942518.501299999700000,9.918936151000025,53.627928439000073,2171116000024916640,9.919,53.628
126102,126103,2,3,1,310,2017,11,14,5,3,5,3,0,0,1,1,0,0,,0,563463.493800000050000,5935588.230899999800000,9.958234629000060,53.565324805000046,2171116000023916930,9.958,53.565
126103,126104,2,4,2,404,2017,11,16,5,3,3,2,1,0,1,1,0,0,,0,565000.355100000040000,5937832.845900000100000,9.981903297000031,53.585309578000079,2171116000023916920,9.982,53.585
126111,126112,2,5,18,526,2017,11,8,4,3,5,3,0,1,1,1,0,0,,0,576333.909199999990000,5941265.642900000300000,10.153914571000030,53.614631793000058,2171115000038885150,10.154,53.615
126112,126113,2,5,7,515,2017,11,11,4,3,0,7,0,1,1,1,0,0,,0,573329.547799999940000,5942602.408099999700000,10.108822994000036,53.627074235000066,2171115000036914920,10.109,53.627
126121,126122,2,3,8,320,2017,11,9,4,3,0,3,0,1,1,1,0,0,,0,560430.047900000010000,5939610.599100000200000,9.913218151000024,53.601833546000080,2171115000027915430,9.913,53.602
126124,126125,2,1,3,107,2017,11,10,4,3,8,6,0,0,1,1,0,0,,0,565309.199900000010000,5934056.371100000100000,9.985778346000075,53.551331134000066,2171115000014914990,9.986,53.551
126126,126127,2,1,3,105,2017,11,11,4,3,5,3,0,1,1,1,0,0,,0,564439.557799999950000,5933398.648500000100000,9.972518509000054,53.545527439000068,2171115000014914700,9.973,53.546
126127,126128,2,1,17,138,2017,11,15,4,3,5,2,0,1,1,0,0,0,,1,565128.317099999990000,5931391.462500000400000,9.982493828000031,53.527403300000060,2171115000002915700,9.982,53.527
126130,126131,2,7,10,711,2017,11,7,3,3,4,2,2,0,1,1,0,0,,0,563913.596299999980000,5924476.312400000200000,9.962763084000073,53.465403193000043,2171114000046914070,9.963,53.465
126131,126132,2,6,1,601,2017,11,7,3,3,3,2,0,0,1,1,0,0,,0,580160.243800000050000,5927696.850100000400000,10.208263041000066,53.492123124000045,2171114000043914060,10.208,53.492
126134,126135,2,5,18,526,2017,11,6,3,3,5,3,2,0,1,1,0,0,,0,576332.447300000000000,5941264.485700000100000,10.153892194000036,53.614621607000061,2171114000038914210,10.154,53.615
126138,126139,2,4,5,412,2017,11,12,3,3,0,7,0,1,1,0,1,0,,0,567092.185500000020000,5937826.791899999600000,10.013496093000072,53.584991703000071,2171114000033897200,10.013,53.585
126140,126141,2,3,9,321,2017,11,18,3,3,5,2,2,1,1,1,0,0,,0,560961.846600000050000,5939122.173299999900000,9.921158041000069,53.597382297000081,2171114000027915130,9.921,53.597
126142,126143,2,2,7,219,2017,11,8,3,3,5,3,0,0,1,1,0,0,,0,559255.771300000020000,5934132.954500000000000,9.894435146000035,53.552737541000056,2171114000025914020,9.894,53.553
126145,126146,2,2,3,209,2017,11,14,3,3,4,2,0,1,1,1,0,0,,0,563057.148900000030000,5935741.446100000300000,9.952131093000048,53.566750786000057,2171114000021915390,9.952,53.567
126146,126147,2,7,14,715,2017,11,7,2,3,5,3,1,1,1,1,0,0,,0,556693.719999999970000,5925428.232900000200000,9.854192287000046,53.474785484000051,2171113000047892160,9.854,53.475
126153,126154,2,5,2,509,2017,11,12,2,3,0,3,0,0,1,1,0,0,,0,571255.618900000000000,5938363.395200000100000,10.076499726000065,53.589264922000041,2171113000037913590,10.076,53.589
126154,126155,2,5,11,519,2017,11,16,2,2,0,7,1,1,1,0,0,0,,0,570602.377499999940000,5945297.407399999900000,10.068205010000042,53.651668765000068,2171113000035883640,10.068,53.652
126155,126156,2,5,12,520,2017,11,18,2,3,6,4,2,1,1,0,1,0,,0,568353.439200000020000,5944125.690600000300000,10.033927424000069,53.641437258000053,2171113000034885130,10.034,53.641
126161,126162,2,3,5,317,2017,11,7,2,3,5,7,1,1,1,0,0,0,,1,564064.626999999980000,5939031.812699999700000,9.968016560000024,53.596200149000026,2171113000023909660,9.968,53.596
126172,126173,2,2,1,205,2017,11,17,1,3,5,2,1,1,1,1,0,0,,0,563234.286800000000000,5934235.272099999700000,9.954500603000042,53.553192983000031,2171112000021912800,9.955,53.553
126176,126177,2,7,1,701,2017,11,15,7,3,5,3,0,1,1,1,0,0,,0,564105.501200000060000,5924256.531499999600000,9.965608568000050,53.463404600000047,2171111000046907620,9.966,53.463
126186,126187,2,2,3,209,2017,11,13,7,3,5,3,0,1,1,1,0,0,,0,561905.467999999990000,5936009.915599999900000,9.934797069000069,53.569300756000075,2171111000021911110,9.935,53.569
126193,126194,2,1,16,137,2017,11,14,6,3,5,3,0,1,1,1,0,0,,0,566347.819600000050000,5930034.418800000100000,10.000600142000053,53.515054625000062,2171110000044909460,10.001,53.515
126196,126197,2,1,12,130,2017,11,13,6,3,5,3,0,1,1,1,0,0,,0,573942.490499999960000,5932690.937300000300000,10.115741058000026,53.537915252000062,2171110000042909450,10.116,53.538
126200,126201,2,4,11,430,2017,11,12,6,3,6,7,0,1,1,0,1,0,,0,569569.279899999960000,5943442.893699999900000,10.052162365000072,53.635140778000050,2171110000035908630,10.052,53.635
126202,126203,2,4,5,413,2017,11,19,6,3,5,3,2,1,1,1,0,0,,0,566242.776599999980000,5937344.961100000000000,10.000564789000066,53.580769394000072,2171110000033885920,10.001,53.581
126204,126205,2,4,8,423,2017,11,16,6,3,5,3,1,0,1,1,0,0,,0,568936.160000000030000,5937253.710000000000000,10.041219638000030,53.579602213000044,2171110000031913150,10.041,53.58
126206,126207,2,2,14,227,2017,11,14,6,3,5,3,0,1,1,1,0,0,,0,549603.501000000050000,5936798.726099999600000,9.749177422000059,53.577697707000027,2171110000026909570,9.749,53.578
126209,126210,2,2,3,210,2017,11,19,6,3,5,3,2,1,1,1,0,0,,0,562388.207900000040000,5934439.662899999900000,9.941772022000066,53.555131148000044,2171110000021910340,9.942,53.555
126219,126220,2,5,17,525,2017,11,7,5,3,0,6,1,1,1,1,0,0,,0,577518.104900000030000,5944199.633500000500000,10.172542341000053,53.640824479000059,2171109000035906580,10.173,53.641
126222,126223,2,4,5,410,2017,11,7,5,3,2,5,0,0,1,1,0,0,,0,566786.097599999980000,5938116.284400000200000,10.008935079000025,53.587632487000064,2171109000033906590,10.009,53.588
126223,126224,2,3,5,317,2017,11,16,5,3,5,3,0,0,1,1,0,0,,0,563197.428700000050000,5939905.832899999800000,9.955092390000061,53.604160478000040,2171109000023886180,9.955,53.604
126225,126226,2,3,2,312,2017,11,15,5,3,2,6,0,0,1,1,0,0,,0,565856.836800000050000,5935367.332800000000000,9.994319255000050,53.563044642000079,2171109000017907200,9.994,53.563
126231,126232,2,7,6,707,2017,11,18,4,3,5,3,2,0,1,1,0,0,,0,565399.498499999990000,5921025.788700000400000,9.984425034000026,53.434209473000067,2171108000046904740,9.984,53.434
126232,126233,2,6,9,610,2017,11,17,4,3,3,6,2,0,1,0,0,1,,0,574265.827099999990000,5927875.109299999700000,10.119477485000061,53.494590137000046,2171108000043904640,10.119,53.495
126233,126234,2,5,18,526,2017,11,13,4,3,4,6,0,0,1,0,0,0,,1,577941.724700000020000,5943889.585799999500000,10.178870847000042,53.637975298000072,2171108000038905280,10.179,53.638
126234,126235,2,5,2,509,2017,11,18,4,3,5,3,2,1,1,1,0,0,,0,572720.226400000040000,5938348.566499999700000,10.098618514000066,53.588930567000034,2171108000037885840,10.099,53.589
126235,126236,2,5,7,515,2017,11,17,4,3,3,2,2,0,1,1,0,0,,0,571709.922700000000000,5942186.339700000400000,10.084241515000031,53.623559409000052,2171108000036904560,10.084,53.624
126236,126237,2,5,7,515,2017,11,7,4,3,5,3,0,1,1,1,0,0,,0,572557.405600000060000,5941835.186499999800000,10.096970906000024,53.620286911000051,2171108000036903280,10.097,53.62
126238,126239,2,4,8,421,2017,11,13,4,3,4,2,0,0,1,0,0,0,,1,568444.136900000040000,5937793.573300000300000,10.033907797000040,53.584518448000040,2171108000031884690,10.034,53.585
126239,126240,2,4,7,416,2017,11,14,4,3,5,3,0,0,1,1,0,0,,0,567369.554099999950000,5935475.391499999900000,10.017177944000025,53.563823775000060,2171108000031878080,10.017,53.564
126244,126245,2,1,3,108,2017,11,9,4,3,5,2,0,0,1,1,0,0,,0,564895.327900000030000,5934509.974999999600000,9.979626521000057,53.555459117000055,2171108000014903390,9.98,53.555
126251,126252,2,3,1,309,2017,11,12,2,2,5,2,0,1,1,1,0,0,,0,564117.318899999950000,5935753.082899999800000,9.968139023000049,53.566726898000070,2171127000016924530,9.968,53.567
126254,126255,2,4,12,431,2017,11,18,3,3,5,3,2,0,1,1,0,0,,0,568051.746999999970000,5943656.445700000000000,10.029262107000022,53.637259469000071,2171107000034873510,10.029,53.637
126255,126256,2,4,4,407,2017,11,19,3,3,6,4,2,1,1,0,1,0,,0,567580.059499999970000,5941139.485999999600000,10.021582756000043,53.614700541000047,2171107000033903740,10.022,53.615
126256,126257,2,5,1,504,2017,11,8,3,3,0,4,0,0,1,0,1,0,,0,570094.005099999950000,5936205.164300000300000,10.058469211000045,53.570025450000060,2171107000031884830,10.058,53.57
126261,126262,2,3,5,317,2017,11,8,3,3,5,3,0,0,1,1,0,0,,0,562442.427000000030000,5938686.282999999800000,9.943439629000068,53.593290524000054,2171107000023904200,9.943,53.593
126262,126263,2,3,4,315,2017,11,7,3,3,3,5,0,1,1,0,0,0,,1,564033.503099999970000,5937213.947599999600000,9.967173227000046,53.579866332000051,2171107000023886700,9.967,53.58
126265,126266,2,3,2,311,2017,11,15,1,3,4,6,0,1,1,1,0,0,,0,565033.384399999980000,5935509.258399999700000,9.981918173000054,53.564422852000064,2171126000017924430,9.982,53.564
126267,126268,2,1,4,111,2017,11,19,1,3,1,5,1,0,1,1,0,0,,0,564449.092300000020000,5934346.336100000000000,9.972857710000028,53.554043421000074,2171126000016924470,9.973,53.554
126269,126270,2,7,1,702,2017,11,14,7,3,5,3,0,1,1,1,0,0,,0,566005.255299999960000,5924718.169200000400000,9.994316483000034,53.467318863000060,2171125000046922800,9.994,53.467
126274,126275,2,5,7,515,2017,11,7,2,3,6,3,0,1,1,0,1,0,,0,572029.929000000000000,5941562.861200000200000,10.088934761000075,53.617912373000081,2171106000036901540,10.089,53.618
126278,126279,2,4,13,432,2017,11,18,2,3,5,3,2,1,1,1,0,0,,0,567445.956000000010000,5947001.854299999800000,10.020827356000041,53.667403119000028,2171106000034900390,10.021,53.667
126279,126280,2,4,10,426,2017,11,12,2,3,6,3,0,0,1,0,1,0,,0,569425.817000000040000,5937870.398000000000000,10.048751305000053,53.585079827000072,2171106000031894270,10.049,53.585
126281,126282,2,2,10,222,2017,11,7,2,3,5,3,0,0,1,1,0,0,,0,555569.593299999950000,5934638.888399999600000,9.838890911000021,53.557687802000032,2171106000026900350,9.839,53.558
126282,126283,2,2,5,215,2017,11,12,2,3,5,3,0,0,1,1,0,0,,0,561285.569999999950000,5935075.814199999900000,9.925254463000044,53.560978387000034,2171106000025901470,9.925,53.561
126287,126288,2,3,2,312,2017,11,21,7,3,1,5,2,0,1,1,0,0,,0,565465.015699999990000,5936313.915400000300000,9.988602821000029,53.571600822000050,2171125000017923640,9.989,53.572
126290,126291,2,1,3,108,2017,11,16,7,3,4,6,1,0,1,1,0,0,,0,565695.598899999980000,5934147.280199999900000,9.991628805000062,53.552099949000080,2171125000014923780,9.992,53.552
126291,126292,2,3,5,317,2017,11,16,2,3,5,3,1,1,1,1,0,0,,0,563953.504500000040000,5938841.402200000400000,9.966298710000046,53.594502452000029,2171106000023901140,9.966,53.595
126298,126299,2,1,8,122,2017,11,7,6,3,5,2,2,1,1,1,0,0,,0,569374.795099999990000,5934867.882000000200000,10.047313686000052,53.558102789000031,2171124000041920410,10.047,53.558
126308,126309,2,4,13,432,2017,11,16,1,3,0,7,0,0,1,0,0,0,,0,566563.885899999990000,5947056.372800000000000,10.007490769000071,53.668006126000080,2171105000034921380,10.007,53.668
126319,126320,2,2,2,207,2017,11,11,7,3,0,6,0,0,1,0,0,0,,0,563911.662000000010000,5935026.890999999800000,9.964885642000070,53.560225482000078,2171104000016896770,9.965,53.56
126320,126321,2,1,4,111,2017,11,19,7,3,6,6,2,0,1,0,1,0,,0,563991.942000000040000,5934006.101599999700000,9.965888476000032,53.551041551000026,2171104000015880220,9.966,53.551
126322,126323,2,1,1,101,2017,11,13,7,3,6,7,0,0,1,0,1,0,,0,566061.112899999950000,5934304.763299999800000,9.997178343000030,53.553469421000045,2171104000014897050,9.997,53.553
126327,126328,2,5,18,526,2017,11,22,6,2,4,2,2,0,1,1,0,0,,0,575522.652499999970000,5942807.088800000000000,10.142027667000036,53.628601898000056,2171103000038895810,10.142,53.629
126328,126329,2,2,10,222,2017,11,8,6,3,2,6,0,1,1,1,0,0,,0,557258.726200000030000,5934063.102500000000000,9.864281825000035,53.552331348000052,2171124000026922460,9.864,53.552
126329,126330,2,5,18,526,2017,11,13,6,3,0,7,0,0,1,0,0,0,,0,576198.820399999970000,5939672.690299999900000,10.151483406000068,53.600336087000073,2171103000038881570,10.151,53.6
126331,126332,2,3,5,317,2017,11,22,6,3,5,3,2,1,1,1,0,0,,0,562706.152400000020000,5938296.866600000300000,9.947345357000074,53.589759241000081,2171124000023924340,9.947,53.59
126333,126334,2,3,2,312,2017,11,13,6,3,3,6,0,0,1,1,0,0,,0,565465.961699999990000,5936414.821800000000000,9.988638258000037,53.572507572000063,2171124000017925140,9.989,53.573
126334,126335,2,1,3,108,2017,11,9,6,3,0,7,0,1,1,0,0,0,,1,565578.864399999960000,5934260.332700000100000,9.989890783000021,53.553130574000079,2171124000014923420,9.99,53.553
126335,126336,2,5,18,526,2017,11,18,6,3,1,5,2,0,1,1,0,0,,0,576373.028999999980000,5939851.990000000200000,10.154159312000047,53.601922041000080,2171103000038869140,10.154,53.602
126336,126337,2,1,3,105,2017,11,8,6,3,5,3,0,1,1,1,0,0,,0,565113.008099999980000,5933261.949400000300000,9.982652096000038,53.544215815000030,2171124000014917190,9.983,53.544
126344,126345,2,4,10,428,2017,11,19,6,3,3,2,2,0,1,1,0,0,,0,569092.571299999950000,5938937.211400000400000,10.043954485000029,53.594711339000071,2171103000031896490,10.044,53.595
126346,126347,2,5,6,514,2017,11,15,5,3,5,3,0,0,1,1,0,0,,0,573775.084000000030000,5939061.332899999800000,10.114720045000070,53.595188713000027,2171123000038908120,10.115,53.595
126353,126354,2,4,11,430,2017,11,17,5,3,5,3,2,1,1,0,0,0,,0,568084.439999999940000,5942026.820000000300000,10.029399948000048,53.622609733000047,2171123000034923110,10.029,53.623
126355,126356,2,4,7,417,2017,11,16,6,3,4,6,1,1,1,1,0,0,,0,568337.019100000030000,5935571.375900000300000,10.031803607000029,53.564561308000066,2171103000031894700,10.032,53.565