,OBJECTID,ULAND,UREGBEZ,UKREIS,UGEMEINDE,UJAHR,UMONAT,USTUNDE,UWOCHENTAG,UKATEGORIE,UART,UTYP1,ULICHTVERH,STRZUSTAND,IstRad,IstPKW,IstFuss,IstKrad,IstGkfz,IstSonstig,LINREFX,LINREFY,XGCSWGS84,YGCSWGS84,UIDENTSTLA,lat_short,long_short
126358,126359,2,3,8,320,2017,11,10,6,2,0,4,0,0,1,0,1,0,,0,559720.884199999970000,5940301.241899999800000,9.902635093000072,53.608121922000066,2171103000027894430,9.903,53.608
126359,126360,2,2,5,216,2017,11,20,6,3,5,7,2,0,1,1,0,0,,0,560267.217300000020000,5935645.867999999800000,9.909992068000065,53.566219637000074,2171103000025900150,9.91,53.566
126360,126361,2,4,2,403,2017,11,12,6,3,0,7,0,0,1,0,0,0,,0,564967.539600000020000,5937836.720599999700000,9.981408469000030,53.585348468000063,2171103000023894480,9.981,53.585
126361,126362,2,4,1,401,2017,11,12,6,3,0,1,0,0,1,0,0,0,,0,564950.117500000050000,5937822.537899999900000,9.981142379000062,53.585223163000080,2171103000023875210,9.981,53.585
126362,126363,2,2,3,210,2017,11,10,6,3,0,2,0,0,1,0,0,0,,1,562625.560100000000000,5934660.661200000000000,9.945398680000039,53.557089077000057,2171103000021894710,9.945,53.557
126364,126365,2,6,5,606,2017,11,17,5,3,5,2,2,1,1,1,0,0,,0,583553.326899999990000,5920016.244800000500000,10.257353123000030,53.422572985000045,2171102000043893190,10.257,53.423
126369,126370,2,2,11,223,2017,11,16,5,3,0,7,1,1,1,0,0,0,,0,554284.764800000000000,5935401.623100000400000,9.819629568000039,53.564677450000033,2171123000026898810,9.82,53.565
126371,126372,2,5,17,525,2017,11,9,5,3,5,3,0,1,1,1,0,0,,0,576891.069999999950000,5945232.259999999800000,10.163315327000021,53.650196782000080,2171102000035892710,10.163,53.65
126372,126373,2,2,8,220,2017,11,15,5,3,4,2,0,0,1,1,0,0,,0,558707.865800000030000,5939255.684600000300000,9.887129197000036,53.598839531000067,2171123000025922330,9.887,53.599
126373,126374,2,2,5,215,2017,11,17,5,3,4,2,2,1,1,1,0,0,,0,561685.811100000050000,5935288.701799999900000,9.931338228000072,53.562844802000029,2171123000025922230,9.931,53.563
126374,126375,2,4,11,430,2017,11,15,5,3,3,2,0,0,1,1,0,0,,0,567597.998000000020000,5942349.717699999900000,10.022116616000062,53.625574650000033,2171102000034897030,10.022,53.626
126376,126377,2,1,3,107,2017,11,7,5,3,4,6,1,0,1,0,0,0,,1,565106.253900000010000,5933823.074000000000000,9.982666993000066,53.549259635000055,2171123000014905670,9.983,53.549
126379,126380,2,7,1,701,2017,11,9,4,3,6,4,0,1,1,0,1,0,,0,564494.617600000000000,5923821.070899999700000,9.971379488000025,53.459443422000049,2171122000046921200,9.971,53.459
126380,126381,2,4,13,432,2017,11,7,5,3,4,6,1,1,1,1,0,0,,0,567453.348099999940000,5947066.608799999600000,10.020953288000044,53.667984114000035,2171102000034891900,10.021,53.668
126381,126382,2,6,1,601,2017,11,15,4,3,6,6,0,1,1,0,1,0,,0,580343.172900000010000,5928619.191599999600000,10.211255897000058,53.500383999000064,2171122000043897080,10.211,53.5
126391,126392,2,5,18,526,2017,12,8,3,3,0,7,1,1,1,0,0,0,,0,576549.693100000030000,5939815.357300000300000,10.156819490000032,53.601567060000036,2171219000038954340,10.157,53.602
126398,126399,2,3,1,307,2017,12,8,3,3,4,2,0,0,1,1,0,0,,0,563035.030700000000000,5935781.095300000200000,9.951805171000046,53.567109784000081,2171219000021973550,9.952,53.567
126399,126400,2,1,3,108,2017,12,8,3,3,3,2,0,0,1,1,0,0,,0,565508.690100000010000,5934835.577899999900000,9.988952256000061,53.558309207000036,2171219000014976160,9.989,53.558
126400,126401,2,7,4,705,2017,12,11,2,2,5,3,0,0,1,1,0,0,,0,565818.371300000000000,5922265.592299999700000,9.990988330000050,53.445299984000030,2171218000046973290,9.991,53.445
126407,126408,2,5,11,519,2017,12,16,2,3,5,3,1,1,1,1,0,0,,0,571000.314499999980000,5945722.427100000000000,10.074321695000037,53.655434499000080,2171218000035950700,10.074,53.655
126409,126410,2,4,6,414,2017,12,17,2,3,3,2,2,0,1,1,0,0,,0,566915.763900000020000,5936894.094499999700000,10.010631551000074,53.576631954000050,2171218000031974060,10.011,53.577
126413,126414,2,2,3,208,2017,12,15,2,3,6,6,0,0,1,0,1,0,,0,563325.176100000040000,5935391.049800000200000,9.956106523000074,53.563569385000051,2171218000021974050,9.956,53.564
126429,126430,2,5,7,515,2017,12,15,7,3,5,3,0,1,1,1,0,0,,0,571021.143999999970000,5941599.731999999800000,10.073695515000054,53.618381489000058,2171216000036972830,10.074,53.618
126430,126431,2,5,16,524,2017,12,15,7,3,5,3,0,1,1,1,0,0,,0,574755.979500000020000,5947771.592100000000000,10.131630907000044,53.673326384000063,2171216000035972850,10.132,53.673
126431,126432,2,4,13,432,2017,12,12,7,3,5,2,0,1,1,1,0,0,,0,566996.036899999950000,5943937.063900000400000,10.013358024000070,53.639917600000047,2171216000034972720,10.013,53.64
126435,126436,2,2,6,218,2017,12,13,7,2,4,2,0,0,1,0,0,0,,1,558362.310500000020000,5934864.458999999800000,9.881087168000022,53.559412039000051,2171216000025972810,9.881,53.559
126447,126448,2,4,1,401,2017,12,1,6,3,1,7,2,1,1,1,0,0,,0,564829.256300000010000,5937607.446399999800000,9.979272245000061,53.583305042000063,2171215000023971100,9.979,53.583
126454,126455,2,1,15,134,2017,12,18,5,2,6,3,2,0,1,0,1,0,,0,567375.759599999990000,5930999.831899999600000,10.016307620000021,53.523600278000060,2171214000044971280,10.016,53.524
126462,126463,2,4,10,427,2017,12,18,5,2,5,3,2,1,1,1,0,0,,0,569042.786500000050000,5938401.971599999800000,10.043083914000022,53.589907676000053,2171214000031971290,10.043,53.59
126465,126466,2,3,5,317,2017,12,0,5,3,5,3,2,1,1,1,0,0,,0,562763.643999999970000,5938082.604000000300000,9.948170684000047,53.587826718000031,2171214000023970230,9.948,53.588
126467,126468,2,3,1,309,2017,12,7,5,3,4,2,0,0,1,1,0,0,,0,564231.035500000000000,5936330.779099999900000,9.969974622000052,53.571904907000032,2171214000017969960,9.97,53.572
126471,126472,2,6,2,602,2017,12,19,4,3,5,3,2,1,1,1,0,0,,0,578255.234100000000000,5928115.663499999800000,10.179659873000048,53.496173683000052,2171213000043947920,10.18,53.496
126475,126476,2,5,6,514,2017,12,13,4,3,5,2,0,1,1,1,0,0,,0,574450.824000000020000,5942666.121299999800000,10.125789586000053,53.627488572000061,2171213000038969040,10.126,53.627
126480,126481,2,5,7,515,2017,12,11,4,3,5,3,0,1,1,1,0,0,,0,571212.127800000020000,5941332.418300000000000,10.076521118000073,53.615953233000027,2171213000036946350,10.077,53.616
126483,126484,2,3,9,321,2017,12,17,4,3,3,2,2,1,1,1,0,0,,0,560864.390499999980000,5939225.900299999900000,9.919705897000029,53.598325855000041,2171213000027969220,9.92,53.598
126490,126491,2,1,3,107,2017,12,9,4,3,5,3,0,0,1,1,0,0,,0,565284.787000000010000,5934120.693900000300000,9.985423348000040,53.551912256000037,2171213000014961650,9.985,53.552
126493,126494,2,7,1,702,2017,12,11,3,3,1,5,0,0,1,1,0,0,,0,565310.797200000030000,5923985.465699999600000,9.983704475000025,53.460820346000048,2171212000046971400,9.984,53.461
126498,126499,2,1,7,119,2017,12,14,3,3,6,4,0,1,1,1,1,0,,0,568096.501799999970000,5934226.127500000400000,10.027879624000036,53.552502645000061,2171212000041966920,10.028,53.553
126507,126508,2,3,5,317,2017,12,14,3,3,5,3,0,1,1,0,0,0,,1,562340.258099999980000,5939335.870699999900000,9.942026062000025,53.599140730000045,2171212000023966860,9.942,53.599
126508,126509,2,3,5,317,2017,12,7,3,3,0,6,1,1,1,1,0,0,,0,562340.508900000020000,5939335.910799999700000,9.942029860000048,53.599141061000068,2171212000023966620,9.942,53.599
126510,126511,2,3,2,311,2017,12,18,3,3,1,5,2,1,1,1,0,0,,0,564888.432299999990000,5935981.441800000100000,9.979828024000028,53.568684428000040,2171212000017967130,9.98,53.569
126523,126524,2,5,2,509,2017,12,5,2,3,1,5,2,1,1,0,0,0,,1,571386.817200000050000,5937900.342100000000000,10.078375477000066,53.585085642000081,2171211000037964690,10.078,53.585
126524,126525,2,2,10,222,2017,12,8,2,3,1,5,0,0,1,1,0,0,,0,556232.922999999950000,5934132.378700000200000,9.848812363000036,53.553064852000034,2171211000026972920,9.849,53.553
126527,126528,2,3,2,312,2017,12,16,2,2,6,6,2,1,1,0,1,0,,0,565643.418999999990000,5935104.868999999900000,9.991042423000067,53.560712557000045,2171211000017951480,9.991,53.561
126534,126535,2,4,6,415,2017,12,18,1,3,5,3,2,2,1,1,0,0,,0,568002.826600000030000,5936141.320200000000000,10.026882689000047,53.569726882000055,2171210000031946340,10.027,53.57
126560,126561,2,5,9,517,2017,12,7,6,3,1,5,2,0,1,1,0,0,,0,571226.798900000050000,5943880.032700000300000,10.077325882000025,53.638846368000031,2171208000035948410,10.077,53.639
126567,126568,2,3,5,317,2017,12,11,6,3,5,3,0,1,1,1,0,0,,0,563402.622300000050000,5937540.564700000000000,9.957712116000039,53.582878380000068,2171208000023962070,9.958,53.583
126570,126571,2,2,2,207,2017,12,14,6,3,5,3,0,1,1,0,0,0,,1,564070.407200000020000,5934716.576799999900000,9.967218253000056,53.557417241000053,2171208000016963710,9.967,53.557
126571,126572,2,1,3,108,2017,12,23,6,2,3,6,2,2,1,0,0,0,,0,565199.659499999950000,5934771.128200000200000,9.984274287000062,53.557768458000055,2171208000014963960,9.984,53.558
126580,126581,2,4,5,410,2017,12,16,5,3,6,4,1,1,1,0,1,0,,0,566467.957000000050000,5938184.138000000300000,10.004144210000049,53.588282724000067,2171207000033961490,10.004,53.588
126585,126586,2,4,10,427,2017,12,18,5,2,3,6,2,1,1,1,0,0,,0,569095.719000000040000,5938066.186999999900000,10.043809091000071,53.586882991000039,2171207000031962370,10.044,53.587
126588,126589,2,3,8,320,2017,12,14,5,3,1,5,0,0,1,0,0,0,,1,560380.715800000010000,5939670.575699999900000,9.912484367000047,53.602378265000027,2171207000027960600,9.912,53.602
126603,126604,2,3,1,309,2017,12,13,5,3,5,3,0,0,1,0,0,1,,0,564085.979999999980000,5936161.889999999700000,9.967749775000073,53.570404792000033,2171207000017960460,9.968,53.57
126609,126610,2,2,8,220,2017,12,9,4,3,4,2,0,1,1,0,0,0,,1,558702.731700000000000,5939277.536999999500000,9.887055740000051,53.599036503000036,2171206000025959270,9.887,53.599
126610,126611,2,2,6,218,2017,12,8,4,3,3,6,1,0,1,1,0,0,,0,557306.094000000040000,5934836.002000000300000,9.865138421000040,53.559272662000069,2171206000025959030,9.865,53.559
126612,126613,2,3,2,311,2017,12,16,4,3,6,3,2,0,1,0,1,0,,0,564972.228299999960000,5935822.255500000000000,9.981060044000060,53.567243411000049,2171206000017960150,9.981,53.567
126622,126623,2,5,6,514,2017,12,17,3,3,5,3,2,1,1,1,0,0,,0,575196.513000000040000,5942647.009200000200000,10.137058290000027,53.627210253000044,2171205000038933820,10.137,53.627
126626,126627,2,5,17,525,2017,12,7,3,3,5,2,2,1,1,1,0,0,,0,576590.760699999980000,5944779.867600000500000,10.158661388000041,53.646175361000076,2171205000035958040,10.159,53.646
126634,126635,2,6,2,603,2017,12,17,6,3,1,7,2,0,1,1,0,0,,0,580710.456899999990000,5927008.240000000200000,10.216377320000049,53.485850707000054,2171229000043979890,10.216,53.486
126638,126639,2,1,8,126,2017,12,16,6,3,5,3,0,0,1,1,0,0,,0,569141.700799999990000,5933805.107300000300000,10.043560381000077,53.548582284000076,2171229000041979900,10.044,53.549
126645,126646,2,3,6,318,2017,12,12,3,3,4,6,0,0,1,1,0,0,,0,562389.527800000040000,5943312.066800000100000,9.943567031000043,53.634870039000077,2171205000024959790,9.944,53.635
126646,126647,2,3,5,317,2017,12,16,3,3,5,2,1,1,1,1,0,0,,0,563453.115600000020000,5939356.646499999800000,9.958844158000034,53.599193899000056,2171205000023959590,9.959,53.599
126647,126648,2,1,3,108,2017,12,13,3,3,2,6,0,1,1,1,0,0,,0,565821.876099999990000,5934774.331500000300000,9.993666592000068,53.557719591000080,2171205000014959910,9.994,53.558
126651,126652,2,7,10,711,2017,12,13,2,3,0,1,0,0,1,0,0,0,,0,563617.379399999980000,5924358.382700000000000,9.958277833000068,53.464379168000050,2171204000046938400,9.958,53.464
126652,126653,2,6,2,602,2017,12,19,2,3,0,5,2,1,1,1,0,0,,0,579277.272200000010000,5927322.810700000300000,10.194862628000067,53.488895511000067,2171204000043966570,10.195,53.489
126656,126657,2,5,18,526,2017,12,10,2,3,5,3,0,1,1,1,0,0,,0,576270.462000000060000,5941338.725999999800000,10.152973570000029,53.615297809000026,2171204000038958450,10.153,53.615
126660,126661,2,5,11,519,2017,12,10,2,3,5,3,0,1,1,1,0,0,,0,572215.381900000040000,5945644.027900000100000,10.092685286000062,53.654563592000045,2171204000035958470,10.093,53.655
126664,126665,2,3,7,319,2017,12,12,5,2,5,7,0,0,1,1,0,0,,0,560656.250200000010000,5943512.473199999900000,9.917396104000034,53.636874880000050,2171228000024978500,9.917,53.637
126665,126666,2,2,5,215,2017,12,14,2,3,5,3,0,0,1,1,0,0,,0,561787.641900000050000,5935731.536299999800000,9.932963039000072,53.566812745000050,2171204000025957850,9.933,53.567
126667,126668,2,1,15,134,2017,12,6,4,3,7,7,0,0,1,0,0,0,,1,567821.890999999950000,5931725.648000000000000,10.023193180000021,53.530065947000082,2171227000044979110,10.023,53.53
126669,126670,2,4,1,401,2017,12,8,2,2,5,3,0,1,1,1,0,0,,0,564833.598600000030000,5937604.115600000100000,9.979337135000037,53.583274570000071,2171204000023958510,9.979,53.583
126670,126671,2,5,18,526,2017,12,20,4,3,6,7,2,0,1,0,1,0,,0,575101.489900000040000,5941586.740399999500000,10.135365976000060,53.617695553000033,2171227000038979180,10.135,53.618
126700,126701,2,2,8,220,2017,12,13,7,3,5,3,0,0,1,1,0,0,,0,558822.971900000000000,5939494.745900000400000,9.888913432000038,53.600975173000052,2171202000025955480,9.889,53.601
126702,126703,2,5,2,508,2017,12,0,1,3,0,3,2,0,1,1,0,0,,0,572721.416199999980000,5938348.996700000000000,10.098636585000065,53.588934268000060,2171224000037977910,10.099,53.589
126706,126707,2,3,4,316,2017,12,11,7,3,5,3,0,1,1,1,0,0,,0,563892.913500000020000,5937318.905299999800000,9.965071555000066,53.580826761000026,2171202000023955100,9.965,53.581
126708,126709,2,6,2,602,2017,12,15,7,3,2,7,0,1,1,1,0,0,,0,580384.055000000050000,5927348.772099999700000,10.211546580000061,53.488960915000064,2171223000043977800,10.212,53.489
126709,126710,2,3,1,304,2017,12,11,7,3,1,5,0,0,1,0,0,0,,1,562742.403199999940000,5936178.564399999600000,9.947467117000031,53.570717045000038,2171202000023950160,9.947,53.571
126711,126712,2,2,4,213,2017,12,18,7,3,5,2,2,0,1,1,0,0,,0,561840.148000000040000,5934219.774700000000000,9.933456577000072,53.553219774000070,2171202000021955980,9.933,53.553
126714,126715,2,1,19,140,2017,12,6,6,3,5,3,2,0,1,1,0,0,,0,559111.218600000020000,5930179.610399999700000,9.891506804000073,53.517223042000069,2171201000047951550,9.892,53.517
126721,126722,2,5,18,526,2017,12,16,6,3,5,3,2,1,1,1,0,0,,0,575739.868400000040000,5941652.858500000100000,10.145030797000061,53.618197812000062,2171222000038977160,10.145,53.618
126727,126728,2,5,12,520,2017,12,12,6,3,5,3,0,1,1,1,0,0,,0,569478.099399999950000,5944739.874400000100000,10.051073375000044,53.646808784000029,2171222000035976420,10.051,53.647
126728,126729,2,5,10,518,2017,12,13,6,3,5,3,0,0,1,1,0,0,,0,573525.549600000030000,5945570.385999999900000,10.112487833000046,53.653719267000042,2171201000035953310,10.112,53.654
126732,126733,2,1,5,114,2017,12,15,6,3,2,4,0,0,1,1,1,0,,0,566791.750899999980000,5934396.643100000000000,10.008224932000076,53.554202716000077,2171201000011953660,10.008,53.554
126749,126750,2,5,7,515,2017,11,8,5,3,5,3,0,0,1,1,0,0,,0,572234.129500000040000,5939553.451700000100000,10.091555373000062,53.599825941000063,2171130000036916050,10.092,53.6
126755,126756,2,2,2,207,2017,12,12,6,3,1,5,0,1,1,0,0,0,,1,563756.366500000000000,5935142.429399999800000,9.962565055000027,53.561282749000043,2171222000016980350,9.963,53.561
126759,126760,2,2,1,201,2017,12,11,6,3,5,3,0,0,1,1,0,0,,0,563270.254199999970000,5933721.593700000100000,9.954939491000062,53.548572045000071,2171222000015977570,9.955,53.549
126763,126764,2,6,1,601,2017,11,14,4,3,5,3,0,0,1,1,0,0,,0,580085.719999999970000,5928980.285000000100000,10.207467694000059,53.503668288000028,2171129000043920370,10.207,53.504
126766,126767,2,1,11,128,2017,11,16,4,3,5,3,2,1,1,1,0,0,,0,571810.578400000000000,5932930.834400000100000,10.083633449000047,53.540366984000059,2171129000042924170,10.084,53.54
126767,126768,2,4,9,425,2017,12,15,5,3,1,5,0,1,1,1,0,0,,0,570649.636700000030000,5938372.604700000000000,10.067348642000070,53.589429693000056,2171221000037961560,10.067,53.589
126768,126769,2,5,10,518,2017,12,13,5,2,3,3,0,0,1,1,0,0,,0,573821.631500000020000,5944373.090599999800000,10.116682464000064,53.642917785000066,2171221000035975870,10.117,53.643
126772,126773,2,2,8,220,2017,12,15,5,3,5,3,0,1,1,1,0,0,,0,557870.685000000060000,5937980.125799999600000,9.874243575000037,53.587468574000070,2171221000025975910,9.874,53.587
126773,126774,2,2,3,208,2017,12,2,5,3,8,1,2,1,1,0,0,0,,0,563306.367500000050000,5935408.892300000400000,9.955826203000072,53.563732011000070,2171221000021975710,9.956,53.564
126774,126775,2,5,2,509,2017,11,6,4,3,0,7,2,0,1,0,0,0,,1,572510.531100000020000,5938945.951999999600000,10.095590063000031,53.594328246000032,2171129000037926880,10.096,53.594
126778,126779,2,6,1,601,2017,12,12,4,3,3,2,0,1,1,1,0,0,,0,580204.379599999990000,5930000.741299999900000,10.209517399000049,53.512820695000073,2171220000043975550,10.21,53.513
126782,126783,2,4,5,410,2017,11,20,4,3,6,4,2,1,1,0,1,0,,0,567104.312999999970000,5938178.192599999700000,10.013754838000068,53.588148236000052,2171129000033924070,10.014,53.588
126787,126788,2,4,2,403,2017,11,16,4,3,5,3,2,1,1,0,0,0,,1,565180.351000000020000,5938943.190000000400000,9.984853912000062,53.595266127000059,2171129000023925750,9.985,53.595
126792,126793,2,6,1,601,2017,11,17,3,3,5,2,2,1,1,1,0,0,,0,579796.099300000000000,5927586.067300000200000,10.202747415000033,53.491182902000048,2171128000043920560,10.203,53.491
126794,126795,2,5,18,526,2017,11,18,3,3,5,3,2,1,1,1,0,0,,0,575178.061899999970000,5940929.583399999900000,10.136364711000056,53.611778876000074,2171128000038924880,10.136,53.612
126797,126798,2,5,2,505,2017,11,11,3,3,3,2,0,1,1,1,0,0,,0,570242.551400000000000,5936275.670500000000000,10.060727802000031,53.570639225000036,2171128000037917530,10.061,53.571
126805,126806,2,5,8,516,2017,12,15,4,3,0,3,0,0,1,1,0,0,,0,569769.845300000040000,5940624.109699999900000,10.054563444000053,53.609781778000070,2171220000036980300,10.055,53.61
126806,126807,2,5,14,522,2017,12,16,4,3,5,7,2,1,1,1,0,0,,0,573345.650900000010000,5951084.931599999800000,10.111069963000034,53.703302159000032,2171220000035961210,10.111,53.703
126808,126809,2,5,17,525,2017,12,8,4,3,5,3,0,1,1,1,0,0,,0,577088.027099999950000,5945420.245600000000000,10.166341117000059,53.651857144000076,2171220000035960700,10.166,53.652
126814,126815,2,4,5,413,2017,12,7,4,3,4,6,1,1,1,0,0,0,,0,566472.439999999940000,5937008.230000000400000,10.003961448000041,53.577714077000053,2171220000033970980,10.004,53.578
126816,126817,2,2,5,215,2017,11,18,3,3,5,3,0,1,1,1,0,0,,0,560786.349099999990000,5937153.031700000200000,9.918122887000038,53.579705250000075,2171128000025924920,9.918,53.58
126817,126818,2,4,8,421,2017,12,8,4,2,5,2,0,1,1,1,0,0,,0,568337.103499999970000,5937292.151800000100000,10.032181457000036,53.580026088000068,2171220000031974580,10.032,53.58
126828,126829,2,2,5,215,2017,12,9,4,3,5,3,0,1,1,1,0,0,,0,561413.321800000030000,5935491.872999999700000,9.927264689000026,53.564702740000030,2171220000025975470,9.927,53.565
126830,126831,2,3,1,305,2017,11,13,3,3,0,7,0,1,1,0,0,0,,1,563117.693800000010000,5936751.926199999600000,9.953249385000049,53.575825014000031,2171128000023914880,9.953,53.576
126831,126832,2,2,4,211,2017,11,17,3,3,6,4,2,1,1,0,1,0,,0,561503.906599999990000,5934499.163099999500000,9.928436828000031,53.555770251000069,2171128000021925080,9.928,53.556
126836,126837,2,1,11,129,2017,11,16,2,3,5,3,2,1,1,1,0,0,,0,571820.739300000020000,5934556.434399999700000,10.084160077000035,53.554974846000050,2171127000042923880,10.084,53.555
126838,126839,2,5,18,526,2017,11,8,2,3,5,3,0,0,1,1,0,0,,0,574792.961099999960000,5939564.396099999500000,10.130217277000042,53.599565385000062,2171127000038924490,10.13,53.6
126840,126841,2,3,1,306,2017,12,18,4,3,6,6,2,1,1,0,1,0,,0,563154.861999999960000,5936452.064399999600000,9.953749986000048,53.573125589000028,2171220000023976100,9.954,53.573
126841,126842,2,5,6,514,2017,11,14,2,3,3,6,0,1,1,0,0,0,,0,574258.385099999960000,5940697.817499999900000,10.122410914000056,53.609827216000042,2171127000038907470,10.122,53.61
126844,126845,2,3,1,303,2017,12,7,4,3,5,3,1,1,1,0,0,0,,0,562839.783500000020000,5937147.865299999700000,9.949132518000056,53.579416812000034,2171220000023975430,9.949,53.579
126846,126847,2,3,8,320,2017,11,14,2,3,5,3,0,1,1,0,0,0,,1,559866.427299999980000,5940387.951399999700000,9.904851223000037,53.608884604000082,2171127000027922560,9.905,53.609
126851,126852,2,1,6,115,2017,12,20,4,3,6,4,2,1,1,0,1,0,,0,566847.336499999980000,5934002.639399999800000,10.008979613000065,53.550654652000048,2171220000011954210,10.009,53.551
126860,126861,2,2,4,211,2017,11,8,2,2,4,6,0,0,1,0,0,0,,0,561652.601900000010000,5934829.432000000000000,9.930746292000038,53.558721066000032,2171127000021923740,9.931,53.559
6022,6023,2,2,5,215,2018,5,17,2,3,5,2,0,0,1,1,0,0,0.0,0,560890.045500000010000,5935408.464200000300000,9.919348735000028,53.564014088000079,,9.919,53.564
6023,6024,2,2,5,216,2018,4,20,4,3,4,3,2,1,1,0,0,0,0.0,0,560700.546500000050000,5935454.449799999600000,9.916496920000043,53.564449333000027,,9.916,53.564
6041,6042,2,4,7,417,2018,4,18,6,3,5,2,0,0,1,1,0,0,0.0,0,568506.323600000000000,5935520.318099999800000,10.034348241000032,53.564080372000035,,10.034,53.564
6075,6076,2,3,6,318,2018,5,9,3,3,5,3,0,0,1,0,0,0,0.0,0,562071.232500000040000,5942222.873100000400000,9.938536649000071,53.625119005000045,,9.939,53.625
6095,6096,2,2,3,209,2018,1,19,4,2,3,6,2,1,1,0,0,0,0.0,1,562581.287600000040000,5935324.786700000100000,9.944863440000063,53.563063091000060,,9.945,53.563
6129,6130,2,3,5,317,2018,4,20,4,3,6,3,0,0,1,0,1,0,0.0,0,563907.396199999960000,5939173.958200000200000,9.965670307000039,53.597496839000030,,9.966,53.597
6131,6132,2,7,14,715,2018,1,13,6,3,5,3,0,0,1,1,0,0,0.0,0,556903.726799999950000,5925086.687900000300000,9.857294156000023,53.471693122000033,,9.857,53.472
6198,6199,2,4,7,417,2018,2,15,5,3,5,2,0,1,1,1,0,0,0.0,0,568524.504399999980000,5935516.441999999800000,10.034621846000050,53.564043164000054,,10.035,53.564
6224,6225,2,1,1,101,2018,3,14,3,3,3,2,0,0,1,0,0,0,0.0,1,565862.976499999990000,5933618.340900000200000,9.994043423000051,53.547325272000080,,9.994,53.547
6281,6282,2,4,2,403,2018,4,18,7,3,5,3,0,0,1,1,0,0,0.0,0,565120.935599999970000,5938845.920800000400000,9.983935998000050,53.594399334000059,,9.984,53.594
6410,6411,2,4,4,407,2018,4,23,3,3,5,3,2,1,1,1,0,0,0.0,0,565365.406700000050000,5939877.530700000000000,9.987845487000072,53.603640176000056,,9.988,53.604
6505,6506,2,2,5,215,2018,5,16,2,3,5,3,0,0,1,1,0,0,0.0,0,561069.662000000010000,5935396.560200000200000,9.922057963000043,53.563886230000037,,9.922,53.564
6558,6559,2,4,3,406,2018,5,10,7,3,5,3,0,0,1,1,0,0,0.0,0,565922.471800000060000,5940710.984600000100000,9.996439152000050,53.611060769000062,,9.996,53.611
6591,6592,2,3,6,318,2018,4,11,6,3,0,3,0,0,1,1,0,0,0.0,1,562019.209400000050000,5942288.521099999500000,9.937763240000038,53.625715167000067,,9.938,53.626
6615,6616,2,4,5,409,2018,5,18,7,3,0,7,0,0,1,1,0,0,0.0,0,566047.540599999950000,5938858.050800000300000,9.997936663000075,53.594392420000077,,9.998,53.594
6638,6639,2,1,1,102,2018,3,10,4,3,5,2,0,1,1,1,0,0,0.0,0,565961.786300000040000,5933630.603099999900000,9.995537059000071,53.547423073000061,,9.996,53.547
6764,6765,2,3,5,317,2018,4,18,2,3,5,3,0,0,1,1,0,0,0.0,0,563784.992199999980000,5939437.907800000200000,9.963875015000042,53.599883930000033,,9.964,53.6
6779,6780,2,4,2,405,2018,2,21,7,3,5,3,2,0,1,1,0,0,0.0,0,565114.425700000020000,5939254.047899999700000,9.983922879000033,53.598068063000028,,9.984,53.598
6785,6786,2,1,8,124,2018,5,17,2,3,5,3,0,0,1,1,0,0,0.0,0,569424.983600000040000,5934218.298899999800000,10.047926945000029,53.552258296000048,,10.048,53.552
6798,6799,2,1,3,107,2018,2,9,2,3,5,3,0,1,1,1,0,0,0.0,0,565227.963600000020000,5933702.882899999600000,9.984478624000076,53.548164339000039,,9.984,53.548
6812,6813,2,1,4,111,2018,5,15,3,3,3,2,0,0,1,1,0,0,0.0,0,563985.758200000040000,5934237.838700000200000,9.965842580000071,53.553124999000033,,9.966,53.553
6813,6814,2,7,10,711,2018,4,13,5,3,5,2,0,0,1,1,0,0,0.0,0,561237.128799999950000,5925022.933500000300000,9.922558478000042,53.470633985000063,,9.923,53.471
6832,6833,2,1,3,107,2018,3,14,3,3,5,3,0,0,1,1,0,0,0.0,0,564803.327500000010000,5933829.322100000500000,9.978096868000023,53.549353263000057,,9.978,53.549
6865,6866,2,3,6,318,2018,1,13,3,3,5,2,0,0,1,1,0,0,0.0,0,562565.261399999960000,5941640.460300000400000,9.945888364000041,53.619825913000057,,9.946,53.62
6883,6884,2,1,4,111,2018,1,22,6,3,5,3,2,1,1,1,0,0,0.0,0,564246.738600000040000,5933995.172899999700000,9.969731503000048,53.550912214000050,,9.97,53.551
6907,6908,2,4,6,414,2018,3,8,5,3,5,2,0,1,1,1,0,0,0.0,0,567708.547600000050000,5936620.977800000500000,10.022543683000038,53.574075686000072,,10.023,53.574