,OBJECTID,ULAND,UREGBEZ,UKREIS,UGEMEINDE,UJAHR,UMONAT,USTUNDE,UWOCHENTAG,UKATEGORIE,UART,UTYP1,ULICHTVERH,STRZUSTAND,IstRad,IstPKW,IstFuss,IstKrad,IstGkfz,IstSonstig,LINREFX,LINREFY,XGCSWGS84,YGCSWGS84,UIDENTSTLA,lat_short,long_short
6954,6955,2,1,1,102,2018,1,8,3,3,5,2,0,0,1,1,0,0,0.0,0,565346.384100000020000,5933660.916699999900000,9.986256872000070,53.547772454000039,,9.986,53.548
7055,7056,2,4,5,409,2018,1,8,4,3,3,2,0,1,1,1,0,0,0.0,0,566401.218899999980000,5938635.010200000400000,10.003232133000040,53.592343239000058,,10.003,53.592
7102,7103,2,2,5,216,2018,5,16,6,3,0,7,0,0,1,0,0,0,0.0,0,560086.644399999990000,5935597.127100000200000,9.907256547000031,53.565802289000032,,9.907,53.566
7134,7135,2,2,5,215,2018,4,16,3,3,4,2,0,0,1,1,0,0,0.0,0,560962.095699999950000,5935405.223299999700000,9.920435799000074,53.563976596000032,,9.92,53.564
7156,7157,2,3,7,319,2018,5,6,3,3,3,2,0,0,1,0,0,0,1.0,0,560167.238400000030000,5942450.687800000400000,9.909795748000022,53.627388699000051,,9.91,53.627
7169,7170,2,4,6,415,2018,2,14,3,3,5,3,0,0,1,0,0,0,0.0,1,568175.016999999990000,5935992.910000000100000,10.029450010000062,53.568370757000082,,10.029,53.568
7174,7175,2,2,3,209,2018,5,8,4,3,1,5,0,0,1,1,0,0,0.0,0,562444.798700000040000,5935354.909300000400000,9.942809033000060,53.563350072000048,,9.943,53.563
7195,7196,2,2,6,218,2018,3,16,4,3,0,7,0,0,1,0,0,0,0.0,0,557960.495200000000000,5936110.953800000300000,9.875253067000074,53.570659466000052,,9.875,53.571
7270,7271,2,3,9,321,2018,3,1,2,3,4,2,2,0,1,1,0,0,0.0,0,561813.031899999940000,5937585.569799999700000,9.933713428000033,53.583472629000028,,9.934,53.583
7301,7302,2,1,6,117,2018,5,17,4,2,6,7,0,0,1,0,1,0,0.0,0,568268.897200000010000,5933442.973500000300000,10.030310401000065,53.545441939000057,,10.03,53.545
7355,7356,2,3,1,306,2018,5,17,2,3,3,2,0,0,1,0,0,0,0.0,0,563524.397400000020000,5936612.309100000200000,9.959362368000029,53.574521139000069,,9.959,53.575
7432,7433,2,1,14,132,2018,1,16,3,2,5,2,2,0,1,1,0,0,0.0,0,568396.947999999970000,5932898.406299999900000,10.032123525000031,53.540531171000055,,10.032,53.541
7448,7449,2,4,2,403,2018,2,17,4,2,5,3,2,0,1,1,0,0,0.0,0,565063.405200000040000,5938358.201999999600000,9.982965149000052,53.590023247000033,,9.983,53.59
7532,7533,2,3,1,306,2018,2,16,5,3,6,4,0,1,1,0,1,0,0.0,0,563462.463499999950000,5936456.336199999800000,9.958395468000049,53.573126860000059,,9.958,53.573
7541,7542,2,3,5,317,2018,3,10,4,3,0,2,0,1,1,0,0,1,0.0,0,563974.186299999940000,5938794.549700000300000,9.966601540000056,53.594078854000031,,9.967,53.594
7552,7553,2,1,4,110,2018,2,13,3,3,1,5,0,0,1,1,0,0,0.0,0,563671.615800000030000,5934945.214100000400000,9.961245542000029,53.559520602000077,,9.961,53.56
7591,7592,2,3,5,317,2018,5,5,3,3,3,2,0,0,1,1,0,0,0.0,0,564111.164899999970000,5937936.512000000100000,9.968494506000070,53.586350720000041,,9.968,53.586
7634,7635,2,3,6,318,2018,2,15,4,3,5,3,0,0,1,1,0,0,0.0,0,563040.136100000000000,5940895.115399999500000,9.952915766000047,53.613070366000045,,9.953,53.613
7705,7706,2,4,2,405,2018,2,20,2,2,0,7,2,2,1,0,0,0,0.0,0,565116.602900000060000,5939101.268899999600000,9.983923866000055,53.596694737000064,,9.984,53.597
7725,7726,2,4,3,406,2018,1,14,3,3,3,2,0,0,1,1,0,0,0.0,0,565295.489999999990000,5939840.265999999800000,9.986781225000073,53.603313988000082,,9.987,53.603
7737,7738,2,2,3,209,2018,5,21,3,3,0,5,2,0,1,1,0,0,0.0,0,562590.146500000030000,5935395.440100000200000,9.945011327000032,53.563697022000042,,9.945,53.564
7752,7753,2,1,4,111,2018,2,12,5,3,0,3,0,0,1,0,0,0,0.0,1,564027.193699999950000,5934181.868099999600000,9.966456474000040,53.552616922000027,,9.966,53.553
7771,7772,2,1,4,110,2018,4,8,6,3,5,3,0,0,1,0,1,0,0.0,0,563579.119599999980000,5935008.610299999800000,9.959862247000046,53.560101576000079,,9.96,53.56
7848,7849,2,4,5,409,2018,5,15,1,3,4,6,0,0,1,0,0,0,0.0,0,566051.305700000030000,5938858.598100000100000,9.997993657000052,53.594396864000032,,9.998,53.594
7877,7878,2,2,12,225,2018,5,13,4,3,5,2,0,0,1,1,0,0,0.0,0,554481.991700000010000,5936713.792000000400000,9.822836017000043,53.576450310000041,,9.823,53.576
7878,7879,2,1,3,107,2018,4,1,4,3,0,7,2,0,1,0,0,0,0.0,0,564947.724200000060000,5933795.455500000200000,9.980268909000074,53.549031053000078,,9.98,53.549
7917,7918,2,3,4,316,2018,4,14,5,3,5,2,0,1,1,1,0,0,0.0,0,563793.332999999980000,5937145.045099999800000,9.963532139000051,53.579276353000068,,9.964,53.579
7920,7921,2,2,3,209,2018,3,20,5,3,5,3,2,0,1,1,0,0,0.0,0,562521.105499999950000,5935958.931800000400000,9.944081853000057,53.568769549000081,,9.944,53.569
7986,7987,2,3,9,321,2018,2,8,2,2,5,3,0,0,1,1,0,0,0.0,0,561880.551400000000000,5937248.912600000400000,9.934666438000022,53.580439009000031,,9.935,53.58
8000,8001,2,4,2,403,2018,1,12,3,3,5,3,0,0,1,1,0,0,0.0,0,565040.864100000010000,5938325.402999999900000,9.982617819000041,53.589731273000041,,9.983,53.59
8001,8002,2,2,5,217,2018,5,14,6,3,1,5,0,0,1,1,0,0,0.0,0,557603.577700000020000,5936165.399000000200000,9.869874034000077,53.571188103000054,,9.87,53.571
8022,8023,2,3,6,318,2018,3,7,3,3,5,2,0,1,1,1,0,0,0.0,0,563319.771799999990000,5940659.991899999800000,9.957094306000045,53.610923527000068,,9.957,53.611
8055,8056,2,7,14,715,2018,5,12,3,3,0,7,0,0,1,0,0,0,0.0,0,555265.302600000050000,5925052.501100000000000,9.832607047000067,53.471560376000070,,9.833,53.472
8073,8074,2,3,6,318,2018,5,6,4,3,5,3,0,0,1,0,0,0,0.0,1,562684.322599999960000,5944954.025299999900000,9.948355775000039,53.649591469000029,,9.948,53.65
8086,8087,2,4,7,417,2018,4,16,3,2,5,2,0,1,1,0,0,0,0.0,1,568505.990499999960000,5935519.804800000000000,10.034343100000058,53.564075803000037,,10.034,53.564
8132,8133,2,2,5,217,2018,4,17,2,3,5,2,0,1,1,1,0,0,0.0,0,558029.687999999970000,5936071.425800000300000,9.876290458000028,53.570296559000042,,9.876,53.57
8153,8154,2,7,14,715,2018,4,12,5,3,5,3,0,0,1,1,0,0,0.0,0,555918.328400000000000,5925170.980000000400000,9.842465226000059,53.472556288000078,,9.842,53.473
8229,8230,2,2,12,225,2018,1,14,4,3,4,2,0,0,1,1,0,0,0.0,0,554528.905999999960000,5936703.446600000400000,9.823542671000041,53.576352454000073,,9.824,53.576
8244,8245,2,4,5,409,2018,4,18,5,3,5,3,0,1,1,1,0,0,0.0,0,566070.224000000050000,5938861.348000000200000,9.998280036000040,53.594419194000068,,9.998,53.594
8257,8258,2,7,14,715,2018,10,15,4,3,4,2,0,0,1,1,0,0,0.0,0,557300.351799999950000,5925063.347799999600000,9.863264588000050,53.471440335000068,,9.863,53.471
8259,8260,2,2,5,215,2018,8,18,2,3,5,2,0,0,1,1,0,0,0.0,0,561690.463299999940000,5935355.762900000400000,9.931421699000055,53.563446959000032,,9.931,53.563
8260,8261,2,4,5,409,2018,9,9,5,3,0,1,0,0,1,0,0,0,0.0,0,566525.987800000000000,5938587.382299999700000,10.005106744000045,53.591899382000065,,10.005,53.592
8262,8263,2,4,7,417,2018,8,0,5,2,5,3,2,0,1,1,0,0,0.0,0,568362.272299999950000,5935271.425900000100000,10.032119201000057,53.561862334000068,,10.032,53.562
8266,8267,2,3,9,321,2018,6,16,6,3,3,2,0,0,1,1,0,0,0.0,0,562055.446099999940000,5936912.027300000200000,9.937240749000068,53.577390639000043,,9.937,53.577
8271,8272,2,3,1,305,2018,8,9,5,3,5,3,0,0,1,0,0,0,0.0,0,563698.186899999970000,5936981.072200000300000,9.962061818000052,53.577814246000059,,9.962,53.578
8278,8279,2,3,7,319,2018,6,14,5,3,0,3,0,1,1,1,0,0,0.0,0,560195.358000000010000,5943749.060999999800000,9.910472093000067,53.639054382000040,,9.91,53.639
8279,8280,2,4,5,411,2018,7,11,4,2,4,6,0,0,1,0,0,0,0.0,0,567485.849099999990000,5937563.206600000200000,10.019384749000039,53.582572315000050,,10.019,53.583
8287,8288,2,3,5,317,2018,9,15,4,3,0,7,0,0,1,0,0,0,0.0,0,563953.002499999940000,5938955.803000000300000,9.966314588000046,53.595530662000044,,9.966,53.596
8293,8294,2,1,14,133,2018,7,9,5,3,4,6,0,0,1,0,0,0,0.0,0,568160.533900000040000,5932189.884999999800000,10.028402293000056,53.534194305000028,,10.028,53.534
8307,8308,2,1,7,120,2018,10,15,4,3,5,3,0,0,1,0,0,0,1.0,0,568031.231000000030000,5934624.997000000400000,10.026981375000048,53.556095805000041,,10.027,53.556
8308,8309,2,1,1,101,2018,6,15,4,3,4,6,0,0,1,0,1,0,0.0,0,566466.486999999960000,5933634.076000000400000,10.003153782000027,53.547390643000028,,10.003,53.547
8324,8325,2,3,6,318,2018,8,13,6,3,0,7,0,0,1,0,0,0,0.0,1,563281.633999999960000,5940691.038999999900000,9.956524239000032,53.611207163000074,,9.957,53.611
8325,8326,2,4,6,414,2018,8,16,5,3,6,3,0,0,1,0,1,0,0.0,0,567784.352199999960000,5936514.955699999800000,10.023665277000021,53.573113063000051,,10.024,53.573
8329,8330,2,4,5,409,2018,7,11,3,3,5,3,0,0,1,1,0,0,0.0,0,566209.288999999990000,5938758.161000000300000,10.000358963000053,53.593474290000074,,10.0,53.593
8337,8338,2,3,6,318,2018,9,17,4,3,3,2,0,0,1,0,0,0,0.0,1,563064.564200000020000,5940873.023600000000000,9.953280493000023,53.612868881000054,,9.953,53.613
8338,8339,2,2,6,218,2018,6,16,3,3,4,2,0,0,1,1,0,0,0.0,0,558016.924899999980000,5936078.875000000000000,9.876099134000071,53.570364921000078,,9.876,53.57
8339,8340,2,4,5,409,2018,9,11,3,3,5,2,0,0,1,1,0,0,0.0,0,566089.890000000010000,5938865.817699999500000,9.998578075000069,53.594456884000067,,9.999,53.594
8343,8344,2,1,3,106,2018,12,10,3,3,3,2,0,1,1,0,0,0,0.0,1,564323.723200000010000,5933932.992700000300000,9.970880523000062,53.550343956000063,,9.971,53.55
8346,8347,2,6,1,601,2018,8,17,3,3,5,3,0,0,1,1,0,0,0.0,0,579619.671500000050000,5927688.514600000300000,10.200114797000026,53.492130293000059,,10.2,53.492
8359,8360,2,3,9,321,2018,7,12,3,3,6,3,0,0,1,0,1,0,0.0,0,561690.136300000010000,5938033.218299999800000,9.931945811000048,53.587510275000056,,9.932,53.588
8364,8365,2,3,6,318,2018,7,15,1,3,4,6,0,0,1,0,0,0,0.0,0,562707.947999999970000,5944949.810200000200000,9.948712301000057,53.649550756000053,,9.949,53.65
8367,8368,2,1,4,111,2018,12,9,7,3,5,3,0,1,1,1,0,0,0.0,0,564056.517200000000000,5934144.197900000000000,9.966891309000062,53.552274791000059,,9.967,53.552
8369,8370,2,2,5,216,2018,7,8,2,3,3,2,0,0,1,1,0,0,0.0,0,560014.496000000040000,5935585.171600000000000,9.906165021000049,53.565703096000050,,9.906,53.566
8371,8372,2,2,5,215,2018,9,16,2,3,5,3,0,0,1,0,0,0,0.0,0,561344.792600000040000,5935376.119300000400000,9.926207404000024,53.563670431000048,,9.926,53.564
8382,8383,2,2,3,209,2018,12,7,3,3,4,6,2,0,1,0,0,0,0.0,0,562813.408300000010000,5935252.022900000200000,9.948352885000077,53.562381407000032,,9.948,53.562
8386,8387,2,1,4,111,2018,9,8,3,3,5,3,0,0,1,0,0,0,1.0,0,563921.872899999960000,5934359.407200000200000,9.964903262000064,53.554225356000074,,9.965,53.554
8396,8397,2,3,8,320,2018,11,18,6,3,5,3,2,1,1,1,0,0,0.0,0,560030.288999999990000,5941385.821000000500000,9.907519875000048,53.617834080000080,,9.908,53.618
8403,8404,2,7,10,711,2018,6,12,1,2,3,2,0,0,1,1,0,0,0.0,0,563908.228800000040000,5924933.002799999900000,9.962775123000029,53.469508327000028,,9.963,53.47
8406,8407,2,4,5,409,2018,11,14,4,3,5,5,0,0,1,1,0,0,0.0,0,566190.558700000050000,5938849.632100000000000,10.000095428000066,53.594298720000040,,10.0,53.594
8410,8411,2,4,5,412,2018,8,15,2,2,3,2,0,0,1,1,0,0,0.0,0,567401.761300000010000,5937892.975900000000000,10.018186039000057,53.585546806000082,,10.018,53.586
8411,8412,2,2,5,216,2018,9,16,2,3,3,2,0,0,1,1,0,0,0.0,0,560586.818899999950000,5935493.635200000400000,9.914787626000077,53.564814652000052,,9.915,53.565
8417,8418,2,6,1,601,2018,12,7,5,3,3,2,1,0,1,0,0,0,0.0,1,579769.647299999950000,5927586.650899999800000,10.202348955000048,53.491192158000047,,10.202,53.491
8418,8419,2,7,13,714,2018,10,13,5,3,5,3,0,1,1,1,0,0,0.0,0,558672.698899999960000,5925155.148000000000000,9.883954306000021,53.472114272000056,,9.884,53.472
8420,8421,2,1,4,110,2018,8,17,3,3,2,6,0,0,1,0,0,0,1.0,0,563846.285799999950000,5934772.008800000000000,9.963846727000032,53.557942734000051,,9.964,53.558
8422,8423,2,1,6,117,2018,6,16,1,3,5,2,0,0,1,1,0,0,0.0,0,567945.210100000030000,5934160.257799999800000,10.025582045000021,53.551930265000067,,10.026,53.552
8429,8430,2,4,7,417,2018,7,15,7,3,0,6,0,0,1,0,0,0,0.0,0,568281.563599999990000,5935185.706199999900000,10.030882164000047,53.561102467000069,,10.031,53.561
8447,8448,2,7,1,701,2018,6,20,7,3,5,3,0,0,1,1,0,0,0.0,0,564542.580500000040000,5924624.379999999900000,9.972266713000067,53.466657234000081,,9.972,53.467
8456,8457,2,3,5,317,2018,8,9,2,3,5,3,0,0,1,1,0,0,0.0,0,564012.131999999980000,5938551.519000000300000,9.967124900000044,53.591890044000081,,9.967,53.592
8462,8463,2,1,4,111,2018,6,16,5,3,2,2,0,0,1,1,0,0,0.0,0,563869.414100000050000,5934646.980499999600000,9.964170276000061,53.556816252000033,,9.964,53.557
8465,8466,2,1,1,102,2018,12,11,5,3,5,3,0,1,1,1,0,0,0.0,0,565350.388799999960000,5933659.748300000100000,9.986317060000033,53.547761455000057,,9.986,53.548
8476,8477,2,2,14,227,2018,6,13,6,3,4,2,0,0,1,1,0,0,0.0,0,549737.362500000050000,5937464.319199999800000,9.751305053000067,53.583667232000039,,9.751,53.584
8504,8505,2,3,5,317,2018,7,11,5,3,0,6,0,0,1,0,1,0,0.0,0,563769.411300000040000,5939461.053299999800000,9.963644338000051,53.600093840000056,,9.964,53.6
8506,8507,2,3,1,306,2018,6,15,4,3,4,2,0,0,1,1,0,0,0.0,0,563085.083100000050000,5936263.798999999600000,9.952658328000041,53.571441983000057,,9.953,53.571
8511,8512,2,2,5,216,2018,6,15,5,2,5,2,0,0,1,0,0,0,0.0,1,559527.331299999960000,5935522.194199999800000,9.898798269000054,53.565192579000040,,9.899,53.565
8516,8517,2,3,4,316,2018,12,8,4,3,4,2,0,0,1,1,0,0,0.0,0,563703.157499999970000,5936990.061400000000000,9.962138714000048,53.577894431000061,,9.962,53.578
8529,8530,2,1,3,106,2018,8,8,2,3,3,6,0,1,1,0,0,0,0.0,0,564613.298799999990000,5933839.898600000000000,9.975231348000023,53.549471736000044,,9.975,53.549
8530,8531,2,7,10,711,2018,12,14,6,3,5,3,0,1,1,1,0,0,0.0,0,563961.343800000030000,5924915.792999999600000,9.963571671000068,53.469347206000066,,9.964,53.469
8533,8534,2,6,2,602,2018,6,16,4,3,3,2,0,0,1,1,0,0,0.0,0,579832.476000000020000,5927485.415000000000000,10.203269973000033,53.490272852000032,,10.203,53.49
8535,8536,2,4,2,405,2018,8,10,5,3,3,2,0,0,1,0,0,0,1.0,0,565117.961400000030000,5939014.467100000000000,9.983926262000068,53.595914463000042,,9.984,53.596
8536,8537,2,4,7,417,2018,9,7,4,3,3,2,0,0,1,1,0,0,0.0,0,568511.917299999970000,5935537.515900000000000,10.034436454000058,53.564234200000044,,10.034,53.564
8538,8539,2,2,5,217,2018,6,16,4,3,1,7,0,0,1,1,0,0,0.0,0,557693.956499999970000,5936160.458300000100000,9.871237762000021,53.571133767000049,,9.871,53.571
8541,8542,2,2,12,225,2018,11,15,5,3,3,2,0,0,1,1,0,0,0.0,0,554501.863699999990000,5936709.921199999700000,9.823135432000072,53.576413456000068,,9.823,53.576
8543,8544,2,2,5,216,2018,10,14,2,3,5,2,0,0,1,1,0,0,0.0,0,560590.863400000030000,5935492.223799999800000,9.914848411000037,53.564801500000044,,9.915,53.565
8548,8549,2,1,3,107,2018,9,8,3,2,2,6,0,0,1,0,0,0,0.0,0,565215.009700000050000,5933707.534000000000000,9.984284114000047,53.548207749000028,,9.984,53.548
8561,8562,2,3,8,320,2018,6,8,4,3,4,2,0,0,1,1,0,0,0.0,0,560071.229999999980000,5941676.282999999800000,9.908194758000036,53.620439873000066,,9.908,53.62
8570,8571,2,3,5,317,2018,6,14,4,3,5,2,0,0,1,1,0,0,0.0,0,563658.755499999970000,5939819.375300000400000,9.962045612000054,53.603327622000052,,9.962,53.603
8573,8574,2,3,4,316,2018,7,9,3,3,3,2,0,1,1,1,0,0,0.0,0,563792.945700000040000,5937144.293700000300000,9.963526136000041,53.579269647000046,,9.964,53.579
8576,8577,2,3,1,304,2018,8,17,7,3,5,3,0,0,1,1,0,0,0.0,0,562531.069600000050000,5936416.436200000300000,9.944323897000061,53.572880110000028,,9.944,53.573
8584,8585,2,2,9,221,2018,6,14,3,3,2,6,0,0,1,0,0,0,0.0,0,555845.720199999980000,5936338.622899999800000,9.843362743000057,53.572935029000064,,9.843,53.573
8587,8588,2,1,7,120,2018,11,8,4,3,4,2,0,0,1,1,0,0,0.0,0,568756.725400000000000,5935115.926000000000000,10.038039285000025,53.560413312000037,,10.038,53.56
8588,8589,2,2,5,215,2018,12,9,2,3,5,3,0,1,1,1,0,0,0.0,0,561139.562799999960000,5935390.756199999700000,9.923112072000038,53.563825928000028,,9.923,53.564
8589,8590,2,3,7,319,2018,10,11,7,3,5,3,0,0,1,1,0,0,0.0,0,560190.667699999990000,5942648.895200000100000,9.910188310000024,53.629167364000068,,9.91,53.629
8600,8601,2,7,10,711,2018,10,19,6,3,5,3,2,0,1,1,0,0,0.0,0,561285.622500000060000,5925025.566900000000000,9.923289462000071,53.470652011000027,,9.923,53.471
8608,8609,2,4,2,405,2018,6,16,3,3,0,1,0,0,1,0,0,0,0.0,0,565696.724500000010000,5938659.440999999600000,9.992595091000055,53.592651561000082,,9.993,53.593
8616,8617,2,1,4,110,2018,12,8,2,3,3,2,2,0,1,1,0,0,0.0,0,563703.671600000000000,5934912.093100000200000,9.961722659000031,53.559219043000041,,9.962,53.559
8633,8634,2,1,1,102,2018,8,8,3,3,5,3,0,0,1,1,0,0,0.0,0,565923.042000000020000,5933624.865000000200000,9.994951193000077,53.547376369000062,,9.995,53.547
8643,8644,2,1,3,107,2018,8,22,4,3,6,7,2,0,1,0,1,0,0.0,0,565238.777499999970000,5933698.766599999700000,9.984640952000063,53.548126002000060,,9.985,53.548
8650,8651,2,2,9,221,2018,6,18,2,3,3,2,0,0,1,1,0,0,0.0,0,557288.938500000050000,5936213.943199999600000,9.865132157000062,53.571658847000037,,9.865,53.572
8651,8652,2,3,5,317,2018,12,0,1,3,6,4,2,1,1,0,1,0,0.0,0,564070.199600000050000,5938197.889299999900000,9.967929439000045,53.588704791000055,,9.968,53.589
8652,8653,2,3,4,316,2018,10,16,6,3,7,1,0,0,1,0,0,0,0.0,0,564130.302799999950000,5937851.730499999600000,9.968766141000060,53.585586426000077,,9.969,53.586
8661,8662,2,2,3,209,2018,6,8,2,3,3,6,0,0,1,1,0,0,1.0,0,562699.112399999980000,5935291.053799999900000,9.946635344000072,53.562745858000028,,9.947,53.563
8663,8664,2,4,6,415,2018,6,14,3,3,4,6,0,0,1,0,0,0,0.0,0,567902.040400000060000,5936355.754499999800000,10.025407650000034,53.571667083000079,,10.025,53.572
8672,8673,2,3,4,316,2018,9,22,6,2,6,7,2,0,1,0,1,0,0.0,0,563840.400900000010000,5937254.238599999800000,9.964265274000070,53.580251979000082,,9.964,53.58
8673,8674,2,6,2,603,2018,6,11,6,3,3,2,0,0,1,1,0,0,0.0,0,581036.218200000000000,5927213.736600000400000,10.221338660000072,53.487647373000073,,10.221,53.488
8682,8683,2,1,1,102,2018,9,8,4,3,4,2,0,1,1,0,0,0,0.0,1,565921.048799999990000,5933624.648500000100000,9.994921069000043,53.547374673000036,,9.995,53.547
8683,8684,2,4,1,402,2018,8,21,5,3,4,6,2,0,1,0,0,1,0.0,0,564232.550000000050000,5937693.626899999600000,9.970277920000058,53.584152995000068,,9.97,53.584
8688,8689,2,4,2,403,2018,10,22,4,3,5,3,2,0,1,0,0,1,0.0,0,565107.499599999980000,5938522.595499999800000,9.983665525000049,53.591495212000041,,9.984,53.591
8690,8691,2,2,6,218,2018,7,16,5,3,0,2,0,0,1,1,0,0,0.0,0,558082.093100000060000,5936040.839399999900000,9.877076023000029,53.570015865000073,,9.877,53.57
8697,8698,2,2,3,208,2018,10,19,6,3,6,6,2,1,1,0,1,0,0.0,0,563192.434899999990000,5935159.091799999600000,9.954055741000047,53.561500703000036,,9.954,53.562
8698,8699,2,4,5,409,2018,6,16,7,3,4,6,0,0,1,1,0,0,0.0,0,566042.078400000000000,5938857.256900000400000,9.997853978000023,53.594385973000044,,9.998,53.594
8705,8706,2,3,4,316,2018,11,11,6,3,0,3,0,0,1,0,0,0,0.0,1,564176.803799999990000,5937707.665599999900000,9.969438854000032,53.584285989000080,,9.969,53.584
8707,8708,2,3,1,306,2018,10,16,5,3,1,5,0,0,1,1,0,0,0.0,1,563510.410299999990000,5936574.184100000200000,9.959143409000035,53.574180192000028,,9.959,53.574
8718,8719,2,1,6,117,2018,7,13,4,3,6,4,0,0,1,0,1,0,0.0,0,567953.488200000020000,5933132.861800000100000,10.025483736000069,53.542695823000031,,10.025,53.543
8722,8723,2,1,6,115,2018,12,18,5,3,5,3,2,0,1,1,0,0,0.0,0,567313.340699999940000,5933452.869199999600000,10.015893833000064,53.545654228000046,,10.016,53.546
8726,8727,2,2,12,225,2018,6,19,5,3,5,3,0,0,1,1,0,0,0.0,0,554230.533700000030000,5936774.018299999600000,9.819049161000066,53.577017659000035,,9.819,53.577
8727,8728,2,3,5,317,2018,9,15,4,3,5,3,0,0,1,0,0,0,0.0,0,563973.209500000000000,5938801.549800000200000,9.966588219000073,53.594141884000067,,9.967,53.594
8732,8733,2,7,10,711,2018,10,13,2,3,5,2,0,0,1,1,0,0,0.0,0,562153.241999999970000,5925073.704599999800000,9.936368075000075,53.470982954000078,,9.936,53.471
8737,8738,2,1,4,111,2018,11,14,4,3,5,3,0,0,1,1,0,0,0.0,0,564249.862199999970000,5933992.942200000400000,9.969778184000063,53.550891784000044,,9.97,53.551
8738,8739,2,2,6,218,2018,6,19,5,3,5,2,0,0,1,1,0,0,0.0,0,559414.658500000020000,5935559.848799999800000,9.897104423000030,53.565543767000065,,9.897,53.566
8739,8740,2,4,8,418,2018,10,17,2,3,4,6,1,0,1,0,0,0,0.0,0,567696.964900000020000,5936637.111399999800000,10.022372288000042,53.574222176000035,,10.022,53.574
8740,8741,2,3,4,316,2018,6,5,5,3,5,3,0,0,1,0,0,0,0.0,0,564161.920900000030000,5937686.159500000100000,9.969209650000039,53.584094530000073,,9.969,53.584
8742,8743,2,1,1,102,2018,6,8,3,3,4,6,0,0,1,0,0,0,0.0,0,565686.878600000050000,5933601.580900000400000,9.991382566000027,53.547196704000044,,9.991,53.547
8750,8751,2,1,6,117,2018,8,7,5,3,5,3,0,0,1,1,0,0,0.0,0,568011.738900000000000,5934098.175599999700000,10.026572566000027,53.551363709000043,,10.027,53.551
8753,8754,2,7,14,715,2018,6,16,4,3,5,2,0,0,1,0,0,0,0.0,1,555763.409699999960000,5925140.261400000200000,9.840126045000034,53.472296627000048,,9.84,53.472
8755,8756,2,7,14,715,2018,6,17,2,3,5,3,0,0,1,1,0,0,0.0,0,556123.471099999970000,5925194.988400000100000,9.845559825000066,53.472750243000064,,9.846,53.473
8760,8761,2,2,3,208,2018,7,10,4,3,3,2,0,0,1,1,0,0,0.0,0,562845.291600000000000,5935241.315800000000000,9.948832031000052,53.562281361000032,,9.949,53.562
8773,8774,2,1,4,111,2018,7,19,5,3,6,3,0,0,1,0,1,0,0.0,0,563833.084799999950000,5934793.077999999700000,9.963651774000027,53.558133695000038,,9.964,53.558
8776,8777,2,3,6,318,2018,6,19,3,3,5,3,0,0,1,1,0,0,0.0,0,563038.395699999990000,5940896.706799999800000,9.952889784000035,53.613084878000052,,9.953,53.613
8782,8783,2,3,8,320,2018,10,20,2,2,4,2,2,0,1,1,0,0,0.0,0,560032.703600000010000,5941402.876899999600000,9.907559662000040,53.617987091000032,,9.908,53.618
8783,8784,2,1,1,102,2018,7,17,4,2,3,7,0,0,1,1,0,0,0.0,0,565420.597300000020000,5933642.477000000000000,9.987372913000058,53.547597491000033,,9.987,53.548
8784,8785,2,2,3,209,2018,8,11,4,3,3,2,0,0,1,1,0,0,0.0,0,562617.598000000000000,5935316.505099999700000,9.945409919000042,53.562984330000063,,9.945,53.563
8788,8789,2,4,4,407,2018,6,20,3,2,5,3,0,0,1,1,0,0,0.0,0,565503.029100000040000,5940131.773699999800000,9.989978423000025,53.605907917000081,,9.99,53.606
8800,8801,2,1,2,104,2018,7,8,3,3,3,6,0,0,1,0,0,0,0.0,0,568125.424299999960000,5932175.936400000000000,10.027869619000057,53.534073501000080,,10.028,53.534
8813,8814,2,2,3,209,2018,6,14,2,3,3,6,0,0,1,0,0,0,0.0,1,562046.825500000040000,5935391.074199999700000,9.936808390000067,53.563722303000077,,9.937,53.564
8819,8820,2,1,1,102,2018,12,17,2,3,5,3,2,1,1,1,0,0,0.0,0,565511.437400000050000,5933616.319000000100000,9.988738231000070,53.547351077000030,,9.989,53.547
8822,8823,2,3,4,316,2018,11,15,6,3,0,3,0,0,1,1,0,0,0.0,0,564007.512899999970000,5937514.706199999900000,9.966842410000027,53.582572503000051,,9.967,53.583
8827,8828,2,3,1,306,2018,6,22,7,3,0,7,2,0,1,0,0,0,0.0,0,563497.165000000040000,5936538.850399999900000,9.958936222000034,53.573864241000081,,9.959,53.574
8828,8829,2,1,7,120,2018,10,17,3,3,6,6,0,1,1,0,1,0,0.0,0,567996.688599999990000,5934457.826000000400000,10.026423659000045,53.554597890000082,,10.026,53.555
8832,8833,2,1,4,111,2018,10,10,2,3,3,2,0,0,1,0,0,0,0.0,1,563893.672600000050000,5934518.150899999800000,9.964510090000033,53.555655468000054,,9.965,53.556
8848,8849,2,4,7,417,2018,7,9,2,3,5,3,0,0,1,1,0,0,0.0,0,567965.297999999950000,5934938.081399999600000,10.026054325000075,53.558918079000080,,10.026,53.559
8851,8852,2,4,5,410,2018,6,14,6,3,3,2,0,0,1,1,0,0,0.0,0,567064.774699999950000,5938380.400399999700000,10.013201101000050,53.589970562000076,,10.013,53.59
8860,8861,2,7,14,715,2018,9,9,7,3,5,3,0,0,1,1,0,0,0.0,0,555919.002499999940000,5925171.099700000100000,9.842475402000048,53.472557293000079,,9.842,53.473
8865,8866,2,2,5,216,2018,11,19,6,3,3,2,2,1,1,0,0,0,0.0,1,559528.201499999970000,5935521.891099999700000,9.898811349000027,53.565189756000052,,9.899,53.565
8866,8867,2,3,1,306,2018,6,19,6,3,5,3,0,0,1,1,0,0,0.0,0,562926.813599999990000,5936397.351800000300000,9.950295548000042,53.572661273000051,,9.95,53.573
8874,8875,2,1,3,106,2018,6,19,6,3,4,6,0,0,1,0,0,0,0.0,0,564708.424299999960000,5933831.746600000200000,9.976665195000066,53.549386757000036,,9.977,53.549
8878,8879,2,3,1,304,2018,6,16,2,3,5,3,0,0,1,1,0,0,0.0,0,562530.569999999950000,5936416.240799999800000,9.944316315000037,53.572878414000058,,9.944,53.573
8880,8881,2,2,9,221,2018,11,12,2,3,5,2,0,0,1,1,0,0,0.0,0,555815.433199999970000,5936343.557599999900000,9.842906296000024,53.572982603000071,,9.843,53.573
8881,8882,2,2,12,225,2018,12,12,6,3,5,3,0,0,1,1,0,0,0.0,0,554391.570300000020000,5936733.883299999900000,9.821474046000049,53.576640267000073,,9.821,53.577