,OBJECTID,ULAND,UREGBEZ,UKREIS,UGEMEINDE,UJAHR,UMONAT,USTUNDE,UWOCHENTAG,UKATEGORIE,UART,UTYP1,ULICHTVERH,STRZUSTAND,IstRad,IstPKW,IstFuss,IstKrad,IstGkfz,IstSonstig,LINREFX,LINREFY,XGCSWGS84,YGCSWGS84,UIDENTSTLA,lat_short,long_short
8887,8888,2,2,9,221,2018,9,12,5,2,3,2,0,0,1,0,0,0,1.0,0,556586.218499999960000,5936248.576600000300000,9.854527817000076,53.572046382000053,,9.855,53.572
8891,8892,2,4,2,403,2018,5,11,5,3,1,5,0,0,1,1,0,0,0.0,0,564719.878499999990000,5938088.193300000400000,9.977720031000047,53.587639136000064,,9.978,53.588
8893,8894,2,4,2,405,2018,6,9,2,3,5,2,0,0,1,0,0,0,0.0,1,565112.000299999960000,5939424.014600000300000,9.983921732000056,53.599595888000067,,9.984,53.6
8896,8897,2,2,9,221,2018,12,11,7,3,3,2,0,0,1,1,0,0,0.0,0,556553.113200000020000,5936253.852500000000000,9.854028899000070,53.572097369000062,,9.854,53.572
8929,8930,2,7,14,715,2018,9,12,5,3,5,3,0,0,1,0,0,0,0.0,1,555750.635699999980000,5925137.953800000300000,9.839933206000069,53.472277240000039,,9.84,53.472
8930,8931,2,1,4,111,2018,5,12,4,3,3,2,0,0,1,1,0,0,0.0,0,563986.768000000040000,5934236.341000000000000,9.965857514000049,53.553111415000046,,9.966,53.553
8936,8937,2,1,3,106,2018,6,8,4,3,5,3,0,0,1,1,0,0,0.0,0,564599.870299999950000,5933841.700699999900000,9.975029072000041,53.549489584000071,,9.975,53.549
8937,8938,2,3,5,317,2018,10,14,4,3,3,2,0,0,1,1,0,0,0.0,0,564114.339999999970000,5937922.642500000100000,9.968539613000075,53.586225683000066,,9.969,53.586
8940,8941,2,3,1,305,2018,9,8,5,3,4,6,0,0,1,0,0,0,0.0,0,563577.668199999960000,5936729.375500000100000,9.960190593000050,53.575566796000032,,9.96,53.576
8941,8942,2,1,1,102,2018,5,19,4,3,3,2,0,0,1,1,0,0,0.0,0,565345.571800000030000,5933661.153699999700000,9.986244664000026,53.547774685000036,,9.986,53.548
8947,8948,2,6,1,601,2018,10,17,2,3,5,3,0,0,1,1,0,0,0.0,0,579761.398900000030000,5927593.315899999800000,10.202226353000071,53.491253305000043,,10.202,53.491
8948,8949,2,4,5,412,2018,7,6,5,3,0,1,0,0,1,0,0,0,0.0,0,567357.351700000000000,5938006.995199999800000,10.017539909000050,53.586577218000059,,10.018,53.587
8959,8960,2,2,5,215,2018,10,21,4,3,4,6,2,0,1,0,0,0,0.0,0,561653.411100000030000,5935355.505300000300000,9.930862303000026,53.563448998000069,,9.931,53.563
8960,8961,2,1,4,111,2018,7,15,6,3,5,2,0,0,1,1,0,0,0.0,0,564257.394600000000000,5933987.562900000300000,9.969890754000062,53.550842517000035,,9.97,53.551
8967,8968,2,4,8,418,2018,10,9,3,3,0,3,0,0,1,0,0,1,0.0,0,567869.712900000040000,5936400.889800000000000,10.024929359000055,53.572076902000049,,10.025,53.572
8968,8969,2,3,9,321,2018,5,18,3,3,4,2,0,0,1,1,0,0,0.0,0,561815.572799999970000,5937564.995400000400000,9.933747728000071,53.583287420000033,,9.934,53.583
8973,8974,2,3,9,321,2018,8,17,2,3,5,3,0,0,1,1,0,0,0.0,0,562107.069999999950000,5936813.540000000000000,9.938000731000045,53.576499390000038,,9.938,53.576
8978,8979,2,3,1,306,2018,8,7,6,3,5,3,0,0,1,0,0,0,0.0,0,563325.202000000050000,5936166.314600000200000,9.956264082000075,53.570536933000028,,9.956,53.571
8987,8988,2,2,5,215,2018,10,16,2,3,5,3,0,0,1,1,0,0,0.0,0,561347.273399999950000,5935375.918399999800000,9.926244815000075,53.563668335000045,,9.926,53.564
8988,8989,2,4,7,417,2018,7,18,4,3,3,2,0,1,1,1,0,0,0.0,0,568524.807599999940000,5935515.941999999800000,10.034626313000047,53.564038630000027,,10.035,53.564
8990,8991,2,3,6,318,2018,9,15,4,3,8,1,0,0,1,1,0,0,0.0,0,562855.943600000000000,5941401.660299999600000,9.950234157000068,53.617644950000056,,9.95,53.618
8992,8993,2,4,3,406,2018,9,19,3,3,3,2,1,0,1,1,0,0,0.0,0,565295.489999999990000,5939840.265999999800000,9.986781225000073,53.603313988000082,,9.987,53.603
9003,9004,2,4,1,402,2018,11,7,6,3,5,2,0,0,1,1,0,0,0.0,0,564211.398700000020000,5937684.828700000400000,9.969956655000033,53.584076513000070,,9.97,53.584
9005,9006,2,4,8,418,2018,10,10,6,3,5,3,0,0,1,1,0,0,0.0,0,567474.707999999980000,5937332.898400000300000,10.019166698000049,53.580503940000028,,10.019,53.581
9010,9011,2,4,6,415,2018,11,16,5,3,6,3,2,0,1,0,1,0,0.0,0,568098.030499999990000,5936092.124499999900000,10.028309343000046,53.569272407000028,,10.028,53.569
9023,9024,2,2,14,227,2018,10,15,6,3,5,2,0,0,1,1,0,0,0.0,0,551459.682599999940000,5937130.491600000300000,9.777263834000053,53.580500701000062,,9.777,53.581
9025,9026,2,1,6,117,2018,11,11,6,3,5,3,0,0,1,1,0,0,0.0,0,568163.142800000030000,5933703.481999999800000,10.028771422000034,53.547796906000031,,10.029,53.548
9027,9028,2,3,1,304,2018,12,18,5,3,4,6,2,1,1,0,0,0,0.0,0,562415.442000000040000,5936396.025999999600000,9.942573907000053,53.572710446000031,,9.943,53.573
9039,9040,2,4,6,414,2018,12,7,2,3,5,2,1,1,1,1,0,0,0.0,0,567514.930000000050000,5937444.650000000400000,10.019798296000033,53.581503089000080,,10.02,53.582
9041,9042,2,6,1,601,2018,7,14,3,3,5,3,0,0,1,0,0,0,0.0,1,579763.406100000020000,5927591.728299999600000,10.202256196000064,53.491238733000046,,10.202,53.491
9043,9044,2,7,14,715,2018,9,15,2,3,5,3,0,0,1,1,0,0,0.0,0,555673.832900000040000,5925126.533900000200000,9.838774215000058,53.472182727000074,,9.839,53.472
9045,9046,2,1,14,133,2018,9,8,2,2,3,2,0,0,1,1,0,0,0.0,0,568363.431300000050000,5932776.721800000400000,10.031591253000045,53.539441937000049,,10.032,53.539
9054,9055,2,1,3,107,2018,8,15,3,3,4,6,0,0,1,0,0,0,0.0,0,565133.309299999960000,5933735.023900000400000,9.983056942000076,53.548464949000049,,9.983,53.548
9058,9059,2,4,5,409,2018,5,17,6,2,4,2,0,0,1,1,0,1,0.0,0,566825.212300000010000,5938474.799100000400000,10.009602682000036,53.590849525000067,,10.01,53.591
9059,9060,2,4,2,405,2018,10,8,5,3,5,3,0,1,1,1,0,0,0.0,0,565125.984100000000000,5939564.802600000100000,9.984162422000054,53.600859439000033,,9.984,53.601
9061,9062,2,3,5,317,2018,7,9,7,2,5,3,0,0,1,1,0,0,0.0,0,563653.663799999980000,5939840.541500000300000,9.961972998000022,53.603518466000082,,9.962,53.604
9071,9072,2,3,1,307,2018,9,17,1,3,0,3,0,0,1,1,0,0,0.0,0,563281.590600000000000,5936161.463399999800000,9.955604631000028,53.570498596000050,,9.956,53.57
9075,9076,2,4,7,417,2018,12,16,5,3,5,2,2,0,1,1,0,0,0.0,0,568418.812900000020000,5935369.885599999700000,10.032994247000033,53.562739835000059,,10.033,53.563
9078,9079,2,7,13,714,2018,8,13,2,3,6,3,0,0,1,0,1,0,0.0,0,559045.554299999960000,5925137.079400000200000,9.889567554000053,53.471910198000046,,9.89,53.472
9088,9089,2,3,4,316,2018,11,8,5,3,5,2,0,1,1,1,0,0,0.0,0,563799.248499999990000,5937158.793499999700000,9.963624282000069,53.579399194000075,,9.964,53.579
9089,9090,2,3,6,318,2018,7,19,2,3,5,3,0,0,1,1,0,0,0.0,0,561941.609900000040000,5942375.493300000200000,9.936607374000062,53.626505996000049,,9.937,53.627
9109,9110,2,4,5,412,2018,7,12,5,3,5,2,0,0,1,0,0,0,0.0,1,567359.123000000020000,5938002.960000000000000,10.017565791000038,53.586540726000067,,10.018,53.587
9133,9134,2,3,6,318,2018,11,16,5,3,5,3,0,0,1,1,0,0,0.0,0,562838.571499999960000,5941417.268899999600000,9.949974721000046,53.617787314000054,,9.95,53.618
9137,9138,2,1,6,117,2018,7,10,5,3,1,3,0,0,1,1,0,0,0.0,0,567945.082300000010000,5934160.749800000300000,10.025580223000077,53.551934704000075,,10.026,53.552
9141,9142,2,7,9,710,2018,8,7,4,2,5,3,0,0,1,1,0,0,0.0,0,562801.212000000060000,5921726.204400000200000,9.945460055000069,53.440820370000040,,9.945,53.441
9146,9147,2,1,7,120,2018,8,7,6,3,5,2,0,0,1,1,0,0,0.0,0,568822.064600000040000,5934964.417899999800000,10.038992184000051,53.559043129000031,,10.039,53.559
9156,9157,2,5,14,522,2018,7,11,5,3,0,7,0,0,1,0,0,0,0.0,0,571124.652200000010000,5952279.411500000400000,10.077706321000051,53.714343934000055,,10.078,53.714
9170,9171,2,2,3,209,2018,7,7,6,3,5,2,0,0,1,1,0,0,0.0,0,562820.119500000030000,5935249.675099999600000,9.948453723000057,53.562359503000039,,9.948,53.562
9173,9174,2,2,5,215,2018,5,19,4,3,0,5,0,0,1,1,0,0,0.0,0,561462.559600000040000,5935364.223799999800000,9.927982899000028,53.563549741000031,,9.928,53.564
9184,9185,2,4,2,403,2018,11,7,4,3,5,3,0,0,1,1,0,0,0.0,0,565315.651799999990000,5938623.936499999800000,9.986831067000026,53.592380092000042,,9.987,53.592
9187,9188,2,4,3,406,2018,5,17,4,3,0,7,0,0,1,0,0,0,0.0,0,565302.539800000030000,5939850.718700000100000,9.986889938000047,53.603407050000044,,9.987,53.603
9194,9195,2,1,3,106,2018,10,10,5,3,3,6,0,1,1,0,0,0,0.0,0,564731.744399999970000,5933830.300300000200000,9.977016817000049,53.549370884000041,,9.977,53.549
9195,9196,2,1,4,110,2018,5,7,4,3,3,2,0,0,1,1,0,0,0.0,0,563657.853200000010000,5934957.539400000100000,9.961040312000023,53.559633043000076,,9.961,53.56
9200,9201,2,3,6,318,2018,7,9,3,3,4,3,0,0,1,1,0,0,0.0,0,562855.132699999960000,5941402.771499999800000,9.950222124000050,53.617655034000052,,9.95,53.618
9202,9203,2,7,14,715,2018,11,18,4,3,5,3,2,0,1,1,0,0,0.0,0,556635.445700000040000,5925180.585599999900000,9.853269736000073,53.472565973000030,,9.853,53.473
9205,9206,2,3,1,306,2018,7,16,4,3,3,2,0,0,1,1,0,0,0.0,0,563394.199600000050000,5936309.361399999800000,9.957334883000044,53.571814206000056,,9.957,53.572
9208,9209,2,3,1,304,2018,5,14,3,3,5,1,0,0,1,1,0,0,0.0,0,562551.088699999960000,5936406.285799999700000,9.944624141000077,53.572786499000074,,9.945,53.573
9224,9225,2,3,9,321,2018,12,9,3,3,5,3,0,0,1,1,0,0,0.0,0,562152.274600000000000,5936728.714999999900000,9.938666467000076,53.575731683000072,,9.939,53.576
9225,9226,2,3,9,321,2018,10,13,2,3,5,3,0,0,1,1,0,0,0.0,0,561744.806300000050000,5937857.641699999600000,9.932736837000050,53.585925872000075,,9.933,53.586
9231,9232,2,3,1,305,2018,5,17,3,3,6,4,0,0,1,0,1,0,0.0,0,563530.757100000050000,5936631.749599999700000,9.959462355000028,53.574695087000066,,9.959,53.575
9233,9234,2,1,1,102,2018,5,15,3,3,5,2,0,0,1,1,0,0,0.0,0,565862.382199999990000,5933618.276300000000000,9.994034441000053,53.547324766000031,,9.994,53.547
9238,9239,2,1,6,117,2018,12,5,4,3,4,2,2,0,1,1,0,0,0.0,0,568127.665999999970000,5933777.256699999800000,10.028252145000067,53.548464534000061,,10.028,53.548
9240,9241,2,2,5,215,2018,10,8,4,3,0,7,0,1,1,0,1,0,0.0,0,561592.823399999990000,5935356.768000000200000,9.929947913000035,53.563467461000073,,9.93,53.563
9247,9248,2,2,5,215,2018,7,16,2,3,0,7,0,0,1,0,0,0,1.0,0,561308.839299999990000,5935379.029799999700000,9.925665216000027,53.563700790000041,,9.926,53.564
9249,9250,2,3,9,321,2018,11,13,4,3,4,6,0,0,1,0,0,0,0.0,0,561566.797299999980000,5938451.054700000200000,9.930165278000061,53.591280014000063,,9.93,53.591
9250,9251,2,4,3,406,2018,12,12,2,3,4,2,0,1,1,1,0,0,0.0,0,565260.118600000050000,5939792.731300000100000,9.986236808000058,53.602891191000026,,9.986,53.603
9253,9254,2,1,1,102,2018,8,9,5,3,4,6,0,0,1,0,0,0,0.0,0,565542.560000000060000,5933609.151999999800000,9.989206374000048,53.547282781000035,,9.989,53.547
9255,9256,2,1,7,119,2018,5,17,1,3,4,6,0,0,1,0,0,0,0.0,0,567948.973499999960000,5934316.673999999600000,10.025672836000069,53.553335514000082,,10.026,53.553
9261,9262,2,1,1,101,2018,12,15,2,3,5,3,0,1,1,1,0,0,0.0,0,566058.672499999990000,5933643.826999999600000,9.997001877000059,53.547529740000073,,9.997,53.548
9266,9267,2,4,5,409,2018,8,11,2,3,6,3,0,0,1,0,1,0,0.0,0,566354.213600000020000,5938653.075199999800000,10.002525909000042,53.592511543000057,,10.003,53.593
9270,9271,2,7,10,711,2018,5,14,7,3,0,7,0,0,1,0,0,0,0.0,0,561114.153399999950000,5925016.395800000100000,9.920704802000046,53.470589514000039,,9.921,53.471
9283,9284,2,4,5,409,2018,11,17,5,3,3,2,2,0,1,1,0,0,0.0,0,566565.301100000040000,5938573.009399999900000,10.005697540000028,53.591765220000070,,10.006,53.592
9302,9303,2,3,5,317,2018,7,15,2,3,1,4,0,0,1,1,1,0,0.0,0,563999.686100000050000,5938625.595900000100000,9.966952091000053,53.592557311000064,,9.967,53.593
9309,9310,2,2,5,215,2018,11,18,6,3,5,2,2,0,1,1,0,0,0.0,0,561363.399899999960000,5935374.612900000100000,9.926488008000035,53.563654717000077,,9.926,53.564
9310,9311,2,1,7,119,2018,5,16,6,3,6,7,0,0,1,0,1,0,0.0,0,567942.271599999980000,5934284.098899999600000,10.025564611000050,53.553043624000054,,10.026,53.553
9312,9313,2,2,3,209,2018,10,16,6,3,4,2,0,0,1,1,0,0,0.0,0,562816.689999999940000,5935250.874900000200000,9.948402193000050,53.562370696000073,,9.948,53.562
9313,9314,2,4,4,407,2018,7,3,1,3,5,3,2,0,1,1,0,0,0.0,0,565339.945300000020000,5939831.001000000200000,9.987451006000072,53.603225181000028,,9.987,53.603
9314,9315,2,4,7,417,2018,11,19,5,3,5,2,2,1,1,1,0,0,0.0,0,568342.956400000020000,5935765.879800000200000,10.031935788000055,53.566308564000053,,10.032,53.566
9316,9317,2,2,6,218,2018,12,17,5,3,5,3,2,1,1,1,0,0,0.0,0,559304.312799999960000,5935593.183600000100000,9.895444861000044,53.565855845000044,,9.895,53.566
9322,9323,2,3,7,319,2018,7,7,5,3,5,3,0,0,1,1,0,0,0.0,0,560256.431300000050000,5943450.908400000100000,9.911337957000058,53.636367759000052,,9.911,53.636
9334,9335,2,2,5,217,2018,6,7,4,3,5,3,0,0,1,1,0,0,0.0,0,557408.909499999950000,5936195.398600000000000,9.866940227000043,53.571479063000027,,9.867,53.571
9342,9343,2,4,1,402,2018,8,17,5,3,3,2,0,0,1,1,0,0,0.0,0,564479.729000000050000,5937945.427000000100000,9.974063176000072,53.586385649000079,,9.974,53.586
122924,122925,2,4,2,403,2018,1,19,3,3,5,7,2,0,1,1,0,0,0.0,0,565097.163900000040000,5937968.549499999700000,9.983393779000039,53.586517167000068,,9.983,53.587
123055,123056,2,2,10,222,2018,1,7,3,3,6,4,2,1,1,0,1,0,0.0,0,555941.166699999940000,5933842.190700000200000,9.844357029000037,53.550487923000048,,9.844,53.55
123116,123117,2,5,18,526,2018,1,13,5,3,5,3,0,0,1,1,0,0,0.0,0,574770.198500000060000,5939589.921099999900000,10.129879500000072,53.599798020000037,,10.13,53.6
123119,123120,2,5,12,520,2018,1,7,5,3,5,2,2,1,1,1,0,0,0.0,0,568839.921600000000000,5944822.767699999700000,10.041439060000073,53.647638098000073,,10.041,53.648
123122,123123,2,5,7,515,2018,1,14,5,3,6,3,0,0,1,0,1,0,0.0,0,571971.915000000040000,5940446.285000000100000,10.087799914000072,53.607885812000063,,10.088,53.608
123123,123124,2,2,11,223,2018,1,14,3,3,5,3,0,0,1,1,0,0,0.0,0,553793.905099999970000,5935235.609400000400000,9.812190459000021,53.563235922000047,,9.812,53.563
123126,123127,2,5,11,519,2018,1,13,5,3,0,7,0,0,1,0,0,0,0.0,0,571101.470800000010000,5946550.251699999900000,10.076041493000048,53.662860289000037,,10.076,53.663
123127,123128,2,5,15,523,2018,1,16,4,3,0,7,1,1,1,0,0,0,0.0,1,574629.166300000040000,5950140.995400000400000,10.130281738000065,53.694637489000058,,10.13,53.695
123134,123135,2,5,18,526,2018,1,8,3,3,0,7,1,0,1,0,0,0,0.0,0,576140.961099999960000,5940585.703099999600000,10.150832305000051,53.608549468000035,,10.151,53.609
123141,123142,2,2,6,218,2018,1,15,4,3,5,6,0,1,1,1,0,0,0.0,0,557912.835899999950000,5935830.911399999600000,9.874481535000030,53.568147843000077,,9.874,53.568
123143,123144,2,4,3,406,2018,1,7,5,3,1,5,1,0,1,1,0,0,0.0,0,566617.264500000050000,5942004.328599999700000,10.007216044000074,53.622596300000055,,10.007,53.623
123159,123160,2,2,3,208,2018,1,15,2,3,6,3,0,0,1,0,1,0,0.0,0,562950.585300000040000,5935520.840300000300000,9.950477825000064,53.564780923000058,,9.95,53.565
123161,123162,2,2,4,211,2018,1,8,5,3,0,6,1,0,1,0,0,0,0.0,1,561828.596400000040000,5934644.239500000100000,9.933366192000051,53.557035967000047,,9.933,53.557
123168,123169,2,1,4,112,2018,1,19,5,3,3,2,2,1,1,1,0,0,0.0,0,564238.352199999960000,5933876.370699999900000,9.969580532000066,53.549845529000038,,9.97,53.55
123170,123171,2,1,11,128,2018,1,6,4,3,5,2,2,0,1,1,0,0,0.0,0,571865.444200000030000,5934073.386099999800000,10.084723743000040,53.550627582000061,,10.085,53.551
123172,123173,2,1,20,141,2018,1,7,2,3,5,3,1,0,1,1,0,0,0.0,0,556854.323100000040000,5932140.106700000400000,9.857828867000023,53.535092187000032,,9.858,53.535
123176,123177,2,1,11,129,2018,1,9,4,3,5,3,0,0,1,1,0,0,0.0,0,570793.892600000020000,5935049.319899999500000,10.068774078000047,53.559543898000072,,10.069,53.56
123178,123179,2,5,1,502,2018,1,17,3,3,4,2,2,1,1,1,0,0,0.0,0,569232.783199999950000,5936136.440399999700000,10.045451308000054,53.569522173000053,,10.045,53.57
123180,123181,2,4,10,428,2018,1,20,3,3,4,2,2,1,1,1,0,0,0.0,0,569073.209200000040000,5939031.275999999600000,10.043682822000051,53.595559252000044,,10.044,53.596
123185,123186,2,7,1,701,2018,1,7,2,3,3,6,1,0,1,1,0,0,0.0,0,564289.258099999980000,5924118.433699999900000,9.968347783000070,53.462141057000053,,9.968,53.462
123186,123187,2,1,7,120,2018,1,7,7,2,5,3,2,1,1,1,0,0,0.0,0,568901.127100000040000,5934628.054300000000000,10.040111407000040,53.556009823000068,,10.04,53.556
123193,123194,2,6,2,602,2018,1,17,3,3,5,3,0,0,1,1,0,0,0.0,0,579110.076099999950000,5927365.664400000100000,10.192354059000024,53.489305788000081,,10.192,53.489
123204,123205,2,5,14,522,2018,1,10,3,3,5,3,0,1,1,0,0,0,0.0,1,572862.341900000000000,5950965.956000000200000,10.103722120000043,53.702300629000035,,10.104,53.702
123207,123208,2,1,12,130,2018,1,15,5,3,5,3,0,1,1,1,0,0,0.0,0,573941.712300000010000,5935686.096300000300000,10.116437642000051,53.564832518000060,,10.116,53.565
123210,123211,2,2,4,213,2018,1,5,4,3,1,1,2,1,1,0,0,1,0.0,0,561727.994700000040000,5934326.146599999600000,9.931784910000033,53.554188980000049,,9.932,53.554
123214,123215,2,2,1,205,2018,1,10,2,3,1,5,0,1,1,1,0,0,0.0,0,562752.931899999970000,5934056.714900000000000,9.947199965000038,53.551645983000071,,9.947,53.552
123215,123216,2,3,3,314,2018,1,18,3,3,6,4,2,0,1,0,1,0,0.0,0,565424.720500000050000,5936986.403800000400000,9.988135329000045,53.577649650000069,,9.988,53.578
123219,123220,2,6,2,603,2018,1,9,2,3,5,3,0,0,1,0,0,0,0.0,1,580229.805999999980000,5926709.707899999800000,10.209058969000068,53.483241383000063,,10.209,53.483
123220,123221,2,5,2,506,2018,1,13,3,3,5,3,0,0,1,0,0,0,0.0,0,571363.758299999990000,5937268.737700000400000,10.077882787000021,53.579412580000053,,10.078,53.579
123221,123222,2,5,11,519,2018,1,7,3,3,3,2,1,1,1,1,0,0,0.0,0,571203.585500000040000,5945456.531200000100000,10.077335908000066,53.653017300000045,,10.077,53.653
123231,123232,2,5,3,510,2018,1,7,2,3,3,2,2,0,1,1,0,0,0.0,0,570534.810599999970000,5936182.103600000000000,10.065119219000053,53.569759128000044,,10.065,53.57
123235,123236,2,4,10,428,2018,1,19,7,3,5,3,2,0,1,1,0,0,0.0,0,569001.615699999970000,5939340.908900000200000,10.042669776000025,53.598351363000063,,10.043,53.598
123237,123238,2,2,8,220,2018,1,12,2,3,5,2,0,0,1,1,0,0,0.0,0,558707.211899999990000,5939256.104100000100000,9.887119396000060,53.598843374000069,,9.887,53.599
123243,123244,2,1,16,137,2018,1,16,4,3,5,3,1,0,1,1,0,0,0.0,0,566342.397400000020000,5930034.421099999900000,10.000518383000042,53.515055330000052,,10.001,53.515
123244,123245,2,2,2,207,2018,1,14,1,3,0,7,0,0,1,0,0,0,0.0,0,563996.980899999970000,5934694.346400000200000,9.966105418000041,53.557226407000030,,9.966,53.557
123259,123260,2,4,13,432,2018,1,19,2,3,3,2,2,1,1,1,0,0,0.0,0,567793.916399999990000,5945067.044099999600000,10.025670743000035,53.649969996000038,,10.026,53.65
123260,123261,2,4,2,403,2018,1,10,7,3,5,3,0,1,1,1,0,0,0.0,0,564951.555000000050000,5938494.551900000300000,9.981304003000048,53.591262522000079,,9.981,53.591
123261,123262,2,5,2,508,2018,1,21,6,3,4,2,2,0,1,1,0,0,0.0,0,571761.594399999940000,5936721.427400000400000,10.083764741000039,53.574439651000034,,10.084,53.574
123265,123266,2,2,8,220,2018,1,17,6,3,5,3,2,1,1,1,0,0,0.0,0,556977.626200000060000,5939121.771400000000000,9.860962525000048,53.597826938000082,,9.861,53.598
123269,123270,2,1,12,130,2018,1,15,6,3,5,2,0,0,1,1,0,0,0.0,0,576191.031899999940000,5931558.376799999700000,10.149386928000069,53.527415816000030,,10.149,53.527
123271,123272,2,4,2,405,2018,1,5,2,3,4,2,2,0,1,0,0,0,0.0,0,564900.528000000050000,5939111.186800000300000,9.980661525000073,53.596810670000082,,9.981,53.597
123283,123284,2,5,5,513,2018,1,9,2,2,5,3,0,0,1,1,0,0,0.0,0,572821.820900000050000,5938070.173700000200000,10.100088057000050,53.586414584000067,,10.1,53.586
123284,123285,2,4,4,407,2018,1,13,6,3,5,3,0,1,1,1,0,0,0.0,0,566505.913300000010000,5940296.075899999600000,10.005168009000045,53.607258193000064,,10.005,53.607
123288,123289,2,4,6,414,2018,1,10,6,3,5,3,0,1,1,1,0,0,0.0,0,567457.252400000000000,5937326.620299999600000,10.018901730000039,53.580449763000047,,10.019,53.58
123289,123290,2,3,6,318,2018,1,8,3,3,5,3,0,0,1,1,0,0,0.0,0,563424.174000000000000,5942440.717199999800000,9.959034825000060,53.626914690000035,,9.959,53.627
123292,123293,2,3,8,320,2018,1,16,6,3,7,7,0,1,1,0,0,0,0.0,0,559090.109300000010000,5940504.737900000100000,9.893141290000074,53.610022343000082,,9.893,53.61
123298,123299,2,4,5,409,2018,1,8,2,3,4,2,0,0,1,1,0,0,0.0,0,566318.102799999990000,5938584.394600000200000,10.001965810000058,53.591898870000080,,10.002,53.592
123299,123300,2,2,4,212,2018,1,0,6,2,0,7,2,1,1,0,0,0,0.0,0,560705.327000000050000,5934276.203400000000000,9.916340216000037,53.553859372000034,,9.916,53.554
123304,123305,2,3,4,316,2018,1,12,6,3,5,2,0,1,1,1,0,0,0.0,0,563889.993299999970000,5937111.738400000100000,9.964985048000074,53.578965251000056,,9.965,53.579
123305,123306,2,5,11,519,2018,1,12,3,3,6,3,0,0,1,0,1,0,0.0,0,572212.496000000040000,5945351.092000000200000,10.092573556000048,53.651931433000073,,10.093,53.652
123307,123308,2,3,1,302,2018,1,17,6,3,1,7,2,0,1,1,0,0,0.0,0,563014.891900000050000,5936930.235899999700000,9.951733023000031,53.577439899000069,,9.952,53.577
123314,123315,2,2,2,207,2018,1,19,6,3,0,7,2,1,1,0,0,0,0.0,1,564058.298799999990000,5934855.784099999800000,9.967064024000024,53.558669817000066,,9.967,53.559
123321,123322,2,4,10,427,2018,1,7,2,3,3,2,2,1,1,1,0,0,0.0,0,568996.429299999960000,5938291.774600000100000,10.042359314000066,53.588923433000048,,10.042,53.589
123322,123323,2,5,18,526,2018,1,8,5,2,5,3,1,1,1,1,0,0,0.0,0,576513.339700000010000,5939655.968700000100000,10.156231119000040,53.600139993000028,,10.156,53.6
123324,123325,2,2,11,223,2018,1,15,2,3,6,6,0,0,1,0,1,0,0.0,0,554327.464500000000000,5935076.581799999800000,9.820217686000035,53.561751673000060,,9.82,53.562
123327,123328,2,1,3,106,2018,1,18,6,2,5,3,2,1,1,0,0,0,0.0,0,564534.528799999970000,5934510.218399999700000,9.974181000000044,53.555505783000058,,9.974,53.556
123330,123331,2,1,8,125,2018,1,19,1,3,5,2,2,1,1,1,0,0,0.0,0,570076.261700000030000,5934520.118099999600000,10.057823406000068,53.554884237000067,,10.058,53.555
123332,123333,2,4,2,403,2018,1,9,5,3,5,3,0,1,1,1,0,0,0.0,0,564905.030200000040000,5938208.051799999500000,9.980541595000034,53.588693445000047,,9.981,53.589
123334,123335,2,2,1,203,2018,1,18,5,3,5,2,2,0,1,1,1,0,0.0,0,562009.039600000020000,5933894.841900000300000,9.935941122000031,53.550279553000053,,9.936,53.55
123336,123337,2,2,9,221,2018,1,16,2,3,4,2,1,1,1,1,0,0,0.0,0,557075.248999999950000,5936891.947200000300000,9.862029532000065,53.577775727000073,,9.862,53.578
123337,123338,2,1,1,101,2018,1,5,5,3,5,2,2,1,1,1,0,0,0.0,0,566654.810000000060000,5933941.317200000400000,10.006061079000062,53.550128013000062,,10.006,53.55
123338,123339,2,4,9,425,2018,1,14,3,3,5,3,0,1,1,1,0,0,0.0,0,570680.490600000020000,5937605.811800000300000,10.067640981000068,53.582534383000052,,10.068,53.583
123344,123345,2,2,8,220,2018,1,13,2,3,5,3,0,0,1,1,0,0,0.0,0,557913.974500000010000,5938818.794800000300000,9.875053179000076,53.595001319000062,,9.875,53.595
123348,123349,2,3,7,319,2018,1,15,2,3,5,3,0,0,1,1,0,0,0.0,0,559575.396100000010000,5942491.623100000400000,9.900855490000026,53.627824277000059,,9.901,53.628
123351,123352,2,2,3,208,2018,1,14,2,2,0,7,0,1,1,0,0,0,0.0,0,563452.078899999960000,5935305.484000000200000,9.958004877000064,53.562785050000059,,9.958,53.563
123358,123359,2,5,7,515,2018,1,18,4,3,3,2,2,0,1,0,0,0,0.0,1,570139.552799999950000,5938887.148099999900000,10.059759645000042,53.594122378000066,,10.06,53.594
123362,123363,2,5,6,514,2018,1,7,2,3,4,2,1,1,1,1,0,0,0.0,0,573625.346699999990000,5941404.668899999900000,10.113011636000067,53.616268894000029,,10.113,53.616
123363,123364,2,5,11,519,2018,1,9,4,3,5,3,0,1,1,1,0,0,0.0,0,572791.223400000020000,5945644.727699999700000,10.101396699000077,53.654490063000083,,10.101,53.654
123371,123372,2,4,4,407,2018,1,18,4,3,1,7,2,1,1,1,0,0,0.0,0,565891.612399999980000,5939845.051000000000000,9.995789676000072,53.603282375000049,,9.996,53.603
123372,123373,2,2,14,227,2018,1,15,4,3,1,7,0,1,1,1,0,0,0.0,0,550942.938800000000000,5937361.024000000200000,9.769497175000026,53.582623113000068,,9.769,53.583
123381,123382,2,4,2,405,2018,1,14,4,2,5,2,0,1,1,1,0,0,0.0,0,564969.138299999990000,5939615.631500000100000,9.981803196000044,53.601335716000051,,9.982,53.601
123390,123391,2,1,8,127,2018,1,16,3,3,5,7,1,0,1,1,0,0,0.0,0,569908.490200000000000,5933677.759899999900000,10.055102974000022,53.547336274000031,,10.055,53.547
123402,123403,2,5,10,518,2018,1,12,3,3,5,3,0,0,1,1,0,0,0.0,0,573801.764800000000000,5945201.388500000400000,10.116578644000072,53.650364287000059,,10.117,53.65