,OBJECTID,ULAND,UREGBEZ,UKREIS,UGEMEINDE,UJAHR,UMONAT,USTUNDE,UWOCHENTAG,UKATEGORIE,UART,UTYP1,ULICHTVERH,STRZUSTAND,IstRad,IstPKW,IstFuss,IstKrad,IstGkfz,IstSonstig,LINREFX,LINREFY,XGCSWGS84,YGCSWGS84,UIDENTSTLA,lat_short,long_short
124064,124065,2,4,7,417,2018,3,9,2,3,5,3,0,0,1,1,0,0,0.0,0,568298.999100000020000,5935636.472099999900000,10.031243886000027,53.565151285000070,,10.031,53.565
124069,124070,2,4,11,430,2018,4,9,4,3,0,3,0,0,1,1,0,0,0.0,0,569753.683700000050000,5943004.248800000200000,10.054852418000053,53.631174159000068,,10.055,53.631
124071,124072,2,5,3,510,2018,3,3,7,3,0,7,2,0,1,0,0,0,0.0,0,570551.308800000000000,5936366.192400000100000,10.065409892000048,53.571411318000060,,10.065,53.571
124073,124074,2,3,2,312,2018,3,16,2,3,3,6,0,0,1,1,0,0,0.0,0,565465.901900000060000,5936397.447599999600000,9.988633713000070,53.572351434000041,,9.989,53.572
124078,124079,2,2,3,210,2018,4,9,6,3,5,3,0,0,1,0,0,0,0.0,0,562463.665799999960000,5934981.085699999700000,9.943019122000067,53.559988139000041,,9.943,53.56
124082,124083,2,5,9,517,2018,3,12,1,3,1,7,0,0,1,1,0,0,0.0,0,570233.469000000040000,5943794.672000000300000,10.062285065000026,53.638213483000072,,10.062,53.638
124084,124085,2,7,7,708,2018,4,8,3,3,0,3,0,1,1,0,0,0,0.0,1,565204.572900000030000,5920061.325400000400000,9.981291715000054,53.425565541000026,,9.981,53.426
124085,124086,2,1,5,113,2018,3,8,2,3,4,6,0,0,1,1,0,0,0.0,0,567616.240699999970000,5934436.089399999900000,10.020677024000065,53.554451680000057,,10.021,53.554
124086,124087,2,2,8,220,2018,3,14,7,3,0,7,0,1,1,0,0,0,0.0,1,557128.498299999980000,5939430.817400000100000,9.863298630000031,53.600588067000047,,9.863,53.601
124089,124090,2,1,4,109,2018,3,8,4,3,3,2,0,1,1,1,0,0,0.0,0,565574.729399999950000,5935012.606399999900000,9.989986201000022,53.559891958000037,,9.99,53.56
124092,124093,2,1,11,129,2018,4,18,5,3,7,7,0,0,1,0,0,0,0.0,0,571590.027800000040000,5935108.243300000200000,10.080804478000061,53.559965457000033,,10.081,53.56
124093,124094,2,1,1,102,2018,3,9,5,3,3,2,0,1,1,0,0,0,0.0,0,565388.867199999980000,5933804.898600000000000,9.986928061000072,53.549061169000026,,9.987,53.549
124096,124097,2,3,1,301,2018,3,14,1,3,1,5,0,0,1,1,0,0,0.0,0,562418.031300000030000,5937092.743700000500000,9.942752298000073,53.578971777000049,,9.943,53.579
124100,124101,2,6,2,603,2018,3,16,7,2,6,7,0,0,1,0,1,0,0.0,0,580640.884100000020000,5927077.750799999600000,10.215346914000065,53.486486042000081,,10.215,53.486
124108,124109,2,4,12,431,2018,4,7,5,3,5,3,0,1,1,1,0,0,0.0,0,567695.553199999970000,5942448.174700000300000,10.023612855000067,53.626446885000064,,10.024,53.626
124110,124111,2,5,18,526,2018,4,18,2,3,0,7,1,0,1,0,0,0,0.0,0,575310.376999999980000,5939635.794999999900000,10.138051651000069,53.600132936000080,,10.138,53.6
124114,124115,2,3,7,319,2018,3,11,6,3,0,3,0,0,1,1,0,0,0.0,0,561112.342300000020000,5942904.922199999900000,9.924173947000043,53.631361582000068,,9.924,53.631
124119,124120,2,1,1,102,2018,4,13,5,3,3,2,0,0,1,1,0,0,0.0,0,566045.444200000030000,5933747.356200000300000,9.996824125000046,53.548461845000077,,9.997,53.548
124120,124121,2,2,1,206,2018,3,9,3,3,5,3,0,0,1,1,0,0,0.0,0,562817.104300000010000,5935142.630900000200000,9.948386686000049,53.561397820000082,,9.948,53.561
124121,124122,2,1,4,112,2018,3,4,6,3,6,6,2,0,1,0,1,0,0.0,0,563768.512400000010000,5933804.173700000200000,9.962475393000034,53.549253943000053,,9.962,53.549
124139,124140,2,2,2,207,2018,4,17,1,3,5,3,0,0,1,1,0,0,0.0,0,563985.571099999940000,5935264.509800000100000,9.966049944000076,53.562352029000067,,9.966,53.562
124140,124141,2,1,5,114,2018,3,17,5,3,0,7,0,0,1,1,0,0,0.0,0,567182.313199999980000,5934234.958399999900000,10.014084733000061,53.552699790000077,,10.014,53.553
124142,124143,2,5,10,518,2018,3,7,4,3,5,3,0,1,1,1,0,0,0.0,0,573269.388900000020000,5944903.224499999500000,10.108455480000032,53.647759591000067,,10.108,53.648
124145,124146,2,2,8,220,2018,4,7,6,3,5,2,0,0,1,1,0,0,0.0,0,557389.272800000040000,5937749.412499999600000,9.866929436000021,53.585447948000080,,9.867,53.585
124146,124147,2,4,5,408,2018,3,1,1,3,1,5,2,1,1,1,0,0,0.0,0,566474.730600000010000,5939505.855700000200000,10.004528257000061,53.600160337000034,,10.005,53.6
124151,124152,2,4,5,410,2018,3,9,4,3,5,3,0,0,1,1,0,0,0.0,0,566718.673700000040000,5937908.931200000500000,10.007872340000063,53.585777557000029,,10.008,53.586
124153,124154,2,2,4,211,2018,3,16,6,3,4,2,0,0,1,1,0,0,0.0,0,561774.028399999950000,5934671.331000000200000,9.932547906000025,53.557285874000058,,9.933,53.557
124165,124166,2,1,4,110,2018,3,6,6,2,5,3,1,0,1,1,0,0,0.0,0,563462.397000000000000,5934237.374699999600000,9.957943750000027,53.553184355000042,,9.958,53.553
124167,124168,2,2,12,225,2018,3,11,3,3,5,3,0,0,1,1,0,0,0.0,0,554385.876799999970000,5936722.952999999700000,9.821386163000057,53.576542620000055,,9.821,53.577
124169,124170,2,4,5,408,2018,3,16,3,2,6,4,0,0,1,0,1,0,0.0,0,565972.290200000050000,5939308.409699999700000,9.996895150000057,53.598449345000063,,9.997,53.598
124171,124172,2,4,5,410,2018,4,7,5,3,4,2,0,1,1,1,0,0,0.0,0,566687.516599999970000,5938015.658300000200000,10.007424564000075,53.586740692000035,,10.007,53.587
124185,124186,2,1,16,136,2018,3,7,2,3,5,3,0,0,1,1,0,0,0.0,0,567140.251900000030000,5927722.755900000200000,10.012053870000045,53.494178503000057,,10.012,53.494
124187,124188,2,4,5,413,2018,3,8,2,3,1,5,0,0,1,1,0,0,0.0,0,566440.304800000040000,5937202.103199999800000,10.003517444000067,53.579460520000055,,10.004,53.579
124193,124194,2,5,1,501,2018,3,13,2,3,3,1,0,1,1,0,0,0,0.0,1,568674.797499999990000,5935659.297500000300000,10.036922051000033,53.565307374000042,,10.037,53.565
124199,124200,2,5,10,518,2018,3,19,5,3,3,2,2,0,1,1,0,0,0.0,0,572756.861999999960000,5945324.640800000200000,10.100801944000068,53.651618293000070,,10.101,53.652
124203,124204,2,3,6,318,2018,3,12,2,3,0,3,0,0,1,0,1,0,0.0,0,563212.358899999990000,5942215.756000000100000,9.955786780000040,53.624918527000034,,9.956,53.625
124204,124205,2,4,5,411,2018,3,15,5,3,5,3,0,1,1,1,0,0,0.0,0,568232.542499999980000,5938011.545900000300000,10.030759716000034,53.586504961000060,,10.031,53.587
124207,124208,2,2,1,203,2018,3,18,2,3,3,6,2,1,1,1,0,0,0.0,0,562045.251399999950000,5934018.743800000300000,9.936512196000024,53.551388831000054,,9.937,53.551
124214,124215,2,4,1,402,2018,4,16,6,3,5,7,0,0,1,1,0,0,0.0,0,564595.311299999940000,5937793.697900000000000,9.975777530000073,53.585007797000060,,9.976,53.585
124222,124223,2,4,2,403,2018,3,19,1,2,1,5,2,0,1,1,0,0,0.0,0,564456.865600000020000,5938135.322499999800000,9.973757077000073,53.588095096000075,,9.974,53.588
124235,124236,2,4,8,421,2018,3,9,5,3,5,3,0,1,1,1,0,0,0.0,0,568767.995099999940000,5937090.157900000000000,10.038644083000065,53.578154434000055,,10.039,53.578
124238,124239,2,2,4,212,2018,3,18,5,3,3,6,1,1,1,1,0,0,0.0,0,560359.056300000050000,5933788.106999999800000,9.911019797000051,53.549512553000056,,9.911,53.55
124239,124240,2,5,17,525,2018,3,14,7,3,4,6,0,1,1,1,0,0,0.0,0,578370.605699999960000,5946229.405199999900000,10.185946077000040,53.658938091000039,,10.186,53.659
124241,124242,2,5,10,518,2018,3,18,7,3,6,6,1,0,1,0,1,0,0.0,0,575238.101099999970000,5945618.343600000300000,10.138405866000028,53.653906724000080,,10.138,53.654
124247,124248,2,1,6,115,2018,3,0,7,3,5,3,2,0,1,1,0,0,0.0,0,567255.405000000030000,5933845.597199999700000,10.015104076000057,53.549191171000075,,10.015,53.549
124250,124251,2,6,1,601,2018,3,18,6,3,5,7,1,0,1,1,0,0,0.0,0,579872.209999999960000,5929971.847600000000000,10.204501989000050,53.512611604000028,,10.205,53.513
124262,124263,2,3,5,317,2018,3,10,6,3,0,7,0,0,1,1,0,0,0.0,0,563297.166800000010000,5938996.824300000400000,9.956414920000043,53.595978937000041,,9.956,53.596
124263,124264,2,2,1,201,2018,3,13,2,3,1,5,0,0,1,1,0,0,0.0,0,563484.241299999990000,5933442.520399999800000,9.958112057000051,53.546038089000035,,9.958,53.546
124267,124268,2,5,2,509,2018,3,15,7,3,5,3,0,1,1,1,0,0,0.0,0,571221.525200000030000,5938362.209099999600000,10.075984482000024,53.589258895000057,,10.076,53.589
124268,124269,2,1,7,120,2018,3,19,5,3,5,3,2,1,1,1,0,0,0.0,0,568312.350499999940000,5934715.968100000200000,10.031244208000032,53.556876866000039,,10.031,53.557
124281,124282,2,5,18,526,2018,4,7,3,3,5,3,0,0,1,1,0,0,0.0,0,575903.550399999950000,5939705.144500000400000,10.147030301000029,53.600670590000050,,10.147,53.601
124290,124291,2,2,4,213,2018,4,8,3,3,5,3,0,1,1,1,0,0,0.0,0,561440.258299999990000,5933898.521099999500000,9.927358115000061,53.550379486000054,,9.927,53.55
124291,124292,2,1,6,116,2018,4,15,6,3,3,2,0,0,1,0,0,0,0.0,1,567471.567099999990000,5933794.891800000300000,10.018355164000070,53.548707741000044,,10.018,53.549
124292,124293,2,5,12,520,2018,4,8,5,3,5,2,0,0,1,1,0,0,0.0,0,569352.498000000020000,5944706.993099999600000,10.049166277000040,53.646529945000054,,10.049,53.647
124298,124299,2,5,6,514,2018,4,10,6,3,5,2,0,0,1,1,0,0,0.0,0,573910.314800000050000,5940053.096099999700000,10.116998039000066,53.604082453000046,,10.117,53.604
124299,124300,2,1,14,132,2018,4,20,6,3,5,2,2,0,1,1,0,0,0.0,0,569682.879800000000000,5933074.500699999700000,10.051564157000030,53.541944718000082,,10.052,53.542
124301,124302,2,3,8,320,2018,4,16,6,3,5,3,0,0,1,0,0,0,0.0,1,559461.815700000040000,5940018.790400000300000,9.898666107000054,53.605612882000059,,9.899,53.606
124303,124304,2,1,3,108,2018,4,19,5,3,5,2,0,0,1,0,0,1,0.0,0,564906.476999999960000,5934536.271499999800000,9.979800255000043,53.555694072000051,,9.98,53.556
124308,124309,2,4,10,426,2018,4,20,6,3,3,2,2,1,1,0,0,0,0.0,0,569499.422700000000000,5938662.542500000400000,10.050039468000023,53.592189101000031,,10.05,53.592
124310,124311,2,5,18,526,2018,4,12,3,3,5,3,0,0,1,0,0,0,0.0,0,575751.317000000040000,5938318.361499999600000,10.144393447000027,53.588229966000029,,10.144,53.588
124313,124314,2,5,18,526,2018,4,9,2,3,5,3,0,0,1,1,0,0,0.0,0,576332.802200000030000,5941264.766599999700000,10.153897626000060,53.614624079000066,,10.154,53.615
124317,124318,2,4,1,402,2018,4,9,6,3,3,6,0,0,1,0,0,0,0.0,1,564156.875099999950000,5937942.860999999600000,9.969186223000065,53.586402189000069,,9.969,53.586
124319,124320,2,6,1,601,2018,4,7,4,3,5,2,0,0,1,1,0,0,0.0,0,579478.773099999990000,5927752.168399999800000,10.198007656000073,53.492723633000082,,10.198,53.493
124326,124327,2,3,5,317,2018,4,7,6,3,0,7,0,0,1,0,0,0,0.0,0,563329.959900000020000,5938050.203800000300000,9.956718139000031,53.587467433000029,,9.957,53.587
124327,124328,2,1,16,137,2018,4,7,5,3,6,6,0,0,1,0,1,0,0.0,0,565720.128700000000000,5928945.548600000300000,9.990907104000030,53.505347453000070,,9.991,53.505
124328,124329,2,2,1,203,2018,4,11,6,3,1,7,0,0,1,1,0,0,0.0,0,562466.174400000020000,5933988.233900000300000,9.942858578000028,53.551064715000052,,9.943,53.551
124329,124330,2,1,12,130,2018,4,20,3,3,5,3,0,1,1,1,0,0,0.0,0,573584.597700000040000,5932882.196899999900000,10.110386798000036,53.539684345000069,,10.11,53.54
124330,124331,2,1,4,111,2018,4,14,6,3,0,7,0,1,1,1,0,0,0.0,0,564451.580899999940000,5934351.110100000200000,9.972896253000045,53.554086021000046,,9.973,53.554
124331,124332,2,1,3,106,2018,4,15,6,3,4,6,0,0,1,0,0,0,0.0,0,564869.789699999960000,5934503.777400000000000,9.979239785000061,53.555406574000074,,9.979,53.555
124333,124334,2,1,2,104,2018,4,7,4,3,5,3,0,0,1,1,0,0,0.0,0,568095.110800000020000,5932148.347500000100000,10.027406330000076,53.533829485000069,,10.027,53.534
124336,124337,2,3,8,320,2018,4,17,7,3,6,6,0,0,1,0,1,0,0.0,0,559605.764399999990000,5938570.423299999900000,9.900564444000054,53.592579457000056,,9.901,53.593
124340,124341,2,5,6,514,2018,4,18,5,2,5,3,0,0,1,1,0,0,0.0,0,573674.731000000030000,5939562.868599999700000,10.113322562000064,53.599710041000037,,10.113,53.6
124348,124349,2,4,10,429,2018,4,19,5,3,4,2,0,0,1,1,0,0,0.0,0,568762.153700000020000,5940251.905700000000000,10.039252935000036,53.606569996000076,,10.039,53.607
124351,124352,2,5,7,515,2018,4,17,6,3,2,2,0,0,1,0,0,0,0.0,0,572425.370299999950000,5940308.684600000300000,10.094620189000068,53.606586731000050,,10.095,53.607
124353,124354,2,1,6,116,2018,4,8,6,3,5,3,0,0,1,1,0,0,0.0,0,567666.618200000030000,5933889.921400000300000,10.021319140000060,53.549536688000046,,10.021,53.55
124355,124356,2,4,12,431,2018,4,7,5,3,3,5,0,0,1,1,0,0,0.0,0,566992.810500000020000,5942748.484000000200000,10.013053281000055,53.629236172000049,,10.013,53.629
124359,124360,2,2,3,210,2018,4,14,1,3,3,2,0,0,1,1,0,0,0.0,0,562009.944699999990000,5934495.115600000100000,9.936073845000067,53.555674341000042,,9.936,53.556
124360,124361,2,3,9,321,2018,4,15,7,3,5,3,0,1,1,1,0,0,0.0,0,562725.636999999990000,5937539.555300000100000,9.947487429000034,53.582950718000063,,9.947,53.583
124363,124364,2,1,7,120,2018,4,13,6,3,1,5,0,0,1,1,0,0,0.0,0,568095.859799999980000,5934665.804800000000000,10.027965712000025,53.556454170000052,,10.028,53.556
124364,124365,2,3,8,320,2018,4,20,5,3,0,7,2,0,1,0,0,0,0.0,0,559988.205399999980000,5941214.198400000100000,9.906850697000039,53.616296466000051,,9.907,53.616
124370,124371,2,1,4,109,2018,4,18,5,3,5,2,0,0,1,0,0,0,1.0,0,564615.711299999970000,5935100.301400000200000,9.975528294000071,53.560799038000027,,9.976,53.561
124371,124372,2,4,5,413,2018,4,17,6,3,4,6,0,0,1,0,0,0,0.0,0,566465.421199999980000,5937044.831600000200000,10.003863251000041,53.578043911000066,,10.004,53.578
124380,124381,2,5,18,526,2018,4,18,4,3,5,3,0,0,1,1,0,0,0.0,0,576098.236799999960000,5941694.891400000100000,10.150457663000054,53.618523603000028,,10.15,53.619
124381,124382,2,7,9,710,2018,4,8,3,3,5,3,0,0,1,0,1,0,0.0,0,563398.699400000040000,5923080.461500000200000,9.954726638000068,53.452920239000036,,9.955,53.453
124386,124387,2,5,18,526,2018,4,8,2,3,5,3,0,0,1,1,0,0,0.0,0,576511.681600000010000,5939969.835300000400000,10.156283106000046,53.602960856000038,,10.156,53.603
124394,124395,2,4,13,432,2018,4,7,4,3,3,2,0,0,1,0,0,0,0.0,0,567071.685999999990000,5944991.331000000200000,10.014729499000055,53.649382653000032,,10.015,53.649
124395,124396,2,1,14,133,2018,4,8,3,3,1,7,0,0,1,1,0,0,0.0,0,569049.396100000010000,5932288.209499999900000,10.041832669000030,53.534961886000076,,10.042,53.535
124396,124397,2,4,10,427,2018,4,7,4,3,5,3,0,1,1,1,0,0,0.0,0,568769.348200000010000,5937993.797600000200000,10.038863639000056,53.586275329000046,,10.039,53.586
124403,124404,2,1,15,134,2018,4,17,3,3,3,6,0,0,1,1,0,0,0.0,0,567551.401399999970000,5931577.874599999700000,10.019081271000061,53.528772722000042,,10.019,53.529
124404,124405,2,2,2,207,2018,4,17,7,3,3,6,0,0,1,1,0,0,0.0,0,563867.101799999950000,5934732.055300000100000,9.964152760000047,53.557581127000049,,9.964,53.558
124407,124408,2,2,11,223,2018,4,11,4,3,1,5,0,0,1,0,0,0,0.0,1,551943.185199999950000,5934995.099200000100000,9.784210887000029,53.561260725000068,,9.784,53.561
124409,124410,2,5,4,512,2018,4,7,5,3,5,3,0,0,1,1,0,0,0.0,0,573975.211000000010000,5936724.483000000000000,10.117189276000033,53.574159630000054,,10.117,53.574
124410,124411,2,4,2,403,2018,4,16,4,3,5,3,0,0,1,1,0,0,0.0,0,565356.823500000060000,5938442.448499999900000,9.987414985000044,53.590743893000081,,9.987,53.591
124414,124415,2,3,2,311,2018,4,14,4,3,1,5,0,0,1,1,0,0,0.0,0,564891.208899999970000,5935974.825600000100000,9.979868570000065,53.568624623000062,,9.98,53.569
124415,124416,2,4,5,412,2018,4,8,4,3,5,3,0,0,1,1,0,0,0.0,0,567397.079999999960000,5937619.580000000100000,10.018056285000057,53.583090365000032,,10.018,53.583
124416,124417,2,7,2,703,2018,4,12,1,3,5,2,0,0,1,0,0,0,0.0,0,569440.609999999990000,5924654.370000000100000,10.046044029000029,53.466303714000048,,10.046,53.466
124418,124419,2,4,8,423,2018,4,15,2,3,6,7,0,0,1,0,1,0,0.0,1,569840.347199999960000,5937415.548999999600000,10.054910271000040,53.580937044000052,,10.055,53.581
124423,124424,2,2,2,207,2018,4,18,4,3,2,7,0,0,1,1,0,0,0.0,0,563784.880600000030000,5935091.165099999900000,9.962985017000051,53.560818557000061,,9.963,53.561
124428,124429,2,4,7,417,2018,4,17,2,2,5,3,0,1,1,1,0,0,0.0,0,568353.581699999980000,5935283.578800000300000,10.031990674000042,53.561972685000057,,10.032,53.562
124432,124433,2,7,4,705,2018,4,19,3,3,5,3,0,0,1,1,0,0,0.0,0,565651.298700000040000,5922463.749599999700000,9.988514575000068,53.447101744000065,,9.989,53.447
124434,124435,2,4,5,413,2018,4,18,1,2,0,7,0,0,1,1,0,0,0.0,0,567078.892800000030000,5937434.060800000100000,10.013210909000065,53.581463874000065,,10.013,53.581
124435,124436,2,5,7,515,2018,4,14,7,3,5,3,0,1,1,1,0,0,0.0,0,572236.840600000000000,5939554.412200000100000,10.091596556000070,53.599834199000043,,10.092,53.6
124440,124441,2,4,8,422,2018,4,15,6,3,5,3,0,0,1,0,0,1,0.0,0,569487.885000000010000,5936663.451999999600000,10.049420041000076,53.574224731000072,,10.049,53.574
124445,124446,2,2,1,206,2018,4,16,3,3,4,6,0,0,1,0,0,0,0.0,0,562784.083899999970000,5935121.329900000200000,9.947883953000030,53.561210332000030,,9.948,53.561
124446,124447,2,2,8,220,2018,4,19,2,3,5,3,0,0,1,1,0,0,0.0,0,557524.476999999960000,5938477.618999999900000,9.869105869000066,53.591977891000056,,9.869,53.592
124447,124448,2,1,16,137,2018,4,12,7,3,4,6,0,0,1,1,0,0,0.0,0,565299.779600000010000,5930364.389399999800000,9.984865870000022,53.518151399000033,,9.985,53.518
124449,124450,2,1,11,128,2018,4,13,3,2,5,2,0,0,1,1,0,0,0.0,0,572299.134100000020000,5933367.170300000300000,10.091105213000048,53.544221303000029,,10.091,53.544
124450,124451,2,3,7,319,2018,4,7,2,3,5,3,0,0,1,1,0,0,0.0,0,560252.003000000030000,5943078.166100000000000,9.911198800000022,53.633018311000058,,9.911,53.633
124454,124455,2,5,6,514,2018,4,8,3,3,5,2,0,0,1,1,0,0,0.0,0,574450.972900000050000,5942666.152999999900000,10.125791845000037,53.627488836000055,,10.126,53.627
124455,124456,2,4,11,430,2018,4,8,3,3,3,2,0,0,1,1,0,0,0.0,0,568374.017100000060000,5941748.413400000000000,10.033716276000064,53.620069957000055,,10.034,53.62
124460,124461,2,4,13,432,2018,4,12,3,3,6,2,0,0,1,1,1,0,0.0,0,565970.747300000050000,5947842.296900000400000,9.998681741000041,53.675144444000068,,9.999,53.675
124461,124462,2,2,3,209,2018,4,11,2,3,3,2,0,0,1,1,0,0,0.0,0,562463.410099999980000,5935573.183799999800000,9.943133633000059,53.565309568000032,,9.943,53.565
124464,124465,2,5,1,501,2018,4,16,3,2,3,2,0,0,1,0,0,0,0.0,1,568329.132600000010000,5935768.487499999800000,10.031727665000062,53.566333800000052,,10.032,53.566
124475,124476,2,3,2,312,2018,4,16,3,3,3,2,0,0,1,0,0,0,0.0,0,565636.939400000030000,5935099.102500000000000,9.990943403000074,53.560661543000037,,9.991,53.561
124476,124477,2,1,1,102,2018,4,14,2,3,6,4,0,0,1,0,1,0,0.0,0,565877.801499999940000,5933966.474100000200000,9.994340475000058,53.550452171000074,,9.994,53.55
124478,124479,2,1,3,108,2018,4,22,3,3,3,3,2,0,1,1,0,0,0.0,0,565591.715199999980000,5934433.003200000200000,9.990120959000024,53.554680801000075,,9.99,53.555
124481,124482,2,5,5,513,2018,4,16,5,3,4,6,0,0,1,0,0,0,0.0,0,574063.330599999990000,5937857.013799999800000,10.118788520000066,53.584325066000076,,10.119,53.584
124485,124486,2,5,6,514,2018,4,10,1,3,5,3,0,0,1,1,0,0,0.0,0,573213.272000000000000,5941246.050800000300000,10.106746202000068,53.614901181000050,,10.107,53.615
124489,124490,2,5,4,512,2018,4,11,2,3,5,3,0,0,1,0,0,0,1.0,0,575451.191400000010000,5937846.510499999900000,10.139746262000074,53.584032827000044,,10.14,53.584
124496,124497,2,5,2,505,2018,4,18,2,3,5,3,0,0,1,1,0,0,0.0,0,570141.940199999950000,5936570.880099999700000,10.059275073000038,53.573305741000070,,10.059,53.573
124498,124499,2,3,6,318,2018,4,13,3,3,5,3,0,1,1,1,0,0,0.0,0,563229.892299999950000,5944151.128600000400000,9.956445183000028,53.642310024000039,,9.956,53.642
124502,124503,2,2,4,214,2018,4,17,1,3,6,6,0,0,1,0,1,0,0.0,0,560655.590399999990000,5933406.939000000200000,9.915420931000028,53.546052652000071,,9.915,53.546
124504,124505,2,4,4,407,2018,4,16,2,3,5,2,0,0,1,1,0,0,0.0,0,566623.836299999970000,5941365.642400000200000,10.007178734000036,53.616855526000052,,10.007,53.617
124505,124506,2,4,7,416,2018,4,15,1,3,1,5,0,1,1,1,0,0,0.0,0,567495.643599999950000,5935397.212700000000000,10.019064484000069,53.563104968000061,,10.019,53.563
124507,124508,2,1,12,130,2018,4,8,2,3,2,7,0,0,1,1,0,0,0.0,0,574173.931800000020000,5932674.948599999800000,10.119228826000040,53.537738933000071,,10.119,53.538
124508,124509,2,4,5,412,2018,4,19,2,3,0,7,0,0,1,0,0,0,0.0,0,567005.570399999970000,5937370.920900000300000,10.012090026000067,53.580905800000039,,10.012,53.581
124509,124510,2,2,5,216,2018,4,19,6,3,5,3,0,0,1,1,0,0,0.0,0,560749.576000000000000,5935036.569000000100000,9.917155847000061,53.560687988000041,,9.917,53.561
124516,124517,2,2,4,213,2018,4,9,5,2,5,3,0,0,1,0,0,0,0.0,0,561326.313399999980000,5934035.397300000300000,9.925665364000054,53.551622972000075,,9.926,53.552
124520,124521,2,3,3,314,2018,4,10,1,3,5,3,0,1,1,1,0,0,0.0,0,565405.892600000020000,5937462.338999999700000,9.987950741000077,53.581929330000037,,9.988,53.582
124523,124524,2,2,4,212,2018,4,8,2,3,1,5,0,0,1,1,0,0,0.0,0,560253.756199999950000,5934071.208300000100000,9.909485243000063,53.552069010000082,,9.909,53.552
124526,124527,2,2,1,205,2018,4,17,6,3,5,3,0,0,1,1,0,0,0.0,0,563198.378299999980000,5934293.693400000200000,9.953970469000069,53.553722360000052,,9.954,53.554
124527,124528,2,2,4,212,2018,4,7,3,3,5,3,0,0,1,1,0,0,0.0,0,560825.018999999970000,5934153.659000000000000,9.918122856000025,53.552744157000063,,9.918,53.553
124534,124535,2,7,13,714,2018,4,16,1,3,5,3,0,0,1,1,0,0,0.0,0,558433.978099999950000,5926165.922000000300000,9.880546303000074,53.481225296000048,,9.881,53.481
124537,124538,2,5,11,519,2018,4,7,3,3,3,2,0,0,1,0,0,0,0.0,1,570552.406300000030000,5947054.159199999600000,10.067848095000045,53.667463205000047,,10.068,53.667
124543,124544,2,1,7,120,2018,4,16,3,3,5,5,0,1,1,1,0,0,0.0,0,568297.855699999960000,5934543.406000000400000,10.030987728000071,53.555327914000031,,10.031,53.555
124545,124546,2,1,5,114,2018,4,17,6,3,3,6,0,0,1,1,0,0,0.0,0,567368.001900000030000,5933995.900600000300000,10.016835620000052,53.550527541000065,,10.017,53.551
124549,124550,2,2,10,222,2018,4,11,1,3,0,3,0,0,1,1,0,0,0.0,0,554560.566100000050000,5934944.129300000100000,9.823713449000024,53.560537055000054,,9.824,53.561
124552,124553,2,2,11,223,2018,4,16,1,2,0,1,0,0,1,0,0,0,0.0,0,554403.054499999970000,5934673.318900000300000,9.821288584000058,53.558119454000064,,9.821,53.558
124554,124555,2,3,7,319,2018,4,19,1,3,5,7,1,0,1,1,0,0,0.0,0,560678.552499999990000,5943461.843600000300000,9.917723491000061,53.636417271000028,,9.918,53.636
124555,124556,2,5,5,513,2018,4,5,5,2,5,3,2,0,1,0,0,1,0.0,0,574460.441899999980000,5938041.513299999800000,10.124829979000026,53.585926892000032,,10.125,53.586
124563,124564,2,3,2,312,2018,4,14,1,2,2,3,0,0,1,1,0,0,0.0,0,565816.794600000020000,5934890.366499999500000,9.993614329000025,53.558763061000036,,9.994,53.559
124565,124566,2,7,1,702,2018,4,14,6,3,3,2,0,0,1,1,0,0,0.0,0,565383.926800000020000,5923745.421600000000000,9.984755844000063,53.458653901000048,,9.985,53.459
124567,124568,2,5,7,515,2018,4,9,6,3,5,2,0,0,1,1,0,0,0.0,0,570430.621399999950000,5939247.712000000300000,10.064238094000075,53.597323731000074,,10.064,53.597
124569,124570,2,4,9,424,2018,4,12,6,3,5,3,0,0,1,1,0,0,0.0,0,570253.045200000050000,5937422.517500000100000,10.061144305000028,53.580944551000073,,10.061,53.581
124572,124573,2,3,2,311,2018,4,13,3,3,6,4,0,1,1,0,1,0,0.0,0,564942.913199999950000,5936070.708499999700000,9.980669125000077,53.569479950000073,,9.981,53.569
124573,124574,2,7,1,702,2018,4,11,7,3,6,3,0,0,1,0,1,0,0.0,0,565501.693899999950000,5923554.206700000000000,9.986489426000048,53.456920746000037,,9.986,53.457
124576,124577,2,2,4,214,2018,4,12,1,3,0,7,0,0,1,0,0,0,0.0,0,561319.021500000030000,5933268.758800000000000,9.925404990000061,53.544733717000042,,9.925,53.545
124593,124594,2,7,4,705,2018,4,10,7,3,4,2,0,0,1,1,0,0,0.0,0,565849.202099999990000,5922035.693300000400000,9.991404346000024,53.443229937000069,,9.991,53.443
124594,124595,2,1,5,114,2018,4,14,7,3,3,6,0,1,1,0,0,0,0.0,0,567522.139199999980000,5934269.167100000200000,10.019220742000073,53.552963633000047,,10.019,53.553
124595,124596,2,4,5,413,2018,4,16,7,3,3,6,0,0,1,1,0,0,0.0,0,567003.241299999990000,5937375.666400000500000,10.012055870000040,53.580948746000047,,10.012,53.581
124596,124597,2,6,1,601,2018,4,7,3,3,5,3,0,0,1,1,0,0,0.0,0,579501.172999999950000,5929496.637000000100000,10.198787429000049,53.508397270000046,,10.199,53.508
124597,124598,2,4,4,407,2018,4,18,7,2,1,7,0,0,1,1,0,0,0.0,0,567871.819099999960000,5941578.758299999900000,10.026088133000030,53.618610582000031,,10.026,53.619
124598,124599,2,2,1,201,2018,4,6,6,3,5,3,0,0,1,1,0,0,0.0,0,563204.310199999950000,5933554.510999999900000,9.953910579000024,53.547078356000043,,9.954,53.547