,OBJECTID,ULAND,UREGBEZ,UKREIS,UGEMEINDE,UJAHR,UMONAT,USTUNDE,UWOCHENTAG,UKATEGORIE,UART,UTYP1,ULICHTVERH,STRZUSTAND,IstRad,IstPKW,IstFuss,IstKrad,IstGkfz,IstSonstig,LINREFX,LINREFY,XGCSWGS84,YGCSWGS84,UIDENTSTLA,lat_short,long_short
124602,124603,2,2,5,217,2018,4,10,7,3,5,3,0,0,1,1,0,0,0.0,0,557879.964000000040000,5937302.235200000000000,9.874257991000036,53.581375010000045,,9.874,53.581
124605,124606,2,3,1,301,2018,4,12,7,3,5,3,0,0,1,1,0,0,0.0,0,562610.389700000060000,5937156.104500000400000,9.945669925000061,53.579518294000081,,9.946,53.58
124607,124608,2,1,12,130,2018,4,8,6,3,5,2,0,0,1,1,0,0,0.0,0,574753.138200000040000,5932808.965499999900000,10.127998778000062,53.538861220000058,,10.128,53.539
124609,124610,2,5,6,514,2018,4,7,3,3,5,3,0,0,1,1,0,0,0.0,0,573881.328300000050000,5940545.176099999800000,10.116676722000022,53.608508766000057,,10.117,53.609
124611,124612,2,7,16,717,2018,4,7,5,3,3,2,0,0,1,1,0,0,0.0,0,553795.889899999950000,5930024.834200000400000,9.811324476000038,53.516402789000040,,9.811,53.516
124613,124614,2,5,7,515,2018,4,12,4,2,6,4,0,0,1,0,1,0,0.0,0,572386.174299999960000,5943063.780799999800000,10.094668351000053,53.631351787000028,,10.095,53.631
124617,124618,2,1,5,114,2018,4,17,7,3,0,6,0,0,1,1,0,0,0.0,0,566661.961099999960000,5934059.198599999800000,10.006194129000050,53.551186530000052,,10.006,53.551
124634,124635,2,5,7,515,2018,4,16,6,3,3,2,0,0,1,1,0,0,0.0,0,570712.616000000040000,5939644.395999999700000,10.068588318000025,53.600850746000049,,10.069,53.601
124635,124636,2,5,11,519,2018,4,13,6,3,5,3,0,0,1,1,0,0,0.0,0,571117.545999999970000,5945725.934999999600000,10.076096010000072,53.655450097000028,,10.076,53.655
124636,124637,2,3,6,318,2018,4,7,5,3,5,3,0,0,1,1,0,0,0.0,0,562539.473200000010000,5943809.492600000500000,9.945934448000060,53.639322630000038,,9.946,53.639
124637,124638,2,1,20,141,2018,4,15,2,3,5,3,0,0,1,1,0,0,0.0,0,558267.399699999950000,5931956.171699999800000,9.879112670000041,53.533284229000060,,9.879,53.533
124641,124642,2,4,5,411,2018,5,18,5,3,5,3,0,0,1,1,0,0,0.0,0,568393.576600000030000,5938093.671000000100000,10.033209958000043,53.587222046000079,,10.033,53.587
124642,124643,2,2,4,213,2018,5,14,3,3,2,6,0,0,1,1,0,0,0.0,0,561503.790000000040000,5934296.860000000300000,9.928395264000073,53.553952084000059,,9.928,53.554
124645,124646,2,6,1,601,2018,5,12,1,2,5,3,0,0,1,1,0,0,0.0,0,580068.238800000050000,5928010.748999999800000,10.206956684000033,53.494958043000054,,10.207,53.495
124646,124647,2,4,10,427,2018,5,15,5,3,3,6,0,0,1,0,0,0,0.0,1,569104.879599999990000,5938595.182400000300000,10.044064638000066,53.591635889000031,,10.044,53.592
124647,124648,2,1,4,109,2018,5,17,1,3,3,6,0,0,1,0,0,0,0.0,0,564184.003799999950000,5934709.866000000400000,9.968931480000038,53.557343051000032,,9.969,53.557
124649,124650,2,2,8,220,2018,5,16,5,3,5,3,0,0,1,0,0,0,0.0,1,557519.322900000030000,5939327.343000000300000,9.869184749000056,53.599615344000028,,9.869,53.6
124650,124651,2,2,4,214,2018,5,9,5,3,2,6,0,0,1,1,0,0,0.0,0,561405.962199999950000,5933241.212399999600000,9.926711472000022,53.544475987000055,,9.927,53.544
124652,124653,2,3,3,314,2018,5,14,5,3,5,3,0,0,1,1,0,0,0.0,0,564832.764500000050000,5936971.886099999800000,9.979193210000062,53.577592678000030,,9.979,53.578
124654,124655,2,3,2,312,2018,5,8,5,3,1,5,0,0,1,1,0,0,0.0,0,565011.074000000020000,5935877.586600000000000,9.981658023000023,53.567735874000050,,9.982,53.568
124658,124659,2,4,10,427,2018,5,14,7,3,3,2,0,0,1,1,0,0,0.0,0,569166.716400000030000,5938452.243599999700000,10.044967027000041,53.590343138000037,,10.045,53.59
124659,124660,2,5,2,509,2018,5,14,6,2,5,3,0,0,1,1,0,0,0.0,0,572732.636199999950000,5938359.409199999600000,10.098808485000063,53.589026288000071,,10.099,53.589
124661,124662,2,2,7,219,2018,5,7,2,3,3,2,0,0,1,1,0,0,0.0,0,560778.288100000010000,5933679.823699999600000,9.917325471000027,53.548491002000048,,9.917,53.548
124662,124663,2,1,1,101,2018,5,8,5,3,0,3,0,0,1,0,0,0,0.0,1,566211.727199999960000,5934015.518000000200000,9.999390198000072,53.550850935000028,,9.999,53.551
124663,124664,2,1,20,141,2018,5,18,4,3,0,3,0,0,1,1,0,0,0.0,0,556563.278500000010000,5932207.956399999600000,9.853450330000044,53.535733413000059,,9.853,53.536
124665,124666,2,3,3,313,2018,5,13,7,3,4,6,0,0,1,0,0,0,0.0,0,564574.859999999990000,5936990.120000000100000,9.975302376000059,53.577788365000060,,9.975,53.578
124672,124673,2,6,13,614,2018,5,12,4,2,4,2,0,0,1,1,0,0,0.0,0,570279.670200000050000,5926333.654900000400000,10.059056878000035,53.481284440000081,,10.059,53.481
124673,124674,2,6,2,602,2018,5,8,2,2,3,6,0,0,1,1,0,0,0.0,0,580059.925300000000000,5927358.270899999900000,10.206664920000037,53.489095691000045,,10.207,53.489
124675,124676,2,1,11,129,2018,5,16,4,3,0,3,0,0,1,0,0,0,0.0,1,571826.366999999970000,5934550.593000000300000,10.084243670000035,53.554921579000052,,10.084,53.555
124676,124677,2,5,1,504,2018,5,19,6,2,1,3,0,0,1,1,0,0,0.0,0,570017.198100000040000,5936170.270700000200000,10.057301765000034,53.569722116000037,,10.057,53.57
124678,124679,2,7,1,702,2018,5,12,3,3,3,6,0,0,1,1,0,0,0.0,0,565983.728000000000000,5924925.171000000100000,9.994035713000073,53.469181962000050,,9.994,53.469
124679,124680,2,3,9,321,2018,5,7,3,3,5,3,0,0,1,1,0,0,0.0,0,560962.945599999980000,5939120.875300000400000,9.921174391000022,53.597370503000036,,9.921,53.597
124683,124684,2,2,8,220,2018,5,16,2,3,5,3,0,0,1,1,0,0,0.0,0,558231.405200000040000,5937570.991499999500000,9.879615860000058,53.583751550000045,,9.88,53.584
124687,124688,2,5,3,510,2018,5,13,4,3,5,3,0,0,1,1,0,0,0.0,0,570767.435300000010000,5936384.799499999700000,10.068677256000058,53.571549432000040,,10.069,53.572
124689,124690,2,5,9,517,2018,5,7,4,3,1,5,0,0,1,1,0,0,0.0,0,571496.400799999940000,5943450.570200000000000,10.081304181000064,53.634950087000050,,10.081,53.635
124692,124693,2,2,4,212,2018,5,16,3,3,3,6,0,0,1,1,0,0,0.0,0,560830.803199999970000,5934616.012699999800000,9.918300128000055,53.556898860000047,,9.918,53.557
124700,124701,2,3,3,313,2018,5,17,2,3,5,3,0,0,1,1,0,0,0.0,0,565789.484100000000000,5936995.544499999800000,9.993645515000026,53.577686175000053,,9.994,53.578
124702,124703,2,5,7,515,2018,5,15,1,3,5,2,0,0,1,1,0,0,0.0,0,571264.679899999990000,5941441.426099999800000,10.077340343000060,53.616925729000059,,10.077,53.617
124706,124707,2,2,5,216,2018,5,7,4,3,5,3,0,0,1,1,0,0,0.0,0,560924.243800000050000,5935009.591900000300000,9.919787231000043,53.560425287000044,,9.92,53.56
124710,124711,2,5,1,501,2018,5,8,3,3,5,3,0,0,1,1,0,0,0.0,0,568682.687599999950000,5935636.976300000200000,10.037036255000032,53.565105739000046,,10.037,53.565
124711,124712,2,4,2,405,2018,5,15,4,2,2,6,0,0,1,1,0,0,0.0,0,564374.172700000000000,5939651.795300000300000,9.972821071000055,53.601734148000048,,9.973,53.602
124712,124713,2,3,3,314,2018,5,18,3,3,2,6,0,0,1,1,0,0,0.0,0,565440.541800000010000,5937391.109299999700000,9.988459094000064,53.581284851000078,,9.988,53.581
124714,124715,2,2,1,203,2018,5,16,4,3,6,4,0,0,1,0,1,0,0.0,0,562519.342999999990000,5934072.627000000300000,9.943677856000022,53.551816859000041,,9.944,53.552
124716,124717,2,1,4,112,2018,5,7,4,3,3,6,0,0,1,0,0,0,0.0,1,563590.709000000030000,5933826.111899999900000,9.959796634000043,53.549472673000082,,9.96,53.549
124717,124718,2,6,6,607,2018,5,11,7,3,2,6,0,0,1,0,0,0,0.0,0,580028.087999999990000,5917720.140700000300000,10.203733834000047,53.402484928000035,,10.204,53.402
124725,124726,2,3,4,316,2018,5,22,7,3,1,5,2,0,1,1,0,0,0.0,0,563715.110299999940000,5937179.458599999500000,9.962357874000077,53.579595145000042,,9.962,53.58
124735,124736,2,4,13,432,2018,5,13,7,3,1,5,0,0,1,1,0,0,0.0,0,567474.747399999990000,5946350.467000000200000,10.021121519000076,53.661545391000061,,10.021,53.662
124736,124737,2,1,5,114,2018,5,16,7,3,0,7,0,0,1,0,1,0,0.0,0,566599.382800000020000,5934261.498800000200000,10.005292827000062,53.553012586000079,,10.005,53.553
124737,124738,2,1,3,106,2018,5,16,7,3,0,7,0,0,1,0,0,0,0.0,0,564415.675999999980000,5933618.710099999800000,9.972203468000032,53.547508130000040,,9.972,53.548
124749,124750,2,7,9,710,2018,5,15,1,3,5,3,0,0,1,1,0,0,0.0,0,564198.822200000050000,5922763.635800000300000,9.966709222000077,53.449975899000037,,9.967,53.45
124752,124753,2,7,1,702,2018,4,12,2,3,5,3,0,1,1,1,0,0,0.0,0,565257.757600000010000,5923613.457600000300000,9.982828511000037,53.457483531000037,,9.983,53.457
124754,124755,2,3,8,320,2018,5,15,3,3,5,3,0,0,1,1,0,0,0.0,0,560282.545500000010000,5939669.489299999500000,9.911000796000053,53.602379803000076,,9.911,53.602
124756,124757,2,3,5,317,2018,5,15,2,3,5,3,0,0,1,0,0,0,0.0,1,563388.942700000010000,5938191.152599999700000,9.957637688000034,53.588727053000071,,9.958,53.589
124759,124760,2,3,5,317,2018,5,19,1,3,5,3,0,0,1,1,0,0,0.0,0,563768.649800000010000,5939426.176400000200000,9.963625699000033,53.599780486000043,,9.964,53.6
124761,124762,2,2,8,220,2018,5,15,7,3,5,2,0,0,1,1,0,0,0.0,0,557840.188500000050000,5937921.671400000300000,9.873772091000035,53.586946580000074,,9.874,53.587
124763,124764,2,1,12,130,2018,4,19,2,3,5,3,0,0,1,1,0,0,0.0,0,576207.939000000010000,5931816.137299999600000,10.149704665000058,53.529729811000038,,10.15,53.53
124766,124767,2,2,8,220,2018,5,16,6,3,5,3,0,0,1,1,0,0,0.0,0,557886.938199999980000,5937998.160600000100000,9.874492424000039,53.587628867000035,,9.874,53.588
124773,124774,2,1,14,133,2018,4,11,2,3,1,5,0,0,1,0,0,0,1.0,0,568589.927299999980000,5932135.315600000300000,10.034867841000050,53.533647996000070,,10.035,53.534
124774,124775,2,4,5,410,2018,5,20,1,3,1,5,0,0,1,1,0,0,0.0,0,567143.591400000030000,5938393.622499999600000,10.014394489000040,53.590079303000039,,10.014,53.59
124775,124776,2,4,5,410,2018,5,9,2,3,3,6,0,0,1,1,0,0,0.0,0,566501.631199999950000,5938131.126000000200000,10.004641547000062,53.587802027000066,,10.005,53.588
124776,124777,2,1,8,126,2018,5,19,7,3,0,5,0,0,1,1,0,0,0.0,0,570179.856900000010000,5933953.548000000400000,10.059259736000058,53.549778601000071,,10.059,53.55
124779,124780,2,4,9,425,2018,4,7,2,3,3,2,0,0,1,1,0,0,0.0,0,570389.071200000010000,5937497.785000000100000,10.063215510000077,53.581602741000040,,10.063,53.582
124780,124781,2,2,8,220,2018,5,17,5,3,5,3,0,0,1,1,0,0,0.0,0,557001.709900000020000,5938387.481900000000000,9.861192179000057,53.591224884000042,,9.861,53.591
124782,124783,2,5,7,515,2018,4,15,2,3,0,7,0,1,1,1,0,0,0.0,0,571207.701200000010000,5941287.902499999900000,10.076444036000055,53.615553775000080,,10.076,53.616
124785,124786,2,2,2,207,2018,5,8,3,3,1,5,0,0,1,1,0,0,0.0,0,563796.577599999960000,5935069.348299999700000,9.963157130000070,53.560621061000063,,9.963,53.561
124790,124791,2,1,12,130,2018,5,15,7,3,5,3,0,0,1,1,0,0,0.0,0,575128.295500000010000,5931861.281000000400000,10.133431073000054,53.530290989000036,,10.133,53.53
124792,124793,2,3,1,304,2018,4,7,2,3,5,3,0,0,1,0,0,0,0.0,0,562210.778000000050000,5936883.173299999900000,9.939580674000069,53.577112919000058,,9.94,53.577
124797,124798,2,3,1,309,2018,4,10,2,3,3,2,0,0,1,0,0,0,0.0,1,564032.078600000010000,5935677.528599999800000,9.966836652000040,53.566058278000071,,9.967,53.566
124799,124800,2,5,11,519,2018,5,12,7,3,4,2,0,0,1,1,0,0,0.0,0,571102.698199999980000,5946628.291299999700000,10.076077931000043,53.663561451000078,,10.076,53.664
124801,124802,2,1,12,130,2018,4,19,1,3,5,3,0,0,1,1,0,0,0.0,0,573133.760000000010000,5934406.820399999600000,10.103941593000059,53.553448999000068,,10.104,53.553
124808,124809,2,1,2,103,2018,5,19,2,3,1,6,0,0,1,1,0,0,0.0,0,565289.550799999970000,5932968.448599999800000,9.985254698000063,53.541556123000078,,9.985,53.542
124813,124814,2,1,2,104,2018,5,13,6,3,5,3,0,0,1,1,0,0,0.0,0,568095.639599999990000,5932148.187300000300000,10.027414272000044,53.533827977000044,,10.027,53.534
124814,124815,2,2,9,221,2018,5,8,6,3,6,7,0,0,1,0,1,0,0.0,0,557110.909800000020000,5936684.217000000200000,9.862530061000030,53.575904862000073,,9.863,53.576
124816,124817,2,3,5,317,2018,5,8,4,3,4,2,0,0,1,1,0,0,0.0,0,562679.587900000040000,5938380.312400000200000,9.946960857000022,53.590512371000045,,9.947,53.591
124820,124821,2,2,5,216,2018,4,14,1,3,0,7,0,0,1,1,0,0,0.0,0,559773.197500000010000,5935628.497200000100000,9.902530418000026,53.566120024000043,,9.903,53.566
124821,124822,2,5,2,509,2018,5,16,2,3,1,5,0,0,1,1,0,0,0.0,1,571385.540599999950000,5938335.178200000000000,10.078455689000066,53.588993665000032,,10.078,53.589
124823,124824,2,6,2,602,2018,5,11,2,3,3,6,0,0,1,1,0,0,0.0,0,580581.756999999980000,5928013.308199999900000,10.214696263000064,53.494902639000031,,10.215,53.495
124825,124826,2,2,9,221,2018,5,13,6,2,5,3,0,0,1,1,0,0,0.0,0,556067.698800000010000,5934902.836199999800000,9.846456878000026,53.560007091000045,,9.846,53.56
124830,124831,2,3,9,321,2018,5,17,3,3,3,2,0,0,1,1,0,0,0.0,0,561972.449000000020000,5938597.055999999900000,9.936322070000074,53.592544382000028,,9.936,53.593
124832,124833,2,3,1,308,2018,5,8,2,1,3,2,0,0,1,0,0,0,1.0,0,563664.037699999990000,5936539.479000000300000,9.961456077000037,53.573849666000058,,9.961,53.574
124834,124835,2,5,6,514,2018,5,0,1,3,1,7,2,0,1,1,0,0,0.0,0,575211.051600000010000,5943236.878800000100000,10.137420647000056,53.632509148000054,,10.137,53.633
124835,124836,2,4,13,432,2018,5,13,2,3,5,3,0,0,1,1,0,0,0.0,0,566232.895999999950000,5947511.658800000300000,10.002578989000028,53.672139835000053,,10.003,53.672
124843,124844,2,2,2,207,2018,5,14,6,3,5,7,0,0,1,1,0,0,0.0,0,563816.432900000010000,5935347.570200000000000,9.963513668000076,53.563119112000038,,9.964,53.563
124851,124852,2,5,17,525,2018,4,16,7,2,5,7,0,0,1,1,0,0,0.0,0,577178.595600000000000,5945134.560800000100000,10.167640165000023,53.649276462000046,,10.168,53.649
124853,124854,2,5,7,515,2018,5,15,7,3,0,3,0,0,1,1,0,0,0.0,0,570117.543700000040000,5938857.251199999800000,10.059420443000022,53.593856639000080,,10.059,53.594
124855,124856,2,4,4,407,2018,4,19,7,3,3,2,0,0,1,1,0,0,0.0,0,566548.126300000000000,5940182.470200000300000,10.005781646000059,53.606231844000035,,10.006,53.606
124859,124860,2,3,7,319,2018,5,8,6,3,4,2,0,0,1,1,0,0,0.0,0,559996.828400000000000,5943035.406399999700000,9.907332049000047,53.632663323000031,,9.907,53.633
124861,124862,2,3,2,311,2018,4,15,7,3,2,6,0,0,1,1,0,0,0.0,0,564904.346000000020000,5935943.520399999800000,9.980060405000074,53.568341651000026,,9.98,53.568
124862,124863,2,4,9,424,2018,5,13,5,3,5,3,0,0,1,1,0,0,0.0,0,570200.435599999970000,5937379.418999999800000,10.060340113000052,53.580564268000046,,10.06,53.581
124864,124865,2,4,10,426,2018,5,6,3,3,5,3,0,0,1,1,0,0,0.0,0,569676.025799999940000,5938223.855000000400000,10.052609212000050,53.588223167000081,,10.053,53.588
124866,124867,2,2,4,214,2018,5,9,3,3,0,4,0,0,1,0,1,0,0.0,0,561782.427600000050000,5933685.687699999700000,9.932479900000033,53.548426514000028,,9.932,53.548
124867,124868,2,2,7,219,2018,5,7,2,3,5,2,0,0,1,1,0,0,0.0,0,559000.663599999970000,5934095.721800000400000,9.890577913000072,53.552431644000080,,9.891,53.552
124869,124870,2,3,1,304,2018,5,9,6,3,5,3,0,0,1,1,0,0,0.0,0,562338.106499999990000,5936620.994500000000000,9.941451104000066,53.574741511000070,,9.941,53.575
124871,124872,2,1,15,134,2018,4,15,6,3,1,5,0,0,1,1,0,0,0.0,0,567342.880299999960000,5930985.200299999700000,10.015808603000039,53.523472994000031,,10.016,53.523
124873,124874,2,4,8,421,2018,5,21,7,3,5,3,1,0,1,1,0,0,0.0,0,568776.734599999970000,5937088.833200000200000,10.038775765000025,53.578141383000059,,10.039,53.578
124874,124875,2,2,3,210,2018,5,13,6,2,4,6,0,0,1,0,0,0,0.0,0,562024.997100000040000,5934509.556800000400000,9.936303902000077,53.555802351000068,,9.936,53.556
124875,124876,2,6,2,602,2018,4,8,6,3,5,3,0,0,1,1,0,0,0.0,0,578819.909499999950000,5927486.884399999900000,10.188012123000021,53.490438706000077,,10.188,53.49
124884,124885,2,2,1,204,2018,5,15,6,3,0,7,0,0,1,1,0,0,0.0,0,562438.483000000010000,5934107.467000000200000,9.942464480000069,53.552139602000068,,9.942,53.552
124885,124886,2,5,6,514,2018,4,14,6,3,0,4,0,0,1,0,1,0,0.0,0,574009.912800000050000,5940350.813400000300000,10.118573638000044,53.606743921000032,,10.119,53.607
124888,124889,2,1,3,108,2018,5,15,3,3,4,2,0,0,1,1,0,0,0.0,0,565829.324600000050000,5934785.800200000400000,9.993781434000027,53.557821729000068,,9.994,53.558
124891,124892,2,2,3,208,2018,5,11,6,3,4,2,0,0,1,1,0,0,0.0,0,563433.226600000050000,5935285.977900000300000,9.957716327000071,53.562612021000064,,9.958,53.563
124895,124896,2,1,3,106,2018,5,15,6,3,5,3,0,0,1,1,0,0,0.0,0,564882.076499999970000,5934563.748200000300000,9.979437678000068,53.555944029000045,,9.979,53.556
124897,124898,2,2,11,223,2018,5,9,4,3,4,6,0,0,1,0,0,0,0.0,0,552957.806100000050000,5934637.555700000400000,9.799466887000051,53.557945830000051,,9.799,53.558
124898,124899,2,2,7,219,2018,5,18,7,2,4,2,0,0,1,1,0,0,0.0,0,558399.380099999950000,5933429.985600000200000,9.881378768000047,53.546515547000070,,9.881,53.547
124899,124900,2,5,11,519,2018,4,7,6,3,5,3,0,0,1,1,0,0,0.0,0,571180.922099999970000,5945966.755500000000000,10.077109955000026,53.657605693000050,,10.077,53.658
124900,124901,2,5,2,505,2018,5,21,2,3,0,7,1,0,1,0,0,0,0.0,0,570854.848299999950000,5936620.907599999600000,10.070050624000032,53.573659536000036,,10.07,53.574
124901,124902,2,4,8,423,2018,4,12,6,3,5,3,0,0,1,1,0,0,0.0,0,569346.158100000000000,5937590.918399999800000,10.047486086000049,53.582578672000068,,10.047,53.583
124903,124904,2,5,6,514,2018,5,22,1,3,5,3,2,0,1,1,0,0,0.0,0,574094.073300000050000,5940317.415799999600000,10.119837419000021,53.606431889000078,,10.12,53.606
124905,124906,2,3,9,321,2018,4,12,6,3,3,6,0,0,1,0,0,1,0.0,0,562238.976299999980000,5938661.731399999900000,9.940361258000053,53.593094065000059,,9.94,53.593
124908,124909,2,2,9,221,2018,4,9,6,3,5,3,0,0,1,0,0,0,0.0,0,556259.285700000010000,5936951.259399999900000,9.849717912000074,53.578396953000038,,9.85,53.578
124909,124910,2,5,11,519,2018,5,15,6,3,0,3,0,0,1,1,0,0,0.0,0,571860.357899999940000,5945243.287100000300000,10.087221845000045,53.651011101000051,,10.087,53.651
124912,124913,2,3,2,312,2018,5,15,4,3,0,7,0,0,1,0,0,0,0.0,0,565550.596000000020000,5936432.061999999900000,9.989919778000058,53.572651945000075,,9.99,53.573
124913,124914,2,3,5,317,2018,4,18,6,3,4,6,0,0,1,1,0,0,0.0,0,563902.675700000020000,5938237.795400000200000,9.965407171000038,53.589083882000068,,9.965,53.589
124915,124916,2,3,5,317,2018,4,16,6,3,5,3,0,0,1,1,0,0,0.0,0,562765.839999999970000,5939953.490000000200000,9.948580444000072,53.604640658000051,,9.949,53.605
124917,124918,2,2,10,222,2018,5,11,1,3,3,6,0,0,1,0,0,0,0.0,0,556756.439099999960000,5933835.567699999500000,9.856659772000057,53.550340900000037,,9.857,53.55
124918,124919,2,1,8,123,2018,5,20,5,3,5,3,0,0,1,1,0,0,0.0,0,570510.980100000040000,5935101.766800000300000,10.064515598000071,53.560053323000034,,10.065,53.56
124923,124924,2,3,2,312,2018,4,17,6,3,1,5,0,0,1,1,0,0,0.0,0,565464.950500000040000,5936312.075100000000000,9.988601450000033,53.571584291000079,,9.989,53.572
124924,124925,2,2,3,210,2018,5,11,3,3,5,3,0,0,1,1,0,0,0.0,0,562028.459900000020000,5934564.838299999900000,9.936367138000037,53.556298778000041,,9.936,53.556
124926,124927,2,3,3,314,2018,4,8,6,3,5,2,0,0,1,1,0,0,0.0,0,565476.155200000040000,5936991.108599999900000,9.988913027000024,53.577685515000042,,9.989,53.578
124929,124930,2,2,8,220,2018,5,17,3,3,4,6,0,0,1,1,0,0,0.0,0,559010.861500000000000,5939491.997000000400000,9.891751861000046,53.600929345000054,,9.892,53.601
124932,124933,2,7,14,715,2018,4,7,5,3,5,3,0,1,1,1,0,0,0.0,0,556721.905799999950000,5924741.421000000100000,9.854492898000046,53.468609579000031,,9.854,53.469
124933,124934,2,4,12,431,2018,5,14,1,3,1,7,0,0,1,1,0,0,0.0,0,568074.186100000050000,5943180.202800000100000,10.029497218000074,53.632976548000045,,10.029,53.633
124934,124935,2,4,5,413,2018,5,21,2,3,1,7,0,0,1,1,0,0,0.0,0,566859.352599999980000,5937440.817800000300000,10.009896820000051,53.581552634000047,,10.01,53.582
124939,124940,2,3,8,320,2018,5,17,5,3,6,7,0,0,1,0,1,0,0.0,0,560439.422999999950000,5939615.971099999700000,9.913360849000071,53.601880745000074,,9.913,53.602
124940,124941,2,1,12,130,2018,5,14,6,3,4,2,0,0,1,1,0,0,0.0,0,573578.600199999990000,5934168.031299999900000,10.110598801000037,53.551240867000047,,10.111,53.551
124941,124942,2,5,1,504,2018,4,14,5,3,3,6,0,1,1,0,0,0,0.0,1,570283.929200000010000,5936063.117600000500000,10.061304694000057,53.568723466000051,,10.061,53.569
124944,124945,2,2,1,205,2018,5,14,3,3,0,5,0,0,1,1,0,0,0.0,0,563234.375699999980000,5934676.433199999900000,9.954591188000052,53.557157837000034,,9.955,53.557
124948,124949,2,1,14,133,2018,5,11,1,3,5,3,0,0,1,1,0,0,0.0,0,569008.859599999970000,5931989.232200000400000,10.041155238000044,53.532280263000075,,10.041,53.532
124949,124950,2,5,12,520,2018,4,15,5,3,4,2,0,0,1,1,0,0,0.0,0,568600.136399999960000,5944911.615700000000000,10.037831752000045,53.648468068000057,,10.038,53.648
124954,124955,2,6,1,601,2018,5,1,1,2,8,5,2,0,1,1,0,0,0.0,0,579639.414600000020000,5928544.823599999800000,10.200629702000072,53.499822699000049,,10.201,53.5
124957,124958,2,5,11,519,2018,5,12,7,3,5,2,0,0,1,1,0,0,0.0,0,570822.494199999960000,5945325.431300000300000,10.071541094000054,53.651890858000058,,10.072,53.652
124958,124959,2,4,2,404,2018,4,13,5,3,5,3,0,1,1,1,0,0,0.0,0,565715.384199999970000,5938598.379900000100000,9.992864104000034,53.592100455000036,,9.993,53.592
124971,124972,2,3,8,320,2018,5,19,4,3,2,6,0,0,1,1,0,0,0.0,0,559872.299899999980000,5938056.085400000200000,9.904492171000072,53.587926517000028,,9.904,53.588
124975,124976,2,4,10,429,2018,5,15,4,3,3,2,0,0,1,1,0,0,0.0,0,568815.640200000020000,5939325.395899999900000,10.039856622000059,53.598236398000040,,10.04,53.598
124981,124982,2,5,4,512,2018,4,8,4,3,5,3,0,1,1,1,0,0,0.0,0,575596.538199999950000,5936343.036899999700000,10.141577276000021,53.570500525000057,,10.142,53.571
124982,124983,2,4,7,417,2018,5,16,6,3,0,7,0,0,1,0,0,0,0.0,0,568245.952799999970000,5934991.750099999800000,10.030302266000035,53.559363991000055,,10.03,53.559
124983,124984,2,5,3,511,2018,4,8,4,3,5,3,0,1,1,1,0,0,0.0,0,572797.169800000030000,5936177.354000000300000,10.099274332000050,53.569407430000069,,10.099,53.569
124985,124986,2,3,8,320,2018,5,11,3,3,1,5,0,0,1,1,0,0,0.0,0,559345.302400000040000,5940398.986999999700000,9.896977848000063,53.609043072000077,,9.897,53.609
124987,124988,2,4,2,403,2018,5,6,2,3,1,5,0,0,1,1,0,0,0.0,0,564733.444999999950000,5938793.874800000300000,9.978071398000054,53.593979579000063,,9.978,53.594
124988,124989,2,5,10,518,2018,4,15,4,3,5,3,0,0,1,1,0,0,0.0,0,572657.705599999990000,5944411.380900000200000,10.099088568000070,53.643424797000080,,10.099,53.643
124994,124995,2,1,14,133,2018,5,18,2,2,5,3,0,0,1,1,0,0,0.0,0,568349.750000000000000,5932742.309999999600000,10.031377325000051,53.539134453000031,,10.031,53.539
124996,124997,2,5,17,525,2018,4,8,4,3,0,2,0,1,1,1,0,0,0.0,0,575747.942700000010000,5945053.947499999800000,10.145980882000060,53.648761116000060,,10.146,53.649
125002,125003,2,4,5,409,2018,5,9,2,3,0,7,0,0,1,1,0,0,0.0,0,567214.817599999950000,5938571.295699999700000,10.015508663000048,53.591666947000078,,10.016,53.592
125008,125009,2,4,2,404,2018,4,10,4,2,5,3,0,0,1,1,0,0,0.0,0,565630.167400000030000,5938292.474600000300000,9.991512449000027,53.589361902000064,,9.992,53.589
125012,125013,2,7,4,705,2018,4,14,3,3,2,3,0,1,1,1,0,0,0.0,0,565819.725300000050000,5923300.140700000300000,9.991225180000072,53.454597717000070,,9.991,53.455
125017,125018,2,5,7,515,2018,5,17,2,3,5,3,0,0,1,0,0,0,0.0,0,571789.939699999990000,5939915.886199999600000,10.084927860000050,53.603144137000072,,10.085,53.603
125019,125020,2,6,2,602,2018,5,15,3,3,0,7,0,0,1,1,0,0,0.0,0,580497.270200000030000,5927013.878399999800000,10.213166647000037,53.485934028000031,,10.213,53.486
125020,125021,2,1,20,141,2018,6,18,6,3,5,3,0,0,1,1,0,0,0.0,0,558249.790999999970000,5931929.394999999600000,9.878842049000070,53.533045525000034,,9.879,53.533
125022,125023,2,1,13,131,2018,5,17,3,3,5,2,0,0,1,0,0,0,0.0,1,571197.501799999970000,5932138.415300000500000,10.074203529000044,53.533328949000065,,10.074,53.533
125026,125027,2,7,13,714,2018,5,7,5,3,3,2,0,0,1,0,0,0,0.0,1,558059.072900000030000,5925726.629400000000000,9.874816330000044,53.477318573000048,,9.875,53.477
125030,125031,2,1,8,121,2018,5,14,3,3,0,7,0,0,1,0,0,0,0.0,0,569200.894699999950000,5934781.537600000400000,10.044669768000063,53.557349759000033,,10.045,53.557
125032,125033,2,5,6,514,2018,5,15,3,3,5,3,0,0,1,0,0,0,0.0,0,574069.161700000060000,5940095.495799999700000,10.119408247000024,53.604441062000035,,10.119,53.604
125039,125040,2,7,1,701,2018,5,16,6,3,3,6,0,0,1,1,0,0,0.0,0,565060.474999999980000,5923610.701200000000000,9.979857201000073,53.457483158000059,,9.98,53.457
125042,125043,2,5,2,509,2018,5,7,3,3,5,3,0,0,1,0,0,0,0.0,1,571227.802400000040000,5938373.238599999800000,10.076081815000066,53.589357164000035,,10.076,53.589