,OBJECTID,ULAND,UREGBEZ,UKREIS,UGEMEINDE,UJAHR,UMONAT,USTUNDE,UWOCHENTAG,UKATEGORIE,UART,UTYP1,ULICHTVERH,STRZUSTAND,IstRad,IstPKW,IstFuss,IstKrad,IstGkfz,IstSonstig,LINREFX,LINREFY,XGCSWGS84,YGCSWGS84,UIDENTSTLA,lat_short,long_short
125050,125051,2,2,5,217,2018,5,10,2,2,5,3,0,0,1,0,0,0,0.0,0,559444.142400000010000,5936230.784900000300000,9.897677235000060,53.571570442000052,,9.898,53.572
125052,125053,2,2,5,215,2018,6,7,6,3,5,2,0,0,1,1,0,0,0.0,0,560773.644300000040000,5937242.292700000100000,9.917948400000057,53.580508947000055,,9.918,53.581
125053,125054,2,4,8,422,2018,5,18,6,2,5,3,0,0,1,1,0,0,0.0,0,568596.038399999960000,5936712.091199999700000,10.035964315000058,53.574779233000072,,10.036,53.575
125056,125057,2,2,2,207,2018,5,8,5,3,1,5,0,0,1,1,0,0,0.0,0,563874.962999999990000,5934943.542999999600000,9.964314640000055,53.559480876000066,,9.964,53.559
125059,125060,2,2,3,210,2018,5,18,4,3,5,3,0,0,1,1,0,0,0.0,0,562624.186699999960000,5934662.139100000300000,9.945378247000065,53.557102524000072,,9.945,53.557
125060,125061,2,2,5,215,2018,5,13,5,2,3,6,0,0,1,0,0,0,1.0,0,561267.624300000020000,5935821.215099999700000,9.925129748000074,53.567679699000053,,9.925,53.568
125065,125066,2,3,1,309,2018,5,18,2,3,6,6,0,0,1,0,1,0,0.0,0,564016.038199999950000,5935663.219399999800000,9.966591559000051,53.565931634000037,,9.967,53.566
125067,125068,2,1,3,106,2018,6,8,6,3,3,6,0,0,1,0,0,0,1.0,0,564699.313399999980000,5934262.630800000400000,9.976616867000075,53.553260360000081,,9.977,53.553
125069,125070,2,2,8,220,2018,5,8,3,3,5,7,0,0,1,1,0,0,0.0,0,558628.871300000000000,5938755.167299999900000,9.885841564000032,53.594349999000030,,9.886,53.594
125070,125071,2,1,14,133,2018,5,17,3,3,5,3,0,0,1,1,0,0,0.0,0,568382.586499999980000,5932336.506400000300000,10.031784050000056,53.535483159000080,,10.032,53.535
125071,125072,2,4,3,406,2018,5,19,3,3,3,6,0,0,1,1,0,0,0.0,0,565023.407000000010000,5940565.752999999600000,9.982821404000049,53.609867907000080,,9.983,53.61
125072,125073,2,5,3,511,2018,5,19,2,3,6,4,0,0,1,0,1,0,0.0,0,572847.786199999970000,5936206.803899999700000,10.100045380000040,53.569665068000063,,10.1,53.57
125075,125076,2,1,1,102,2018,6,15,7,3,5,2,0,0,1,1,0,0,0.0,0,565294.680000000050000,5933555.019999999600000,9.985454532000063,53.546827164000035,,9.985,53.547
125077,125078,2,2,2,207,2018,5,12,3,3,1,7,0,0,1,1,0,0,0.0,0,563786.385000000010000,5935088.384999999800000,9.963007159000028,53.560793388000036,,9.963,53.561
125078,125079,2,1,4,109,2018,5,7,3,3,3,2,0,0,1,1,0,0,0.0,0,564576.670000000040000,5934622.700000000200000,9.974840280000024,53.556511505000060,,9.975,53.557
125083,125084,2,1,1,101,2018,5,16,3,3,2,2,0,0,1,1,0,0,0.0,0,566280.483200000020000,5934543.904600000000000,10.000539842000023,53.555590986000027,,10.001,53.556
125085,125086,2,6,1,601,2018,5,16,5,3,5,3,0,0,1,1,0,0,0.0,0,579050.516999999990000,5928102.105999999700000,10.191642130000048,53.495932946000039,,10.192,53.496
125092,125093,2,4,5,410,2018,5,9,2,3,5,3,0,0,1,0,0,0,0.0,0,567470.358299999960000,5938341.572900000000000,10.019319116000077,53.589569578000066,,10.019,53.59
125093,125094,2,1,12,130,2018,5,14,2,3,5,2,0,0,1,1,0,0,0.0,0,573432.481700000000000,5935043.771700000400000,10.108599460000050,53.559131520000051,,10.109,53.559
125101,125102,2,1,14,132,2018,5,14,4,3,5,3,0,0,1,1,0,0,0.0,0,570090.827200000060000,5931901.593500000400000,10.057456521000063,53.531349419000037,,10.057,53.531
125102,125103,2,5,7,515,2018,5,11,5,3,4,2,0,0,1,1,0,0,0.0,0,571476.401599999980000,5941674.927100000000000,10.080594004000034,53.618995328000040,,10.081,53.619
125106,125107,2,2,7,219,2018,5,8,3,3,4,2,0,0,1,0,0,0,0.0,1,557304.140299999970000,5934569.620900000400000,9.865060088000064,53.556878760000075,,9.865,53.557
125109,125110,2,7,13,714,2018,5,17,5,3,5,3,0,0,1,0,0,0,0.0,0,558278.861999999960000,5925528.066999999800000,9.878090773000054,53.475509678000037,,9.878,53.476
125110,125111,2,5,18,526,2018,5,9,5,2,5,3,0,0,1,1,0,0,0.0,0,576033.840399999990000,5941372.427299999600000,10.149405603000048,53.615635072000032,,10.149,53.616
125112,125113,2,4,5,410,2018,5,22,3,3,3,6,2,0,1,1,0,0,0.0,0,566496.556899999970000,5938227.832200000100000,10.004585515000031,53.588671784000041,,10.005,53.589
125113,125114,2,5,18,526,2018,5,14,2,3,5,7,0,0,1,1,0,0,0.0,0,576655.149800000010000,5938356.919300000200000,10.158054295000056,53.588445115000070,,10.158,53.588
125115,125116,2,5,9,517,2018,5,22,2,2,3,6,2,0,1,1,0,0,0.0,1,570503.731499999990000,5943964.154099999900000,10.066410442000063,53.639700265000045,,10.066,53.64
125117,125118,2,1,13,131,2018,5,7,6,3,4,2,0,0,1,1,0,0,0.0,0,573534.378799999950000,5931674.801599999900000,10.109345482000037,53.528840597000055,,10.109,53.529
125128,125129,2,2,5,215,2018,5,7,2,3,4,2,0,0,1,0,0,0,0.0,1,560814.664699999960000,5936165.955099999900000,9.918358238000053,53.570830714000067,,9.918,53.571
125129,125130,2,4,13,432,2018,5,15,2,3,3,6,0,0,1,1,0,0,0.0,0,567467.715899999950000,5947150.239099999900000,10.021188890000076,53.668733844000030,,10.021,53.669
125130,125131,2,3,3,314,2018,6,23,6,3,5,3,2,1,1,1,0,0,0.0,0,565398.734000000050000,5937471.086199999800000,9.987844462000055,53.582008835000067,,9.988,53.582
125135,125136,2,5,9,517,2018,5,17,6,3,5,3,0,0,1,1,0,0,0.0,0,572150.986700000010000,5943924.863900000200000,10.091312119000065,53.639122666000048,,10.091,53.639
125137,125138,2,3,3,313,2018,5,7,4,3,6,4,0,0,1,0,1,0,0.0,0,564937.755699999980000,5936974.953400000000000,9.980779314000074,53.577607257000068,,9.981,53.578
125138,125139,2,2,4,214,2018,5,8,5,3,5,3,0,0,1,1,0,0,0.0,0,561470.438399999980000,5933737.082899999800000,9.927781841000069,53.548925041000075,,9.928,53.549
125141,125142,2,2,12,225,2018,5,13,2,3,1,5,0,0,1,1,0,0,0.0,0,554706.799699999970000,5935796.436200000300000,9.826070167000069,53.568182060000026,,9.826,53.568
125148,125149,2,3,5,317,2018,5,10,6,2,5,7,0,0,1,1,0,0,0.0,0,564250.741900000020000,5938477.947700000400000,9.970714206000025,53.591199652000057,,9.971,53.591
125150,125151,2,5,5,513,2018,5,17,3,3,0,3,0,0,1,0,0,0,0.0,0,572940.538199999950000,5937554.151999999800000,10.101760486000046,53.581760657000075,,10.102,53.582
125154,125155,2,2,2,207,2018,5,14,5,3,1,5,0,0,1,1,0,0,0.0,0,563817.194400000040000,5935021.253600000400000,9.963458518000039,53.560186312000042,,9.963,53.56
125155,125156,2,7,11,712,2018,5,16,1,3,4,6,0,0,1,0,0,0,0.0,0,560177.904100000040000,5927842.043600000400000,9.907143495000071,53.496093053000038,,9.907,53.496
125158,125159,2,2,5,215,2018,6,0,7,3,5,3,2,1,1,1,0,0,0.0,0,561314.412499999980000,5936263.219800000100000,9.925922915000058,53.571646703000056,,9.926,53.572
125164,125165,2,1,8,124,2018,5,17,5,3,5,3,0,0,1,0,0,0,0.0,0,569535.413199999950000,5934350.069199999800000,10.049622813000042,53.553427912000075,,10.05,53.553
125165,125166,2,1,1,102,2018,5,10,6,3,6,4,0,0,1,0,1,0,0.0,0,565951.294400000010000,5933983.859000000200000,9.995453238000039,53.550599186000056,,9.995,53.551
125166,125167,2,1,12,130,2018,5,10,5,3,5,2,0,0,1,1,0,0,0.0,0,573461.021100000010000,5932630.823200000500000,10.108463403000030,53.537442565000049,,10.108,53.537
125169,125170,2,5,12,520,2018,5,19,3,3,5,3,0,0,1,1,0,0,0.0,0,570006.548799999990000,5946790.443500000100000,10.059528355000054,53.665166600000077,,10.06,53.665
125175,125176,2,1,3,105,2018,5,22,7,3,4,6,2,0,1,0,1,0,0.0,0,565166.866599999950000,5933302.848199999900000,9.983473290000063,53.544576703000075,,9.983,53.545
125178,125179,2,5,3,510,2018,5,7,2,2,5,3,0,0,1,0,0,0,0.0,1,571251.777000000000000,5935875.093000000300000,10.075873733000037,53.566903155000034,,10.076,53.567
125179,125180,2,5,7,515,2018,5,10,1,3,5,3,0,0,1,1,0,0,0.0,0,570847.276900000060000,5940102.639399999800000,10.070727040000065,53.604950768000037,,10.071,53.605
125180,125181,2,5,16,524,2018,5,18,1,2,2,6,0,0,1,0,0,0,0.0,0,573823.007199999990000,5948571.303899999700000,10.117701111000031,53.680645746000039,,10.118,53.681
125188,125189,2,1,20,141,2018,5,13,5,3,5,3,0,0,1,0,0,1,0.0,0,556404.371000000040000,5932305.157999999800000,9.851070478000054,53.536624110000048,,9.851,53.537
125190,125191,2,4,5,413,2018,5,14,1,3,6,3,0,0,1,0,1,0,0.0,0,566313.685599999970000,5937360.107900000200000,10.001638873000047,53.580896560000042,,10.002,53.581
125191,125192,2,4,10,428,2018,5,16,3,3,1,5,0,0,1,1,0,0,0.0,0,568737.584799999950000,5939288.338499999600000,10.038669189000075,53.597913604000041,,10.039,53.598
125193,125194,2,3,8,320,2018,5,9,2,3,5,3,0,0,1,1,0,0,0.0,0,559180.008200000040000,5939840.618900000100000,9.894373796000025,53.604043484000044,,9.894,53.604
125195,125196,2,4,11,430,2018,5,17,4,3,5,2,0,0,1,0,0,0,0.0,1,568367.332000000050000,5941740.235200000000000,10.033613429000070,53.619997332000082,,10.034,53.62
125197,125198,2,5,6,514,2018,5,8,6,3,5,6,0,0,1,0,0,0,0.0,1,574017.447300000000000,5941541.950799999800000,10.118970500000046,53.617447355000081,,10.119,53.617
125198,125199,2,1,4,111,2018,5,20,1,3,3,3,0,0,1,1,0,0,0.0,0,564122.929200000010000,5934710.953800000300000,9.968009857000027,53.557360292000055,,9.968,53.557
125199,125200,2,1,16,136,2018,5,21,7,3,5,2,2,0,1,1,0,0,0.0,0,567328.350400000000000,5930461.005099999700000,10.015476795000041,53.518763795000041,,10.015,53.519
125200,125201,2,5,13,521,2018,5,7,4,3,5,3,0,0,1,1,0,0,0.0,0,572517.663999999990000,5949805.659300000400000,10.098230499000067,53.691921349000040,,10.098,53.692
125201,125202,2,2,8,220,2018,5,12,4,3,5,3,0,0,1,0,0,0,0.0,0,557573.366099999980000,5939341.819799999700000,9.870003976000021,53.599739520000071,,9.87,53.6
125202,125203,2,2,6,218,2018,5,15,5,3,5,3,0,0,1,1,0,0,0.0,0,558157.836499999980000,5934825.373599999600000,9.877993379000031,53.559083454000074,,9.878,53.559
125207,125208,2,5,10,518,2018,5,17,5,3,2,6,0,0,1,1,0,0,0.0,0,574631.086200000020000,5945288.012099999900000,10.129143940000063,53.651025095000080,,10.129,53.651
125210,125211,2,2,4,212,2018,5,20,3,3,5,3,0,0,1,0,0,0,0.0,0,560800.375200000010000,5933686.296900000400000,9.917660043000069,53.548546623000050,,9.918,53.549
125212,125213,2,2,7,219,2018,5,7,2,3,5,3,0,0,1,1,0,0,0.0,0,560247.599000000050000,5933667.236999999700000,9.909314479000045,53.548439039000073,,9.909,53.548
125215,125216,2,2,9,221,2018,6,13,6,2,5,3,0,0,1,1,0,0,0.0,0,557264.375699999980000,5934812.785699999900000,9.864504433000036,53.559068558000035,,9.865,53.559
125216,125217,2,4,5,413,2018,5,12,6,3,1,5,0,0,1,1,0,0,0.0,0,566853.000800000040000,5937716.738099999700000,10.009860003000028,53.584033181000052,,10.01,53.584
125219,125220,2,3,1,309,2018,5,9,5,3,6,6,0,0,1,0,1,0,0.0,0,564269.329799999950000,5935908.512199999800000,9.970465929000056,53.568105188000061,,9.97,53.568
125221,125222,2,1,7,120,2018,5,8,2,3,6,3,0,0,1,0,1,0,0.0,0,568684.122100000040000,5934781.511400000200000,10.036869874000047,53.557417397000052,,10.037,53.557
125228,125229,2,1,5,114,2018,6,7,1,3,1,5,0,0,1,1,0,0,0.0,0,566867.339599999950000,5934601.445200000000000,10.009409563000077,53.556033689000060,,10.009,53.556
125232,125233,2,1,3,108,2018,6,20,6,3,6,7,0,0,1,0,1,0,0.0,0,565699.822500000010000,5934528.688099999900000,9.991772704000027,53.555527226000038,,9.992,53.556
125234,125235,2,5,18,526,2018,5,18,6,3,5,3,0,0,1,0,0,0,0.0,0,577130.542400000030000,5939847.100300000000000,10.165603154000053,53.601767159000076,,10.166,53.602
125237,125238,2,5,6,514,2018,5,14,6,3,0,7,0,0,1,0,0,0,0.0,0,575181.431300000050000,5943589.244800000500000,10.137057944000048,53.635680010000044,,10.137,53.636
125240,125241,2,5,2,507,2018,5,19,6,3,0,7,0,0,1,0,0,0,0.0,0,570842.628000000030000,5936824.929999999700000,10.069912400000021,53.575494734000074,,10.07,53.575
125243,125244,2,4,11,430,2018,5,14,6,2,3,6,0,0,1,0,0,0,0.0,0,568422.112800000000000,5941522.255400000100000,10.034393590000036,53.618031188000032,,10.034,53.618
125244,125245,2,5,15,523,2018,5,17,6,3,5,3,0,0,1,1,0,0,0.0,0,574698.743499999980000,5949934.688299999600000,10.131285568000067,53.692773539000029,,10.131,53.693
125245,125246,2,5,1,501,2018,5,19,4,3,0,3,0,0,1,0,0,0,0.0,0,568948.967700000040000,5936125.568000000000000,10.041163925000035,53.569461835000027,,10.041,53.569
125246,125247,2,1,16,137,2018,5,17,4,3,5,2,0,0,1,1,0,0,0.0,0,565480.845800000010000,5930270.972799999600000,9.987576781000030,53.517289311000070,,9.988,53.517
125249,125250,2,5,18,526,2018,5,12,5,3,3,6,0,0,1,1,0,0,0.0,0,576264.988699999990000,5937772.685999999800000,10.152018516000055,53.583251668000059,,10.152,53.583
125252,125253,2,4,13,432,2018,5,17,6,3,1,5,0,0,1,1,0,0,0.0,0,568006.013900000020000,5948361.488800000400000,10.029600515000027,53.679549547000079,,10.03,53.68
125253,125254,2,4,7,416,2018,5,7,4,2,0,7,0,0,1,0,0,0,0.0,0,567455.837100000000000,5935582.927500000200000,10.018503679000048,53.564779134000048,,10.019,53.565
125255,125256,2,2,1,201,2018,5,20,6,3,4,6,1,0,1,0,0,0,0.0,0,563271.483000000010000,5933720.811999999900000,9.954957876000037,53.548564871000053,,9.955,53.549
125256,125257,2,6,1,601,2018,5,14,5,3,5,3,0,0,1,1,0,0,0.0,0,579371.683199999970000,5928740.565800000000000,10.196643939000069,53.501622244000032,,10.197,53.502
125258,125259,2,5,7,515,2018,5,12,3,3,5,3,0,0,1,0,0,0,1.0,0,570876.289699999960000,5939365.667799999900000,10.070997865000038,53.598323720000053,,10.071,53.598
125260,125261,2,5,11,519,2018,5,7,2,3,0,7,0,0,1,1,0,0,0.0,0,571518.710199999970000,5947234.717199999800000,10.082512357000041,53.668954554000038,,10.083,53.669
125261,125262,2,4,2,404,2018,5,6,6,3,1,5,0,0,1,1,0,0,0.0,0,565641.254399999980000,5938469.596900000200000,9.991717192000067,53.590952346000051,,9.992,53.591
125262,125263,2,3,8,320,2018,5,18,4,3,4,2,0,0,1,1,0,0,0.0,0,558710.842199999960000,5941587.987599999600000,9.887613653000074,53.619800601000065,,9.888,53.62
125266,125267,2,2,7,219,2018,5,11,6,3,4,2,0,0,1,0,0,0,0.0,1,560784.209099999980000,5933674.987200000300000,9.917413884000041,53.548446849000072,,9.917,53.548
125269,125270,2,1,8,121,2018,5,17,4,3,3,2,0,0,1,1,0,0,0.0,0,568832.666699999940000,5934994.674100000400000,10.039158877000034,53.559313655000039,,10.039,53.559
125273,125274,2,4,5,409,2018,5,17,5,3,6,4,0,0,1,0,1,0,0.0,0,568438.984000000050000,5939163.213200000100000,10.034130483000069,53.596828170000038,,10.034,53.597
125275,125276,2,3,9,321,2018,5,9,3,3,5,3,0,0,1,1,0,0,0.0,0,560961.925300000000000,5939122.080699999800000,9.921159212000021,53.597381455000061,,9.921,53.597
125277,125278,2,2,4,212,2018,5,17,2,3,0,3,0,0,1,0,0,0,0.0,0,560710.724200000060000,5934669.960199999600000,9.916498152000031,53.557397612000045,,9.916,53.557
125278,125279,2,6,1,601,2018,5,11,5,3,0,7,0,0,1,0,0,0,0.0,0,579984.255800000040000,5927638.696600000400000,10.205596179000054,53.491627298000026,,10.206,53.492
125281,125282,2,4,8,422,2018,5,16,2,3,0,1,0,0,1,0,0,0,0.0,0,568590.257300000060000,5936758.613599999800000,10.035887243000047,53.575198090000072,,10.036,53.575
125282,125283,2,1,8,123,2018,5,11,5,3,5,3,0,0,1,1,0,0,0.0,0,570516.865299999950000,5935080.497100000300000,10.064599632000068,53.559861380000029,,10.065,53.56
125284,125285,2,1,8,123,2018,6,12,6,3,6,4,0,0,1,0,1,0,0.0,0,569823.530200000040000,5934945.737400000000000,10.054104135000046,53.558742980000034,,10.054,53.559
125288,125289,2,4,2,403,2018,5,12,4,3,0,5,0,0,1,1,0,0,0.0,0,565194.084799999950000,5938644.303000000300000,9.984998910000059,53.592578262000075,,9.985,53.593
125292,125293,2,5,18,526,2018,5,7,5,3,5,2,0,0,1,1,0,0,0.0,0,574733.225300000050000,5939638.839599999600000,10.129332631000068,53.600242913000045,,10.129,53.6
125294,125295,2,1,3,108,2018,5,10,5,3,3,2,0,0,1,1,0,0,0.0,0,565154.231200000040000,5934779.354199999900000,9.983590313000036,53.557848028000080,,9.984,53.558
125295,125296,2,5,6,514,2018,5,16,5,3,0,7,0,0,1,0,0,0,0.0,0,573593.197700000020000,5942320.656499999600000,10.112742229000048,53.624505203000069,,10.113,53.625
125296,125297,2,2,5,216,2018,5,10,2,3,5,3,0,0,1,1,0,0,0.0,0,560246.465699999940000,5934967.795599999800000,9.909548026000039,53.560127883000064,,9.91,53.56
125299,125300,2,2,1,203,2018,6,21,6,3,0,4,2,1,1,0,1,0,0.0,0,562533.697900000030000,5934070.962100000100000,9.943894166000064,53.551800186000037,,9.944,53.552
125300,125301,2,4,7,417,2018,5,21,6,3,0,7,2,0,1,0,0,0,0.0,0,568258.046100000040000,5935725.991200000000000,10.030645208000067,53.565961132000041,,10.031,53.566
125302,125303,2,4,2,403,2018,5,8,4,3,1,5,0,0,1,0,0,0,0.0,1,564926.682099999980000,5937836.789200000500000,9.980791384000042,53.585354145000053,,9.981,53.585
125303,125304,2,6,1,601,2018,5,12,3,3,6,3,0,0,1,0,1,0,0.0,0,579619.287999999940000,5928559.617999999800000,10.200330106000024,53.499958699000047,,10.2,53.5
125309,125310,2,2,4,214,2018,5,18,4,3,4,6,0,0,1,0,0,0,0.0,0,561880.502300000050000,5933614.632199999900000,9.933945861000041,53.547776361000047,,9.934,53.548
125311,125312,2,4,8,422,2018,5,19,5,3,5,3,0,0,1,1,0,0,0.0,0,568579.262800000030000,5936726.157200000200000,10.035714098000028,53.574907839000048,,10.036,53.575
125313,125314,2,3,8,320,2018,5,9,5,3,5,2,0,0,1,1,0,0,0.0,0,560553.966400000030000,5939510.742300000000000,9.915071146000059,53.600921792000065,,9.915,53.601
125315,125316,2,6,1,601,2018,5,12,1,3,4,6,0,0,1,1,0,0,0.0,0,577129.625499999970000,5930341.489199999700000,10.163243326000043,53.516342984000062,,10.163,53.516
125319,125320,2,2,7,219,2018,5,8,6,3,4,2,0,0,1,1,0,0,0.0,0,559000.710700000050000,5934095.945399999600000,9.890578666000067,53.552433648000033,,9.891,53.552
125321,125322,2,5,6,514,2018,5,19,3,3,4,2,0,0,1,0,0,1,0.0,0,574354.814000000010000,5941080.927799999700000,10.123959560000060,53.613256465000063,,10.124,53.613
125325,125326,2,7,9,710,2018,5,17,4,3,5,3,0,0,1,1,0,0,0.0,0,563656.196499999960000,5922733.858199999700000,9.958533571000032,53.449774101000060,,9.959,53.45
125329,125330,2,6,2,603,2018,5,18,7,3,5,2,0,0,1,1,0,0,0.0,0,580883.465899999950000,5926877.056800000400000,10.218950269000061,53.484645247000060,,10.219,53.485
125335,125336,2,1,12,130,2018,5,13,5,3,6,3,0,0,1,0,1,0,0.0,0,574062.537800000050000,5932090.823900000200000,10.117410096000071,53.532505176000029,,10.117,53.533
125338,125339,2,5,7,515,2018,5,7,3,3,3,6,0,0,1,0,0,0,0.0,0,571204.613900000000000,5941273.975200000200000,10.076394191000077,53.615429032000065,,10.076,53.615
125342,125343,2,7,1,702,2018,5,18,3,3,4,2,0,0,1,1,0,0,0.0,0,565165.586499999980000,5924085.828099999600000,9.981538484000055,53.461740329000065,,9.982,53.462
125346,125347,2,5,18,526,2018,5,17,4,3,4,2,0,0,1,1,0,0,0.0,0,576734.358600000040000,5940090.337600000200000,10.159677223000074,53.604011212000046,,10.16,53.604
125348,125349,2,7,1,702,2018,5,16,3,3,3,2,0,0,1,1,0,0,0.0,0,565823.132600000010000,5923274.644600000200000,9.991271148000067,53.454368148000071,,9.991,53.454
125351,125352,2,4,11,430,2018,5,12,4,3,5,3,0,0,1,1,0,0,0.0,0,568870.920099999990000,5940431.025700000100000,10.040936092000038,53.608165467000049,,10.041,53.608
125353,125354,2,4,10,429,2018,5,10,7,3,3,6,0,0,1,0,0,0,0.0,1,568900.288100000010000,5939519.405500000300000,10.041178360000060,53.599968849000049,,10.041,53.6
125354,125355,2,5,12,520,2018,5,11,4,3,2,6,0,0,1,1,0,0,0.0,0,570028.507800000020000,5944328.239299999500000,10.059305748000043,53.643036075000055,,10.059,53.643
125355,125356,2,4,10,427,2018,5,20,4,3,3,2,0,0,1,0,0,0,0.0,1,568408.918500000030000,5938154.247000000400000,10.033454967000068,53.587764446000051,,10.033,53.588
125356,125357,2,6,1,601,2018,5,13,4,3,5,3,0,0,1,1,0,0,0.0,0,580034.412200000020000,5928952.951100000200000,10.206687329000033,53.503430457000036,,10.207,53.503
125358,125359,2,7,12,713,2018,5,15,5,3,5,3,0,0,1,0,0,0,1.0,0,559939.055500000020000,5929720.497299999900000,9.903902601000027,53.513003009000045,,9.904,53.513
125359,125360,2,5,2,506,2018,5,11,5,3,4,2,0,0,1,1,0,0,0.0,0,571407.470699999950000,5937845.243900000100000,10.078674801000034,53.584587665000072,,10.079,53.585
125362,125363,2,4,10,429,2018,5,8,4,3,0,3,0,0,1,0,0,0,0.0,1,568941.703899999960000,5939376.219600000400000,10.041772433000062,53.598676586000067,,10.042,53.599
125363,125364,2,3,8,320,2018,5,12,2,3,5,3,0,0,1,1,0,0,0.0,0,559936.398999999980000,5940889.571000000500000,9.906005171000061,53.613384849000056,,9.906,53.613
125366,125367,2,1,8,121,2018,5,23,6,3,5,3,2,0,1,1,0,0,0.0,0,568922.537400000030000,5935089.353699999900000,10.040536281000072,53.560152756000036,,10.041,53.56
125367,125368,2,2,12,225,2018,5,7,4,3,2,6,0,0,1,0,0,0,0.0,1,554629.642499999960000,5936012.971599999800000,9.824943105000045,53.570136240000068,,9.825,53.57
125369,125370,2,4,7,416,2018,5,21,4,3,4,6,1,0,1,0,0,0,0.0,0,567341.060500000020000,5935676.860999999600000,10.016791236000074,53.565638070000034,,10.017,53.566
125371,125372,2,3,1,308,2018,5,21,5,3,6,6,1,0,1,0,1,0,0.0,0,563673.116799999960000,5936534.134200000200000,9.961592079000070,53.573800529000039,,9.962,53.574
125373,125374,2,1,1,101,2018,5,15,3,3,3,6,0,0,1,1,0,0,0.0,0,566377.898000000040000,5934504.571600000400000,10.002001772000028,53.555225183000061,,10.002,53.555
125374,125375,2,3,1,305,2018,5,16,4,3,4,2,0,0,1,0,0,1,0.0,0,563534.430199999940000,5936623.116100000200000,9.959516062000034,53.574617050000029,,9.96,53.575
125375,125376,2,1,4,111,2018,6,19,1,2,0,7,0,0,1,0,0,0,0.0,1,563769.878999999960000,5934088.176000000000000,9.962553938000042,53.551806199000055,,9.963,53.552
125377,125378,2,2,3,209,2018,5,15,4,3,6,3,0,0,1,0,1,0,0.0,0,562877.087999999990000,5935681.781399999700000,9.949400665000042,53.566236167000056,,9.949,53.566
125378,125379,2,4,3,406,2018,5,10,3,3,5,3,0,0,1,1,0,0,0.0,0,564774.363800000050000,5941082.479199999900000,9.979165192000039,53.614542673000074,,9.979,53.615
125379,125380,2,2,1,203,2018,5,8,4,3,5,3,0,0,1,1,0,0,0.0,0,562669.228099999950000,5933810.197599999600000,9.945887311000035,53.549440439000080,,9.946,53.549
125380,125381,2,2,5,216,2018,5,17,2,3,6,6,0,0,1,0,1,0,0.0,0,560100.498000000020000,5935517.641099999700000,9.907450403000041,53.565086326000028,,9.907,53.565
125381,125382,2,2,1,206,2018,5,9,4,3,0,7,0,0,1,0,0,0,0.0,1,563222.343400000010000,5935105.136699999700000,9.954496303000042,53.561012188000063,,9.954,53.561
125383,125384,2,5,12,520,2018,5,12,6,2,5,2,0,0,1,1,0,0,0.0,0,568600.571499999960000,5944911.460400000200000,10.037838299000043,53.648466615000075,,10.038,53.648
125385,125386,2,3,2,311,2018,5,14,4,3,6,4,0,0,1,0,1,0,0.0,0,564973.554099999950000,5935824.143899999600000,9.981080453000061,53.567260219000048,,9.981,53.567
125386,125387,2,2,1,206,2018,5,7,5,3,4,6,0,0,1,0,0,0,0.0,0,562775.025999999950000,5935103.496399999600000,9.947743639000066,53.561051140000075,,9.948,53.561
125392,125393,2,1,16,136,2018,5,18,3,3,5,3,0,0,1,1,0,0,0.0,0,567114.022499999960000,5927799.209400000100000,10.011674918000040,53.494868958000040,,10.012,53.495
125393,125394,2,1,1,101,2018,5,8,5,3,4,6,0,0,1,0,0,0,0.0,0,565941.425999999980000,5934161.266300000300000,9.995341728000028,53.552194827000051,,9.995,53.552
125396,125397,2,6,2,603,2018,5,21,5,2,5,3,1,0,1,1,0,0,0.0,0,580185.089999999970000,5926512.782900000000000,10.208334972000046,53.481478492000065,,10.208,53.481
125397,125398,2,3,4,315,2018,5,20,2,3,5,3,1,0,1,0,0,0,0.0,0,564494.388900000020000,5937076.561900000100000,9.974105039000051,53.578575141000044,,9.974,53.579
125398,125399,2,6,2,602,2018,5,15,3,3,5,3,0,0,1,1,0,0,0.0,0,579731.194200000030000,5926891.392500000100000,10.201592879000032,53.484949900000061,,10.202,53.485
125399,125400,2,1,4,112,2018,6,13,6,3,0,7,0,0,1,0,0,0,0.0,0,563810.138700000010000,5933498.192200000400000,9.963041138000051,53.546498930000041,,9.963,53.546
125400,125401,2,2,7,219,2018,5,9,6,3,5,3,0,0,1,0,0,0,0.0,0,559952.843100000060000,5934427.526800000100000,9.905012143000022,53.555305860000033,,9.905,53.555
125411,125412,2,4,10,429,2018,5,15,3,3,3,2,0,0,1,1,0,0,0.0,0,568436.774600000000000,5940215.506600000000000,10.034328131000052,53.606285474000060,,10.034,53.606
125412,125413,2,1,16,137,2018,5,17,4,3,0,7,0,0,1,0,0,0,1.0,0,565517.431800000020000,5928015.902300000200000,9.987657185000046,53.497017703000040,,9.988,53.497
125415,125416,2,1,14,133,2018,5,16,5,2,6,3,0,0,1,0,1,0,0.0,0,569049.447500000010000,5932288.755500000000000,10.041833565000047,53.534966787000030,,10.042,53.535
125416,125417,2,4,13,432,2018,5,17,3,3,4,6,0,0,1,0,0,0,0.0,0,565784.292900000000000,5946732.383399999700000,9.995624416000055,53.665193090000059,,9.996,53.665
125417,125418,2,4,8,420,2018,5,19,3,3,0,7,0,0,1,0,0,0,0.0,0,568572.367600000000000,5936760.338999999700000,10.035617490000050,53.575215935000074,,10.036,53.575
125418,125419,2,4,13,432,2018,5,8,3,3,5,3,0,0,1,1,0,0,0.0,0,566857.909199999990000,5944962.067499999900000,10.011489524000069,53.649147024000058,,10.011,53.649
125419,125420,2,4,6,414,2018,5,8,2,3,6,4,0,0,1,0,1,0,0.0,0,567039.981700000000000,5936595.486700000200000,10.012443177000023,53.573932459000048,,10.012,53.574