,OBJECTID,ULAND,UREGBEZ,UKREIS,UGEMEINDE,UJAHR,UMONAT,USTUNDE,UWOCHENTAG,UKATEGORIE,UART,UTYP1,ULICHTVERH,STRZUSTAND,IstRad,IstPKW,IstFuss,IstKrad,IstGkfz,IstSonstig,LINREFX,LINREFY,XGCSWGS84,YGCSWGS84,UIDENTSTLA,lat_short,long_short
125421,125422,2,5,2,508,2018,6,20,2,3,1,5,0,0,1,1,0,0,0.0,0,572014.003400000050000,5937598.082999999600000,10.087778185000047,53.582283506000067,,10.088,53.582
125423,125424,2,5,18,526,2018,6,9,2,3,5,2,0,0,1,1,0,0,0.0,0,575836.825799999990000,5938997.395200000100000,10.145850061000033,53.594319901000063,,10.146,53.594
125425,125426,2,1,5,114,2018,6,16,2,3,0,7,0,0,1,0,0,0,0.0,1,566876.169800000030000,5934613.397300000300000,10.009545395000032,53.556139980000069,,10.01,53.556
125428,125429,2,4,13,432,2018,6,16,6,3,0,7,0,0,1,0,0,0,0.0,0,567463.768500000010000,5947223.961400000400000,10.021145173000036,53.669396895000034,,10.021,53.669
125429,125430,2,2,5,216,2018,6,8,5,3,5,2,0,0,1,1,0,0,0.0,0,560661.583100000050000,5935050.674800000200000,9.915830315000051,53.560824940000032,,9.916,53.561
125434,125435,2,1,1,101,2018,6,9,4,3,1,5,0,0,1,1,0,0,0.0,0,566379.423100000010000,5933688.714499999800000,10.001851577000025,53.547892705000038,,10.002,53.548
125435,125436,2,4,5,413,2018,6,10,2,3,5,3,0,0,1,1,0,0,0.0,0,566315.302900000010000,5937366.734299999700000,10.001664705000053,53.580955908000078,,10.002,53.581
125437,125438,2,2,10,222,2018,6,8,2,3,3,6,0,0,1,1,0,0,0.0,0,555959.332300000010000,5934232.065499999600000,9.844700964000026,53.553990032000058,,9.845,53.554
125438,125439,2,5,18,526,2018,6,14,7,3,5,3,0,0,1,1,0,0,0.0,0,575258.200300000030000,5938809.900999999600000,10.137064023000050,53.592718325000078,,10.137,53.593
125440,125441,2,3,6,318,2018,6,15,2,3,5,2,0,0,1,1,0,0,0.0,0,562682.736000000030000,5943875.079599999800000,9.948114248000024,53.639894936000076,,9.948,53.64
125442,125443,2,1,7,120,2018,6,22,4,3,5,7,2,0,1,1,0,0,0.0,0,568010.213899999970000,5934386.542500000400000,10.026612282000031,53.553955503000054,,10.027,53.554
125444,125445,2,3,1,305,2018,6,13,2,3,5,7,0,0,1,1,0,0,0.0,0,563725.672400000040000,5936695.477699999700000,9.962418582000055,53.575244188000056,,9.962,53.575
125445,125446,2,5,1,501,2018,6,18,6,3,0,7,0,0,1,1,0,0,0.0,0,568872.519899999960000,5935887.699300000400000,10.039957283000035,53.567334129000074,,10.04,53.567
125446,125447,2,5,18,526,2018,6,16,4,3,5,2,0,0,1,1,0,0,0.0,0,574905.579999999960000,5940006.969999999700000,10.132025076000048,53.603526609000028,,10.132,53.604
125449,125450,2,2,3,210,2018,6,13,2,3,1,5,0,0,1,1,0,0,0.0,0,562231.550000000050000,5934723.373900000000000,9.939464052000062,53.557699560000060,,9.939,53.558
125450,125451,2,2,1,204,2018,6,8,2,3,3,2,0,0,1,1,0,0,0.0,0,562933.266799999980000,5934657.233799999600000,9.950042447000044,53.557021473000077,,9.95,53.557
125451,125452,2,1,14,132,2018,6,13,3,3,3,6,0,0,1,0,0,0,1.0,0,569957.603899999990000,5931933.727800000500000,10.055454144000066,53.531655968000052,,10.055,53.532
125452,125453,2,2,4,212,2018,6,20,2,3,1,5,0,0,1,0,0,1,0.0,0,560901.593200000000000,5934788.074400000300000,9.919402148000074,53.558437044000073,,9.919,53.558
125455,125456,2,2,2,207,2018,6,21,7,3,6,7,1,0,1,1,1,0,0.0,0,563963.108200000020000,5935187.894299999800000,9.965695169000071,53.561666201000037,,9.966,53.562
125458,125459,2,6,1,601,2018,6,10,5,2,1,6,0,0,1,0,0,0,0.0,1,579951.385600000040000,5928803.468799999900000,10.205397719000075,53.502099736000048,,10.205,53.502
125460,125461,2,7,13,714,2018,6,17,1,3,5,3,0,0,1,1,0,0,0.0,0,558646.366999999970000,5925700.593100000200000,9.883659486000056,53.477019470000073,,9.884,53.477
125462,125463,2,2,4,212,2018,6,15,3,3,5,3,0,0,1,1,0,0,0.0,0,560542.510000000010000,5934297.561300000200000,9.913886992000073,53.554070127000045,,9.914,53.554
125463,125464,2,5,4,512,2018,6,12,1,3,5,3,0,0,1,1,0,0,0.0,0,573267.609000000050000,5936481.849600000300000,10.106448190000037,53.572078416000068,,10.106,53.572
125467,125468,2,5,10,518,2018,6,13,3,2,6,4,0,0,1,0,1,0,0.0,0,573458.499500000030000,5945584.459099999600000,10.111476859000049,53.653855159000045,,10.111,53.654
125470,125471,2,2,12,225,2018,6,15,1,3,0,1,0,1,1,0,0,0,0.0,0,554472.833600000010000,5937300.251699999900000,9.822800065000024,53.581722140000068,,9.823,53.582
125473,125474,2,1,3,108,2018,6,12,6,3,5,7,0,0,1,1,0,0,0.0,0,565525.159100000050000,5934852.968500000400000,9.989204486000062,53.558463444000040,,9.989,53.558
125474,125475,2,2,5,217,2018,6,23,1,2,0,7,2,0,1,0,0,0,0.0,0,559475.064999999940000,5936190.398000000000000,9.898136448000059,53.571203962000027,,9.898,53.571
125476,125477,2,4,8,420,2018,6,7,4,3,2,2,0,0,1,1,0,0,0.0,0,568195.900200000030000,5936822.406000000400000,10.029946443000028,53.575822814000048,,10.03,53.576
125477,125478,2,1,4,111,2018,6,3,1,3,3,7,2,0,1,1,0,0,0.0,0,564304.532600000040000,5934070.816800000100000,9.970619258000056,53.551584974000036,,9.971,53.552
125478,125479,2,1,8,123,2018,6,20,2,3,2,7,0,1,1,1,0,0,0.0,0,570005.834599999940000,5935523.576799999900000,10.056985271000030,53.563911768000082,,10.057,53.564
125482,125483,2,2,5,216,2018,6,15,7,3,4,2,0,1,1,1,0,0,0.0,0,559977.652400000020000,5935228.396300000100000,9.905540299000052,53.562500808000038,,9.906,53.563
125484,125485,2,5,9,517,2018,6,12,6,2,0,4,0,0,1,0,1,0,0.0,0,572578.854500000020000,5943455.047600000200000,10.097672865000050,53.634841353000070,,10.098,53.635
125487,125488,2,5,2,507,2018,6,12,7,3,3,2,0,0,1,0,0,0,0.0,0,570854.979300000010000,5936876.346400000200000,10.070110571000043,53.575955144000034,,10.07,53.576
125491,125492,2,5,13,521,2018,6,18,7,3,4,6,0,0,1,0,0,0,0.0,0,571841.410000000030000,5948856.059999999600000,10.087771146000023,53.683480968000026,,10.088,53.683
125493,125494,2,4,5,413,2018,6,8,7,3,6,6,0,0,1,0,1,0,0.0,0,565930.760499999970000,5937683.030000000300000,9.995924143000025,53.583847000000048,,9.996,53.584
125494,125495,2,4,2,405,2018,6,17,4,3,1,7,0,0,1,1,0,0,0.0,0,565125.708899999970000,5939339.516499999900000,9.984111201000076,53.598834784000076,,9.984,53.599
125503,125504,2,4,5,409,2018,6,13,6,3,5,3,0,0,1,1,0,0,0.0,0,565940.460899999950000,5938800.176099999800000,9.996306788000027,53.593885771000032,,9.996,53.594
125504,125505,2,5,7,515,2018,6,17,4,2,4,2,0,0,1,1,0,0,0.0,0,572250.799200000010000,5939417.343399999700000,10.091775682000048,53.598600453000074,,10.092,53.599
125506,125507,2,5,1,504,2018,6,8,4,3,5,3,0,0,1,1,0,0,0.0,0,569788.893999999970000,5936493.058699999900000,10.053927013000077,53.572653442000046,,10.054,53.573
125507,125508,2,2,4,211,2018,6,1,7,3,5,7,2,0,1,1,0,0,0.0,0,561487.056100000050000,5934578.554100000300000,9.928198114000054,53.556485744000042,,9.928,53.556
125508,125509,2,2,2,207,2018,6,17,7,3,5,7,0,0,1,1,0,0,0.0,0,564387.422700000000000,5935452.276399999900000,9.972154811000053,53.563990393000040,,9.972,53.564
125515,125516,2,2,4,213,2018,6,15,5,3,1,7,0,0,1,1,0,0,0.0,0,561531.787299999970000,5934268.770200000100000,9.928812291000043,53.553696349000063,,9.929,53.554
125516,125517,2,7,1,702,2018,6,13,6,3,3,2,0,0,1,1,0,0,0.0,0,565997.419800000030000,5924637.598299999700000,9.994181546000050,53.466595725000047,,9.994,53.467
125519,125520,2,5,1,501,2018,6,14,2,3,5,2,0,0,1,1,0,0,0.0,0,568896.337900000040000,5935860.467699999900000,10.040310857000065,53.567086269000072,,10.04,53.567
125520,125521,2,1,16,136,2018,6,13,6,3,2,2,0,0,1,1,0,0,0.0,0,567049.551100000040000,5928562.699599999900000,10.010866453000062,53.501738875000058,,10.011,53.502
125521,125522,2,1,1,102,2018,6,14,1,3,3,6,0,0,1,0,0,0,0.0,1,565737.476099999970000,5933854.831199999900000,9.992199322000033,53.549466396000071,,9.992,53.549
125524,125525,2,2,8,220,2018,6,7,6,3,6,7,0,0,1,0,1,0,0.0,0,557423.207900000040000,5939302.848100000100000,9.867728010000064,53.599405736000051,,9.868,53.599
125525,125526,2,4,5,413,2018,6,23,4,3,3,6,2,0,1,0,0,0,0.0,0,566483.522499999960000,5937326.843399999700000,10.004196666000041,53.580576105000034,,10.004,53.581
125527,125528,2,6,1,601,2018,6,18,6,3,5,3,0,0,1,1,0,0,0.0,0,580310.596999999950000,5929444.398699999800000,10.210976262000031,53.507804827000029,,10.211,53.508
125528,125529,2,5,4,512,2018,6,8,6,3,5,3,0,0,1,1,0,0,0.0,0,574455.346800000060000,5936377.164699999600000,10.124356046000059,53.570970414000044,,10.124,53.571
125529,125530,2,5,7,515,2018,6,18,3,3,0,6,0,0,1,1,0,0,0.0,0,571142.094200000050000,5941018.904400000300000,10.075391011000022,53.613145227000075,,10.075,53.613
125532,125533,2,5,7,515,2018,6,7,6,3,3,2,0,0,1,1,0,0,0.0,0,571264.484599999970000,5941441.561800000300000,10.077337422000028,53.616926975000069,,10.077,53.617
125536,125537,2,5,7,515,2018,6,16,7,3,5,3,0,0,1,1,0,0,0.0,0,573394.991500000000000,5942138.446399999800000,10.109702977000040,53.622895536000044,,10.11,53.623
125538,125539,2,4,13,432,2018,6,13,6,3,5,2,0,0,1,1,0,0,0.0,0,567638.308899999950000,5946678.485200000000000,10.023667762000059,53.664472156000045,,10.024,53.664
125541,125542,2,4,4,407,2018,6,15,6,3,0,7,0,0,1,0,0,0,0.0,1,566368.936299999940000,5940629.819199999800000,10.003169182000022,53.610274955000079,,10.003,53.61
125544,125545,2,4,5,409,2018,6,7,6,3,5,2,0,0,1,1,0,0,0.0,0,567097.079700000000000,5939483.079400000200000,10.013926329000071,53.599876337000069,,10.014,53.6
125546,125547,2,4,8,421,2018,6,16,6,2,0,3,0,0,1,1,0,0,0.0,0,568873.204499999990000,5937342.713200000100000,10.040288562000057,53.580410362000066,,10.04,53.58
125548,125549,2,3,8,320,2018,6,10,6,3,0,3,0,0,1,1,0,0,0.0,0,559440.003200000040000,5940516.389399999800000,9.898431413000026,53.610087479000072,,9.898,53.61
125552,125553,2,4,8,420,2018,6,12,6,3,5,3,0,0,1,1,0,0,0.0,0,568554.121399999950000,5936748.572399999900000,10.035339392000026,53.575112572000080,,10.035,53.575
125555,125556,2,4,6,414,2018,6,7,6,3,3,2,0,0,1,0,0,0,0.0,1,566951.703499999950000,5936782.008500000500000,10.011150218000068,53.575620033000064,,10.011,53.576
125556,125557,2,5,5,513,2018,6,5,2,3,1,5,0,0,1,1,0,0,0.0,0,574154.422499999990000,5937187.373100000400000,10.120005146000040,53.578294246000041,,10.12,53.578
125557,125558,2,3,1,304,2018,6,16,6,3,3,2,0,0,1,1,0,0,0.0,0,562543.229500000020000,5936713.625300000400000,9.944567035000034,53.575549599000055,,9.945,53.576
125560,125561,2,3,5,317,2018,6,18,6,3,0,7,0,0,1,0,0,0,0.0,0,564009.771700000040000,5938026.869400000200000,9.966981589000056,53.587175172000059,,9.967,53.587
125562,125563,2,2,2,207,2018,6,19,3,3,4,2,0,0,1,0,0,0,0.0,0,564457.100400000000000,5935470.261500000000000,9.973210385000073,53.564143476000027,,9.973,53.564
125563,125564,2,3,5,317,2018,6,15,6,3,0,7,0,0,1,0,0,0,0.0,0,562577.066200000000000,5938722.163900000000000,9.945480782000061,53.593596942000033,,9.945,53.594
125565,125566,2,5,9,517,2018,6,14,7,3,5,7,0,1,1,1,0,0,0.0,0,572536.394699999950000,5943848.503600000400000,10.097122587000058,53.638383156000032,,10.097,53.638
125566,125567,2,3,5,317,2018,6,12,6,3,5,2,0,0,1,1,0,0,0.0,0,562969.412299999970000,5937486.866499999500000,9.951158532000022,53.582447974000047,,9.951,53.582
125574,125575,2,3,2,312,2018,6,10,6,3,4,6,0,0,1,0,0,0,0.0,0,565814.623999999950000,5934847.985999999600000,9.993572640000025,53.558382450000067,,9.994,53.558
125575,125576,2,3,1,305,2018,6,9,4,3,4,6,0,0,1,0,0,0,0.0,0,563688.653500000010000,5936815.879900000100000,9.961884151000049,53.576330773000052,,9.962,53.576
125576,125577,2,2,9,221,2018,6,7,4,3,5,3,0,0,1,1,0,0,0.0,0,556188.650900000010000,5936911.513700000000000,9.848644047000050,53.578047308000066,,9.849,53.578
125577,125578,2,3,2,312,2018,6,8,6,3,6,4,0,0,1,0,1,0,0.0,0,565970.584200000040000,5934993.723399999600000,9.995957473000033,53.559672646000081,,9.996,53.56
125583,125584,2,1,5,113,2018,6,16,6,3,0,7,0,0,1,0,1,0,0.0,0,566800.152899999990000,5934922.075400000400000,10.008464033000052,53.558923808000031,,10.008,53.559
125584,125585,2,4,5,413,2018,6,11,6,3,0,7,0,0,1,1,0,0,0.0,0,566860.740899999980000,5937096.044300000200000,10.009843932000024,53.578453925000076,,10.01,53.578
125586,125587,2,7,1,701,2018,6,16,5,3,5,3,0,0,1,1,0,0,0.0,0,564711.573300000050000,5923800.992800000100000,9.974642494000023,53.459236364000049,,9.975,53.459
125597,125598,2,1,6,115,2018,6,7,4,3,5,3,0,0,1,0,0,0,0.0,0,566724.292000000020000,5933463.884999999800000,10.007007768000051,53.545828405000066,,10.007,53.546
125599,125600,2,2,8,220,2018,6,7,2,3,1,5,0,1,1,0,0,0,0.0,1,557847.648700000020000,5939931.023799999600000,9.874257540000031,53.605004771000040,,9.874,53.605
125604,125605,2,5,2,505,2018,6,16,5,2,4,2,0,0,1,1,0,0,0.0,0,570142.306400000000000,5936569.574699999800000,10.059280309000030,53.573293961000047,,10.059,53.573
125605,125606,2,3,3,314,2018,6,12,6,3,3,2,0,0,1,1,0,0,0.0,0,565273.629599999990000,5937560.486100000300000,9.985973773000069,53.582827877000057,,9.986,53.583
125606,125607,2,6,6,607,2018,6,18,4,3,5,3,0,0,1,1,0,0,0.0,0,577940.848800000040000,5922314.044300000200000,10.173482570000033,53.444082201000072,,10.173,53.444
125607,125608,2,5,18,526,2018,6,18,3,3,4,6,0,0,1,0,0,0,0.0,0,576906.040700000010000,5940210.004400000000000,10.162300777000041,53.605061450000051,,10.162,53.605
125608,125609,2,5,7,515,2018,6,12,5,3,3,6,0,0,1,0,0,0,0.0,0,572132.934099999950000,5943069.847799999600000,10.090840867000054,53.631441265000035,,10.091,53.631
125609,125610,2,5,8,516,2018,6,8,5,3,5,3,0,0,1,0,0,0,1.0,0,569738.540099999980000,5940118.019700000100000,10.053977094000061,53.605237722000027,,10.054,53.605
125610,125611,2,5,10,518,2018,6,20,3,3,0,7,0,0,1,0,0,0,0.0,0,573144.164499999960000,5944853.298600000300000,10.106549665000045,53.647328440000081,,10.107,53.647
125611,125612,2,3,2,312,2018,6,8,5,3,0,5,0,1,1,0,0,0,0.0,1,565083.735100000050000,5935944.094499999700000,9.982768876000023,53.568324590000032,,9.983,53.568
125612,125613,2,5,7,515,2018,6,16,5,3,4,6,0,0,1,0,0,0,0.0,0,571499.847199999960000,5941739.245699999900000,10.080963159000021,53.619570152000051,,10.081,53.62
125613,125614,2,5,12,520,2018,6,7,5,3,5,3,0,0,1,0,0,0,0.0,0,569454.190300000020000,5943835.540000000000000,10.050509749000071,53.638684756000032,,10.051,53.639
125617,125618,2,4,4,407,2018,6,17,5,3,4,2,0,0,1,1,0,0,0.0,0,566674.964700000010000,5941129.936300000200000,10.007901071000049,53.614730705000056,,10.008,53.615
125619,125620,2,5,17,525,2018,6,17,6,3,5,3,0,0,1,1,0,0,0.0,0,578459.888999999970000,5944625.773000000000000,10.186891992000028,53.644513644000028,,10.187,53.645
125622,125623,2,6,2,603,2018,6,11,5,3,5,3,0,0,1,1,0,0,0.0,0,580368.882199999990000,5926695.217100000000000,10.211150617000044,53.483089941000060,,10.211,53.483
125624,125625,2,3,9,321,2018,6,15,5,3,5,2,0,0,1,0,0,0,0.0,1,561977.816600000020000,5936423.878399999800000,9.935971558000063,53.573012649000077,,9.936,53.573
125625,125626,2,1,3,106,2018,6,17,3,3,5,3,0,0,1,1,0,0,0.0,0,564856.226099999970000,5934359.787100000300000,9.979005194000024,53.554114169000059,,9.979,53.554
125626,125627,2,2,5,216,2018,6,18,3,3,4,2,0,0,1,1,0,0,0.0,0,559787.988000000010000,5935390.593200000000000,9.902708183000073,53.563980187000027,,9.903,53.564
125628,125629,2,4,12,431,2018,6,7,2,3,5,3,0,0,1,1,0,0,0.0,0,567183.573699999950000,5943915.388000000300000,10.016189466000071,53.639698756000030,,10.016,53.64
125630,125631,2,2,1,202,2018,6,16,5,3,2,6,0,0,1,1,0,1,0.0,0,561911.283000000050000,5933420.707000000400000,9.934371969000040,53.546029848000046,,9.934,53.546
125633,125634,2,2,1,202,2018,6,17,5,3,3,6,0,0,1,0,0,0,0.0,1,562192.923599999980000,5933466.184200000000000,9.938630938000074,53.546405290000052,,9.939,53.546
125634,125635,2,3,1,309,2018,6,21,1,3,5,3,1,0,1,1,0,0,0.0,0,564206.287499999980000,5936330.679200000100000,9.969600932000049,53.571907038000063,,9.97,53.572
125636,125637,2,1,17,138,2018,6,16,6,3,0,7,0,0,1,0,0,0,0.0,0,567035.282899999990000,5930673.525999999600000,10.011102853000068,53.520711228000039,,10.011,53.521
125639,125640,2,5,18,526,2018,6,18,3,3,5,3,0,0,1,1,0,0,0.0,0,577036.204099999970000,5940268.006500000100000,10.164281861000063,53.605563575000076,,10.164,53.606
125645,125646,2,1,1,102,2018,6,9,3,3,6,4,0,0,1,0,1,0,0.0,0,565922.269100000030000,5933977.748999999800000,9.995013922000055,53.550547919000053,,9.995,53.551
125646,125647,2,7,12,713,2018,6,16,4,3,0,7,0,0,1,0,0,0,0.0,1,559416.856999999960000,5929006.955099999900000,9.895893459000035,53.506649282000069,,9.896,53.507
125647,125648,2,4,6,415,2018,6,13,2,3,5,3,0,0,1,1,0,0,0.0,0,567953.749399999970000,5935976.791400000500000,10.026105928000050,53.568254600000046,,10.026,53.568
125653,125654,2,7,10,711,2018,6,16,4,3,5,2,0,0,1,1,0,0,0.0,0,562775.568800000010000,5924074.156200000100000,9.945542660000058,53.461925690000044,,9.946,53.462
125656,125657,2,1,16,137,2018,6,5,4,3,0,2,0,0,1,1,0,0,0.0,0,565367.842199999960000,5929517.181599999800000,9.985715506000076,53.510528813000064,,9.986,53.511
125657,125658,2,2,3,210,2018,6,18,4,3,2,6,0,0,1,0,0,0,0.0,0,562676.504100000020000,5934696.607200000400000,9.946174827000050,53.557406057000037,,9.946,53.557
125660,125661,2,4,9,425,2018,6,13,3,3,5,3,0,0,1,1,0,0,0.0,0,570326.624399999970000,5937968.341199999700000,10.062378487000046,53.585840007000058,,10.062,53.586
125661,125662,2,5,4,512,2018,6,16,4,3,3,2,0,0,1,1,0,0,0.0,0,573697.227799999990000,5936920.532200000200000,10.113038263000021,53.575960622000082,,10.113,53.576
125662,125663,2,3,9,321,2018,6,8,5,3,3,2,0,0,1,1,0,0,0.0,0,561803.618299999970000,5938591.230999999700000,9.933770479000032,53.592511962000060,,9.934,53.593
125666,125667,2,5,3,511,2018,6,16,2,2,0,7,0,0,1,0,0,0,0.0,0,572219.537999999940000,5936542.971599999800000,10.090638092000063,53.572773037000047,,10.091,53.573
125668,125669,2,5,10,518,2018,6,7,4,3,4,7,0,0,1,1,0,0,0.0,0,574302.285200000040000,5943834.976200000400000,10.123823101000028,53.638013869000076,,10.124,53.638
125671,125672,2,5,3,511,2018,6,7,3,3,5,3,0,0,1,1,0,0,0.0,0,572845.703600000010000,5936206.127100000200000,10.100013780000040,53.569659275000049,,10.1,53.57
125674,125675,2,2,5,216,2018,6,9,5,3,6,4,0,1,1,0,1,0,0.0,0,559864.764100000030000,5936031.792700000100000,9.903990112000031,53.569734184000026,,9.904,53.57
125676,125677,2,4,13,432,2018,6,7,4,2,5,3,0,0,1,1,0,0,0.0,0,567739.214900000020000,5947256.382199999900000,10.025320727000064,53.669652642000074,,10.025,53.67
125679,125680,2,1,5,114,2018,6,17,5,3,0,7,0,0,1,1,0,0,0.0,0,567244.067400000060000,5934559.197300000100000,10.015086468000050,53.555605877000062,,10.015,53.556
125680,125681,2,4,6,415,2018,6,8,4,3,5,2,0,0,1,0,0,0,0.0,0,567532.964000000040000,5935698.932300000500000,10.019693079000035,53.565811766000081,,10.02,53.566
125683,125684,2,2,7,219,2018,6,13,2,3,4,6,0,0,1,1,0,0,0.0,0,557564.653799999970000,5934589.476599999700000,9.868995946000041,53.557028710000054,,9.869,53.557
125686,125687,2,1,8,123,2018,6,9,6,3,4,6,0,1,1,1,0,0,0.0,0,570368.142299999950000,5934616.250400000300000,10.062250247000065,53.555709138000054,,10.062,53.556
125687,125688,2,4,8,422,2018,6,21,3,3,6,3,1,0,1,0,1,0,0.0,0,568708.182000000030000,5936578.330000000100000,10.037628212000072,53.573562434000053,,10.038,53.574
125688,125689,2,4,10,428,2018,6,14,2,3,1,5,0,0,1,1,0,0,0.0,0,568730.389399999990000,5938639.449400000300000,10.038417466000055,53.592082948000041,,10.038,53.592
125689,125690,2,2,8,220,2018,6,19,4,3,5,2,0,0,1,1,0,0,0.0,0,558791.196699999970000,5939500.270300000000000,9.888434361000066,53.601028389000078,,9.888,53.601
125695,125696,2,1,5,113,2018,6,17,5,3,5,3,0,1,1,1,0,0,0.0,0,567886.358899999990000,5934417.252000000300000,10.024749692000057,53.554247524000061,,10.025,53.554
125698,125699,2,3,1,310,2018,6,15,4,3,5,2,0,0,1,1,0,0,0.0,0,563963.816100000050000,5935592.287200000100000,9.965788646000021,53.565300514000057,,9.966,53.565
125700,125701,2,1,1,101,2018,6,13,4,3,4,7,0,0,1,1,0,0,0.0,0,566019.622100000040000,5933990.384499999700000,9.996485767000024,53.550649245000045,,9.996,53.551
125708,125709,2,5,5,513,2018,6,15,5,2,3,2,0,0,1,1,0,0,0.0,0,574629.500899999980000,5938162.751899999600000,10.127412310000068,53.586992406000036,,10.127,53.587
125709,125710,2,5,10,518,2018,6,8,4,3,5,3,0,0,1,1,0,0,0.0,0,574422.273599999960000,5944610.518000000200000,10.125823144000037,53.644966399000054,,10.126,53.645
125710,125711,2,3,3,314,2018,6,10,3,3,5,2,0,0,1,1,0,0,0.0,0,566041.898799999970000,5937097.166799999800000,9.997478704000059,53.578567754000062,,9.997,53.579
125711,125712,2,7,9,710,2018,6,8,3,3,3,2,0,0,1,1,0,0,0.0,0,564640.253000000030000,5923063.633299999900000,9.973416912000062,53.452618147000067,,9.973,53.453
125712,125713,2,7,1,702,2018,6,16,3,3,5,2,0,0,1,1,0,0,0.0,0,565131.876700000020000,5924658.274400000500000,9.981149449000043,53.466889306000041,,9.981,53.467
125714,125715,2,1,3,108,2018,6,20,6,3,4,6,0,0,1,0,0,0,0.0,0,565314.714900000020000,5934812.266300000300000,9.986019514000077,53.558123872000067,,9.986,53.558
125717,125718,2,1,7,119,2018,6,15,3,3,5,3,0,0,1,1,0,0,0.0,0,568211.757400000000000,5934242.388500000400000,10.029622584000037,53.552633823000065,,10.03,53.553
125718,125719,2,4,5,411,2018,6,17,3,3,0,3,0,0,1,0,1,0,0.0,0,568400.346299999980000,5938024.972500000100000,10.033297147000042,53.586603765000064,,10.033,53.587
125721,125722,2,5,6,514,2018,6,15,3,2,3,2,0,0,1,1,0,0,0.0,0,573667.905999999960000,5941404.693500000100000,10.113654887000052,53.616263131000039,,10.114,53.616
125724,125725,2,7,9,710,2018,6,7,5,3,5,3,0,1,1,1,0,0,0.0,0,563364.007199999990000,5922713.897199999500000,9.954130441000075,53.449629916000049,,9.954,53.45
125726,125727,2,5,7,515,2018,6,15,3,3,1,5,0,0,1,1,0,0,0.0,0,571764.631700000030000,5941125.254900000100000,10.084824006000076,53.614016073000073,,10.085,53.614
125727,125728,2,4,4,407,2018,6,16,5,3,1,5,0,0,1,1,0,0,0.0,0,566529.649500000060000,5940521.105800000000000,10.005574744000057,53.609277551000048,,10.006,53.609
125729,125730,2,5,17,525,2018,6,16,3,2,6,4,0,0,1,0,1,0,0.0,0,576010.994700000040000,5945124.829400000200000,10.149977015000047,53.649359953000044,,10.15,53.649
125733,125734,2,3,9,321,2018,6,12,2,3,5,3,0,0,1,1,0,0,0.0,0,560960.670200000050000,5939123.563500000200000,9.921140539000021,53.597394928000028,,9.921,53.597
125735,125736,2,2,3,210,2018,6,8,3,3,0,7,0,0,1,1,0,0,0.0,0,561931.694999999950000,5934067.770700000200000,9.934808136000072,53.551842862000058,,9.935,53.552
125737,125738,2,4,5,413,2018,6,17,2,3,5,3,0,0,1,1,0,0,0.0,0,566576.763400000050000,5937310.684999999600000,10.005601333000072,53.580419059000064,,10.006,53.58
125740,125741,2,5,7,515,2018,6,17,6,3,4,3,0,0,1,0,0,0,0.0,0,570533.197399999950000,5939369.390200000300000,10.065815294000060,53.598403456000028,,10.066,53.598
125741,125742,2,3,6,318,2018,6,8,6,3,0,7,0,1,1,0,0,1,0.0,0,562180.766799999980000,5941533.127200000000000,9.940054840000073,53.618907073000059,,9.94,53.619
125745,125746,2,2,11,224,2018,6,14,5,2,5,3,0,0,1,1,0,0,0.0,0,554194.425000000050000,5935905.687699999700000,9.818353160000072,53.569217146000028,,9.818,53.569
125746,125747,2,5,1,504,2018,6,18,3,3,5,3,0,0,1,1,0,0,0.0,0,569985.943899999950000,5936844.610600000200000,10.056981034000046,53.575786599000082,,10.057,53.576
125748,125749,2,3,8,320,2018,6,7,4,3,5,3,0,0,1,1,0,0,0.0,0,560341.499300000020000,5942009.428100000100000,9.912344860000076,53.623402893000048,,9.912,53.623
125751,125752,2,5,7,515,2018,6,16,2,3,5,3,0,0,1,1,0,0,0.0,0,572897.447999999970000,5942470.322200000300000,10.102259570000058,53.625947541000073,,10.102,53.626
125752,125753,2,3,6,318,2018,6,16,3,3,5,3,0,0,1,1,0,0,0.0,0,562603.724900000030000,5942293.239900000400000,9.946601052000062,53.625688016000026,,9.947,53.626
125753,125754,2,5,16,524,2018,6,17,1,3,0,7,0,0,1,0,0,0,0.0,1,573230.253499999990000,5947371.284099999800000,10.108445344000074,53.669944902000054,,10.108,53.67
125760,125761,2,2,2,207,2018,6,15,3,3,3,6,0,0,1,1,0,0,0.0,0,563281.844300000000000,5935158.916899999600000,9.955405369000062,53.561488358000076,,9.955,53.561
125761,125762,2,1,3,108,2018,6,19,3,3,1,7,0,0,1,1,0,0,0.0,0,565084.395200000030000,5934531.097099999900000,9.982484521000060,53.555625540000051,,9.982,53.556
125762,125763,2,4,4,407,2018,6,19,6,3,3,2,0,0,1,1,0,0,0.0,0,566505.529800000020000,5941471.230299999900000,10.005413099000066,53.617819491000034,,10.005,53.618
125763,125764,2,3,9,321,2018,6,15,5,3,5,3,0,1,1,1,0,0,0.0,0,562324.109799999980000,5937683.254499999800000,9.941451857000061,53.584290063000026,,9.941,53.584
125765,125766,2,1,16,137,2018,6,14,2,3,5,3,0,0,1,1,0,0,0.0,0,566371.560000000060000,5928320.585000000000000,10.000595262000047,53.499648910000076,,10.001,53.5
125766,125767,2,2,4,214,2018,6,10,5,3,6,3,0,0,1,0,1,0,0.0,0,561730.522800000040000,5933844.467400000400000,9.931727961000036,53.549859637000054,,9.932,53.55
125768,125769,2,1,3,108,2018,6,21,4,3,0,7,0,0,1,0,0,0,0.0,0,565099.903300000010000,5934532.076000000400000,9.982718790000035,53.555632414000058,,9.983,53.556