,OBJECTID,ULAND,UREGBEZ,UKREIS,UGEMEINDE,UJAHR,UMONAT,USTUNDE,UWOCHENTAG,UKATEGORIE,UART,UTYP1,ULICHTVERH,STRZUSTAND,IstRad,IstPKW,IstFuss,IstKrad,IstGkfz,IstSonstig,LINREFX,LINREFY,XGCSWGS84,YGCSWGS84,UIDENTSTLA,lat_short,long_short
126466,126467,2,1,18,139,2018,8,8,4,3,0,7,0,0,1,0,0,0,0.0,0,564287.857800000000000,5931637.193599999900000,9.969867537000027,53.529715264000060,,9.97,53.53
126467,126468,2,2,5,215,2018,7,15,5,2,5,3,0,0,1,1,0,0,0.0,0,560792.445100000010000,5936170.368099999600000,9.918023608000055,53.570872950000080,,9.918,53.571
126468,126469,2,1,1,102,2018,8,16,6,3,3,6,0,0,1,0,0,0,0.0,1,565660.801499999940000,5933783.907100000400000,9.991027342000052,53.548838578000073,,9.991,53.549
126469,126470,2,2,5,216,2018,8,21,2,2,3,6,2,0,1,0,0,0,0.0,0,560937.616099999980000,5935014.214800000200000,9.919989988000054,53.560465282000052,,9.92,53.56
126472,126473,2,3,1,304,2018,8,10,7,3,5,3,0,0,1,0,0,0,0.0,1,562328.818100000030000,5936963.786100000100000,9.941379286000029,53.577823400000057,,9.941,53.578
126477,126478,2,2,3,208,2018,7,13,5,3,3,6,0,0,1,0,0,0,0.0,0,562884.139199999980000,5935354.405799999800000,9.949441221000029,53.563293086000044,,9.949,53.563
126479,126480,2,3,3,314,2018,8,18,5,3,3,6,0,0,1,1,0,0,0.0,0,566071.255400000020000,5937126.221199999600000,9.997928174000037,53.578825174000031,,9.998,53.579
126480,126481,2,3,2,312,2018,7,13,5,3,6,4,0,0,1,0,1,0,0.0,0,565481.896599999980000,5935251.329400000200000,9.988634953000030,53.562049009000077,,9.989,53.562
126484,126485,2,2,2,207,2018,7,20,5,3,3,2,1,0,1,0,0,0,0.0,0,564336.402899999990000,5935448.149299999700000,9.971383759000048,53.563959558000079,,9.971,53.564
126485,126486,2,1,1,102,2018,8,16,6,3,0,7,0,0,1,0,1,0,0.0,0,565680.796500000050000,5933847.296000000100000,9.991342394000071,53.549405769000032,,9.991,53.549
126487,126488,2,4,5,413,2018,8,22,5,3,0,6,2,0,1,1,0,0,0.0,0,566425.736299999990000,5937297.769799999900000,10.003317797000022,53.580322137000053,,10.003,53.58
126492,126493,2,4,6,414,2018,8,16,6,3,4,3,0,0,1,1,0,0,0.0,0,567196.204099999970000,5937057.314000000200000,10.014901456000075,53.578062980000027,,10.015,53.578
126493,126494,2,1,5,114,2018,7,19,5,3,1,5,0,0,1,1,0,0,0.0,0,567112.346400000040000,5934407.712799999900000,10.013065885000060,53.554261314000030,,10.013,53.554
126494,126495,2,2,5,216,2018,8,13,6,3,3,6,0,0,1,0,0,0,0.0,1,560231.358699999980000,5934977.673499999600000,9.909321890000058,53.560218394000060,,9.909,53.56
126496,126497,2,3,2,312,2018,8,7,2,2,5,3,0,0,1,1,0,0,0.0,0,565876.560000000060000,5934872.089999999900000,9.994512585000052,53.558591309000064,,9.995,53.559
126506,126507,2,4,3,406,2018,8,7,6,3,5,2,0,0,1,1,0,0,0.0,0,566177.797400000040000,5941881.617300000000000,10.000546579000059,53.621549200000061,,10.001,53.622
126508,126509,2,5,8,516,2018,7,9,4,3,5,3,0,0,1,0,0,0,0.0,1,569894.098099999940000,5940482.701500000400000,10.056409439000049,53.608494384000039,,10.056,53.608
126509,126510,2,1,6,117,2018,8,15,5,3,5,3,0,0,1,1,0,0,0.0,0,568021.597900000050000,5933934.844700000200000,10.026685820000068,53.549894553000058,,10.027,53.55
126510,126511,2,7,4,705,2018,8,2,1,3,0,7,2,0,1,1,0,0,0.0,0,565938.029600000010000,5922182.783599999700000,9.992772305000074,53.444540792000055,,9.993,53.445
126511,126512,2,2,7,219,2018,8,7,5,2,5,3,0,0,1,1,0,0,0.0,0,557489.390000000010000,5933578.780000000300000,9.867674055000066,53.547953261000032,,9.868,53.548
126513,126514,2,3,8,320,2018,8,7,4,3,5,2,0,0,1,0,0,0,0.0,1,559840.179800000040000,5938587.697599999600000,9.904108982000025,53.592708003000041,,9.904,53.593
126514,126515,2,4,12,431,2018,7,5,4,3,3,6,0,0,1,1,0,0,0.0,0,567999.725100000040000,5942409.596099999700000,10.028202946000022,53.626060763000055,,10.028,53.626
126517,126518,2,1,5,114,2018,7,8,2,3,0,7,0,0,1,0,0,0,0.0,0,566715.019399999990000,5934139.651999999800000,10.007012021000037,53.551902842000061,,10.007,53.552
126518,126519,2,3,1,303,2018,8,9,4,2,1,6,0,0,1,1,0,0,0.0,0,562633.081099999950000,5937137.938799999700000,9.946008960000029,53.579352324000070,,9.946,53.579
126520,126521,2,4,6,414,2018,8,20,1,3,0,7,0,0,1,0,0,0,0.0,0,567153.758299999990000,5937017.915500000100000,10.014252008000028,53.577714336000042,,10.014,53.578
126522,126523,2,4,5,411,2018,8,18,4,3,1,5,0,1,1,1,0,0,0.0,0,568195.676199999990000,5938032.569400000400000,10.030207487000041,53.586698697000031,,10.03,53.587
126525,126526,2,3,9,321,2018,7,19,4,3,5,3,0,0,1,1,0,0,0.0,0,560885.375299999960000,5939220.145999999700000,9.920021824000060,53.598271702000034,,9.92,53.598
126526,126527,2,3,6,318,2018,8,12,2,3,5,3,0,0,1,1,0,0,0.0,0,562093.943899999950000,5943510.153900000300000,9.939136880000035,53.636685447000048,,9.939,53.637
126527,126528,2,2,11,224,2018,8,16,3,3,5,3,0,0,1,1,0,0,0.0,0,554017.655900000010000,5935786.914599999800000,9.815663646000076,53.568167883000058,,9.816,53.568
126528,126529,2,5,17,525,2018,8,15,4,3,5,3,0,0,1,1,0,0,0.0,0,576961.109700000030000,5944850.986800000100000,10.164280347000044,53.646760137000058,,10.164,53.647
126535,126536,2,4,7,416,2018,8,13,1,3,4,6,0,0,1,1,0,0,0.0,0,567564.857800000000000,5935617.215599999800000,10.020156892000045,53.565073261000066,,10.02,53.565
126536,126537,2,2,2,207,2018,8,10,5,3,6,4,0,0,1,0,1,0,0.0,0,563773.584200000040000,5935112.042100000200000,9.962818758000026,53.561007557000039,,9.963,53.561
126538,126539,2,2,3,208,2018,8,15,4,3,1,5,0,0,1,0,0,0,0.0,1,563361.416800000010000,5935356.432599999900000,9.956646595000052,53.563253895000059,,9.957,53.563
126539,126540,2,2,9,221,2018,7,10,4,3,3,2,0,0,1,0,0,0,1.0,0,557310.868400000040000,5936053.672700000000000,9.865433871000050,53.570216015000028,,9.865,53.57
126540,126541,2,4,5,408,2018,8,23,3,3,3,6,2,0,1,0,0,0,0.0,0,567010.130400000020000,5939933.963899999900000,10.012709563000044,53.603939611000044,,10.013,53.604
126541,126542,2,1,3,108,2018,8,9,6,3,0,7,0,0,1,0,0,0,0.0,1,565452.803500000040000,5934436.809899999800000,9.988025197000070,53.554732351000041,,9.988,53.555
126543,126544,2,2,5,217,2018,7,23,4,3,0,7,2,0,1,0,0,0,0.0,0,558347.253900000010000,5936282.421500000200000,9.881124735000071,53.572157663000041,,9.881,53.572
126546,126547,2,2,1,201,2018,8,18,4,3,6,3,0,0,1,0,1,0,0.0,0,562839.760000000010000,5933979.870000000100000,9.948494917000062,53.550944965000042,,9.948,53.551
126547,126548,2,3,6,318,2018,7,19,4,3,5,3,0,0,1,1,0,0,0.0,0,563045.598099999940000,5942095.144399999600000,9.953241272000071,53.623854667000046,,9.953,53.624
126548,126549,2,3,3,314,2018,8,13,6,3,0,7,0,0,1,1,0,0,0.0,0,564865.976000000020000,5937316.012600000000000,9.979766248000033,53.580681318000074,,9.98,53.581
126551,126552,2,5,7,515,2018,8,19,4,3,6,4,0,0,1,0,1,0,0.0,0,571325.539800000030000,5940622.929200000100000,10.078072797000061,53.609561688000042,,10.078,53.61
126555,126556,2,2,7,219,2018,8,9,6,3,0,2,0,0,1,1,0,0,0.0,0,560196.266199999950000,5934342.839200000300000,9.908669897000038,53.554516876000037,,9.909,53.555
126562,126563,2,1,1,102,2018,8,7,4,3,3,6,0,0,1,1,0,0,0.0,0,565908.579999999960000,5934067.799999999800000,9.994826318000037,53.551358948000029,,9.995,53.551
126563,126564,2,3,5,317,2018,7,7,4,3,5,3,0,0,1,1,0,0,0.0,0,563560.564999999940000,5938210.464399999900000,9.960233978000076,53.588879836000046,,9.96,53.589
126565,126566,2,5,3,510,2018,8,7,5,3,5,3,0,0,1,1,0,0,0.0,0,571336.853600000030000,5935755.756099999900000,10.077130854000075,53.565819117000046,,10.077,53.566
126568,126569,2,5,1,504,2018,8,12,7,3,3,2,0,0,1,1,0,0,0.0,0,569815.063199999980000,5936664.933899999600000,10.054360567000060,53.574194609000074,,10.054,53.574
126572,126573,2,7,1,702,2018,8,11,5,3,5,3,0,0,1,1,0,0,0.0,0,565638.986099999980000,5923591.832700000100000,9.988564635000046,53.457241818000057,,9.989,53.457
126574,126575,2,3,1,309,2018,7,11,4,3,5,3,0,0,1,1,0,0,0.0,0,564330.894600000000000,5936697.143500000200000,9.971557871000073,53.575185286000078,,9.972,53.575
126576,126577,2,7,6,707,2018,8,7,6,3,4,6,0,0,1,0,0,0,0.0,0,565312.749900000050000,5920661.266200000400000,9.983043857000041,53.430944098000055,,9.983,53.431
126579,126580,2,2,2,207,2018,7,16,4,3,3,7,0,0,1,1,0,0,0.0,0,563947.002600000010000,5935454.819600000000000,9.965506681000022,53.564067101000035,,9.966,53.564
126580,126581,2,5,18,526,2018,8,8,2,3,3,6,0,0,1,1,0,0,0.0,0,575997.651500000040000,5940219.061700000400000,10.148577316000058,53.605275377000055,,10.149,53.605
126589,126590,2,6,2,602,2018,8,12,6,3,5,3,0,0,1,1,0,0,0.0,0,579764.616700000010000,5927340.093100000200000,10.202210480000076,53.488977178000027,,10.202,53.489
126594,126595,2,1,4,109,2018,8,19,2,3,4,2,0,1,1,1,0,0,0.0,0,564603.549699999970000,5935128.234299999700000,9.975350490000039,53.561051576000068,,9.975,53.561
126595,126596,2,7,4,705,2018,7,11,3,3,5,3,0,0,1,1,0,0,0.0,0,565892.486900000020000,5922498.237499999800000,9.992152783000051,53.447381600000028,,9.992,53.447
126600,126601,2,6,2,602,2018,7,7,3,3,4,2,0,0,1,1,0,0,0.0,0,579508.252499999940000,5927330.029600000000000,10.198344944000041,53.488925537000057,,10.198,53.489
126601,126602,2,1,12,130,2018,7,12,3,3,5,2,0,0,1,1,0,0,0.0,0,572805.706400000020000,5933049.278900000300000,10.098674646000063,53.541294444000073,,10.099,53.541
126602,126603,2,4,8,418,2018,8,8,2,3,0,2,0,0,1,1,0,0,0.0,0,568018.174000000000000,5936206.206199999900000,10.027128534000042,53.570308031000081,,10.027,53.57
126603,126604,2,5,1,501,2018,8,17,4,3,2,6,0,0,1,1,0,0,0.0,0,569034.398000000040000,5935672.215200000400000,10.042353535000075,53.565376283000035,,10.042,53.565
126604,126605,2,5,1,502,2018,8,18,3,3,5,2,0,0,1,1,0,0,0.0,0,569537.844099999990000,5936022.200600000100000,10.050031605000072,53.568455151000080,,10.05,53.568
126606,126607,2,1,8,122,2018,7,10,3,3,0,2,0,0,1,1,0,0,0.0,0,569533.014599999990000,5934826.416299999700000,10.049692575000051,53.557709198000055,,10.05,53.558
126612,126613,2,2,3,210,2018,8,11,5,3,5,3,0,0,1,1,0,0,0.0,0,562873.203300000050000,5934824.293499999700000,9.949169470000072,53.558530094000048,,9.949,53.559
126614,126615,2,6,5,606,2018,7,9,3,3,4,6,0,0,1,1,0,0,0.0,0,581047.952200000060000,5922642.533499999900000,10.220336513000063,53.446565631000055,,10.22,53.447
126615,126616,2,5,3,510,2018,8,17,6,3,5,3,0,0,1,1,0,0,0.0,0,570254.050099999990000,5936250.689199999900000,10.060895790000075,53.570413178000081,,10.061,53.57
126616,126617,2,4,10,428,2018,8,16,3,3,0,7,0,0,1,1,0,0,0.0,0,569101.847199999960000,5938894.210500000000000,10.044085085000063,53.594323665000047,,10.044,53.594
126618,126619,2,7,7,708,2018,8,7,5,3,0,3,0,0,1,1,0,0,0.0,0,566022.337799999980000,5919963.947499999800000,9.993576187000031,53.424588632000052,,9.994,53.425
126624,126625,2,5,18,526,2018,8,6,3,3,5,3,0,0,1,1,0,0,0.0,0,576127.778500000010000,5941934.182199999700000,10.150962679000031,53.620669739000050,,10.151,53.621
126626,126627,2,2,4,213,2018,7,18,2,3,5,3,0,0,1,1,0,0,0.0,0,561276.174299999960000,5933955.037399999800000,9.924892918000069,53.550906598000040,,9.925,53.551
126629,126630,2,3,3,313,2018,8,15,2,3,6,4,0,0,1,0,1,0,0.0,0,565466.967900000050000,5936494.369400000200000,9.988670129000070,53.573222358000066,,9.989,53.573
126632,126633,2,4,5,409,2018,7,15,3,3,4,6,0,0,1,0,0,0,0.0,0,568330.678399999980000,5938574.034099999800000,10.032365157000072,53.591547307000042,,10.032,53.592
126634,126635,2,5,12,520,2018,8,6,4,3,4,6,0,1,1,0,0,0,0.0,0,568705.035200000040000,5943458.512199999800000,10.039097398000024,53.635395295000080,,10.039,53.635
126637,126638,2,2,1,201,2018,8,8,5,3,5,3,0,0,1,0,0,0,0.0,0,563198.694200000030000,5933556.121700000000000,9.953826158000027,53.547093507000056,,9.954,53.547
126638,126639,2,2,7,219,2018,8,9,1,3,0,1,0,0,1,0,0,0,0.0,0,557446.369100000010000,5934345.415900000400000,9.867165690000036,53.554848159000073,,9.867,53.555
126642,126643,2,4,8,422,2018,7,17,3,3,5,2,0,0,1,1,0,0,0.0,0,568745.357700000050000,5936956.932199999700000,10.038272900000038,53.576960092000036,,10.038,53.577
126643,126644,2,3,8,320,2018,8,15,3,3,5,3,0,0,1,1,0,0,0.0,0,559867.809299999960000,5940382.303700000000000,9.904871024000045,53.608833688000061,,9.905,53.609
126646,126647,2,5,7,515,2018,7,15,3,3,5,2,0,0,1,1,0,0,0.0,0,570303.222100000010000,5939104.561200000300000,10.062281122000059,53.596054341000070,,10.062,53.596
126652,126653,2,5,9,517,2018,8,13,3,2,5,3,0,0,1,1,0,0,0.0,0,571152.256799999970000,5943409.240199999900000,10.076090942000064,53.634625553000035,,10.076,53.635
126653,126654,2,2,1,204,2018,8,17,6,3,4,6,0,0,1,0,0,0,0.0,0,562834.669499999960000,5934801.316300000100000,9.948583210000038,53.558328205000066,,9.949,53.558
126654,126655,2,1,12,130,2018,7,0,1,3,0,7,2,1,1,0,0,0,0.0,0,575953.197399999950000,5934002.113800000400000,10.146393020000062,53.549411655000029,,10.146,53.549
126655,126656,2,5,10,518,2018,7,20,3,3,0,7,0,0,1,1,0,0,0.0,0,572620.932000000030000,5945039.194100000000000,10.098679062000031,53.649071931000037,,10.099,53.649
126656,126657,2,3,3,314,2018,7,10,3,3,5,3,0,0,1,0,0,0,0.0,1,565442.476400000040000,5937490.423200000100000,9.988509135000072,53.582177164000029,,9.989,53.582
126658,126659,2,1,16,137,2018,8,4,2,3,0,7,2,0,1,0,0,0,0.0,0,564815.540500000000000,5929653.399400000500000,9.977416570000059,53.511821421000036,,9.977,53.512
126659,126660,2,3,6,318,2018,8,21,4,3,5,3,2,0,1,1,0,0,0.0,0,563248.663199999950000,5941214.542700000100000,9.956132247000028,53.615916002000063,,9.956,53.616
126660,126661,2,7,13,714,2018,7,14,2,3,5,3,0,0,1,1,0,0,0.0,0,558526.800000000050000,5925694.210000000000000,9.881856944000049,53.476975407000054,,9.882,53.477
126663,126664,2,7,13,714,2018,7,7,2,3,5,2,0,0,1,1,0,0,0.0,0,559742.983000000010000,5926324.409000000000000,9.900299317000076,53.482502766000039,,9.9,53.483
126672,126673,2,1,12,130,2018,7,22,2,3,4,2,2,0,1,1,0,0,0.0,0,575800.006000000050000,5931293.119500000000000,10.143425153000067,53.525088540000070,,10.143,53.525
126676,126677,2,1,11,128,2018,8,17,5,3,4,6,0,0,1,0,0,0,0.0,0,571780.030900000010000,5933387.453200000300000,10.083277345000056,53.544474793000063,,10.083,53.544
126679,126680,2,2,2,207,2018,8,20,6,3,2,6,1,0,1,1,0,1,0.0,0,563746.903799999970000,5935213.860000000300000,9.962436787000058,53.561925868000060,,9.962,53.562
126680,126681,2,4,4,407,2018,8,17,2,3,5,3,0,0,1,1,0,0,0.0,0,566641.917400000030000,5941291.782999999800000,10.007436222000024,53.616189444000042,,10.007,53.616
126683,126684,2,3,7,319,2018,8,9,7,3,5,3,0,0,1,1,0,0,0.0,0,561088.873000000020000,5944318.156000000400000,9.924096643000041,53.644065469000054,,9.924,53.644
126684,126685,2,4,10,429,2018,8,7,4,3,5,2,0,0,1,1,0,0,0.0,0,568847.391900000050000,5939891.262299999600000,10.040461300000061,53.603317690000040,,10.04,53.603
126689,126690,2,1,16,136,2018,8,16,2,3,5,2,0,0,1,1,0,0,0.0,0,567752.837500000020000,5927801.978000000100000,10.021303324000030,53.494811960000050,,10.021,53.495
126691,126692,2,4,5,410,2018,7,14,2,3,0,7,0,0,1,1,0,0,0.0,0,566223.740800000030000,5938381.917399999700000,10.000497395000025,53.590091102000031,,10.0,53.59
126695,126696,2,4,10,428,2018,7,12,2,3,0,5,0,0,1,1,0,0,0.0,0,569201.263700000010000,5938815.768400000400000,10.045569525000076,53.593605589000049,,10.046,53.594
126697,126698,2,3,9,321,2018,8,22,2,3,4,2,2,0,1,1,0,0,0.0,0,562000.845399999990000,5937439.489299999500000,9.936520996000070,53.582137582000030,,9.937,53.582
126704,126705,2,5,2,506,2018,7,17,2,3,5,3,0,0,1,1,0,0,0.0,0,571346.250800000040000,5937268.210300000400000,10.077618283000049,53.579410222000035,,10.078,53.579
126705,126706,2,3,8,320,2018,7,21,3,3,2,2,1,0,1,1,0,0,0.0,0,559940.427400000040000,5940170.099200000100000,9.905927637000048,53.606918222000047,,9.906,53.607
126706,126707,2,5,1,504,2018,7,18,2,3,0,7,0,0,1,0,1,0,0.0,0,570066.613600000040000,5936192.725599999500000,10.058052867000072,53.569917322000038,,10.058,53.57
126707,126708,2,2,5,217,2018,8,8,2,3,5,3,0,0,1,0,0,0,0.0,1,558346.114399999960000,5937506.013299999800000,9.881336228000066,53.583154809000064,,9.881,53.583
126708,126709,2,3,9,321,2018,8,15,3,3,4,2,0,0,1,1,0,0,0.0,0,562011.477100000020000,5936413.441499999700000,9.936477742000022,53.572914871000080,,9.936,53.573
126709,126710,2,1,8,125,2018,8,16,4,3,4,2,0,0,1,1,0,0,0.0,0,570453.768700000020000,5934449.054899999900000,10.063504902000034,53.554195060000040,,10.064,53.554
126710,126711,2,2,5,216,2018,7,8,2,3,5,2,0,0,1,1,0,0,0.0,0,559829.597500000030000,5935914.267900000300000,9.903436636000038,53.568681947000073,,9.903,53.569
126711,126712,2,3,5,317,2018,8,13,4,3,6,7,0,0,1,0,0,0,0.0,1,562117.748400000040000,5940167.886199999600000,9.938830020000069,53.606644729000038,,9.939,53.607
126712,126713,2,6,1,601,2018,8,22,6,3,1,5,2,0,1,1,0,0,0.0,1,579825.693500000050000,5929953.760900000100000,10.203796066000052,53.512456129000043,,10.204,53.512
126713,126714,2,1,16,137,2018,7,17,2,3,5,3,0,0,1,1,0,0,0.0,0,565135.846200000030000,5929973.423000000400000,9.982312511000032,53.514657996000039,,9.982,53.515
126714,126715,2,2,8,220,2018,7,8,2,3,5,3,0,0,1,1,0,0,0.0,0,557617.589799999960000,5938573.242300000000000,9.870530147000068,53.592827080000063,,9.871,53.593
126716,126717,2,1,1,102,2018,8,12,5,3,1,5,0,0,1,1,0,0,0.0,0,565952.537800000050000,5933795.247000000400000,9.995432221000044,53.548903929000062,,9.995,53.549
126717,126718,2,3,5,317,2018,7,9,2,3,3,6,0,0,1,0,0,0,0.0,0,562768.211299999970000,5938883.761800000400000,9.948400896000067,53.595026418000032,,9.948,53.595
126721,126722,2,1,12,130,2018,8,18,5,3,2,6,0,0,1,1,0,0,0.0,0,573342.141599999970000,5932684.223799999800000,10.106682498000055,53.537939084000072,,10.107,53.538
126722,126723,2,7,16,717,2018,8,19,1,3,1,5,0,0,1,1,0,0,0.0,0,551990.130600000030000,5930766.597099999900000,9.784216819000051,53.523251296000069,,9.784,53.523
126727,126728,2,3,7,319,2018,8,13,6,3,5,3,0,0,1,1,0,0,0.0,0,560766.946000000000000,5943396.247999999700000,9.919047382000031,53.635817488000043,,9.919,53.636
126728,126729,2,1,3,108,2018,7,17,2,3,6,4,0,0,1,0,1,0,0.0,0,565427.354300000010000,5933951.618300000200000,9.987539560000073,53.550374983000040,,9.988,53.55
126732,126733,2,4,4,407,2018,8,8,4,3,5,2,0,0,1,1,0,0,0.0,0,567590.992699999940000,5940369.317800000300000,10.021580905000064,53.607777572000032,,10.022,53.608
126735,126736,2,6,14,615,2018,8,20,2,2,5,3,0,1,1,1,0,0,0.0,0,576675.525400000040000,5927194.410500000200000,10.155626781000024,53.488127128000031,,10.156,53.488
126736,126737,2,5,18,526,2018,7,4,1,3,5,3,2,0,1,1,0,0,0.0,0,576829.425999999980000,5939275.959900000100000,10.160912939000070,53.596678736000058,,10.161,53.597
126737,126738,2,1,20,141,2018,8,7,4,2,5,3,0,0,1,1,0,0,0.0,0,557160.892400000010000,5932628.878800000100000,9.862543152000058,53.539451805000056,,9.863,53.539
126740,126741,2,4,7,416,2018,8,9,6,2,5,2,0,0,1,1,0,0,0.0,0,567847.748999999950000,5935652.612800000200000,10.024435185000073,53.565354881000076,,10.024,53.565
126742,126743,2,4,7,417,2018,8,18,2,3,5,3,0,0,1,0,0,1,0.0,0,567851.792900000000000,5935669.341799999600000,10.024499867000031,53.565504704000034,,10.024,53.566
126744,126745,2,3,9,321,2018,8,8,5,3,5,3,0,0,1,1,0,0,0.0,0,561979.795999999970000,5939221.772199999500000,9.936557225000058,53.598158041000033,,9.937,53.598
126746,126747,2,1,4,111,2018,8,10,5,3,5,2,0,0,1,0,0,0,1.0,0,563882.734900000040000,5934673.639600000300000,9.964376784000024,53.557054225000059,,9.964,53.557
126748,126749,2,4,5,408,2018,7,13,1,3,1,5,0,0,1,1,0,0,0.0,0,565771.146900000050000,5939502.564100000100000,9.993897174000040,53.600219523000078,,9.994,53.6
126750,126751,2,3,3,313,2018,8,19,6,3,3,2,1,0,1,1,0,0,0.0,0,566179.297799999940000,5936511.381099999900000,9.999429421000059,53.573285869000074,,9.999,53.573
126753,126754,2,1,3,105,2018,8,5,1,3,5,3,0,0,1,1,0,0,0.0,0,565113.162200000020000,5933261.741800000000000,9.982654378000063,53.544213930000069,,9.983,53.544
126754,126755,2,6,6,607,2018,8,10,2,3,0,7,0,1,1,0,0,0,0.0,0,578242.697700000020000,5918051.578700000400000,10.176967576000038,53.405731189000051,,10.177,53.406
126755,126756,2,3,1,303,2018,8,13,4,3,2,6,0,0,1,1,0,0,0.0,0,562725.118000000020000,5936986.964900000000000,9.947368538000035,53.577984474000061,,9.947,53.578
126757,126758,2,3,2,311,2018,8,16,6,3,3,2,0,0,1,0,0,0,0.0,1,564737.561499999950000,5936278.845900000100000,9.977611858000046,53.571375911000075,,9.978,53.571
126759,126760,2,1,3,106,2018,7,18,1,3,5,3,0,0,1,1,0,0,0.0,0,564882.600199999990000,5934563.150000000400000,9.979445458000043,53.555938588000060,,9.979,53.556
126764,126765,2,4,5,413,2018,8,0,4,3,3,6,2,0,1,0,0,0,0.0,0,566489.849500000010000,5937325.113599999800000,10.004291847000047,53.580559757000060,,10.004,53.581
126767,126768,2,4,5,409,2018,8,18,5,3,4,2,0,0,1,1,0,0,0.0,0,567202.881999999980000,5938597.799999999800000,10.015334077000034,53.591906675000075,,10.015,53.592
126768,126769,2,1,16,137,2018,8,11,4,3,5,3,0,0,1,1,0,0,0.0,0,565875.164699999960000,5926280.051799999500000,9.992684655000062,53.481372355000076,,9.993,53.481
126771,126772,2,4,2,405,2018,8,7,3,3,6,7,0,0,1,0,1,0,0.0,0,564805.054000000000000,5939165.982800000300000,9.979230512000072,53.597314946000040,,9.979,53.597
126774,126775,2,1,11,128,2018,7,14,7,3,4,2,0,0,1,1,0,0,0.0,0,571859.437799999960000,5934373.297299999700000,10.084702032000052,53.553323701000068,,10.085,53.553
126775,126776,2,5,17,525,2018,8,15,7,2,5,3,0,0,1,1,0,0,0.0,0,576314.248400000040000,5946870.910699999900000,10.154992842000070,53.665007152000044,,10.155,53.665
126776,126777,2,5,9,517,2018,8,7,2,3,2,6,0,0,1,1,0,0,0.0,0,571587.480699999960000,5943460.691900000000000,10.082683723000059,53.635028601000045,,10.083,53.635
126779,126780,2,1,6,115,2018,8,14,6,3,5,3,0,0,1,1,0,0,0.0,0,566818.073100000040000,5933979.049300000100000,10.008532951000063,53.550446368000053,,10.009,53.55
126781,126782,2,2,14,227,2018,7,18,7,3,1,6,0,0,1,1,0,0,0.0,0,549377.770400000040000,5936096.571999999700000,9.745657413000060,53.571408187000031,,9.746,53.571
126784,126785,2,1,5,114,2018,7,7,3,3,3,2,0,0,1,1,0,0,0.0,0,567459.657800000040000,5934219.806099999700000,10.018267122000054,53.552528050000035,,10.018,53.553
126786,126787,2,6,2,603,2018,8,15,2,3,5,3,0,0,1,1,0,0,0.0,0,580085.116099999980000,5926150.823900000200000,10.206736486000068,53.478240893000077,,10.207,53.478
126787,126788,2,3,2,311,2018,8,23,5,3,5,3,2,0,1,0,0,0,0.0,0,564517.348299999950000,5936045.491999999600000,9.974238706000051,53.569305825000072,,9.974,53.569
126793,126794,2,2,3,210,2018,8,15,2,3,1,5,0,0,1,1,0,0,0.0,0,562700.377499999940000,5935112.177699999900000,9.946618547000071,53.561138085000039,,9.947,53.561
126795,126796,2,7,16,717,2018,9,16,2,3,5,3,0,0,1,1,0,0,0.0,0,552660.450500000040000,5929866.040400000300000,9.794175447000043,53.515090554000039,,9.794,53.515
126796,126797,2,1,5,114,2018,8,7,4,3,5,3,0,0,1,1,0,0,0.0,0,567179.435999999990000,5934634.702999999700000,10.014127217000066,53.556292735000056,,10.014,53.556
126797,126798,2,4,5,413,2018,9,8,3,3,6,6,0,0,1,0,1,0,0.0,0,566590.957999999980000,5937599.165900000400000,10.005877251000072,53.583009881000066,,10.006,53.583
126801,126802,2,6,4,605,2018,8,19,3,2,5,3,0,0,1,1,0,0,0.0,0,584610.297999999950000,5920586.301000000000000,10.273407779000024,53.427527353000073,,10.273,53.428
126802,126803,2,3,5,317,2018,9,16,2,3,5,2,0,0,1,0,0,0,0.0,0,563979.393799999960000,5939641.929700000200000,9.966854093000052,53.601693828000066,,9.967,53.602
126807,126808,2,2,4,213,2018,9,13,7,3,1,7,0,0,1,1,0,0,0.0,0,561426.943500000050000,5934380.518699999900000,9.927251878000050,53.554712956000060,,9.927,53.555
126813,126814,2,1,5,114,2018,9,8,3,3,6,3,0,0,1,0,1,0,0.0,0,567186.169200000000000,5934428.315200000100000,10.014184482000076,53.554437029000042,,10.014,53.554
126816,126817,2,2,3,210,2018,9,18,5,3,2,6,0,0,1,1,0,0,0.0,0,561901.146199999960000,5934493.938900000400000,9.934431480000058,53.555676606000077,,9.934,53.556
126817,126818,2,1,6,115,2018,8,8,3,3,6,3,0,0,1,0,1,0,0.0,0,567175.398300000000000,5933771.803000000300000,10.013880869000047,53.548538211000050,,10.014,53.549
126822,126823,2,5,7,515,2018,8,7,3,3,0,6,0,0,1,0,0,0,0.0,0,572126.475600000010000,5939680.767799999600000,10.089958357000057,53.600984943000071,,10.09,53.601
126823,126824,2,1,3,106,2018,9,22,2,3,0,3,2,0,1,0,0,1,0.0,0,564450.650000000020000,5933630.328700000400000,9.972733629000061,53.547608258000082,,9.973,53.548
126827,126828,2,1,15,134,2018,9,13,3,3,5,3,0,0,1,0,0,0,1.0,0,567178.694999999950000,5930741.814000000200000,10.013280233000046,53.521306638000056,,10.013,53.521
126828,126829,2,4,13,432,2018,8,16,3,3,5,2,0,0,1,1,0,0,0.0,0,566734.454700000000000,5945000.835900000300000,10.009630431000062,53.649511200000063,,10.01,53.65
126829,126830,2,3,3,313,2018,8,13,6,3,1,7,0,0,1,1,0,0,0.0,0,565013.562799999960000,5936571.008500000500000,9.981839954000066,53.573967518000075,,9.982,53.574