,OBJECTID,ULAND,UREGBEZ,UKREIS,UGEMEINDE,UJAHR,UMONAT,USTUNDE,UWOCHENTAG,UKATEGORIE,UART,UTYP1,ULICHTVERH,STRZUSTAND,IstRad,IstPKW,IstFuss,IstKrad,IstGkfz,IstSonstig,LINREFX,LINREFY,XGCSWGS84,YGCSWGS84,UIDENTSTLA,lat_short,long_short
126830,126831,2,2,3,210,2018,9,19,4,3,3,2,1,0,1,1,0,0,0.0,0,562009.891999999990000,5934497.656800000000000,9.936073554000075,53.555697186000032,,9.936,53.556
126831,126832,2,5,18,526,2018,9,11,1,3,5,3,0,0,1,1,0,0,0.0,0,576914.557599999940000,5942331.058600000100000,10.162953224000034,53.624121363000029,,10.163,53.624
126832,126833,2,4,3,406,2018,8,14,3,3,1,7,0,0,1,1,0,0,0.0,0,566163.254599999990000,5941132.883100000200000,10.000167663000070,53.614822072000038,,10.0,53.615
126833,126834,2,4,5,411,2018,8,15,3,2,5,3,0,0,1,1,0,0,0.0,0,568049.711800000050000,5938229.011099999800000,10.028045694000070,53.588483100000076,,10.028,53.588
126835,126836,2,4,5,408,2018,8,19,3,3,0,2,0,0,1,1,0,0,0.0,0,567814.903199999940000,5939554.992600000500000,10.024787346000039,53.600430238000058,,10.025,53.6
126836,126837,2,6,1,601,2018,9,7,2,3,5,3,0,0,1,1,0,0,0.0,0,579050.232199999970000,5928101.998999999800000,10.191637811000021,53.495932028000027,,10.192,53.496
126838,126839,2,3,9,321,2018,8,12,3,3,5,3,0,0,1,1,0,0,0.0,0,560611.145699999990000,5938240.048499999600000,9.915688116000069,53.589494976000026,,9.916,53.589
126839,126840,2,1,4,112,2018,9,8,5,3,4,2,0,0,1,1,0,0,0.0,0,564103.553399999980000,5933719.871700000000000,9.967514186000074,53.548455498000067,,9.968,53.548
126840,126841,2,4,2,404,2018,8,16,3,3,5,2,0,0,1,1,0,0,0.0,0,565372.238000000010000,5938464.394999999600000,9.987652430000026,53.590939208000066,,9.988,53.591
126841,126842,2,3,5,317,2018,9,0,1,3,0,7,2,0,1,0,0,0,0.0,0,562629.304200000010000,5938506.341099999800000,9.946226592000073,53.591651039000055,,9.946,53.592
126843,126844,2,4,4,407,2018,9,13,3,3,6,4,0,0,1,0,1,0,0.0,0,567076.785700000010000,5941625.002500000400000,10.014080838000041,53.619128607000050,,10.014,53.619
126847,126848,2,2,1,206,2018,8,18,3,3,0,6,0,0,1,1,0,0,0.0,0,562678.889899999950000,5935207.076999999600000,9.946313223000061,53.561993545000064,,9.946,53.562
126848,126849,2,2,1,204,2018,9,20,5,3,5,3,2,0,1,1,0,0,0.0,0,562889.462799999980000,5934815.859500000300000,9.949413199000048,53.558452347000070,,9.949,53.558
126851,126852,2,7,1,702,2018,9,9,3,3,5,2,0,0,1,1,0,0,0.0,0,566087.151199999960000,5923122.960900000300000,9.995214636000071,53.452971858000069,,9.995,53.453
126852,126853,2,3,1,307,2018,9,19,1,3,4,6,0,0,1,1,0,0,0.0,0,563685.305199999940000,5935938.808699999900000,9.961654715000066,53.568448682000053,,9.962,53.568
126853,126854,2,2,4,212,2018,8,16,3,3,5,3,0,0,1,1,0,0,0.0,0,560938.112399999980000,5934846.524500000300000,9.919964780000043,53.558958121000046,,9.92,53.559
126854,126855,2,5,18,526,2018,9,13,6,3,8,7,0,0,1,0,0,0,0.0,0,576713.346000000020000,5939879.393299999600000,10.159307817000069,53.602118601000029,,10.159,53.602
126856,126857,2,5,5,513,2018,9,15,2,3,5,2,0,0,1,1,0,0,0.0,0,573016.596900000000000,5937226.746600000200000,10.102832520000049,53.578807719000054,,10.103,53.579
126859,126860,2,1,11,129,2018,9,7,4,2,5,3,1,1,1,1,0,0,0.0,0,571205.992899999950000,5934538.842000000200000,10.074878052000031,53.554900487000054,,10.075,53.555
126860,126861,2,1,8,122,2018,8,17,2,3,1,6,0,0,1,1,0,0,0.0,0,570004.810900000040000,5935520.281200000100000,10.056969079000055,53.563882287000069,,10.057,53.564
126863,126864,2,3,4,315,2018,9,15,3,3,5,3,0,0,1,1,0,0,0.0,0,564247.295000000040000,5937257.848299999700000,9.970410906000041,53.580234734000044,,9.97,53.58
126864,126865,2,5,6,514,2018,8,18,2,3,5,2,0,0,1,1,0,0,0.0,0,573922.738600000040000,5940397.630099999700000,10.117267483000035,53.607176959000071,,10.117,53.607
126868,126869,2,7,1,701,2018,9,7,5,3,4,2,0,0,1,1,0,0,0.0,0,564841.071899999980000,5923533.398199999700000,9.976537420000057,53.456815453000047,,9.977,53.457
126870,126871,2,2,6,218,2018,9,8,2,3,5,3,0,0,1,1,0,0,0.0,0,558772.163300000010000,5935285.084800000300000,9.887352957000076,53.563146680000045,,9.887,53.563
126873,126874,2,4,13,432,2018,9,13,6,2,0,2,0,0,1,1,0,0,0.0,0,567780.368499999980000,5947244.570100000100000,10.025940951000052,53.669541153000068,,10.026,53.67
126874,126875,2,5,11,519,2018,8,12,2,3,5,3,0,0,1,1,0,0,0.0,0,572442.543799999980000,5945422.292100000200000,10.096070072000032,53.652539487000070,,10.096,53.653
126876,126877,2,2,7,219,2018,9,18,6,3,1,6,0,0,1,0,0,0,0.0,1,559686.755000000000000,5934546.189000000200000,9.901018643000043,53.556402655000056,,9.901,53.556
126877,126878,2,4,12,431,2018,8,10,2,3,1,7,0,0,1,1,0,0,0.0,0,567628.873299999980000,5942798.967400000400000,10.022681003000059,53.629608091000080,,10.023,53.63
126880,126881,2,4,11,430,2018,9,5,7,3,2,6,2,0,1,1,0,0,0.0,0,568954.841499999980000,5943102.745900000400000,10.042795940000076,53.632165181000062,,10.043,53.632
126883,126884,2,4,6,415,2018,9,19,4,3,3,2,0,0,1,1,0,0,0.0,0,567877.981700000000000,5936040.360999999600000,10.024975848000054,53.568835715000034,,10.025,53.569
126885,126886,2,4,6,415,2018,8,7,2,3,5,3,0,1,1,1,0,0,0.0,0,568373.128299999980000,5936496.212399999600000,10.032551169000044,53.572868210000081,,10.033,53.573
126886,126887,2,3,8,320,2018,9,15,3,3,5,3,0,0,1,1,0,0,0.0,0,558839.759399999980000,5940301.647500000000000,9.889319425000053,53.608225260000040,,9.889,53.608
126888,126889,2,4,8,419,2018,8,11,2,3,1,5,0,0,1,1,0,0,0.0,0,568066.727900000060000,5937329.212299999800000,10.028106439000055,53.580394313000056,,10.028,53.58
126889,126890,2,5,9,517,2018,9,7,5,3,2,7,0,0,1,1,0,0,0.0,0,572044.309600000040000,5943388.165900000400000,10.089574604000063,53.634314144000030,,10.09,53.634
126890,126891,2,2,14,227,2018,8,8,2,3,0,6,0,1,1,1,0,0,0.0,0,550347.237800000000000,5936544.450199999800000,9.760368227000072,53.575341472000048,,9.76,53.575
126893,126894,2,4,13,432,2018,8,5,5,3,6,4,2,1,1,0,1,0,0.0,0,567257.105199999990000,5947918.826700000100000,10.018168186000025,53.675668272000053,,10.018,53.676
126894,126895,2,4,4,407,2018,9,10,5,2,5,3,0,0,1,1,0,0,0.0,0,566968.211299999970000,5940864.377999999600000,10.012276122000060,53.612306699000044,,10.012,53.612
126897,126898,2,2,1,201,2018,9,19,7,3,5,3,0,0,1,1,0,0,0.0,0,563196.710399999980000,5933556.690700000200000,9.953796337000028,53.547098860000062,,9.954,53.547
126898,126899,2,2,8,220,2018,8,14,6,3,3,2,0,0,1,1,0,0,0.0,0,557996.949900000010000,5938078.668800000100000,9.876169114000049,53.588340277000043,,9.876,53.588
126899,126900,2,4,2,404,2018,9,14,4,3,5,3,0,0,1,1,0,0,0.0,0,565925.177299999980000,5938196.849200000100000,9.995948386000066,53.588465489000043,,9.996,53.588
126900,126901,2,3,1,310,2018,9,8,2,3,3,2,0,0,1,1,0,0,0.0,0,563770.307099999980000,5935499.457800000000000,9.962848362000045,53.564489779000041,,9.963,53.564
126901,126902,2,3,1,307,2018,8,8,2,3,5,3,0,0,1,0,0,0,0.0,1,563200.214599999950000,5936052.338999999700000,9.954353890000050,53.569527669000081,,9.954,53.57
126902,126903,2,1,12,130,2018,8,7,5,3,5,3,0,1,1,0,0,0,0.0,1,572852.947799999970000,5932740.598700000000000,10.099315523000030,53.538513798000054,,10.099,53.539
126903,126904,2,2,10,222,2018,9,13,4,3,1,5,0,1,1,1,0,0,0.0,0,555130.824299999980000,5934919.018899999600000,9.832317345000035,53.560251780000044,,9.832,53.56
126908,126909,2,5,7,515,2018,9,11,2,3,4,2,0,0,1,1,0,0,0.0,0,570582.116500000000000,5939297.980600000400000,10.066538196000067,53.597755115000041,,10.067,53.598
126911,126912,2,3,2,311,2018,9,19,3,3,3,2,0,0,1,1,0,0,0.0,0,564777.357599999990000,5935756.654799999700000,9.978104426000073,53.566677934000040,,9.978,53.567
126912,126913,2,7,14,715,2018,9,21,6,3,5,3,2,0,1,1,0,0,0.0,0,556938.691899999980000,5925647.316700000300000,9.857922490000021,53.476728107000042,,9.858,53.477
126914,126915,2,2,6,218,2018,9,13,5,3,2,2,0,0,1,1,0,0,0.0,0,557874.084299999990000,5934896.184999999600000,9.873723310000059,53.559751238000047,,9.874,53.56
126916,126917,2,1,5,114,2018,9,2,2,2,5,3,2,0,1,0,0,0,0.0,1,567109.527899999990000,5933916.411799999900000,10.012917890000040,53.549846261000027,,10.013,53.55
126917,126918,2,5,7,515,2018,8,7,5,3,5,3,0,1,1,1,0,0,0.0,0,573343.970399999990000,5942096.496100000100000,10.108921834000057,53.622525686000074,,10.109,53.623
126918,126919,2,4,7,416,2018,9,22,5,3,3,2,2,0,1,1,0,0,0.0,0,567498.359700000030000,5935614.961000000100000,10.019152530000042,53.565061556000046,,10.019,53.565
126920,126921,2,1,14,132,2018,8,14,1,3,6,7,0,0,1,0,1,0,0.0,0,569103.091900000000000,5932828.711699999900000,10.042762055000026,53.539812387000040,,10.043,53.54
126929,126930,2,2,9,221,2018,8,18,1,3,6,6,0,0,1,0,1,0,0.0,0,556873.776399999970000,5936749.043700000300000,9.858960955000043,53.576513260000070,,9.859,53.577
126931,126932,2,2,11,223,2018,8,12,1,3,1,5,0,0,1,1,0,0,0.0,0,552142.130000000000000,5935747.160000000100000,9.787339662000022,53.568000313000027,,9.787,53.568
126934,126935,2,2,4,212,2018,8,13,1,3,3,2,0,0,1,1,0,0,0.0,0,560837.007300000060000,5934268.829800000400000,9.918326201000070,53.553777858000046,,9.918,53.554
126937,126938,2,6,5,606,2018,8,3,7,3,3,6,2,0,1,1,0,0,0.0,0,581911.259399999980000,5921720.988800000400000,10.233092167000052,53.438150541000027,,10.233,53.438
126947,126948,2,5,7,515,2018,9,11,6,3,5,3,0,0,1,1,0,0,0.0,0,570808.844799999960000,5939973.748300000100000,10.070117038000035,53.603797625000027,,10.07,53.604
126954,126955,2,5,18,526,2018,9,19,4,2,5,3,1,1,1,0,0,0,0.0,1,575450.776300000030000,5942201.791899999600000,10.140794294000045,53.623172641000053,,10.141,53.623
126957,126958,2,4,12,431,2018,9,8,4,3,5,3,0,0,1,1,0,0,0.0,0,567697.202099999990000,5942436.428799999900000,10.023635229000035,53.626341110000055,,10.024,53.626
126958,126959,2,1,1,101,2018,9,21,3,3,3,2,2,0,1,1,0,0,0.0,0,566308.686299999940000,5934561.358000000000000,10.000969214000065,53.555744282000035,,10.001,53.556
126961,126962,2,5,6,514,2018,9,18,4,3,4,6,0,0,1,0,0,0,0.0,0,573931.832199999950000,5940392.402800000300000,10.117403655000032,53.607128699000043,,10.117,53.607
126962,126963,2,4,10,426,2018,9,16,3,3,4,2,0,0,1,1,0,0,0.0,0,569874.547700000000000,5938598.096500000000000,10.055691592000073,53.591560060000063,,10.056,53.592
126967,126968,2,7,11,712,2018,9,6,5,3,3,2,1,0,1,1,0,0,0.0,0,560442.709000000030000,5928212.725399999900000,9.911206136000033,53.499394212000027,,9.911,53.499
126972,126973,2,7,14,715,2018,8,17,4,3,1,5,0,0,1,1,0,0,0.0,0,557308.900000000020000,5925164.512799999700000,9.863411811000049,53.472348645000068,,9.863,53.472
126974,126975,2,4,4,407,2018,9,11,4,3,5,3,0,1,1,1,0,0,0.0,0,567276.570100000010000,5941258.931300000300000,10.017021615000033,53.615813072000037,,10.017,53.616
126975,126976,2,2,9,221,2018,8,8,7,3,5,2,0,0,1,1,0,0,0.0,0,557362.370299999950000,5935852.756299999500000,9.866174586000057,53.568404643000065,,9.866,53.568
126980,126981,2,4,9,424,2018,9,18,2,3,5,2,0,0,1,1,0,0,0.0,0,570074.415700000010000,5937360.679399999800000,10.058432800000048,53.580412708000040,,10.058,53.58
126982,126983,2,3,5,317,2018,8,12,7,3,1,7,0,1,1,1,0,0,0.0,0,563122.327099999990000,5939619.039800000400000,9.953899485000022,53.601592043000039,,9.954,53.602
126983,126984,2,2,8,220,2018,9,18,3,3,3,6,0,0,1,0,0,0,0.0,0,557909.001999999980000,5938020.685999999800000,9.874829879000060,53.587828878000039,,9.875,53.588
126987,126988,2,4,13,432,2018,9,17,5,2,5,3,0,0,1,0,0,0,0.0,1,568044.673300000020000,5948132.550599999700000,10.030135502000064,53.677487059000043,,10.03,53.677
126990,126991,2,4,5,409,2018,9,15,3,3,1,7,0,0,1,1,0,0,0.0,0,565968.025700000000000,5938748.641699999600000,9.996712299000023,53.593419154000060,,9.997,53.593
126996,126997,2,1,16,135,2018,9,17,5,3,0,3,0,0,1,0,0,0,0.0,1,570090.361400000050000,5925722.611700000200000,10.056068301000039,53.475818130000050,,10.056,53.476
127001,127002,2,3,1,301,2018,9,10,7,3,3,6,0,0,1,0,0,0,0.0,0,562716.441499999960000,5937476.153800000400000,9.947335808000048,53.582382009000071,,9.947,53.582
127002,127003,2,4,13,432,2018,8,7,6,3,3,2,0,0,1,1,0,0,0.0,0,566976.312400000050000,5943926.475100000400000,10.013057449000030,53.639824962000034,,10.013,53.64
127004,127005,2,5,1,503,2018,9,9,2,3,3,2,0,0,1,1,0,0,0.0,0,569270.912099999960000,5935525.341300000400000,10.045891454000071,53.564025149000031,,10.046,53.564
127007,127008,2,1,3,108,2018,9,10,3,3,5,2,0,0,1,1,0,0,0.0,0,565461.946299999950000,5934674.008200000000000,9.988212863000058,53.556862972000033,,9.988,53.557
127014,127015,2,1,11,128,2018,8,9,4,2,6,3,0,0,1,0,1,0,0.0,0,572227.744100000010000,5933423.707600000300000,10.090041098000029,53.544739225000058,,10.09,53.545
127022,127023,2,2,1,206,2018,8,13,6,3,5,3,0,0,1,1,0,0,0.0,0,563077.893000000040000,5934978.312800000400000,9.952290201000039,53.559889760000033,,9.952,53.56
127023,127024,2,2,4,214,2018,9,17,4,3,3,6,0,0,1,1,0,0,0.0,0,561811.649899999960000,5933476.693599999900000,9.932879579000030,53.546544760000074,,9.933,53.547
127025,127026,2,5,18,526,2018,8,20,6,3,5,3,0,0,1,1,0,0,0.0,0,576107.068300000040000,5938121.987900000100000,10.149718778000022,53.586413692000065,,10.15,53.586
127032,127033,2,1,13,131,2018,8,6,4,3,0,7,0,0,1,0,0,0,0.0,0,571868.764199999980000,5930735.548700000200000,10.084007333000045,53.520629961000054,,10.084,53.521
127035,127036,2,4,13,432,2018,9,14,1,3,3,6,0,0,1,1,0,0,0.0,0,566674.914699999960000,5945122.051000000000000,10.008755803000042,53.650608158000068,,10.009,53.651
127038,127039,2,4,8,423,2018,8,15,6,3,5,2,0,1,1,1,0,0,0.0,0,569294.858000000010000,5937648.980999999700000,10.046724224000059,53.583107265000081,,10.047,53.583
127039,127040,2,1,11,129,2018,9,18,3,3,0,3,0,0,1,1,0,0,0.0,0,570794.370499999960000,5935050.188600000000000,10.068781488000070,53.559551641000041,,10.069,53.56
127040,127041,2,5,4,512,2018,9,8,7,3,5,3,0,0,1,1,0,0,0.0,0,575567.943199999980000,5936347.042600000300000,10.141146528000036,53.570540643000072,,10.141,53.571
127042,127043,2,4,12,431,2018,9,18,6,3,5,3,0,0,1,1,0,0,0.0,0,567048.175000000050000,5942217.101599999700000,10.013775880000026,53.624453513000049,,10.014,53.624
127044,127045,2,4,11,430,2018,9,18,2,3,0,7,0,0,1,1,0,0,0.0,0,567319.421899999960000,5941468.238099999700000,10.017714538000064,53.617688623000049,,10.018,53.618
127045,127046,2,2,9,221,2018,9,18,6,3,3,2,0,1,1,0,0,0,0.0,1,556523.158700000030000,5937571.078700000400000,9.853815114000042,53.583939240000063,,9.854,53.584
127047,127048,2,7,14,715,2018,9,16,3,3,3,6,0,0,1,1,0,0,0.0,0,557239.333100000050000,5926449.966099999800000,9.862598152000032,53.483909462000042,,9.863,53.484
127055,127056,2,5,18,526,2018,8,14,4,3,5,3,0,0,1,1,0,0,0.0,0,576429.008000000030000,5940272.428399999600000,10.155108183000038,53.605692229000056,,10.155,53.606
127057,127058,2,2,5,216,2018,8,18,6,3,5,3,0,0,1,0,0,0,0.0,0,560070.224200000060000,5935755.660699999900000,9.907039136000037,53.567228981000028,,9.907,53.567
127058,127059,2,1,5,113,2018,9,20,1,3,2,6,2,0,1,1,0,0,0.0,0,567046.581200000020000,5934832.248300000100000,10.012164388000031,53.558085096000070,,10.012,53.558
127062,127063,2,5,2,505,2018,9,12,3,3,4,6,0,0,1,0,0,0,0.0,0,570627.768599999950000,5936426.478799999700000,10.066577942000038,53.571942825000065,,10.067,53.572
127063,127064,2,4,9,425,2018,9,18,7,2,5,3,0,0,1,1,0,0,0.0,0,570466.593600000020000,5938044.732499999900000,10.064509763000046,53.586507744000073,,10.065,53.587
127064,127065,2,2,1,203,2018,8,15,6,3,6,6,0,0,1,0,1,0,0.0,0,562016.853800000040000,5934035.769600000200000,9.936087002000022,53.551545203000046,,9.936,53.552
127066,127067,2,3,3,314,2018,8,14,6,3,3,2,0,0,1,0,0,0,0.0,0,565168.778199999940000,5937382.746399999600000,9.984353110000029,53.581243532000030,,9.984,53.581
127068,127069,2,1,3,106,2018,9,18,6,3,3,6,0,0,1,1,0,0,0.0,0,564636.020900000000000,5933880.840400000100000,9.975582710000026,53.549836895000055,,9.976,53.55
127069,127070,2,5,18,526,2018,8,18,4,2,0,7,0,0,1,0,0,0,0.0,0,578921.539899999970000,5938843.559500000400000,10.192408481000029,53.592482114000063,,10.192,53.592
127075,127076,2,4,7,417,2018,9,15,4,3,5,3,0,0,1,1,0,0,0.0,0,568302.978499999970000,5935636.500599999900000,10.031303967000042,53.565151023000055,,10.031,53.565
127078,127079,2,7,14,715,2018,8,15,5,2,5,3,0,0,1,1,0,0,0.0,0,555916.228000000000000,5925716.018899999600000,9.842530615000044,53.477455178000071,,9.843,53.477
127085,127086,2,4,13,432,2018,9,13,7,3,5,3,0,0,1,1,0,0,0.0,0,566803.700700000040000,5944919.730299999900000,10.010660448000067,53.648773463000055,,10.011,53.649
127090,127091,2,3,1,301,2018,9,11,2,3,5,5,0,0,1,1,0,0,0.0,0,562627.302799999950000,5937164.797199999900000,9.945927087000030,53.579594399000030,,9.946,53.58
127091,127092,2,1,13,131,2018,9,10,5,3,5,3,0,0,1,1,0,0,0.0,0,573659.996399999950000,5931924.877799999900000,10.111299007000071,53.531070421000038,,10.111,53.531
127092,127093,2,4,9,425,2018,8,10,4,3,2,2,0,0,1,1,0,0,0.0,0,570701.264899999950000,5937588.736800000100000,10.067950852000024,53.582378130000052,,10.068,53.582
127093,127094,2,4,13,432,2018,9,12,5,3,5,2,0,0,1,1,0,0,0.0,0,566194.782600000040000,5947042.945399999600000,10.001902213000051,53.667932317000066,,10.002,53.668
127098,127099,2,5,1,504,2018,8,7,6,3,0,5,0,0,1,1,0,0,0.0,0,569862.945700000040000,5936690.293999999800000,10.055089237000061,53.574416146000033,,10.055,53.574
127102,127103,2,7,4,705,2018,9,16,6,3,1,5,0,0,1,1,0,0,0.0,0,565626.775999999950000,5922235.376000000200000,9.988097762000052,53.445052310000051,,9.988,53.445
127103,127104,2,5,6,514,2018,8,9,5,3,5,3,0,0,1,1,0,0,0.0,0,573822.612100000030000,5939926.325899999600000,10.115642849000039,53.602955555000051,,10.116,53.603
127104,127105,2,7,1,702,2018,9,17,3,3,2,6,0,0,1,0,0,0,0.0,1,565555.287200000020000,5924569.264000000400000,9.987508119000040,53.466036799000051,,9.988,53.466
127105,127106,2,1,8,124,2018,9,18,6,3,4,2,0,0,1,1,0,0,0.0,0,569589.684499999970000,5934556.402200000400000,10.050487808000071,53.555275052000070,,10.05,53.555
127106,127107,2,5,18,526,2018,8,14,5,3,2,7,0,0,1,1,0,0,0.0,0,576847.821499999960000,5941076.875099999800000,10.161634895000077,53.612860262000027,,10.162,53.613
127107,127108,2,4,12,431,2018,8,9,4,3,5,2,0,0,1,1,0,0,0.0,0,568343.113699999990000,5943598.861800000100000,10.033655501000055,53.636703997000041,,10.034,53.637
127108,127109,2,5,2,509,2018,9,7,2,2,5,3,0,0,1,1,0,0,0.0,0,571369.199700000000000,5938119.784099999800000,10.078159592000077,53.587060154000028,,10.078,53.587
127109,127110,2,5,2,507,2018,8,7,5,3,5,3,0,0,1,1,0,0,0.0,0,571022.345800000010000,5937039.008299999900000,10.072674797000047,53.577394350000077,,10.073,53.577
127110,127111,2,5,2,505,2018,8,8,5,3,5,3,0,0,1,1,0,0,0.0,0,570646.110899999970000,5937233.078099999600000,10.067037400000061,53.579189261000067,,10.067,53.579
127111,127112,2,3,8,320,2018,9,8,3,3,5,3,0,0,1,1,0,0,0.0,0,559805.501099999990000,5938905.713299999900000,9.903646090000052,53.595570098000053,,9.904,53.596
127112,127113,2,1,5,114,2018,9,13,7,3,4,2,0,0,1,0,0,0,0.0,1,567107.151199999960000,5934191.447800000200000,10.012941054000066,53.552318365000076,,10.013,53.552
127113,127114,2,4,12,431,2018,8,8,5,3,3,2,0,0,1,1,0,0,0.0,0,567183.608000000010000,5943421.928600000200000,10.016083402000049,53.635264008000036,,10.016,53.635
127114,127115,2,5,1,504,2018,8,16,4,3,3,2,0,0,1,0,0,0,0.0,1,569962.810999999990000,5936133.775600000300000,10.056472465000070,53.569401388000074,,10.056,53.569
127117,127118,2,1,5,114,2018,9,16,2,3,4,6,0,0,1,0,0,0,0.0,1,566586.970100000040000,5934650.942499999900000,10.005188449000059,53.556514171000060,,10.005,53.557
127120,127121,2,6,2,602,2018,9,20,3,3,4,6,2,0,1,0,0,0,0.0,0,580645.684699999980000,5927180.673899999800000,10.215445691000070,53.487410242000067,,10.215,53.487
127121,127122,2,4,8,419,2018,8,14,5,3,1,5,0,0,1,1,0,0,0.0,0,567790.354199999940000,5937251.329099999700000,10.023915801000044,53.579730163000079,,10.024,53.58
127123,127124,2,2,1,206,2018,9,9,4,3,4,2,0,0,1,1,0,0,0.0,0,563568.679600000030000,5935013.395600000400000,9.959705631000077,53.560145848000047,,9.96,53.56
127127,127128,2,1,12,130,2018,9,13,6,3,4,6,0,0,1,0,0,0,0.0,0,573789.295500000010000,5934923.517900000300000,10.113956717000065,53.558000773000060,,10.114,53.558
127128,127129,2,3,9,321,2018,8,21,5,3,5,3,2,0,1,1,0,0,0.0,0,561298.036500000050000,5939285.733500000100000,9.926269435000052,53.598813060000055,,9.926,53.599
127131,127132,2,3,8,320,2018,8,14,5,3,1,5,0,0,1,1,0,0,0.0,0,558702.822900000030000,5941124.482499999900000,9.887405057000024,53.615635788000077,,9.887,53.616
127132,127133,2,4,8,421,2018,8,10,4,3,2,6,0,0,1,0,0,0,0.0,0,568781.323100000040000,5937128.868499999900000,10.038853877000065,53.578500582000061,,10.039,53.579
127134,127135,2,2,11,224,2018,8,17,5,2,0,6,0,0,1,0,1,0,0.0,0,553235.159499999950000,5935868.201899999800000,9.803863136000075,53.568978441000070,,9.804,53.569
127136,127137,2,3,9,321,2018,8,16,4,3,5,2,0,0,1,1,0,0,0.0,0,560925.487800000000000,5938263.335500000000000,9.920440943000074,53.589667832000032,,9.92,53.59
127138,127139,2,4,5,410,2018,9,8,3,3,5,3,0,1,1,1,0,0,0.0,0,566719.047099999970000,5937900.756699999800000,10.007876232000058,53.585704044000067,,10.008,53.586
127142,127143,2,1,11,128,2018,9,10,1,3,1,7,0,0,1,1,0,0,0.0,0,571605.158599999970000,5934244.703800000300000,10.080835044000025,53.552202776000058,,10.081,53.552
127144,127145,2,2,3,209,2018,9,7,5,3,3,2,0,0,1,0,0,0,0.0,1,562620.971200000030000,5935308.086900000500000,9.945459153000058,53.562908270000037,,9.945,53.563
127146,127147,2,3,6,318,2018,8,3,5,3,1,5,2,0,1,1,0,0,0.0,0,562806.118000000020000,5940658.232499999900000,9.949331121000057,53.610969546000035,,9.949,53.611
127149,127150,2,3,1,310,2018,8,16,5,3,0,7,0,0,1,0,0,0,0.0,0,563734.820500000030000,5935604.933199999900000,9.962334162000047,53.565442030000042,,9.962,53.565
127151,127152,2,3,3,314,2018,8,1,5,3,0,7,2,0,1,0,0,0,0.0,0,565912.569699999990000,5937175.105800000000000,9.995542135000051,53.579284475000065,,9.996,53.579
127152,127153,2,5,6,514,2018,9,8,2,3,3,2,0,0,1,1,0,0,0.0,0,574081.856900000010000,5940067.386500000000000,10.119593388000055,53.604186655000035,,10.12,53.604
127154,127155,2,3,2,312,2018,8,19,5,3,1,6,0,0,1,1,0,0,0.0,0,565222.567200000050000,5936197.292600000300000,9.984917786000040,53.570582902000069,,9.985,53.571
127155,127156,2,4,2,404,2018,8,19,4,3,1,6,0,0,1,1,0,0,0.0,0,565419.569299999970000,5938612.555800000200000,9.988398476000043,53.592264854000064,,9.988,53.592
127159,127160,2,4,9,424,2018,9,16,4,3,3,2,0,0,1,1,0,0,0.0,0,570100.025799999940000,5936885.522699999600000,10.058712849000074,53.576139044000058,,10.059,53.576
127161,127162,2,6,14,615,2018,8,19,4,3,2,3,0,0,1,1,0,0,0.0,0,576463.908999999990000,5926811.729000000300000,10.152344859000038,53.484718810000061,,10.152,53.485
127162,127163,2,5,10,518,2018,9,17,3,3,5,3,0,0,1,1,0,0,0.0,0,574100.813800000000000,5944480.953200000300000,10.120930407000060,53.643847658000027,,10.121,53.644
127167,127168,2,1,11,128,2018,8,15,4,3,5,3,0,0,1,1,0,0,0.0,0,572346.870000000000000,5933322.740000000200000,10.091815202000021,53.543815435000056,,10.092,53.544
127169,127170,2,1,8,123,2018,8,14,4,3,5,3,0,0,1,1,0,0,0.0,0,570340.528799999970000,5934804.254499999800000,10.061875792000023,53.557402439000043,,10.062,53.557
127170,127171,2,4,6,414,2018,9,13,2,3,0,4,0,0,1,0,1,0,0.0,0,567126.914600000020000,5937149.224200000100000,10.013874883000028,53.578897863000066,,10.014,53.579
127171,127172,2,2,1,206,2018,9,14,6,3,3,2,0,1,1,1,0,0,0.0,0,563158.560100000000000,5935047.654099999900000,9.953521866000074,53.560503252000046,,9.954,53.561
127173,127174,2,3,2,311,2018,8,18,4,3,6,3,0,0,1,0,1,0,0.0,0,565163.400499999990000,5935530.786100000100000,9.983885417000067,53.564600198000051,,9.984,53.565
127175,127176,2,5,18,526,2018,8,19,4,3,2,6,0,0,1,1,0,0,0.0,0,575588.535200000040000,5942723.128899999900000,10.143003313000065,53.627837869000075,,10.143,53.628
127178,127179,2,4,8,418,2018,8,9,5,3,5,3,0,1,1,0,0,0,0.0,1,567641.506900000040000,5937259.404199999800000,10.021669732000021,53.579821953000078,,10.022,53.58
127184,127185,2,2,11,223,2018,9,14,7,3,3,6,0,0,1,0,0,0,0.0,1,554489.655700000000000,5935304.598000000200000,9.822705882000037,53.563784188000056,,9.823,53.564
127185,127186,2,4,11,430,2018,8,7,4,3,6,4,0,0,1,1,1,0,0.0,0,568617.974700000020000,5940463.689000000200000,10.037120881000021,53.608492201000047,,10.037,53.608
127186,127187,2,2,3,208,2018,8,9,4,3,3,2,0,0,1,0,0,0,0.0,1,563437.129700000050000,5935282.159099999800000,9.957774471000050,53.562577228000066,,9.958,53.563
127187,127188,2,5,10,518,2018,9,8,5,3,5,2,0,0,1,1,0,0,0.0,0,572950.399199999990000,5945510.957800000000000,10.103773277000073,53.653265728000065,,10.104,53.653
127188,127189,2,5,7,515,2018,8,14,4,3,5,3,0,0,1,1,0,0,0.0,0,571188.366900000020000,5940875.135700000500000,10.076057484000046,53.611846904000060,,10.076,53.612