,OBJECTID,ULAND,UREGBEZ,UKREIS,UGEMEINDE,UJAHR,UMONAT,USTUNDE,UWOCHENTAG,UKATEGORIE,UART,UTYP1,ULICHTVERH,STRZUSTAND,IstRad,IstPKW,IstFuss,IstKrad,IstGkfz,IstSonstig,LINREFX,LINREFY,XGCSWGS84,YGCSWGS84,UIDENTSTLA,lat_short,long_short
127555,127556,2,3,1,307,2018,10,19,3,3,5,2,2,0,1,1,0,0,0.0,0,563372.868499999980000,5935809.432000000000000,9.956911364000064,53.567323762000058,,9.957,53.567
127556,127557,2,5,7,515,2018,10,12,6,3,4,6,0,1,1,0,0,0,0.0,0,570314.625400000020000,5939109.415000000000000,10.062454487000025,53.596096432000081,,10.062,53.596
127557,127558,2,3,2,311,2018,10,16,3,3,0,7,0,0,1,1,0,0,0.0,0,565128.963600000020000,5935576.786399999600000,9.983375137000053,53.565017889000046,,9.983,53.565
127558,127559,2,1,11,129,2018,10,9,7,3,5,3,0,0,1,1,0,0,0.0,0,573433.567000000040000,5935072.633000000400000,10.108622623000031,53.559390742000062,,10.109,53.559
127562,127563,2,4,5,413,2018,10,13,6,3,5,3,0,0,1,1,0,0,0.0,0,566700.503700000000000,5937366.898299999500000,10.007482051000068,53.580908535000049,,10.007,53.581
127563,127564,2,5,7,515,2018,10,17,5,3,5,3,0,0,1,1,0,0,0.0,0,572221.917600000040000,5940367.018500000200000,10.091559386000029,53.607139053000026,,10.092,53.607
127569,127570,2,4,2,404,2018,10,11,6,3,0,3,0,0,1,1,0,0,0.0,0,565051.461800000050000,5937862.113500000000000,9.982681298000045,53.585566275000076,,9.983,53.586
127570,127571,2,1,1,101,2018,10,16,3,3,6,4,0,0,1,0,1,0,0.0,1,566545.230100000040000,5934104.888399999600000,10.004442216000029,53.551611962000038,,10.004,53.552
127573,127574,2,2,4,213,2018,10,13,6,3,8,7,0,0,1,0,0,0,0.0,0,561516.600499999940000,5934352.596599999800000,9.928599578000046,53.554451510000035,,9.929,53.554
127574,127575,2,1,5,114,2018,10,18,4,2,4,2,1,0,1,1,0,0,0.0,0,567453.514700000060000,5934226.249200000400000,10.018175801000041,53.552586744000052,,10.018,53.553
127578,127579,2,4,12,431,2018,10,7,2,3,5,3,0,1,1,1,0,0,0.0,0,568345.912900000000000,5943598.151399999900000,10.033697674000052,53.636697247000029,,10.034,53.637
127579,127580,2,2,1,202,2018,10,6,4,3,5,7,2,0,1,1,0,0,0.0,0,562443.551300000050000,5933464.590099999700000,9.942412594000075,53.546361220000051,,9.942,53.546
127592,127593,2,1,11,129,2018,10,14,3,3,3,2,0,1,1,0,0,0,0.0,0,572572.747199999980000,5935086.970599999700000,10.095632828000021,53.559639321000077,,10.096,53.56
127597,127598,2,1,15,134,2018,10,18,5,3,4,2,1,1,1,1,0,0,0.0,0,567556.438800000000000,5930933.291799999800000,10.019018191000043,53.522979074000034,,10.019,53.523
127602,127603,2,5,18,526,2018,10,14,3,3,4,6,0,0,1,0,0,0,0.0,0,576256.210399999980000,5940079.796400000300000,10.152450059000046,53.603986279000026,,10.152,53.604
127604,127605,2,5,11,519,2018,10,16,3,3,0,7,0,1,1,0,0,0,0.0,0,571411.442500000000000,5946518.115700000000000,10.080724264000025,53.662529249000045,,10.081,53.663
127606,127607,2,1,4,111,2018,10,16,2,3,3,6,0,0,1,1,0,0,0.0,0,563664.890200000020000,5934037.622299999900000,9.960959169000034,53.551364598000077,,9.961,53.551
127614,127615,2,5,7,515,2018,10,11,5,2,3,2,0,1,1,1,0,0,0.0,0,571264.434400000030000,5941441.596599999800000,10.077336671000069,53.616927294000050,,10.077,53.617
127615,127616,2,5,3,511,2018,10,17,5,3,0,7,0,0,1,1,0,0,0.0,0,571832.072000000040000,5935906.394600000200000,10.084641438000062,53.567105344000026,,10.085,53.567
127621,127622,2,2,6,218,2018,10,16,3,3,0,7,0,0,1,0,0,0,0.0,0,558168.776799999990000,5935253.314399999600000,9.878238183000065,53.562928369000076,,9.878,53.563
127624,127625,2,4,5,410,2018,10,6,5,3,5,3,1,0,1,1,0,0,0.0,0,566046.655299999980000,5938168.013199999900000,9.997777175000067,53.588191046000077,,9.998,53.588
127626,127627,2,5,5,513,2018,10,7,6,3,3,6,0,0,1,0,0,0,0.0,0,573547.013000000040000,5937611.436099999600000,10.110932851000030,53.582190763000028,,10.111,53.582
127627,127628,2,2,9,221,2018,10,15,5,3,5,3,0,0,1,1,0,0,0.0,0,556402.240400000010000,5937622.192599999700000,9.851998034000076,53.584411649000060,,9.852,53.584
127632,127633,2,1,3,106,2018,10,16,1,3,6,4,0,0,1,0,1,0,0.0,0,564371.878400000050000,5934198.226700000500000,9.971661855000036,53.552721792000057,,9.972,53.553
127637,127638,2,3,3,314,2018,10,8,4,3,5,3,0,0,1,1,0,0,0.0,0,566072.797799999940000,5937052.768400000400000,9.997935919000042,53.578164846000050,,9.998,53.578
127640,127641,2,2,1,203,2018,10,14,4,3,2,6,0,0,1,1,0,0,0.0,0,562238.944000000020000,5934096.033800000300000,9.939450751000038,53.552060540000070,,9.939,53.552
127646,127647,2,5,5,513,2018,10,16,7,3,0,2,0,0,1,1,0,0,0.0,0,572847.397099999940000,5937877.390900000000000,10.100429339000073,53.584678515000064,,10.1,53.585
127647,127648,2,3,2,311,2018,10,13,5,3,6,6,0,1,1,0,1,0,0.0,0,565290.698399999990000,5936401.472099999900000,9.985989149000034,53.572409436000044,,9.986,53.572
127648,127649,2,3,6,318,2018,10,10,5,3,1,5,0,0,1,1,0,0,0.0,0,561963.516900000050000,5942778.862800000200000,9.937018888000068,53.630128596000077,,9.937,53.63
127655,127656,2,4,3,406,2018,10,17,6,3,4,6,0,0,1,0,0,0,0.0,0,564434.868800000050000,5940720.318599999900000,9.973959102000038,53.611329734000037,,9.974,53.611
127665,127666,2,6,14,615,2018,9,14,7,3,5,2,0,0,1,1,0,0,0.0,0,578396.750800000040000,5926709.566900000000000,10.181441410000048,53.483516341000040,,10.181,53.484
127666,127667,2,5,13,521,2018,10,9,3,3,5,3,0,0,1,1,0,0,0.0,0,572130.685000000060000,5947747.436900000100000,10.091892549000022,53.673478176000060,,10.092,53.673
127668,127669,2,4,7,416,2018,10,9,3,3,4,6,0,0,1,0,0,0,0.0,0,567278.471900000000000,5935411.424800000200000,10.015789204000043,53.563260580000076,,10.016,53.563
127680,127681,2,5,18,526,2018,10,14,4,3,6,6,0,0,1,0,1,0,0.0,0,576693.774800000010000,5939981.967400000400000,10.159037358000035,53.603043266000043,,10.159,53.603
127689,127690,2,5,2,505,2018,10,19,6,3,2,6,2,0,1,1,0,0,0.0,0,570524.135299999970000,5937193.740100000100000,10.065186545000074,53.578852146000031,,10.065,53.579
127694,127695,2,4,12,431,2018,10,6,4,3,4,6,2,0,1,0,0,0,0.0,0,566978.701499999970000,5943950.917799999900000,10.013098844000069,53.640044324000030,,10.013,53.64
127697,127698,2,1,4,112,2018,10,5,3,3,2,6,2,0,1,1,0,0,0.0,0,563481.115299999950000,5933836.175400000100000,9.958144795000067,53.549576379000030,,9.958,53.55
127698,127699,2,5,12,520,2018,10,15,7,3,3,6,0,0,1,0,0,0,0.0,0,569541.348000000000000,5945099.480000000400000,10.052110481000057,53.650032131000046,,10.052,53.65
127699,127700,2,2,4,211,2018,10,8,5,3,5,3,0,0,1,1,0,0,0.0,0,560987.120600000020000,5934820.830500000200000,9.920699524000042,53.558721506000040,,9.921,53.559
127702,127703,2,1,3,108,2018,10,17,4,3,6,7,0,0,1,0,1,0,0.0,0,565372.503700000000000,5934805.668399999800000,9.986890397000025,53.558057381000026,,9.987,53.558
127705,127706,2,3,2,311,2018,10,13,4,3,2,6,0,0,1,1,0,0,0.0,0,564962.615400000010000,5936024.226499999900000,9.980956922000075,53.569059765000077,,9.981,53.569
127710,127711,2,6,1,601,2018,10,17,2,3,5,3,0,0,1,1,0,0,0.0,0,577351.753499999990000,5930106.070000000300000,10.166534510000076,53.514194686000053,,10.167,53.514
127712,127713,2,6,1,601,2018,10,14,4,3,0,2,0,0,1,0,0,0,0.0,1,580115.307799999950000,5927653.288400000000000,10.207574760000057,53.491738492000081,,10.208,53.492
127721,127722,2,2,8,220,2018,10,14,2,3,4,2,0,0,1,1,0,0,0.0,0,557829.564000000010000,5938346.113300000300000,9.873690293000038,53.590762420000033,,9.874,53.591
127723,127724,2,6,7,608,2018,10,14,4,3,0,7,0,0,1,0,0,0,0.0,0,573766.524500000060000,5921204.743800000300000,10.110387022000054,53.434713584000065,,10.11,53.435
127732,127733,2,5,18,526,2018,10,14,3,3,5,3,0,0,1,1,0,0,0.0,0,575012.342300000020000,5939694.684500000400000,10.133563045000074,53.600704903000064,,10.134,53.601
127736,127737,2,5,18,526,2018,10,16,4,3,4,2,0,0,1,1,0,0,0.0,0,576734.053399999980000,5942482.452700000300000,10.160261924000054,53.625508369000045,,10.16,53.626
127743,127744,2,5,2,509,2018,10,17,4,3,3,6,0,0,1,0,0,0,0.0,0,571970.290799999960000,5938075.626199999800000,10.087228175000064,53.586581152000065,,10.087,53.587
127744,127745,2,4,2,405,2018,10,15,3,3,6,3,0,0,1,0,1,0,0.0,0,564496.762899999970000,5939254.806400000100000,9.974591225000040,53.598151249000068,,9.975,53.598
127746,127747,2,3,2,312,2018,10,8,3,3,5,3,0,0,1,1,0,0,0.0,0,565883.502100000040000,5934902.655899999700000,9.994623814000022,53.558865140000080,,9.995,53.559
127747,127748,2,5,6,514,2018,10,17,7,3,5,3,0,1,1,1,0,0,0.0,0,573369.354000000050000,5939494.854000000300000,10.108692857000051,53.599141643000053,,10.109,53.599
127752,127753,2,4,11,430,2018,10,12,4,3,4,6,0,0,1,0,0,0,0.0,0,567861.457500000020000,5941972.298499999600000,10.026017284000034,53.622148690000074,,10.026,53.622
127758,127759,2,4,8,421,2018,10,17,4,3,6,6,0,0,1,0,1,0,0.0,0,568855.280799999950000,5937275.189899999600000,10.040002989000072,53.579805879000048,,10.04,53.58
127761,127762,2,1,1,101,2018,10,8,3,3,4,2,0,0,1,1,0,0,0.0,0,566057.013999999970000,5933787.313000000100000,9.997007159000077,53.548819491000074,,9.997,53.549
127762,127763,2,3,2,311,2018,10,10,7,3,5,3,0,0,1,1,0,0,0.0,0,564572.361799999960000,5935610.158699999600000,9.974979307000069,53.565386600000068,,9.975,53.565
127766,127767,2,3,8,320,2018,10,18,4,3,5,3,1,0,1,1,0,0,0.0,0,559548.104300000010000,5940597.240899999600000,9.900080585000069,53.610801848000051,,9.9,53.611
127767,127768,2,4,5,411,2018,10,0,5,3,1,5,2,0,1,1,0,0,0.0,0,567608.868699999990000,5937739.249300000300000,10.021280796000042,53.584138586000051,,10.021,53.584
127769,127770,2,2,5,216,2018,10,11,6,3,5,3,0,0,1,1,0,0,0.0,0,559978.734799999980000,5935696.472900000400000,9.905646504000060,53.566707499000074,,9.906,53.567
127773,127774,2,3,3,313,2018,10,18,4,3,4,2,1,0,1,1,0,0,0.0,0,565253.739700000030000,5936422.536000000300000,9.985435509000070,53.572603341000047,,9.985,53.573
127774,127775,2,5,3,510,2018,10,13,6,3,5,3,0,0,1,1,0,0,0.0,0,570254.472500000030000,5936249.707899999800000,10.060901947000048,53.570404302000043,,10.061,53.57
127776,127777,2,2,3,209,2018,10,16,4,3,6,6,0,0,1,0,1,0,0.0,0,561912.512400000010000,5935994.148900000400000,9.934900301000027,53.569158224000034,,9.935,53.569
127777,127778,2,4,9,424,2018,10,18,2,3,5,2,0,0,1,1,0,0,0.0,0,570099.687099999980000,5936885.363900000200000,10.058707699000024,53.576137662000065,,10.059,53.576
127780,127781,2,2,5,216,2018,10,19,4,3,4,2,2,0,1,1,0,0,0.0,0,559706.574900000010000,5935480.691900000000000,9.901496354000074,53.564799215000050,,9.901,53.565
127782,127783,2,5,3,510,2018,10,18,2,3,4,2,1,1,1,1,0,0,0.0,0,570675.128000000030000,5935435.002999999600000,10.067068666000068,53.563026045000072,,10.067,53.563
127787,127788,2,5,18,526,2018,10,11,3,3,4,2,0,0,1,1,0,0,0.0,0,575407.140000000010000,5942352.100599999500000,10.140171078000037,53.624529706000033,,10.14,53.625
127789,127790,2,5,10,518,2018,10,17,2,3,5,3,0,1,1,1,0,0,0.0,0,574170.312999999970000,5945285.190399999700000,10.122173394000072,53.651065269000071,,10.122,53.651
127792,127793,2,4,5,411,2018,10,16,2,3,3,2,0,0,1,1,0,0,0.0,0,567729.947999999970000,5937785.207999999600000,10.023119442000052,53.584535998000035,,10.023,53.585
127794,127795,2,3,7,319,2018,10,11,4,2,5,3,0,0,1,1,0,0,0.0,0,560671.318300000040000,5943326.713299999900000,9.917587739000055,53.635203651000040,,9.918,53.635
127797,127798,2,7,1,702,2018,10,13,4,3,4,6,0,0,1,1,0,0,0.0,0,565493.240299999950000,5923700.536500000400000,9.986392611000042,53.458236921000037,,9.986,53.458
127799,127800,2,5,11,519,2018,10,18,3,3,3,2,2,0,1,1,0,0,0.0,0,572274.961200000020000,5945842.269700000100000,10.093632708000030,53.656336922000037,,10.094,53.656
127800,127801,2,4,8,421,2018,10,18,2,3,4,2,0,1,1,1,0,0,0.0,0,568970.061400000010000,5937821.113400000100000,10.041856990000042,53.584697045000041,,10.042,53.585
127803,127804,2,4,2,403,2018,10,8,4,3,3,6,0,0,1,1,0,0,0.0,0,565386.679899999990000,5938597.528199999600000,9.987898494000035,53.592133902000057,,9.988,53.592
127805,127806,2,2,5,216,2018,10,16,2,3,4,6,0,1,1,1,0,0,0.0,0,560519.881999999980000,5935073.978900000500000,9.913695814000050,53.561050743000067,,9.914,53.561
127806,127807,2,4,2,405,2018,10,7,4,3,3,2,0,0,1,0,0,0,0.0,1,564409.004700000050000,5939280.576000000400000,9.973270672000069,53.598393638000061,,9.973,53.598
127809,127810,2,3,1,307,2018,10,17,2,3,1,5,0,0,1,1,0,0,0.0,0,563617.658000000050000,5935906.857099999700000,9.960626885000067,53.568169730000079,,9.961,53.568
127815,127816,2,3,4,316,2018,10,13,2,3,1,5,0,1,1,1,0,0,0.0,0,564120.472700000040000,5937404.797899999700000,9.968525834000047,53.581570929000065,,9.969,53.582
127819,127820,2,2,1,201,2018,10,11,2,3,0,2,0,0,1,1,0,0,0.0,0,562961.571299999950000,5933302.603000000100000,9.950196887000061,53.544843528000058,,9.95,53.545
127822,127823,2,4,2,403,2018,10,16,4,3,0,7,0,0,1,0,1,0,0.0,0,565235.844599999950000,5938145.257399999500000,9.985525376000055,53.588088043000027,,9.986,53.588
127824,127825,2,1,16,136,2018,10,8,2,3,5,3,0,0,1,0,0,0,1.0,0,567579.006100000000000,5926105.453300000200000,10.018318172000022,53.479587193000043,,10.018,53.48
127826,127827,2,2,1,201,2018,10,18,3,3,3,2,0,0,1,1,0,0,0.0,0,563097.683100000020000,5933832.407999999800000,9.952357627000026,53.549588738000068,,9.952,53.55
127828,127829,2,2,3,208,2018,10,14,3,3,4,2,0,0,1,0,0,0,0.0,1,563352.554600000030000,5935218.727900000300000,9.956484890000070,53.562017368000056,,9.956,53.562
127836,127837,2,5,16,524,2018,10,15,2,3,5,3,0,0,1,1,0,0,0.0,0,574345.879900000060000,5947262.055499999800000,10.125302244000068,53.668805833000079,,10.125,53.669
127842,127843,2,7,3,704,2018,10,5,6,3,0,7,2,0,1,0,0,0,0.0,0,567727.974000000050000,5921123.434000000400000,10.019489399000065,53.434793091000074,,10.019,53.435
127843,127844,2,1,3,108,2018,10,4,1,3,1,5,2,0,1,1,0,0,0.0,0,565622.529800000020000,5934793.214200000300000,9.990661660000058,53.557914254000082,,9.991,53.558
127844,127845,2,4,5,410,2018,9,10,1,3,0,1,0,0,1,0,0,0,0.0,0,566616.967100000010000,5937924.296199999700000,10.006339471000047,53.585928575000082,,10.006,53.586
127845,127846,2,4,8,420,2018,10,13,5,3,6,4,0,1,1,0,1,0,0.0,0,568477.621999999970000,5937161.398000000000000,10.034274820000064,53.578832665000050,,10.034,53.579
127847,127848,2,3,2,312,2018,10,8,6,3,5,3,0,0,1,1,0,0,0.0,0,565567.469599999950000,5935240.712399999600000,9.989924480000070,53.561942908000049,,9.99,53.562
127850,127851,2,4,8,422,2018,10,8,2,3,5,3,0,0,1,1,0,0,0.0,0,568635.560000000060000,5936685.494800000500000,10.036555232000069,53.574535039000068,,10.037,53.575
127851,127852,2,2,12,225,2018,10,15,2,3,4,2,0,0,1,0,0,0,0.0,1,554502.417099999960000,5936723.296900000400000,9.823146124000061,53.576533614000027,,9.823,53.577
127858,127859,2,2,5,216,2018,10,16,3,3,5,3,0,0,1,1,0,0,0.0,0,560384.870000000000000,5935370.277999999900000,9.911715024000046,53.563729264000074,,9.912,53.564
127860,127861,2,5,18,526,2018,10,12,5,3,5,3,0,1,1,1,0,0,0.0,0,576737.769800000010000,5940866.136900000300000,10.159919813000045,53.610982562000061,,10.16,53.611
127868,127869,2,4,11,430,2018,10,8,5,3,4,2,0,1,1,1,0,0,0.0,0,569004.469000000040000,5940382.929200000100000,10.042943572000070,53.607715651000035,,10.043,53.608
127871,127872,2,4,5,413,2018,11,10,4,3,5,3,0,0,1,0,0,0,0.0,0,566185.498999999950000,5937306.618900000100000,9.999691652000024,53.580432037000037,,10.0,53.58
127872,127873,2,5,10,518,2018,10,15,5,3,0,3,0,0,1,1,0,0,0.0,0,573235.743600000050000,5944596.536600000200000,10.107874335000076,53.645008168000061,,10.108,53.645
127874,127875,2,4,12,431,2018,10,16,5,3,4,2,0,0,1,1,0,0,0.0,0,567861.991799999960000,5943028.952100000300000,10.026255747000050,53.631644806000054,,10.026,53.632
127875,127876,2,2,3,209,2018,11,17,3,2,0,6,2,0,1,0,0,0,0.0,1,562633.012600000020000,5935556.344600000400000,9.945690698000021,53.565138012000034,,9.946,53.565
127876,127877,2,4,4,407,2018,10,14,5,3,4,2,0,0,1,1,0,0,0.0,0,567365.641700000040000,5941146.526499999700000,10.018343567000045,53.614791434000040,,10.018,53.615
127877,127878,2,4,11,430,2018,11,9,6,3,1,6,0,1,1,0,0,0,0.0,0,567885.922200000030000,5942303.917000000400000,10.026459423000063,53.625125788000048,,10.026,53.625
127880,127881,2,5,18,526,2018,11,13,6,3,5,2,0,0,1,1,0,0,0.0,0,577720.059000000010000,5940431.973600000100000,10.174655775000076,53.606936102000077,,10.175,53.607
127881,127882,2,3,9,321,2018,10,14,7,3,3,2,0,0,1,1,0,0,0.0,0,560726.121500000010000,5939351.523799999600000,9.917641314000036,53.599470918000065,,9.918,53.599
127883,127884,2,3,1,310,2018,10,15,5,3,4,6,0,0,1,1,0,0,0.0,1,563715.105800000020000,5935691.334200000400000,9.962054158000058,53.566220936000036,,9.962,53.566
127884,127885,2,5,5,513,2018,10,17,4,3,3,2,1,0,1,1,0,0,0.0,0,573408.065799999980000,5937547.376500000200000,10.108819408000045,53.581634535000035,,10.109,53.582
127886,127887,2,3,5,317,2018,11,6,4,2,5,3,2,0,1,1,0,0,0.0,0,562987.068100000030000,5939305.596699999600000,9.951792442000055,53.598791316000074,,9.952,53.599
127887,127888,2,2,3,208,2018,10,11,5,3,5,3,0,1,1,0,0,0,0.0,1,562923.962599999970000,5935450.476300000200000,9.950061743000049,53.564151731000038,,9.95,53.564
127889,127890,2,1,4,111,2018,10,14,5,3,5,3,0,1,1,1,0,0,0.0,0,564511.740499999960000,5934466.506400000300000,9.973828033000075,53.555115732000047,,9.974,53.555
127891,127892,2,3,1,309,2018,10,13,5,3,0,2,0,1,1,0,0,1,0.0,0,563965.726700000000000,5935606.448300000300000,9.965820389000044,53.565427551000028,,9.966,53.565
127893,127894,2,1,4,111,2018,10,16,5,3,5,3,0,1,1,1,0,0,0.0,0,563690.602500000040000,5933833.057900000400000,9.961305543000037,53.549522992000050,,9.961,53.55
127895,127896,2,2,2,207,2018,10,11,4,3,3,3,0,0,1,0,0,0,0.0,0,563717.046399999990000,5935210.757199999900000,9.961985443000060,53.561901608000028,,9.962,53.562
127898,127899,2,7,1,702,2018,10,9,4,3,4,2,0,1,1,1,0,0,0.0,0,566086.320399999970000,5923121.882399999500000,9.995201900000041,53.452962269000068,,9.995,53.453
127900,127901,2,5,17,525,2018,10,13,4,3,5,3,0,0,1,1,0,0,0.0,0,576693.748499999990000,5944816.265700000300000,10.160228010000026,53.646487371000035,,10.16,53.646
127903,127904,2,3,8,320,2018,10,6,2,3,3,2,2,0,1,1,0,0,0.0,0,559963.143900000020000,5941027.938099999900000,9.906436031000055,53.614625345000036,,9.906,53.615
127908,127909,2,6,2,603,2018,10,13,4,3,5,3,0,0,1,1,0,0,0.0,0,580402.797900000010000,5926748.126299999700000,10.211675148000040,53.483560240000031,,10.212,53.484
127913,127914,2,5,2,506,2018,10,10,1,2,6,4,0,0,1,0,1,0,0.0,0,571268.537099999960000,5937806.099000000400000,10.076567550000050,53.584254772000065,,10.077,53.584
127916,127917,2,3,2,311,2018,10,8,2,3,4,6,0,0,1,0,0,0,0.0,0,564742.912499999980000,5935492.404500000200000,9.977529641000047,53.564307298000074,,9.978,53.564
127919,127920,2,5,4,512,2018,10,17,4,3,5,3,0,1,1,1,0,0,0.0,0,574543.377899999960000,5936610.209699999500000,10.125740759000053,53.573052249000057,,10.126,53.573
127933,127934,2,5,1,504,2018,10,7,4,2,3,7,2,1,1,1,0,0,0.0,0,569955.040299999990000,5936311.251600000100000,10.056394899000054,53.570997407000050,,10.056,53.571
127934,127935,2,4,5,412,2018,11,17,4,3,4,6,2,0,1,1,0,0,0.0,0,567077.340100000030000,5937224.427500000200000,10.013142407000032,53.579580068000041,,10.013,53.58
127937,127938,2,2,14,227,2018,10,13,4,3,5,3,0,0,1,1,0,0,0.0,0,550516.529600000010000,5937284.160600000100000,9.763044418000050,53.581973533000053,,9.763,53.582
127941,127942,2,3,7,319,2018,10,12,3,3,3,2,0,0,1,1,0,0,0.0,0,560863.700599999980000,5944744.995699999900000,9.920774490000042,53.647927841000069,,9.921,53.648
127943,127944,2,5,1,501,2018,11,8,3,3,5,3,0,0,1,1,0,0,0.0,0,569050.278300000010000,5935573.785299999600000,10.042571514000031,53.564489596000044,,10.043,53.564
127945,127946,2,5,6,514,2018,11,15,6,3,5,3,0,0,1,1,0,0,0.0,0,573355.539800000030000,5940624.472500000100000,10.108750020000059,53.609295267000050,,10.109,53.609
127947,127948,2,2,5,217,2018,10,14,4,3,1,1,0,0,1,1,0,0,0.0,0,557656.787400000030000,5937237.310800000100000,9.870875416000047,53.580816084000048,,9.871,53.581
127949,127950,2,4,3,406,2018,10,15,4,3,5,3,0,0,1,1,0,0,0.0,0,565029.263999999970000,5941010.663700000400000,9.983002790000057,53.613865672000031,,9.983,53.614
127950,127951,2,2,4,214,2018,11,17,4,3,5,3,2,0,1,0,0,0,0.0,0,561314.383999999960000,5933908.525100000200000,9.925460446000045,53.550484111000060,,9.925,53.55
127953,127954,2,3,1,308,2018,11,23,2,3,5,3,2,0,1,1,0,0,0.0,0,563772.406100000020000,5936050.304999999700000,9.962992509000060,53.569440153000073,,9.963,53.569
127954,127955,2,5,18,526,2018,10,15,2,3,0,3,0,0,1,0,0,0,0.0,1,577772.438800000000000,5942908.651300000000000,10.176065780000044,53.629185240000027,,10.176,53.629
127957,127958,2,1,2,104,2018,10,15,4,3,1,5,0,0,1,1,0,0,0.0,0,567410.960800000000000,5932474.995299999600000,10.017156157000045,53.536853365000070,,10.017,53.537
127958,127959,2,3,9,321,2018,11,8,6,3,5,3,0,0,1,1,0,0,0.0,0,560005.994599999980000,5939211.959499999900000,9.906734016000030,53.598299542000063,,9.907,53.598
127965,127966,2,5,18,526,2018,10,20,3,3,5,2,2,1,1,1,0,0,0.0,0,575281.247100000040000,5938823.889899999800000,10.137415535000059,53.592840731000081,,10.137,53.593
127968,127969,2,7,1,702,2018,10,13,7,3,5,2,0,0,1,1,0,0,0.0,0,565405.784899999970000,5923545.656499999600000,9.985043443000052,53.456855817000076,,9.985,53.457
127972,127973,2,5,18,526,2018,10,6,3,3,2,2,2,0,1,1,0,0,0.0,0,576489.894199999980000,5941242.245099999900000,10.156266272000039,53.614398771000026,,10.156,53.614
127978,127979,2,6,2,603,2018,10,11,3,3,4,2,0,0,1,1,0,0,0.0,0,580233.974700000020000,5926637.702100000300000,10.209103374000051,53.482593654000027,,10.209,53.483
127979,127980,2,4,5,408,2018,10,9,3,3,3,6,0,1,1,1,0,0,0.0,0,565771.035900000020000,5939500.011500000000000,9.993894959000045,53.600196596000046,,9.994,53.6
127980,127981,2,6,1,601,2018,11,16,3,3,3,2,0,0,1,1,0,0,0.0,0,578411.591499999980000,5928326.800900000100000,10.182069113000068,53.498047843000052,,10.182,53.498
127981,127982,2,1,5,113,2018,10,9,2,3,5,3,0,0,1,1,0,0,0.0,0,567132.727599999980000,5935188.503100000300000,10.013541199000031,53.561275809000051,,10.014,53.561
127982,127983,2,4,8,422,2018,10,8,3,3,4,2,0,1,1,1,0,0,0.0,0,568796.910700000010000,5936417.305999999900000,10.038932471000066,53.572103669000057,,10.039,53.572
127984,127985,2,5,2,508,2018,10,19,6,3,3,6,2,1,1,1,0,0,0.0,0,572825.514800000000000,5937953.532300000100000,10.100116624000066,53.585365828000079,,10.1,53.585
127985,127986,2,3,9,321,2018,10,8,3,3,4,2,0,1,1,1,0,0,0.0,0,560921.118499999980000,5938259.486399999800000,9.920374191000065,53.589633746000061,,9.92,53.59
127990,127991,2,4,5,413,2018,10,15,3,3,5,3,0,0,1,1,0,0,0.0,0,566314.109399999960000,5937967.794700000400000,10.001774411000042,53.586357892000080,,10.002,53.586
127993,127994,2,5,7,515,2018,10,19,6,3,3,2,2,1,1,1,0,0,0.0,0,571790.893200000050000,5939914.395399999800000,10.084941923000031,53.603130609000061,,10.085,53.603
128001,128002,2,1,5,114,2018,10,10,3,2,5,3,0,1,1,1,0,0,0.0,0,566378.317300000000000,5934698.376500000200000,10.002049257000067,53.556966896000063,,10.002,53.557
128002,128003,2,3,6,318,2018,11,13,5,2,5,3,0,0,1,1,0,0,0.0,0,563863.105100000040000,5941110.971400000200000,9.965398107000056,53.614910630000054,,9.965,53.615
128008,128009,2,4,1,401,2018,11,18,3,2,0,7,2,0,1,1,0,0,0.0,0,564684.303100000020000,5937648.151800000100000,9.977091456000039,53.583688770000037,,9.977,53.584
128012,128013,2,4,6,415,2018,10,15,6,3,4,6,0,0,1,1,0,0,0.0,0,567312.223000000000000,5935996.111300000000000,10.016424685000061,53.568510922000030,,10.016,53.569
128014,128015,2,5,7,515,2018,10,18,4,2,6,6,2,0,1,0,1,0,0.0,0,571752.393399999940000,5942330.593399999700000,10.084916788000044,53.624849981000068,,10.085,53.625
128017,128018,2,6,2,602,2018,10,19,4,3,5,2,2,0,1,1,0,0,0.0,0,579796.035999999960000,5927340.671000000100000,10.202684063000049,53.488977608000027,,10.203,53.489
128018,128019,2,7,1,701,2018,10,14,2,3,1,5,0,0,1,1,0,0,0.0,0,564126.763900000020000,5924262.469200000200000,9.965930005000075,53.463455377000059,,9.966,53.463
128021,128022,2,5,6,514,2018,10,11,2,3,3,2,0,0,1,0,0,0,1.0,0,573800.369399999970000,5940903.945600000200000,10.115538309000044,53.611744366000039,,10.116,53.612
128023,128024,2,1,12,130,2018,11,21,2,3,6,4,2,1,1,1,1,0,0.0,0,572972.496200000050000,5933005.691999999800000,10.101180911000029,53.540879584000038,,10.101,53.541
128026,128027,2,2,4,211,2018,11,15,6,3,4,6,0,0,1,1,0,0,0.0,0,561818.350800000010000,5934528.558299999700000,9.933188667000025,53.555997501000036,,9.933,53.556
128029,128030,2,2,5,217,2018,10,14,4,3,3,6,0,0,1,1,0,0,0.0,0,559293.526599999980000,5936305.800599999700000,9.895417306000070,53.572261687000037,,9.895,53.572
128035,128036,2,1,8,123,2018,10,10,2,3,0,5,0,1,1,1,0,0,0.0,0,570368.820799999990000,5934611.912300000000000,10.062259511000036,53.555670060000068,,10.062,53.556