,OBJECTID,ULAND,UREGBEZ,UKREIS,UGEMEINDE,UJAHR,UMONAT,USTUNDE,UWOCHENTAG,UKATEGORIE,UART,UTYP1,ULICHTVERH,STRZUSTAND,IstRad,IstPKW,IstFuss,IstKrad,IstGkfz,IstSonstig,LINREFX,LINREFY,XGCSWGS84,YGCSWGS84,UIDENTSTLA,lat_short,long_short
128036,128037,2,3,2,312,2018,11,14,4,3,1,7,0,0,1,1,0,0,0.0,0,565615.031899999940000,5935074.386900000300000,9.990607523000051,53.560442157000068,,9.991,53.56
128038,128039,2,5,6,514,2018,10,8,2,3,5,2,0,1,1,1,0,0,0.0,0,574320.204200000040000,5941372.492300000000000,10.123506072000055,53.615881599000033,,10.124,53.616
128040,128041,2,3,9,321,2018,10,18,6,3,5,3,2,1,1,1,0,0,0.0,0,562725.690900000050000,5937537.978299999600000,9.947487926000065,53.582936539000059,,9.947,53.583
128041,128042,2,5,18,526,2018,10,9,2,3,2,6,0,0,1,0,0,0,0.0,0,576359.262299999940000,5939796.312199999600000,10.153937675000066,53.601423688000068,,10.154,53.601
128042,128043,2,7,13,714,2018,11,17,5,3,1,3,2,0,1,1,0,0,0.0,0,558119.266599999970000,5925337.543100000400000,9.875651196000035,53.473814957000059,,9.876,53.474
128046,128047,2,4,11,430,2018,10,18,2,3,5,2,1,0,1,0,0,0,0.0,1,567186.026100000020000,5941413.710300000400000,10.015686486000050,53.617215705000035,,10.016,53.617
128049,128050,2,4,12,431,2018,10,7,2,3,0,2,2,1,1,1,0,0,0.0,0,568043.731299999980000,5942910.825699999900000,10.028977819000033,53.630559610000034,,10.029,53.631
128057,128058,2,5,5,513,2018,11,9,5,3,0,7,0,0,1,0,0,0,0.0,0,574364.113800000050000,5937325.091500000100000,10.123204399000031,53.579502210000044,,10.123,53.58
128062,128063,2,4,9,425,2018,11,15,3,3,5,2,0,1,1,1,0,0,0.0,0,570293.032400000030000,5937924.663300000100000,10.061861290000024,53.585451978000037,,10.062,53.585
128063,128064,2,4,2,403,2018,10,14,6,3,3,7,0,1,1,1,0,0,0.0,0,564584.823800000010000,5938197.077600000400000,9.975702633000026,53.588634358000036,,9.976,53.589
128065,128066,2,2,1,204,2018,10,19,2,2,5,2,2,0,1,1,0,0,0.0,0,562100.138999999970000,5934144.085000000000000,9.937365445000069,53.552508831000068,,9.937,53.553
128067,128068,2,3,1,305,2018,10,3,6,3,1,5,2,0,1,1,0,0,0.0,0,563779.344500000010000,5936834.004900000100000,9.963257340000041,53.576482648000081,,9.963,53.576
128070,128071,2,1,3,106,2018,11,8,5,3,4,2,0,0,1,1,0,0,0.0,0,564772.140699999990000,5933924.459400000100000,9.977645939000070,53.550212137000074,,9.978,53.55
128072,128073,2,4,5,413,2018,11,17,4,3,1,5,2,0,1,1,0,0,0.0,0,566002.946899999980000,5937992.650100000200000,9.997079875000054,53.586620531000051,,9.997,53.587
128073,128074,2,1,5,113,2018,10,19,2,2,1,7,2,0,1,1,0,0,0.0,0,567367.979700000030000,5934567.231100000400000,10.016958401000068,53.555662190000078,,10.017,53.556
128075,128076,2,1,5,113,2018,10,14,2,3,5,2,0,0,1,1,0,0,0.0,0,567248.366599999950000,5935177.070100000100000,10.015284306000069,53.561158255000066,,10.015,53.561
128079,128080,2,5,1,504,2018,10,8,3,3,3,2,0,0,1,1,0,0,0.0,0,570043.555700000030000,5935771.779400000300000,10.057610346000047,53.566137342000047,,10.058,53.566
128080,128081,2,6,14,615,2018,10,15,1,3,5,3,0,0,1,0,0,0,0.0,1,577834.248700000000000,5926655.319299999600000,10.172952995000060,53.483112312000060,,10.173,53.483
128081,128082,2,4,5,411,2018,11,16,3,3,1,5,0,0,1,1,0,0,0.0,0,567543.565799999980000,5938275.099000000400000,10.020410524000056,53.588962744000071,,10.02,53.589
128083,128084,2,5,16,524,2018,10,18,1,3,0,7,1,0,1,0,0,0,0.0,1,573417.844500000010000,5947730.904000000100000,10.111369274000026,53.673150394000061,,10.111,53.673
128084,128085,2,5,18,526,2018,11,16,6,3,6,4,0,0,1,0,1,0,0.0,0,576356.578499999950000,5941522.298100000200000,10.154320101000053,53.616934965000041,,10.154,53.617
128092,128093,2,2,4,212,2018,10,14,1,3,5,3,0,0,1,1,0,0,0.0,0,560547.074600000050000,5934579.211500000200000,9.914010440000027,53.556600915000047,,9.914,53.557
128093,128094,2,2,8,220,2018,11,8,2,3,5,3,0,1,1,1,0,0,0.0,0,557834.658599999970000,5939421.211299999600000,9.873966650000057,53.600424281000073,,9.874,53.6
128096,128097,2,1,3,108,2018,11,12,6,3,1,5,0,0,1,1,0,0,0.0,0,565399.456099999950000,5934536.264399999800000,9.987240845000031,53.555632823000053,,9.987,53.556
128098,128099,2,2,1,204,2018,10,16,1,3,8,7,0,0,1,0,0,0,0.0,0,562436.061899999970000,5934464.904900000400000,9.942499329000043,53.555352317000029,,9.942,53.555
128101,128102,2,1,11,129,2018,10,19,5,3,3,2,2,1,1,1,0,0,0.0,0,572342.820399999970000,5934277.253399999800000,10.091974908000054,53.552394172000049,,10.092,53.552
128104,128105,2,5,10,518,2018,10,15,4,3,5,3,0,0,1,0,0,0,0.0,1,574359.346900000000000,5943434.755599999800000,10.124590308000052,53.634409089000030,,10.125,53.634
128105,128106,2,5,4,512,2018,10,13,7,3,0,7,0,0,1,0,0,0,0.0,0,574549.005099999950000,5936602.367200000200000,10.125823850000074,53.572980970000060,,10.126,53.573
128106,128107,2,2,1,205,2018,11,15,4,3,5,2,0,0,1,1,0,0,0.0,0,563482.498900000010000,5934650.927799999700000,9.958331121000072,53.556898663000027,,9.958,53.557
128107,128108,2,3,9,321,2018,10,11,2,3,5,3,0,0,1,1,0,0,0.0,0,561782.958600000010000,5939079.988699999600000,9.933555217000048,53.596907026000054,,9.934,53.597
128108,128109,2,5,11,519,2018,10,19,7,3,5,3,2,0,1,1,0,0,0.0,0,571940.251200000060000,5945451.026700000300000,10.088478451000071,53.652867039000057,,10.088,53.653
128112,128113,2,1,15,134,2018,11,12,5,3,4,2,0,0,1,1,0,0,1.0,0,567737.918700000040000,5931162.459499999900000,10.021804715000030,53.525015292000035,,10.022,53.525
128118,128119,2,5,15,523,2018,10,11,1,3,5,3,0,0,1,1,0,0,0.0,0,574577.977300000030000,5950298.861999999700000,10.129544613000064,53.696063489000039,,10.13,53.696
128119,128120,2,1,16,136,2018,10,12,6,3,0,1,0,0,1,0,0,0,0.0,0,566777.681199999990000,5927010.669900000100000,10.006437970000036,53.487824919000047,,10.006,53.488
128123,128124,2,1,3,107,2018,10,14,2,3,5,3,0,0,1,1,0,0,0.0,0,564990.710599999990000,5933795.393299999600000,9.980917594000061,53.549025175000054,,9.981,53.549
128124,128125,2,1,11,129,2018,10,12,6,3,6,4,0,0,1,1,1,0,0.0,0,573381.163300000010000,5935597.559700000100000,10.107954925000058,53.564115532000073,,10.108,53.564
128125,128126,2,5,5,513,2018,11,13,7,3,6,7,0,0,1,0,1,0,0.0,0,574533.936899999970000,5938110.155199999900000,10.125956386000041,53.586533322000037,,10.126,53.587
128127,128128,2,1,8,122,2018,10,9,6,3,3,3,0,0,1,0,0,0,0.0,1,569891.565599999970000,5934580.307500000100000,10.055049338000060,53.555449785000064,,10.055,53.555
128128,128129,2,5,7,515,2018,11,8,5,3,4,2,0,0,1,1,0,0,0.0,0,572559.025200000030000,5941086.006099999900000,10.096820840000021,53.613553918000036,,10.097,53.614
128130,128131,2,5,6,514,2018,10,17,6,3,1,5,0,0,1,1,0,0,0.0,0,573693.572300000000000,5939719.441499999700000,10.113644232000070,53.601114485000039,,10.114,53.601
128131,128132,2,5,7,515,2018,10,7,6,3,4,6,2,0,1,0,0,0,0.0,0,570470.927400000040000,5939295.107499999900000,10.064857732000064,53.597744255000066,,10.065,53.598
128132,128133,2,4,4,407,2018,10,16,3,3,6,3,0,0,1,0,1,0,0.0,0,567762.334200000040000,5940644.553999999500000,10.024229992000073,53.610229008000033,,10.024,53.61
128133,128134,2,5,7,515,2018,10,12,6,3,5,3,0,0,1,1,0,0,0.0,0,570823.930000000050000,5940034.190000000400000,10.070358708000072,53.604338773000052,,10.07,53.604
128134,128135,2,5,8,516,2018,11,17,3,3,5,2,2,0,1,1,0,0,0.0,0,569960.229999999980000,5940475.761300000400000,10.057407240000032,53.608423187000028,,10.057,53.608
128135,128136,2,1,14,133,2018,10,8,5,3,3,2,0,1,1,1,0,0,0.0,0,568529.797000000020000,5932499.779000000100000,10.034040579000077,53.536931332000051,,10.034,53.537
128140,128141,2,4,3,406,2018,10,14,6,3,4,2,0,0,1,1,0,0,0.0,0,566596.981400000050000,5942052.680800000200000,10.006919770000025,53.623033425000074,,10.007,53.623
128141,128142,2,2,1,202,2018,11,14,7,3,1,7,0,0,1,1,0,0,0.0,0,562234.616599999950000,5933260.622800000000000,9.939219184000024,53.544552889000045,,9.939,53.545
128147,128148,2,2,4,212,2018,10,19,6,2,0,7,2,0,1,0,0,0,0.0,0,560569.184499999970000,5933717.519700000100000,9.914177218000077,53.548853955000027,,9.914,53.549
128148,128149,2,3,1,307,2018,11,23,3,3,0,7,2,0,1,0,0,0,0.0,1,563767.215600000000000,5936050.103199999800000,9.962914101000024,53.569438970000078,,9.963,53.569
128151,128152,2,3,1,301,2018,10,17,6,2,5,3,0,0,1,1,0,0,0.0,0,562339.132199999990000,5936970.610799999900000,9.941536404000033,53.577883510000049,,9.942,53.578
128153,128154,2,2,4,212,2018,10,7,6,3,5,3,0,0,1,1,0,0,0.0,0,560906.918999999990000,5933958.156999999700000,9.919320835000065,53.550977601000056,,9.919,53.551
128157,128158,2,2,1,206,2018,10,7,6,3,2,2,0,0,1,1,0,0,0.0,0,562882.411599999990000,5934839.242800000100000,9.949311471000044,53.558663346000060,,9.949,53.559
128158,128159,2,4,6,415,2018,11,13,4,3,5,2,0,0,1,1,0,0,0.0,0,568450.184000000010000,5936574.071000000500000,10.033731701000022,53.573557884000081,,10.034,53.574
128161,128162,2,3,3,314,2018,10,13,6,3,5,2,0,0,1,1,0,0,0.0,0,565252.467799999980000,5937575.608400000300000,9.985657333000063,53.582966418000069,,9.986,53.583
128165,128166,2,1,5,114,2018,10,7,6,3,3,2,0,0,1,1,0,0,0.0,0,567132.274300000050000,5934387.704300000300000,10.013362350000023,53.554078946000061,,10.013,53.554
128166,128167,2,1,16,137,2018,10,16,5,3,0,6,0,0,1,1,0,0,0.0,0,566592.822099999990000,5929015.193900000300000,10.004077885000072,53.505863594000061,,10.004,53.506
128168,128169,2,1,6,115,2018,10,9,5,3,4,6,0,0,1,0,0,0,0.0,0,567085.719399999940000,5933352.918999999800000,10.012437722000072,53.544785083000079,,10.012,53.545
128171,128172,2,5,4,512,2018,10,19,5,3,5,3,1,0,1,1,0,0,0.0,0,574458.342900000050000,5936377.085000000000000,10.124401262000049,53.570969273000060,,10.124,53.571
128175,128176,2,5,18,526,2018,11,18,5,3,0,1,2,0,1,0,0,0,0.0,0,575326.319600000050000,5938847.520899999900000,10.138102090000075,53.593046623000077,,10.138,53.593
128177,128178,2,1,4,112,2018,11,14,2,3,0,7,0,1,1,0,0,0,0.0,0,563672.427999999960000,5933755.495199999800000,9.961015477000046,53.548828114000059,,9.961,53.549
128178,128179,2,5,6,514,2018,10,7,5,3,5,3,0,0,1,0,0,0,0.0,1,574382.780900000010000,5941634.346800000400000,10.124514392000037,53.618225941000048,,10.125,53.618
128181,128182,2,5,7,515,2018,10,20,5,3,3,2,2,0,1,1,0,0,0.0,0,570936.234000000050000,5940522.383299999900000,10.072166754000023,53.608710944000052,,10.072,53.609
128185,128186,2,7,9,710,2018,10,19,1,3,0,7,2,1,1,0,0,0,0.0,0,562633.247199999980000,5922860.963100000300000,9.943157640000038,53.451039038000033,,9.943,53.451
128186,128187,2,5,11,519,2018,10,13,5,3,6,6,0,1,1,0,1,0,0.0,0,570632.463699999960000,5945718.840900000200000,10.068755914000064,53.655452074000038,,10.069,53.655
128189,128190,2,5,1,501,2018,11,14,5,3,5,3,0,0,1,1,0,0,0.0,0,569039.592700000040000,5935669.253700000200000,10.042431302000068,53.565348984000082,,10.042,53.565
128190,128191,2,5,18,526,2018,10,15,6,3,5,3,0,1,1,1,0,0,0.0,0,576331.003600000050000,5941263.342799999800000,10.153870094000069,53.614611546000049,,10.154,53.615
128194,128195,2,1,4,109,2018,11,7,4,3,6,6,1,0,1,0,1,0,0.0,0,564427.901399999970000,5934675.393500000200000,9.972605708000060,53.557003357000042,,9.973,53.557
128196,128197,2,1,6,117,2018,11,20,4,3,5,3,2,0,1,1,0,0,0.0,0,567961.858000000010000,5934091.923499999600000,10.025818435000076,53.551313980000032,,10.026,53.551
128198,128199,2,3,1,309,2018,11,11,5,3,3,6,0,0,1,0,0,0,0.0,0,564396.490699999970000,5936161.673600000300000,9.972437951000075,53.570364827000049,,9.972,53.57
128202,128203,2,1,12,130,2018,11,9,4,3,5,2,0,0,1,1,0,0,0.0,0,576229.120899999980000,5931406.134600000500000,10.149924333000058,53.526042119000067,,10.15,53.526
128204,128205,2,5,5,513,2018,11,9,4,3,5,5,0,0,1,1,0,0,0.0,0,574148.150900000010000,5937643.831500000300000,10.120018879000042,53.582397248000063,,10.12,53.582
128207,128208,2,1,16,136,2018,11,10,6,3,5,3,0,0,1,1,0,0,0.0,0,567891.795500000010000,5928093.026399999900000,10.023460594000028,53.497409769000058,,10.023,53.497
128211,128212,2,4,13,432,2018,11,19,4,3,3,2,2,0,1,1,0,0,0.0,0,567526.702000000050000,5946298.472500000100000,10.021896326000046,53.661071410000034,,10.022,53.661
128212,128213,2,2,1,201,2018,11,7,2,3,5,3,2,0,1,0,0,0,0.0,1,563266.105699999960000,5933726.461000000100000,9.954877871000065,53.548616289000051,,9.955,53.549
128214,128215,2,5,11,519,2018,11,15,6,2,5,3,0,0,1,1,0,0,0.0,0,571165.520000000020000,5946795.790000000000000,10.077066885000022,53.665058188000046,,10.077,53.665
128218,128219,2,4,2,403,2018,11,8,3,3,2,6,0,0,1,1,0,0,0.0,0,564915.515600000040000,5938540.473299999700000,9.980769156000065,53.591679691000081,,9.981,53.592
128220,128221,2,3,1,302,2018,11,15,2,3,0,1,0,1,1,0,0,0,0.0,0,563259.662800000050000,5937373.888600000200000,9.955519223000067,53.581397676000051,,9.956,53.581
128222,128223,2,2,7,219,2018,11,8,3,3,5,3,1,0,1,1,0,0,0.0,0,557641.424000000000000,5933527.338499999600000,9.869958897000061,53.547474260000058,,9.87,53.547
128226,128227,2,2,5,216,2018,11,16,4,3,5,3,0,1,1,1,0,0,0.0,0,560069.989599999970000,5935755.816700000300000,9.907035624000059,53.567230409000047,,9.907,53.567
128228,128229,2,2,5,216,2018,11,8,4,3,4,2,0,0,1,1,0,0,0.0,0,560160.189999999940000,5935692.546500000200000,9.908385245000034,53.566651438000065,,9.908,53.567
128230,128231,2,4,3,406,2018,11,16,4,3,5,3,0,1,1,1,0,0,0.0,0,564950.903999999980000,5940119.410199999800000,9.981632669000021,53.605865534000031,,9.982,53.606
128235,128236,2,2,4,212,2018,11,12,4,2,0,7,0,0,1,0,0,0,0.0,0,560949.826099999950000,5934882.252299999800000,9.920148561000076,53.559277862000044,,9.92,53.559
128237,128238,2,1,1,102,2018,11,18,4,3,6,4,2,0,1,0,1,0,0.0,0,565944.870899999980000,5933982.476499999900000,9.995356008000044,53.550587568000026,,9.995,53.551
128238,128239,2,1,1,102,2018,11,12,3,3,6,4,0,0,1,0,1,0,0.0,0,565888.494300000020000,5934125.697999999900000,9.994535396000060,53.551881812000033,,9.995,53.552
128239,128240,2,3,1,310,2018,11,14,6,3,4,2,0,0,1,1,0,0,0.0,0,563594.691499999960000,5935402.764000000400000,9.960177523000027,53.563642073000040,,9.96,53.564
128240,128241,2,1,3,108,2018,11,12,4,3,0,1,0,0,1,0,0,0,0.0,0,565486.035700000010000,5934510.968000000300000,9.988542298000027,53.555394684000078,,9.989,53.555
128243,128244,2,2,5,216,2018,11,17,4,3,5,3,2,0,1,1,0,0,0.0,0,560870.905900000010000,5935017.511500000000000,9.918983633000039,53.560502652000082,,9.919,53.561
128244,128245,2,7,13,714,2018,11,10,3,3,5,3,0,1,1,1,0,0,0.0,0,558956.871200000050000,5925820.137400000400000,9.888359863000062,53.478059207000058,,9.888,53.478
128245,128246,2,7,1,701,2018,11,15,4,3,6,4,0,0,1,0,1,0,0.0,0,565005.734000000050000,5923639.306099999700000,9.979038808000041,53.457747000000040,,9.979,53.458
128251,128252,2,2,5,216,2018,11,13,7,3,4,7,0,0,1,1,0,0,0.0,0,560824.025200000030000,5935300.219499999700000,9.918330994000030,53.563048904000027,,9.918,53.563
128255,128256,2,6,2,602,2018,11,9,3,2,0,6,0,1,1,0,1,0,0.0,0,578771.676499999940000,5927507.088800000000000,10.187290374000042,53.490627500000073,,10.187,53.491
128258,128259,2,3,8,320,2018,11,17,6,3,5,3,2,0,1,1,0,0,0.0,0,558245.592500000030000,5941015.267000000000000,9.880473625000036,53.614705263000076,,9.88,53.615
128263,128264,2,3,8,320,2018,11,5,2,3,5,3,2,0,1,1,0,0,0.0,0,559881.680900000040000,5938880.288200000300000,9.904792107000048,53.595332895000070,,9.905,53.595
128265,128266,2,5,11,519,2018,11,7,6,3,5,3,1,0,1,1,0,0,0.0,0,571835.403399999950000,5945453.621799999800000,10.086892985000077,53.652904770000077,,10.087,53.653
128269,128270,2,2,8,220,2018,11,7,3,3,3,2,1,0,1,1,0,0,0.0,0,557879.737199999970000,5938256.696200000100000,9.874431622000031,53.589953248000029,,9.874,53.59
128271,128272,2,4,8,418,2018,11,16,2,3,5,2,2,0,1,1,0,0,0.0,0,568019.489700000030000,5936207.199599999900000,10.027148615000044,53.570316788000071,,10.027,53.57
128273,128274,2,5,2,507,2018,11,13,6,3,0,2,0,0,1,1,0,0,0.0,0,571630.749700000040000,5936936.928299999800000,10.081838515000072,53.576394230000062,,10.082,53.576
128274,128275,2,4,10,426,2018,11,16,3,3,1,5,2,1,1,1,0,0,0.0,0,569635.707300000010000,5938771.976499999900000,10.052122591000057,53.593154501000072,,10.052,53.593
128277,128278,2,4,8,423,2018,11,6,3,3,5,3,1,0,1,1,0,0,0.0,0,568949.116700000010000,5937258.516400000100000,10.041416363000053,53.579643706000070,,10.041,53.58
128280,128281,2,4,8,422,2018,11,18,3,2,5,3,2,1,1,1,0,0,0.0,0,569155.998700000000000,5936740.155299999800000,10.044425734000072,53.574957926000081,,10.044,53.575
128288,128289,2,2,9,221,2018,11,8,3,3,3,2,0,1,1,0,0,1,0.0,0,555642.745499999960000,5935414.808799999800000,9.840133272000060,53.564653724000038,,9.84,53.565
128291,128292,2,3,1,309,2018,11,16,3,3,6,4,0,0,1,0,1,0,0.0,0,564497.910700000010000,5936047.359299999700000,9.973945623000077,53.569324996000034,,9.974,53.569
128295,128296,2,3,1,308,2018,11,17,3,3,1,7,2,1,1,1,0,0,0.0,0,563676.416500000050000,5936532.253399999800000,9.961641520000057,53.573783225000057,,9.962,53.574
128296,128297,2,6,2,603,2018,11,9,3,3,5,3,0,1,1,1,0,0,0.0,0,580712.952900000030000,5927008.700100000000000,10.216415046000066,53.485854459000052,,10.216,53.486
128298,128299,2,3,4,315,2018,11,17,3,3,3,2,2,1,1,1,0,0,0.0,0,564358.888000000040000,5937459.204099999700000,9.972137697000051,53.582030688000032,,9.972,53.582
128300,128301,2,1,3,106,2018,11,15,3,3,0,2,0,1,1,1,0,0,0.0,0,564349.968400000010000,5934156.240399999500000,9.971322544000032,53.552347134000058,,9.971,53.552
128301,128302,2,4,2,404,2018,11,15,5,3,6,3,1,0,1,0,1,0,0.0,0,565652.785599999940000,5938368.209699999500000,9.991870039000048,53.590039716000035,,9.992,53.59
128311,128312,2,7,1,701,2018,11,16,5,3,5,2,1,0,1,1,0,0,0.0,0,564879.566800000030000,5923847.472299999600000,9.977181889000065,53.459633432000032,,9.977,53.46
128323,128324,2,5,4,512,2018,11,10,2,3,6,4,0,1,1,0,1,0,0.0,0,574421.363999999940000,5936215.258999999600000,10.123804397000072,53.569520216000058,,10.124,53.57
128324,128325,2,1,14,133,2018,11,7,2,3,5,3,0,0,1,1,0,0,0.0,0,568395.092500000030000,5932342.354899999700000,10.031973990000040,53.535534092000034,,10.032,53.536
128328,128329,2,1,7,120,2018,11,10,6,3,1,5,0,0,1,1,0,0,0.0,0,568069.900600000050000,5934564.472299999600000,10.027551837000033,53.555546848000063,,10.028,53.556
128329,128330,2,4,8,423,2018,11,18,2,2,0,7,2,0,1,0,0,0,0.0,1,569219.563800000000000,5937194.084800000300000,10.045486197000059,53.579029033000040,,10.045,53.579
128333,128334,2,4,5,410,2018,11,14,4,3,8,1,0,0,1,0,0,0,0.0,0,567164.369300000020000,5938381.196300000000000,10.014705668000033,53.589964966000082,,10.015,53.59
128335,128336,2,6,1,601,2018,11,11,5,3,3,2,0,0,1,1,0,0,0.0,0,580207.895999999950000,5927894.392000000000000,10.209031630000027,53.493891108000071,,10.209,53.494
128340,128341,2,4,10,428,2018,11,8,2,3,5,3,0,0,1,1,0,0,0.0,0,569130.452200000060000,5939192.412399999800000,10.044583319000026,53.596999844000038,,10.045,53.597
128346,128347,2,3,3,314,2018,11,8,2,3,5,3,0,1,1,1,0,0,0.0,0,565442.307900000010000,5937492.968100000200000,9.988507124000023,53.582200057000080,,9.989,53.582
128347,128348,2,3,2,311,2018,11,20,2,3,0,7,2,1,1,1,0,0,0.0,0,564509.685999999990000,5936034.381699999800000,9.974120726000024,53.569206916000041,,9.974,53.569
128350,128351,2,1,5,114,2018,11,7,2,3,1,5,1,1,1,1,0,0,0.0,0,567039.661199999970000,5933961.417200000000000,10.011873186000059,53.550259658000073,,10.012,53.55
128352,128353,2,4,8,422,2018,11,20,1,2,0,7,2,0,1,0,0,0,0.0,0,568608.295500000010000,5936701.813900000400000,10.036147135000022,53.574685267000064,,10.036,53.575
128355,128356,2,5,4,512,2018,11,14,5,3,5,3,0,0,1,1,0,0,0.0,0,575731.501099999990000,5936323.930900000000000,10.143610261000049,53.570309361000056,,10.144,53.57
128360,128361,2,4,6,414,2018,11,15,1,3,5,3,0,0,1,0,0,0,0.0,0,567507.031399999980000,5937442.333599999500000,10.019678509000073,53.581483288000072,,10.02,53.581
128364,128365,2,3,1,307,2018,11,18,1,3,3,2,2,1,1,1,0,0,0.0,0,563332.030499999990000,5936142.741899999800000,9.956362402000025,53.570324253000081,,9.956,53.57
128366,128367,2,4,10,429,2018,11,18,6,2,3,2,2,0,1,1,0,0,0.0,0,568901.231099999980000,5939510.214300000100000,10.041190576000076,53.599886123000033,,10.041,53.6
128367,128368,2,3,1,309,2018,11,21,1,3,5,2,2,1,1,1,0,0,0.0,0,564236.359199999950000,5935856.913900000000000,9.969957541000042,53.567645497000058,,9.97,53.568
128368,128369,2,5,18,526,2018,11,9,5,3,5,2,0,0,1,1,0,0,0.0,0,574734.396100000010000,5939636.992800000100000,10.129349877000038,53.600226149000036,,10.129,53.6
128370,128371,2,3,3,313,2018,11,0,1,3,0,7,2,1,1,0,0,0,0.0,0,565295.281100000020000,5936714.039699999600000,9.986123707000047,53.575217982000026,,9.986,53.575
128372,128373,2,3,2,312,2018,11,22,1,3,3,7,2,1,1,1,0,0,0.0,0,565698.189400000030000,5935166.641400000100000,9.991882163000071,53.561260867000044,,9.992,53.561
128391,128392,2,4,6,414,2018,11,7,4,3,5,2,1,0,1,1,0,0,0.0,0,567205.366700000010000,5936658.361499999600000,10.014953938000076,53.574476363000031,,10.015,53.574
128392,128393,2,2,9,221,2018,11,7,7,3,5,3,0,1,1,1,0,0,0.0,0,556062.766900000050000,5936450.879599999600000,9.846660270000029,53.573920795000049,,9.847,53.574
128398,128399,2,1,3,108,2018,11,14,7,3,3,2,0,1,1,1,0,0,0.0,0,565778.421500000050000,5934741.831199999900000,9.993003856000030,53.557432950000077,,9.993,53.557
128401,128402,2,7,10,711,2018,11,9,6,3,5,2,0,0,1,0,0,0,0.0,0,563483.434699999980000,5924317.149199999900000,9.956252185000039,53.464024745000074,,9.956,53.464
128402,128403,2,5,3,510,2018,11,16,5,3,5,2,0,0,1,0,0,0,0.0,1,570383.612100000030000,5936126.146300000100000,10.062823850000029,53.569276544000047,,10.063,53.569
128403,128404,2,1,5,114,2018,11,15,7,3,4,6,0,0,1,0,0,0,0.0,1,566584.022699999970000,5934653.376799999700000,10.005144482000048,53.556536422000079,,10.005,53.557
128404,128405,2,7,4,705,2018,11,7,6,3,5,3,0,1,1,0,0,1,0.0,0,566163.403999999980000,5921606.097600000000000,9.996043776000022,53.439329641000029,,9.996,53.439
128405,128406,2,1,3,107,2018,11,9,4,3,1,5,0,0,1,1,0,0,0.0,0,565184.744199999960000,5933820.901499999700000,9.983851025000035,53.549230372000068,,9.984,53.549
128407,128408,2,5,5,513,2018,11,18,4,3,1,3,2,0,1,1,0,0,0.0,0,573978.982700000050000,5937883.142300000400000,10.117520835000050,53.584571785000037,,10.118,53.585
128410,128411,2,1,11,129,2018,11,10,6,3,1,7,0,1,1,0,0,0,0.0,1,570863.529300000050000,5934576.639600000300000,10.069718011000077,53.555286515000034,,10.07,53.555
128411,128412,2,2,8,220,2018,11,22,2,3,4,2,2,1,1,1,0,0,0.0,0,557400.980300000050000,5938933.424300000100000,9.867324157000041,53.596087977000082,,9.867,53.596
128412,128413,2,1,12,130,2018,11,14,6,3,2,6,0,1,1,0,0,0,0.0,0,574618.230800000020000,5932789.564700000000000,10.125958878000063,53.538706049000041,,10.126,53.539
128414,128415,2,4,8,422,2018,11,19,6,3,1,5,2,0,1,1,0,0,0.0,0,568733.049899999980000,5936725.471400000200000,10.038036089000059,53.574881548000064,,10.038,53.575
128418,128419,2,5,18,526,2018,11,18,6,3,5,3,2,0,1,1,0,0,0.0,0,575121.287699999990000,5941516.303600000200000,10.135648219000075,53.617059717000075,,10.136,53.617
128420,128421,2,7,1,702,2018,11,6,3,3,5,3,2,0,1,1,0,0,0.0,0,565108.601700000000000,5924069.340300000300000,9.980676889000051,53.461599193000040,,9.981,53.462
128423,128424,2,5,7,515,2018,11,14,5,3,4,2,0,0,1,1,0,0,0.0,0,571457.134800000000000,5940493.673200000100000,10.080031801000075,53.608382145000064,,10.08,53.608
128425,128426,2,3,7,319,2018,11,7,5,3,4,6,1,0,1,0,0,0,0.0,0,560295.875600000030000,5942677.369300000400000,9.911784533000059,53.629411164000032,,9.912,53.629
128427,128428,2,4,8,419,2018,11,16,4,3,5,3,2,0,1,1,0,0,0.0,0,567712.150000000020000,5937394.269999999600000,10.022765810000067,53.581024892000073,,10.023,53.581
128428,128429,2,4,5,410,2018,11,11,6,3,5,3,0,1,1,1,0,0,0.0,0,566754.733299999960000,5938314.693599999900000,10.008503796000070,53.589419613000075,,10.009,53.589
128431,128432,2,3,8,320,2018,11,15,6,3,3,2,0,1,1,1,0,0,0.0,0,560112.964000000040000,5940061.752700000100000,9.908514061000062,53.605924704000074,,9.909,53.606
128434,128435,2,3,9,321,2018,11,15,6,3,5,2,0,0,1,1,0,0,0.0,0,559952.176800000020000,5939034.894600000200000,9.905886856000052,53.596714347000045,,9.906,53.597
128439,128440,2,1,2,103,2018,11,11,2,3,0,6,0,0,1,0,0,0,0.0,1,565467.748000000020000,5932955.900999999600000,9.987940726000034,53.541421173000060,,9.988,53.541
128441,128442,2,3,1,307,2018,11,23,3,3,5,3,2,0,1,0,0,0,0.0,1,563424.595600000000000,5936106.044300000200000,9.957752539000069,53.569983259000082,,9.958,53.57
128442,128443,2,5,12,520,2018,11,7,6,3,5,3,1,1,1,1,0,0,0.0,0,569909.777499999970000,5944705.600900000000000,10.057594928000071,53.646443269000031,,10.058,53.646
128443,128444,2,3,2,312,2018,11,10,6,3,5,3,0,1,1,1,0,0,0.0,0,565203.472300000020000,5936139.746299999800000,9.984617469000057,53.570068093000032,,9.985,53.57