,OBJECTID,ULAND,UREGBEZ,UKREIS,UGEMEINDE,UJAHR,UMONAT,USTUNDE,UWOCHENTAG,UKATEGORIE,UART,UTYP1,ULICHTVERH,STRZUSTAND,IstRad,IstPKW,IstFuss,IstKrad,IstGkfz,IstSonstig,LINREFX,LINREFY,XGCSWGS84,YGCSWGS84,UIDENTSTLA,lat_short,long_short
128446,128447,2,1,4,109,2018,11,15,6,3,6,7,0,0,1,0,1,0,0.0,0,564143.081099999950000,5934710.723100000100000,9.968313978000026,53.557355756000049,,9.968,53.557
128451,128452,2,4,5,413,2018,11,11,5,3,0,7,0,0,1,0,0,0,1.0,0,566448.067700000010000,5937151.126899999600000,10.003623823000055,53.579001404000053,,10.004,53.579
128454,128455,2,4,10,428,2018,11,6,5,3,5,2,2,1,1,0,0,0,0.0,1,568988.554299999960000,5939302.095999999900000,10.042463855000051,53.598004270000047,,10.042,53.598
128457,128458,2,3,9,321,2018,11,15,1,3,5,3,0,0,1,1,0,0,0.0,0,562133.969700000020000,5937316.599800000000000,9.938507072000050,53.581017376000034,,9.939,53.581
128462,128463,2,4,5,409,2018,11,17,5,3,4,2,2,0,1,1,0,0,0.0,0,565858.584700000010000,5938943.792999999600000,9.995100240000056,53.595186773000080,,9.995,53.595
128464,128465,2,1,8,122,2018,11,17,5,3,5,2,2,0,1,1,0,0,0.0,0,569340.915400000060000,5934880.849299999900000,10.046805193000068,53.558223804000079,,10.047,53.558
128465,128466,2,3,3,314,2018,11,14,4,3,4,2,0,0,1,1,0,0,0.0,0,564685.852100000020000,5937016.002399999600000,9.976983834000066,53.578007300000081,,9.977,53.578
128468,128469,2,5,6,514,2018,11,20,5,3,5,3,2,0,1,1,0,0,0.0,0,573497.245400000010000,5938814.186999999900000,10.110464607000040,53.593006682000066,,10.11,53.593
128470,128471,2,5,3,510,2018,11,18,5,3,4,2,2,0,1,1,0,0,0.0,0,570383.113699999990000,5936127.714300000100000,10.062816679000036,53.569290702000046,,10.063,53.569
128473,128474,2,5,7,515,2018,11,17,5,3,1,5,2,0,1,1,0,0,0.0,0,570422.774399999990000,5939364.329599999800000,10.064145884000027,53.598372824000080,,10.064,53.598
128475,128476,2,5,17,525,2018,11,10,5,3,5,3,0,0,1,1,0,0,0.0,0,576693.915500000000000,5944819.015999999800000,10.160231215000067,53.646512062000056,,10.16,53.647
128476,128477,2,1,14,133,2018,11,10,2,3,5,3,0,0,1,1,0,0,0.0,0,568397.831000000010000,5932316.484000000200000,10.032009649000031,53.535301230000073,,10.032,53.535
128477,128478,2,5,18,526,2018,11,6,5,3,5,3,2,1,1,1,0,0,0.0,0,576328.606000000030000,5941261.444799999700000,10.153833394000060,53.614594839000063,,10.154,53.615
128478,128479,2,5,11,519,2018,11,14,5,3,5,3,0,0,1,1,0,0,0.0,0,571628.096200000030000,5945817.939899999600000,10.083840959000042,53.656207262000066,,10.084,53.656
128479,128480,2,2,11,223,2018,11,11,5,3,4,2,0,0,1,1,0,0,0.0,0,553737.476000000020000,5934978.410000000100000,9.811294342000053,53.560930078000069,,9.811,53.561
128484,128485,2,5,1,504,2018,11,16,5,3,6,4,0,0,1,1,1,0,0.0,0,570033.403399999950000,5935647.914099999700000,10.057429314000046,53.565025514000070,,10.057,53.565
128488,128489,2,2,5,216,2018,11,18,2,3,5,2,2,0,1,1,0,0,0.0,0,559909.476700000000000,5935279.304899999900000,9.904520888000036,53.562966133000032,,9.905,53.563
128489,128490,2,4,2,404,2018,11,14,5,3,1,5,0,0,1,0,0,0,0.0,1,565757.096600000050000,5938238.168300000000000,9.993418278000036,53.588857938000046,,9.993,53.589
128495,128496,2,3,3,313,2018,11,19,5,3,5,3,2,0,1,1,0,0,0.0,0,565017.486999999960000,5936411.992200000200000,9.981866097000022,53.572537914000065,,9.982,53.573
128507,128508,2,6,1,601,2018,11,18,2,3,4,2,2,0,1,1,0,0,0.0,0,579116.741500000000000,5928806.899000000200000,10.192817972000057,53.502256771000077,,10.193,53.502
128508,128509,2,7,13,714,2018,11,17,4,3,3,2,2,0,1,1,0,0,0.0,0,558071.495200000000000,5925742.139800000000000,9.875006349000046,53.477456605000043,,9.875,53.477
128516,128517,2,1,6,117,2018,11,8,4,3,6,4,0,0,1,0,1,0,0.0,0,567717.975300000050000,5934035.728400000400000,10.022125735000031,53.550840458000039,,10.022,53.551
128517,128518,2,4,4,407,2018,11,15,3,3,0,7,0,0,1,0,0,0,0.0,1,567882.437900000020000,5941400.067099999600000,10.026209689000041,53.617003299000032,,10.026,53.617
128520,128521,2,1,5,114,2018,11,17,1,3,5,3,2,0,1,1,0,0,0.0,0,566759.120299999950000,5934893.976200000400000,10.007838678000041,53.558676496000032,,10.008,53.559
128522,128523,2,3,3,314,2018,11,15,5,3,0,7,1,0,1,0,0,0,0.0,0,565256.170399999940000,5937572.962500000400000,9.985712699000032,53.582942178000053,,9.986,53.583
128525,128526,2,5,16,524,2018,11,15,2,2,4,2,0,1,1,1,0,0,0.0,0,575364.793799999980000,5947356.157800000200000,10.140744070000039,53.669505605000040,,10.141,53.67
128539,128540,2,4,8,421,2018,11,9,4,3,5,3,0,0,1,1,0,0,0.0,0,568872.870600000020000,5937341.411200000000000,10.040283233000025,53.580398705000050,,10.04,53.58
128540,128541,2,5,16,524,2018,11,8,4,3,5,3,0,0,1,0,0,0,0.0,1,574369.591999999950000,5947686.802000000100000,10.125762832000021,53.672619520000069,,10.126,53.673
128541,128542,2,2,4,213,2018,11,13,5,3,5,3,0,1,1,1,0,0,0.0,0,561287.278599999960000,5933968.646700000400000,9.925063169000055,53.551027614000077,,9.925,53.551
128543,128544,2,1,17,138,2018,11,16,7,3,0,7,2,0,1,1,0,0,0.0,0,564995.973000000000000,5931267.980999999700000,9.980472040000052,53.526309919000028,,9.98,53.526
128544,128545,2,4,12,431,2018,11,7,4,3,1,5,1,1,1,1,0,0,0.0,0,568296.633999999960000,5943517.562500000000000,10.032934795000074,53.635979427000052,,10.033,53.636
128562,128563,2,3,1,310,2018,12,9,4,3,5,3,0,1,1,1,0,0,0.0,0,563756.180500000020000,5935492.539300000300000,9.962633690000075,53.564429317000076,,9.963,53.564
128567,128568,2,5,2,507,2018,12,21,7,3,3,2,2,1,1,1,0,0,0.0,0,571163.187700000010000,5936746.550599999700000,10.074734907000050,53.574746951000066,,10.075,53.575
128569,128570,2,5,14,522,2018,12,16,5,3,5,2,1,0,1,1,0,0,0.0,0,573267.835899999950000,5951479.808199999900000,10.109984826000073,53.706861712000034,,10.11,53.707
128574,128575,2,1,8,123,2018,12,7,2,3,5,3,2,1,1,0,0,0,1.0,0,569902.499199999960000,5935200.723899999600000,10.055353120000063,53.561024047000046,,10.055,53.561
128586,128587,2,6,1,601,2018,12,17,6,2,5,3,2,1,1,1,0,0,0.0,0,578583.065100000010000,5927411.813799999700000,10.184424329000024,53.489799488000074,,10.184,53.49
128592,128593,2,3,9,321,2018,12,6,3,3,4,2,1,1,1,1,0,0,0.0,0,561812.322500000010000,5938602.129400000000000,9.933904129000041,53.592608883000082,,9.934,53.593
128593,128594,2,4,7,416,2018,12,16,2,2,5,3,2,0,1,1,0,0,0.0,0,567416.367199999980000,5935353.828099999600000,10.017858398000044,53.562725254000043,,10.018,53.563
128597,128598,2,4,12,431,2018,12,7,3,3,5,3,1,0,1,1,0,0,0.0,0,567858.297400000040000,5943021.753300000000000,10.026198317000024,53.631580589000066,,10.026,53.632
128604,128605,2,1,8,125,2018,12,18,6,3,5,3,2,1,1,1,0,0,0.0,0,570048.217599999970000,5934423.602900000300000,10.057378524000057,53.554020592000029,,10.057,53.554
128608,128609,2,2,4,213,2018,12,11,3,3,4,2,0,0,1,1,0,0,0.0,0,561086.395999999950000,5934312.772800000400000,9.922098741000070,53.554143833000069,,9.922,53.554
128610,128611,2,6,1,601,2018,12,13,2,3,1,5,0,1,1,1,0,0,0.0,0,579150.057000000030000,5929860.238800000400000,10.193586079000056,53.511717818000079,,10.194,53.512
128614,128615,2,5,11,519,2018,12,7,6,3,5,3,2,1,1,1,0,0,0.0,0,571482.224000000050000,5946314.364699999800000,10.081748353000023,53.660688503000074,,10.082,53.661
128615,128616,2,4,8,420,2018,12,7,6,3,5,2,2,1,1,1,0,0,0.0,0,568322.782400000030000,5937246.608500000100000,10.031955217000075,53.579618652000079,,10.032,53.58
128617,128618,2,5,11,519,2018,12,8,6,3,3,2,0,1,1,1,0,0,0.0,0,572566.184099999950000,5945768.534099999800000,10.098021254000059,53.655633953000063,,10.098,53.656
128618,128619,2,1,3,108,2018,12,17,7,3,5,3,2,0,1,1,0,0,0.0,0,565047.495000000000000,5934399.684999999600000,9.981900236000058,53.554449078000061,,9.982,53.554
128620,128621,2,5,17,525,2018,12,15,6,3,5,3,0,1,1,1,0,0,0.0,0,577397.816800000030000,5944999.450799999800000,10.170922375000032,53.648029901000029,,10.171,53.648
128621,128622,2,5,7,515,2018,12,11,4,2,3,2,0,0,1,0,0,0,1.0,0,571187.453600000010000,5941106.799100000400000,10.076096622000023,53.613928967000049,,10.076,53.614
128623,128624,2,5,10,518,2018,12,14,2,3,5,2,0,1,1,1,0,0,0.0,0,574848.697000000040000,5944790.437099999700000,10.132315800000072,53.646522453000046,,10.132,53.647
128629,128630,2,2,3,209,2018,12,11,6,3,3,6,0,0,1,1,0,0,0.0,0,562382.256399999950000,5935605.047700000000000,9.941914840000038,53.565605593000043,,9.942,53.566
128631,128632,2,7,14,715,2018,12,7,5,3,5,3,1,1,1,1,0,0,0.0,0,556445.470199999980000,5924952.658300000200000,9.850366960000031,53.470537825000065,,9.85,53.471
128632,128633,2,4,5,413,2018,12,17,2,3,2,4,2,1,1,0,1,0,0.0,0,565996.544100000060000,5937970.117200000200000,9.996978401000035,53.586418830000071,,9.997,53.586
128634,128635,2,7,13,714,2018,12,7,3,3,5,2,2,1,1,0,0,0,0.0,1,559678.560199999950000,5926008.969899999900000,9.899268670000026,53.479675036000060,,9.899,53.48
128635,128636,2,1,1,102,2018,12,17,4,3,3,6,0,0,1,1,0,0,0.0,0,565958.413100000010000,5934008.496199999900000,9.995565866000050,53.550819712000077,,9.996,53.551
128642,128643,2,2,5,217,2018,12,13,4,2,5,3,0,1,1,1,0,0,0.0,0,558572.124500000030000,5937195.216599999900000,9.884691405000069,53.580336337000062,,9.885,53.58
128650,128651,2,5,6,514,2018,12,9,2,3,5,2,0,1,1,1,0,0,0.0,0,573216.231499999990000,5941247.351800000300000,10.106791236000049,53.614912459000038,,10.107,53.615
128651,128652,2,5,6,514,2018,12,21,5,3,5,3,2,1,1,0,0,0,0.0,1,573210.317200000050000,5941244.751699999900000,10.106701238000028,53.614889919000063,,10.107,53.615
128652,128653,2,2,4,213,2018,12,9,6,3,5,3,0,1,1,0,0,0,0.0,0,561327.459999999960000,5934028.460000000000000,9.925681307000048,53.551560489000053,,9.926,53.552
128654,128655,2,2,3,209,2018,12,11,6,3,5,3,0,1,1,0,0,0,0.0,1,562363.084400000050000,5935551.862800000200000,9.941614786000059,53.565129881000075,,9.942,53.565
128655,128656,2,5,6,514,2018,12,22,3,3,5,3,2,0,1,1,0,0,0.0,0,573865.731900000010000,5940418.958399999900000,10.116411120000066,53.607376672000044,,10.116,53.607
128656,128657,2,3,3,314,2018,12,19,6,3,1,5,2,1,1,1,0,0,0.0,0,565601.290000000040000,5937313.219999999700000,9.990870375000043,53.580564762000051,,9.991,53.581
128663,128664,2,1,3,108,2018,12,16,5,2,3,6,2,0,1,0,0,0,0.0,1,565314.615499999960000,5934008.114799999600000,9.985849995000024,53.550896768000030,,9.986,53.551
128666,128667,2,4,5,409,2018,12,18,7,3,5,3,2,1,1,1,0,0,0.0,0,566405.450500000040000,5938688.622600000400000,10.003307471000028,53.592824526000072,,10.003,53.593
128668,128669,2,2,5,215,2018,12,17,5,3,3,2,2,0,1,0,0,0,0.0,1,560796.869700000040000,5937079.114299999500000,9.918267371000070,53.579039706000060,,9.918,53.579
128673,128674,2,4,4,407,2018,12,18,3,3,5,2,2,0,1,1,0,0,0.0,0,565771.239999999990000,5939680.669999999900000,9.993936159000043,53.601820178000082,,9.994,53.602
128674,128675,2,5,18,526,2018,12,13,5,3,5,3,0,1,1,1,0,0,0.0,0,576972.289600000020000,5938490.215200000400000,10.162877236000043,53.589596543000027,,10.163,53.59
128678,128679,2,5,9,517,2018,12,14,7,2,4,2,0,0,1,1,0,0,0.0,0,572124.506300000010000,5943390.616999999600000,10.090787800000044,53.634325128000057,,10.091,53.634
128679,128680,2,5,18,526,2018,12,16,6,3,6,7,2,1,1,0,1,0,0.0,0,576070.357199999970000,5938089.312500000000000,10.149156355000059,53.586125374000062,,10.149,53.586
128687,128688,2,3,3,314,2018,12,18,5,3,2,6,2,1,1,1,0,0,0.0,0,565289.431100000050000,5937109.994699999700000,9.986118182000041,53.578777246000072,,9.986,53.579
128691,128692,2,3,7,319,2018,12,12,3,3,5,3,0,0,1,1,0,0,0.0,0,560690.861299999990000,5943316.127500000400000,9.917881199000021,53.635106247000067,,9.918,53.635
128699,128700,2,3,9,321,2018,12,16,5,3,4,2,2,1,1,1,0,0,0.0,0,561812.318699999950000,5938602.128600000400000,9.933904071000029,53.592608876000043,,9.934,53.593
128700,128701,2,4,5,409,2018,12,15,4,3,0,7,0,0,1,0,0,0,0.0,0,565806.565300000020000,5939190.302100000000000,9.994366399000057,53.597408726000026,,9.994,53.597
128701,128702,2,4,5,410,2018,12,17,4,3,5,3,2,1,1,1,0,0,0.0,0,566248.831099999950000,5938313.565899999800000,10.000861875000055,53.589473646000044,,10.001,53.589
128705,128706,2,3,4,315,2018,12,19,5,3,0,4,2,1,1,0,1,0,0.0,0,564088.477500000040000,5937179.656700000200000,9.967996399000072,53.579551436000031,,9.968,53.58
128708,128709,2,3,3,314,2018,12,17,2,3,3,2,2,1,1,1,0,0,0.0,0,565800.352300000030000,5937224.731300000100000,9.993857947000038,53.579744559000062,,9.994,53.58
128710,128711,2,2,4,214,2018,12,15,6,3,1,5,0,0,1,1,0,0,0.0,0,561624.255600000030000,5933957.859699999900000,9.930146600000057,53.550891223000065,,9.93,53.551
128714,128715,2,7,13,714,2018,12,7,4,3,0,3,1,2,1,1,0,0,0.0,0,559385.163399999960000,5925751.016300000300000,9.894799422000062,53.477389832000028,,9.895,53.477
128715,128716,2,4,13,432,2018,12,15,6,3,0,3,0,0,1,1,0,0,0.0,0,567461.092500000030000,5947233.787100000300000,10.021106811000038,53.669485544000054,,10.021,53.669
128719,128720,2,3,1,307,2018,12,17,4,3,5,3,2,0,1,0,0,0,0.0,0,563575.207999999980000,5936020.796000000100000,9.960009181000032,53.569198878000066,,9.96,53.569
128720,128721,2,3,1,309,2018,12,0,4,3,1,5,2,1,1,1,0,0,0.0,0,564128.033799999980000,5936362.346800000400000,9.968425886000034,53.572201215000064,,9.968,53.572
128723,128724,2,1,8,124,2018,12,7,4,2,5,3,2,2,1,1,1,0,0.0,0,569063.922400000040000,5934567.705699999800000,10.042555137000022,53.555446071000063,,10.043,53.555
128727,128728,2,5,5,513,2018,12,7,4,3,5,3,0,1,1,1,0,0,0.0,0,573019.550200000060000,5937304.224000000400000,10.102895242000045,53.579503589000069,,10.103,53.58
128734,128735,2,5,7,515,2018,12,11,3,2,5,2,0,0,1,1,0,0,0.0,0,571472.057099999980000,5941691.698099999700000,10.080532185000038,53.619146640000054,,10.081,53.619
128736,128737,2,4,7,417,2018,12,7,4,2,5,3,1,0,1,1,0,0,0.0,0,568454.731799999950000,5935629.527900000100000,10.033593347000021,53.565068585000063,,10.034,53.565
128746,128747,2,3,6,318,2018,12,9,4,3,0,1,0,2,1,0,0,0,0.0,0,563230.295799999960000,5941043.612999999900000,9.955819928000040,53.614382033000027,,9.956,53.614
128749,128750,2,3,7,319,2018,12,9,4,2,5,3,0,2,1,1,0,0,0.0,0,560278.266500000030000,5943750.002399999600000,9.911726116000068,53.639053300000057,,9.912,53.639
128750,128751,2,4,8,419,2018,12,16,3,2,3,2,1,0,1,1,0,0,0.0,0,567699.428100000020000,5937405.087799999900000,10.022576031000028,53.581123755000078,,10.023,53.581
128751,128752,2,3,3,313,2018,12,16,4,3,3,2,2,1,1,1,0,0,0.0,0,565292.640299999970000,5936424.804899999900000,9.986023348000060,53.572618892000037,,9.986,53.573
128752,128753,2,4,8,420,2018,12,9,3,3,5,3,0,1,1,1,0,0,0.0,0,568289.875600000030000,5936867.468399999700000,10.031375335000064,53.576215569000055,,10.031,53.576
128753,128754,2,3,2,312,2018,12,10,4,2,3,6,0,0,1,1,0,0,0.0,0,565930.299400000020000,5935942.893199999800000,9.995549695000022,53.568208103000075,,9.996,53.568
128755,128756,2,2,2,207,2018,12,9,4,3,3,6,0,1,1,1,0,0,0.0,0,563947.977100000020000,5935135.936099999600000,9.965456127000039,53.561201080000046,,9.965,53.561
128757,128758,2,2,1,203,2018,12,15,7,3,5,3,0,0,1,0,0,0,0.0,1,562153.707799999970000,5933899.587399999600000,9.938125312000068,53.550305097000034,,9.938,53.55
128759,128760,2,1,18,139,2018,12,7,4,3,3,2,2,1,1,1,0,0,0.0,0,564278.736799999960000,5931654.360799999900000,9.969733481000048,53.529870667000068,,9.97,53.53
128768,128769,2,5,18,526,2018,12,13,4,3,4,2,0,1,1,1,0,0,0.0,0,576733.819699999990000,5940090.620199999800000,10.159669150000070,53.604013831000032,,10.16,53.604
128770,128771,2,4,2,403,2018,12,6,3,3,5,3,1,0,1,0,0,0,0.0,1,565152.174499999960000,5938027.284900000300000,9.984236930000066,53.587038202000031,,9.984,53.587
128771,128772,2,1,12,130,2018,12,19,3,3,3,6,2,0,1,0,0,0,0.0,1,573784.923199999960000,5932828.364699999800000,10.113396376000026,53.539172457000063,,10.113,53.539
128773,128774,2,6,2,602,2018,12,16,1,3,0,7,2,1,1,0,0,0,0.0,0,578235.824799999940000,5928112.661000000300000,10.179366607000077,53.496149587000048,,10.179,53.496
128774,128775,2,1,7,120,2018,12,17,3,2,3,2,2,0,1,1,0,0,0.0,0,568008.920999999970000,5934377.790799999600000,10.026590865000060,53.553877018000037,,10.027,53.554
128775,128776,2,1,8,122,2018,12,14,3,3,5,2,0,0,1,1,0,0,0.0,0,569413.637899999970000,5934857.986499999600000,10.047897769000031,53.558008722000068,,10.048,53.558
128779,128780,2,5,6,514,2018,12,16,3,3,0,6,2,1,1,1,0,0,0.0,0,573238.380099999950000,5939116.313199999700000,10.106625186000031,53.595758073000070,,10.107,53.596
128780,128781,2,2,7,219,2018,12,20,4,3,0,7,2,0,1,0,0,0,0.0,1,560005.087100000000000,5934417.796199999700000,9.905798811000068,53.555212437000080,,9.906,53.555
128783,128784,2,5,2,508,2018,12,7,3,3,0,2,2,1,1,0,0,0,0.0,1,572952.979999999980000,5937485.849999999600000,10.101932415000022,53.581145105000076,,10.102,53.581
128791,128792,2,5,10,518,2018,12,13,3,3,3,2,0,0,1,1,0,0,0.0,0,572864.196899999980000,5944838.452600000400000,10.102311605000068,53.647234087000072,,10.102,53.647
128792,128793,2,4,10,426,2018,12,13,6,3,4,2,0,0,1,1,0,0,0.0,0,569805.721600000050000,5938646.205600000000000,10.054662702000030,53.592001586000038,,10.055,53.592
128795,128796,2,4,12,431,2018,12,15,3,3,0,1,0,1,1,0,0,0,0.0,0,568305.765400000030000,5943532.547299999700000,10.033076166000058,53.636112904000072,,10.033,53.636
128802,128803,2,3,1,308,2018,12,17,2,3,0,4,2,1,1,0,1,0,0.0,0,563775.924499999960000,5936073.214200000300000,9.963050308000049,53.569645617000049,,9.963,53.57
128804,128805,2,1,16,136,2018,12,12,7,2,5,3,0,1,1,1,0,0,0.0,0,566947.594200000050000,5927625.819699999900000,10.009129611000048,53.493331860000069,,10.009,53.493
128805,128806,2,4,10,426,2018,12,16,3,3,4,2,2,1,1,1,0,0,0.0,0,569684.324700000000000,5938211.158599999700000,10.052731726000047,53.588107961000048,,10.053,53.588
128808,128809,2,4,5,410,2018,12,18,2,3,5,2,2,1,1,1,0,0,0.0,0,566608.233299999960000,5937934.428100000100000,10.006209721000062,53.586020741000027,,10.006,53.586
128811,128812,2,4,8,422,2018,12,17,3,3,3,2,2,0,1,0,0,0,0.0,1,568706.094200000050000,5936875.366499999500000,10.037662053000076,53.576232199000060,,10.038,53.576
128824,128825,2,1,6,117,2018,12,15,1,3,5,3,0,0,1,1,0,0,0.0,0,567944.432299999990000,5934144.746399999600000,10.025566936000075,53.551790963000030,,10.026,53.552
128827,128828,2,1,1,101,2018,12,10,3,3,4,2,0,0,1,1,0,0,0.0,0,566283.582799999970000,5934547.571600000400000,10.000587402000065,53.555623551000053,,10.001,53.556
128828,128829,2,3,2,312,2018,12,10,5,2,5,3,0,0,1,1,0,0,0.0,0,565743.834000000030000,5936244.673000000400000,9.992798052000069,53.570943660000069,,9.993,53.571
128837,128838,2,7,10,711,2018,12,5,2,3,1,5,2,1,1,1,0,0,0.0,0,563193.304200000010000,5924696.923000000400000,9.951958972000057,53.467472846000078,,9.952,53.467
128838,128839,2,4,5,413,2018,12,18,3,3,1,5,2,0,1,1,0,0,0.0,0,566264.362899999950000,5937350.514200000100000,10.000891963000072,53.580816574000039,,10.001,53.581
128839,128840,2,7,4,705,2018,12,9,2,3,0,7,0,1,1,0,0,0,0.0,0,565577.507499999950000,5922824.380300000300000,9.987478853000027,53.450352068000029,,9.987,53.45
128852,128853,2,2,1,201,2018,12,11,3,3,6,4,0,0,1,0,1,0,0.0,0,563260.429000000000000,5933713.586000000100000,9.954789601000073,53.548501261000069,,9.955,53.549
128854,128855,2,6,2,603,2018,12,15,2,3,0,7,0,0,1,1,0,0,0.0,0,581528.528999999980000,5927375.791799999800000,10.228798759000028,53.489027662000069,,10.229,53.489
128857,128858,2,5,2,506,2018,12,12,2,3,5,3,0,1,1,1,0,0,0.0,0,571411.994100000010000,5937869.744500000000000,10.078748725000025,53.584807235000028,,10.079,53.585
128865,128866,2,5,17,525,2018,12,7,2,2,5,2,2,1,1,1,0,0,0.0,0,576698.030099999970000,5945676.694400000400000,10.160505094000030,53.654219072000046,,10.161,53.654
128867,128868,2,4,13,432,2018,12,12,4,3,0,7,0,1,1,1,0,0,0.0,0,566743.964999999970000,5945729.276999999800000,10.009930740000073,53.656056519000060,,10.01,53.656
128883,128884,2,3,5,317,2018,12,15,2,3,3,2,0,1,1,0,0,0,1.0,0,563288.116700000010000,5937619.968100000200000,9.955998849000025,53.583605833000036,,9.956,53.584
128886,128887,2,3,5,317,2018,12,11,2,3,0,7,0,1,1,0,0,0,0.0,0,563459.639300000040000,5938360.351900000100000,9.958739981000065,53.590239142000030,,9.959,53.59
128888,128889,2,2,1,204,2018,12,12,2,3,3,2,0,1,1,0,0,0,0.0,0,562510.246300000000000,5934460.579500000000000,9.943618143000037,53.555304615000068,,9.944,53.555
128908,128909,2,4,1,401,2018,12,7,2,3,0,7,2,1,1,1,0,0,0.0,0,564815.190300000020000,5937720.722400000300000,9.979083334000052,53.584324818000027,,9.979,53.584
128911,128912,2,2,8,220,2018,12,6,5,3,5,3,2,0,1,1,0,0,0.0,0,556970.270999999950000,5939141.197900000000000,9.860854947000064,53.598002334000057,,9.861,53.598
128914,128915,2,4,10,426,2018,12,18,3,3,3,2,2,0,1,1,0,0,0.0,0,569880.394699999950000,5938594.144600000200000,10.055779029000064,53.591523765000034,,10.056,53.592
128924,128925,2,1,20,141,2018,12,17,7,3,5,3,2,0,1,1,0,0,0.0,0,558249.790999999970000,5931929.394999999600000,9.878842049000070,53.533045525000034,,9.879,53.533
128932,128933,2,1,12,130,2018,12,9,7,3,5,2,0,0,1,0,0,0,0.0,1,573917.802000000030000,5934869.381699999800000,10.115883503000020,53.557496176000029,,10.116,53.557
128933,128934,2,7,14,715,2018,12,9,2,3,0,7,0,1,1,1,0,0,0.0,0,556713.430999999980000,5924945.110999999600000,9.854402011000047,53.470441200000039,,9.854,53.47
128935,128936,2,5,18,526,2018,12,12,7,3,6,4,0,0,1,0,1,0,0.0,0,575272.860699999960000,5940046.497999999700000,10.137584024000034,53.603829209000082,,10.138,53.604
128937,128938,2,1,11,129,2018,12,21,6,3,6,6,2,0,1,0,1,0,0.0,0,572255.741799999960000,5934403.975999999800000,10.090690055000039,53.553545014000065,,10.091,53.554
128940,128941,2,2,7,219,2018,12,18,4,3,0,7,2,0,1,0,0,0,0.0,1,559858.898399999950000,5934517.669800000300000,9.903611467000076,53.556126738000046,,9.904,53.556
128942,128943,2,2,9,221,2018,12,16,2,3,1,5,2,1,1,1,0,0,0.0,0,555765.292800000050000,5936681.652400000000000,9.842209568000044,53.576026592000062,,9.842,53.576
129004,129005,2,6,2,603,2018,12,7,5,2,5,3,2,1,1,1,0,0,0.0,0,580834.816299999950000,5926931.514800000000000,10.218231302000049,53.485142117000066,,10.218,53.485
129148,129149,2,7,13,714,2018,12,8,2,3,5,3,2,0,1,1,0,0,0.0,0,558833.041800000010000,5925831.728699999900000,9.886496423000040,53.478177239000047,,9.886,53.478
129149,129150,2,7,9,710,2018,12,10,2,3,5,3,0,0,1,1,0,0,0.0,0,564007.644800000010000,5923459.220300000200000,9.963972474000059,53.456250699000066,,9.964,53.456
129150,129151,2,6,2,603,2018,12,12,2,3,5,3,0,1,1,1,0,0,0.0,0,580123.023999999980000,5926350.540300000500000,10.207358507000038,53.480029917000081,,10.207,53.48
129155,129156,2,2,9,221,2018,12,14,2,3,5,3,0,1,1,1,0,0,0.0,0,556362.734100000000000,5937914.565399999700000,9.851454149000062,53.587043611000070,,9.851,53.587
129166,129167,2,6,2,602,2018,12,11,1,2,5,3,0,0,1,1,0,0,0.0,0,578258.064800000050000,5928116.101400000000000,10.179702644000031,53.496177197000065,,10.18,53.496
129171,129172,2,6,2,602,2018,12,23,1,3,0,7,2,0,1,0,0,0,0.0,0,578811.902000000000000,5927490.238500000000000,10.187892301000034,53.490470047000031,,10.188,53.49
129192,129193,2,2,2,207,2018,12,13,7,3,2,7,0,1,1,1,0,0,0.0,0,563920.255699999980000,5935049.449799999600000,9.965019976000065,53.560427179000044,,9.965,53.56
129198,129199,2,5,18,526,2018,12,10,6,3,5,3,0,0,1,1,0,0,0.0,0,576279.084000000030000,5941227.711900000500000,10.153076692000070,53.614298906000045,,10.153,53.614
129204,129205,2,4,8,419,2018,12,11,6,3,5,3,0,0,1,1,0,0,0.0,0,567949.630800000040000,5937216.565000000400000,10.026313548000076,53.579397124000081,,10.026,53.579
129216,129217,2,3,1,310,2018,12,8,6,3,3,2,1,1,1,1,0,0,0.0,0,563578.076800000040000,5935407.041899999600000,9.959927577000030,53.563682533000076,,9.96,53.564
129219,129220,2,1,3,105,2018,12,10,6,3,1,5,0,1,1,1,0,0,0.0,0,564518.227799999990000,5933410.900200000000000,9.973708131000024,53.545627889000059,,9.974,53.546
6154,6155,2,3,7,319,2019,1,17,2,3,5,2,2,2,1,1,0,0,0.0,0,560167.549954812040000,5942453.488371437400000,9.909801000000073,53.627413833000048,,9.91,53.627
6186,6187,2,2,12,225,2019,4,14,5,3,3,2,0,0,1,1,0,0,0.0,0,554503.949000001880000,5936709.515000000600000,9.823166851000053,53.576409588000047,,9.823,53.576
6222,6223,2,3,8,320,2019,1,8,6,3,5,3,0,2,1,1,0,0,0.0,0,560030.650867687540000,5941388.377077335500000,9.907525838000026,53.617857011000069,,9.908,53.618
6273,6274,2,2,5,215,2019,3,8,4,3,4,2,0,1,1,1,0,0,0.0,0,561695.970999999900000,5935355.815000003200000,9.931504854000025,53.563446780000049,,9.932,53.563
6278,6279,2,2,14,227,2019,2,13,2,3,4,2,0,0,1,1,0,0,0.0,0,551459.613255783920000,5937130.482922792400000,9.777262785000062,53.580500630000074,,9.777,53.581
6291,6292,2,3,7,319,2019,2,12,5,3,5,3,0,0,1,1,0,0,0.0,0,560255.094999999740000,5943460.300000000700000,9.911319568000067,53.636452318000067,,9.911,53.636
6308,6309,2,2,5,215,2019,4,13,6,3,3,2,0,0,1,0,0,0,0.0,1,561692.102839131840000,5935355.778385350500000,9.931446452000046,53.563446905000035,,9.931,53.563