,OBJECTID,ULAND,UREGBEZ,UKREIS,UGEMEINDE,UJAHR,UMONAT,USTUNDE,UWOCHENTAG,UKATEGORIE,UART,UTYP1,ULICHTVERH,STRZUSTAND,IstRad,IstPKW,IstFuss,IstKrad,IstGkfz,IstSonstig,LINREFX,LINREFY,XGCSWGS84,YGCSWGS84,UIDENTSTLA,lat_short,long_short
6350,6351,2,7,1,701,2019,4,7,4,3,5,2,0,0,1,1,0,0,0.0,0,564942.798696217130000,5924419.866244401800000,9.978252360000056,53.464769984000043,,9.978,53.465
6356,6357,2,2,5,216,2019,1,9,3,3,3,2,0,1,1,1,0,0,0.0,0,559434.738787222650000,5935554.273629104700000,9.897406514000068,53.565491387000066,,9.897,53.565
6380,6381,2,4,4,407,2019,2,11,2,3,5,3,0,0,1,1,0,0,0.0,0,565502.404494028540000,5940130.887404613200000,9.989968798000064,53.605900030000043,,9.99,53.606
6428,6429,2,2,5,215,2019,2,18,5,3,5,3,2,0,1,1,0,0,0.0,0,561274.696143614130000,5935380.952288800900000,9.925150160000044,53.563722056000074,,9.925,53.564
6438,6439,2,2,3,209,2019,4,11,4,3,3,2,0,1,1,0,0,0,1.0,0,562357.271430250260000,5935377.260169273200000,9.941492179000022,53.563561355000047,,9.941,53.564
6501,6502,2,2,1,206,2019,1,16,2,3,3,2,2,0,1,1,0,0,0.0,0,563262.809755655940000,5935133.374166140300000,9.955112865000046,53.561261092000052,,9.955,53.561
6540,6541,2,7,14,715,2019,4,13,2,3,5,2,0,0,1,1,0,0,0.0,0,555650.957074941140000,5925123.247523522000000,9.838429030000043,53.472155608000037,,9.838,53.472
6554,6555,2,1,3,106,2019,3,9,2,3,5,3,0,1,1,1,0,0,0.0,0,564597.507472479720000,5933842.017827916900000,9.974993480000023,53.549492725000050,,9.975,53.549
6583,6584,2,2,6,218,2019,4,7,2,3,5,2,0,0,1,1,0,0,0.0,0,558380.115345850590000,5935896.686546389000000,9.881548816000077,53.568687214000079,,9.882,53.569
6618,6619,2,4,2,403,2019,2,17,3,3,5,3,2,0,1,1,0,0,0.0,0,564826.507968203160000,5938165.279478909400000,9.979346637000049,53.588318755000046,,9.979,53.588
6695,6696,2,7,13,714,2019,4,10,5,3,5,3,0,0,1,1,0,0,0.0,0,559074.522542125550000,5925135.587480606500000,9.890003645000036,53.471893540000053,,9.89,53.472
6717,6718,2,1,6,117,2019,3,13,7,3,0,1,0,0,1,0,0,0,0.0,0,568180.633022646420000,5933667.382543444600000,10.029027481000071,53.547470204000035,,10.029,53.547
6737,6738,2,4,7,417,2019,3,9,3,3,5,2,0,0,1,1,0,0,0.0,0,568390.908320979220000,5935701.070460200300000,10.032645514000023,53.565719868000031,,10.033,53.566
6765,6766,2,2,3,208,2019,4,19,6,3,6,4,0,0,1,0,1,0,0.0,0,563045.199054636990000,5935202.376273790400000,9.951841900000034,53.561907422000047,,9.952,53.562
6791,6792,2,4,2,403,2019,4,18,5,3,5,2,0,0,1,1,0,0,0.0,0,565115.271331649270000,5938577.686494700600000,9.983794425000042,53.591989361000060,,9.984,53.592
6809,6810,2,1,6,117,2019,4,8,2,3,3,2,0,0,1,1,0,0,0.0,0,568406.455422569070000,5933200.410929901500000,10.032333005000055,53.543244093000055,,10.032,53.543
6813,6814,2,3,6,318,2019,1,11,5,3,5,3,0,0,1,1,0,0,0.0,0,563598.699656474400000,5940161.737055813900000,9.961208020000072,53.606411804000061,,9.961,53.606
6833,6834,2,4,7,417,2019,4,9,4,3,0,6,0,0,1,0,0,0,0.0,0,568491.479807096530000,5935497.445214144900000,10.034119146000023,53.563876749000030,,10.034,53.564
6850,6851,2,2,5,215,2019,2,11,5,3,5,3,0,1,1,1,0,0,0.0,0,561688.702227364290000,5935355.746196353800000,9.931395110000040,53.563447016000055,,9.931,53.563
6869,6870,2,4,2,405,2019,1,12,7,3,5,2,0,1,1,1,0,0,0.0,0,565645.261271364990000,5938672.949328480300000,9.991820518000054,53.592779410000048,,9.992,53.593
6948,6949,2,4,7,417,2019,4,20,3,3,5,2,2,0,1,1,0,0,0.0,0,568617.011309055610000,5935371.711793823200000,10.035986531000049,53.562730371000043,,10.036,53.563
6993,6994,2,2,3,209,2019,2,13,5,3,3,6,0,0,1,0,0,0,0.0,1,562589.033143902200000,5935323.031720027300000,9.944980014000066,53.563046395000072,,9.945,53.563
7000,7001,2,1,6,117,2019,4,8,2,3,6,4,0,0,1,0,1,0,0.0,0,567977.989287085830000,5934084.135512905200000,10.026060185000063,53.551241900000036,,10.026,53.551
7067,7068,2,2,6,218,2019,4,11,7,3,5,3,0,0,1,1,0,0,0.0,0,558110.008837180210000,5936023.991224622400000,9.877494379000041,53.569861351000043,,9.877,53.57
7084,7085,2,3,6,318,2019,2,15,3,3,3,6,0,0,1,0,0,0,0.0,0,562520.499183382840000,5941684.067174056500000,9.945220487000029,53.620223166000073,,9.945,53.62
7085,7086,2,1,14,133,2019,4,7,4,3,5,3,0,0,1,1,0,0,0.0,0,568348.973605718460000,5932740.188665865000000,10.031365148000077,53.539115490000029,,10.031,53.539
7098,7099,2,3,8,320,2019,2,5,5,3,5,3,2,0,1,1,0,0,0.0,0,560030.289000000800000,5941385.821000000500000,9.907519875000048,53.617834080000080,,9.908,53.618
7122,7123,2,7,1,701,2019,1,17,3,3,5,3,2,1,1,1,0,0,0.0,0,564858.230842014770000,5924461.942062638700000,9.976987376000068,53.465158558000041,,9.977,53.465
7147,7148,2,3,9,321,2019,3,8,6,3,5,3,0,0,1,1,0,0,0.0,0,561532.997574195270000,5938486.764959910900000,9.929661743000054,53.591604923000034,,9.93,53.592
7182,7183,2,4,5,409,2019,4,16,7,3,5,3,0,0,1,1,0,0,0.0,0,565932.553299705500000,5938819.233916224900000,9.996191359000022,53.594058041000039,,9.996,53.594
7194,7195,2,2,5,215,2019,1,18,5,3,0,2,2,0,1,1,0,0,0.0,0,561295.475714239290000,5935380.111601693600000,9.925463688000036,53.563712074000080,,9.925,53.564
7200,7201,2,4,5,409,2019,3,10,6,3,3,2,0,0,1,0,0,0,0.0,1,565797.597000001930000,5938730.432000000000000,9.994133873000067,53.593276919000061,,9.994,53.593
7267,7268,2,3,6,318,2019,3,7,3,3,6,3,0,0,1,0,1,0,0.0,0,563561.756624784320000,5940293.966613860800000,9.960676734000060,53.607604666000043,,9.961,53.608
7321,7322,2,1,3,106,2019,1,13,5,3,5,3,0,0,1,1,0,0,0.0,0,564516.501320221460000,5933860.567774964500000,9.973774846000026,53.549669399000038,,9.974,53.55
7415,7416,2,4,6,415,2019,4,15,3,3,3,6,0,0,1,0,0,0,0.0,0,568106.662164768200000,5936080.339101485900000,10.028437092000047,53.569165370000064,,10.028,53.569
7457,7458,2,7,14,715,2019,4,11,5,3,5,3,0,0,1,1,0,0,0.0,0,556483.212824300860000,5925185.928778464000000,9.850977434000072,53.472630349000042,,9.851,53.473
7579,7580,2,6,1,601,2019,2,18,1,3,5,3,2,0,1,1,0,0,0.0,0,579769.533091813330000,5927586.743877438800000,10.202347258000032,53.491193011000064,,10.202,53.491
7710,7711,2,2,13,226,2019,4,11,1,2,6,7,0,0,1,0,1,0,0.0,0,552349.866638091390000,5937151.259762045000000,9.790711552000062,53.580599260000042,,9.791,53.581
7727,7728,2,2,6,218,2019,2,12,3,3,5,3,0,1,1,1,0,0,0.0,0,557735.458000001500000,5936158.360999997700000,9.871864010000024,53.571110352000062,,9.872,53.571
7733,7734,2,3,1,307,2019,4,18,3,3,5,2,0,0,1,1,0,0,0.0,0,563314.990000001150000,5936149.500000001900000,9.956106487000056,53.570387047000054,,9.956,53.57
7784,7785,2,2,5,215,2019,4,13,3,3,3,2,0,0,1,0,0,0,1.0,0,560964.620990914290000,5935405.020239438900000,9.920473882000067,53.563974477000045,,9.92,53.564
7803,7804,2,2,5,216,2019,4,15,6,3,5,2,0,0,1,1,0,0,0.0,0,560886.526000000540000,5935408.618000002600000,9.919295633000047,53.564015879000067,,9.919,53.564
7827,7828,2,3,6,318,2019,4,8,2,3,5,2,0,0,1,1,0,0,0.0,0,562537.821366765540000,5941670.069283269300000,9.945479523000074,53.620095295000056,,9.945,53.62
7853,7854,2,1,7,119,2019,4,16,5,3,0,1,0,0,1,0,0,0,0.0,0,567942.143412010740000,5934255.870937371600000,10.025556542000061,53.552789952000069,,10.026,53.553
7876,7877,2,1,3,106,2019,4,14,1,3,4,6,0,0,1,0,0,0,0.0,0,564787.296993899160000,5933830.080674804700000,9.977855111000054,53.549362059000032,,9.978,53.549
7888,7889,2,1,1,102,2019,2,19,6,3,3,2,2,0,1,1,0,0,0.0,0,565862.863953655590000,5933618.328638868400000,9.994041722000077,53.547325176000072,,9.994,53.547
7913,7914,2,1,6,117,2019,2,18,5,3,0,7,2,1,1,0,0,0,0.0,0,568011.711208872500000,5934098.262983866000000,10.026572167000040,53.551364498000055,,10.027,53.551
8118,8119,2,1,8,121,2019,4,17,3,3,3,2,0,0,1,1,0,0,0.0,0,568897.151499208990000,5934672.397122928900000,10.040061177000041,53.556408858000054,,10.04,53.556
8141,8142,2,4,2,403,2019,10,8,6,3,5,3,0,1,1,0,0,0,0.0,0,565117.616000000390000,5938387.727000000000000,9.983790186000022,53.590281864000076,,9.984,53.59
8152,8153,2,4,7,417,2019,7,22,6,3,3,6,2,0,1,0,0,0,0.0,0,568323.997322523040000,5935223.433032449300000,10.031530943000064,53.561436000000072,,10.032,53.561
8160,8161,2,3,7,319,2019,10,17,1,3,0,3,2,0,1,1,0,0,0.0,0,560232.347000000070000,5943040.144000005000000,9.910894220000046,53.632678855000051,,9.911,53.633
8168,8169,2,1,6,117,2019,7,8,5,3,3,2,0,0,1,0,0,0,0.0,1,568002.669165392410000,5933115.737413782600000,10.026222071000063,53.542535557000065,,10.026,53.543
8174,8175,2,3,5,317,2019,11,18,2,3,5,2,2,0,1,1,0,0,0.0,0,564032.543000001460000,5938441.300000000700000,9.967410603000076,53.590896985000029,,9.967,53.591
8178,8179,2,2,3,209,2019,7,9,5,3,6,4,0,0,1,0,1,0,0.0,0,562745.963374760000000,5935275.593667971000000,9.947339492000026,53.562601313000073,,9.947,53.563
8185,8186,2,1,3,107,2019,9,9,7,3,4,6,0,0,1,0,0,0,0.0,1,565006.540818860750000,5933776.686980299700000,9.981152595000026,53.548855097000057,,9.981,53.549
8186,8187,2,2,5,215,2019,11,7,2,3,3,2,1,1,1,1,0,0,0.0,0,561381.064303134570000,5935372.849302629000000,9.926754327000026,53.563636801000030,,9.927,53.564
8189,8190,2,1,6,117,2019,7,16,4,3,5,3,0,0,1,1,0,0,0.0,0,568011.392531820570000,5934099.268993966300000,10.026567576000048,53.551373581000064,,10.027,53.551
8193,8194,2,4,3,406,2019,7,21,4,3,5,2,1,0,1,1,0,0,0.0,0,566850.492809141990000,5941940.973803913200000,10.010728120000067,53.621997203000035,,10.011,53.622
8195,8196,2,1,6,117,2019,9,15,6,3,3,2,0,0,1,0,0,0,0.0,1,568360.500321589410000,5933254.585574058800000,10.031651452000062,53.543736952000074,,10.032,53.544
8207,8208,2,1,4,111,2019,9,16,6,3,4,6,0,0,1,0,0,0,0.0,1,564084.049713708460000,5934113.389253208400000,9.967300514000044,53.551994544000081,,9.967,53.552
8209,8210,2,2,3,209,2019,7,6,4,3,5,3,0,0,1,0,0,0,0.0,0,562819.332526144570000,5935249.950456211300000,9.948441898000056,53.562362072000042,,9.948,53.562
8214,8215,2,2,6,218,2019,9,7,5,3,3,2,0,1,1,1,0,0,0.0,0,559292.530720842070000,5935599.667172752300000,9.895268216000034,53.565915448000055,,9.895,53.566
8221,8222,2,3,6,318,2019,7,19,3,3,5,3,0,0,1,1,0,0,0.0,0,562924.164065431800000,5941170.504425689600000,9.951218630000028,53.615559302000065,,9.951,53.616
8228,8229,2,2,9,221,2019,7,20,2,3,0,1,0,0,1,0,0,0,0.0,0,555476.271670429970000,5936420.317443234800000,9.837798631000055,53.573708465000038,,9.838,53.574
8231,8232,2,2,5,215,2019,11,14,1,3,4,2,0,0,1,1,0,0,0.0,0,561567.567187941630000,5935357.604288611600000,9.929566807000072,53.563477941000031,,9.93,53.563
8241,8242,2,3,9,321,2019,9,11,4,3,3,2,0,1,1,1,0,0,0.0,0,562103.755785501560000,5936819.670883679800000,9.937951903000055,53.576554882000039,,9.938,53.577
8242,8243,2,1,4,111,2019,11,15,2,3,5,3,0,0,1,0,0,0,1.0,0,563878.484000000170000,5934604.899000002100000,9.964298574000054,53.556436949000044,,9.964,53.556
8252,8253,2,3,1,304,2019,9,12,3,3,4,6,0,0,1,0,0,0,0.0,0,562481.183496872890000,5936202.588697923300000,9.943527858000039,53.570964133000075,,9.944,53.571
8258,8259,2,6,2,603,2019,10,16,3,3,5,3,0,1,1,1,0,0,0.0,0,581489.770081954080000,5927268.247856942900000,10.228186808000032,53.488067208000075,,10.228,53.488
8261,8262,2,4,5,409,2019,9,10,2,3,5,3,0,0,1,1,0,0,0.0,0,566092.140267887150000,5938866.304435942300000,9.998612172000037,53.594460975000061,,9.999,53.594
8263,8264,2,2,12,225,2019,7,10,6,3,5,3,0,0,1,1,0,0,0.0,0,554596.212917071770000,5936684.381017508000000,9.824555749000069,53.576174099000070,,9.825,53.576
8269,8270,2,2,5,215,2019,10,17,1,3,0,2,2,1,1,1,0,0,0.0,0,561689.419455468650000,5935355.752985388000000,9.931405939000058,53.563446993000071,,9.931,53.563
8272,8273,2,3,6,318,2019,9,16,2,3,5,3,0,0,1,1,0,0,0.0,0,563040.870712637900000,5940894.443697523300000,9.952926733000027,53.613064241000075,,9.953,53.613
8275,8276,2,4,5,409,2019,9,17,7,3,4,6,0,0,1,0,0,0,0.0,0,565923.327844213690000,5938812.943181853700000,9.996050663000062,53.594002665000062,,9.996,53.594
8288,8289,2,2,5,216,2019,7,7,4,3,3,2,0,1,1,0,0,0,0.0,1,560451.103210852480000,5935548.771001575500000,9.912749438000049,53.565325833000031,,9.913,53.565
8301,8302,2,3,6,318,2019,9,8,6,3,5,3,0,0,1,1,0,0,0.0,0,562924.253229511900000,5941170.090428963300000,9.951219894000076,53.615555571000073,,9.951,53.616
8303,8304,2,3,6,318,2019,7,17,3,3,1,3,0,0,1,1,0,0,0.0,0,562839.814711304380000,5941416.189277444000000,9.949993295000070,53.617777461000060,,9.95,53.618
8306,8307,2,1,2,104,2019,11,14,7,3,5,3,0,0,1,0,0,0,0.0,1,568122.510000000710000,5932170.379000002500000,10.027824446000068,53.534023934000061,,10.028,53.534
8308,8309,2,1,6,117,2019,7,15,2,3,3,2,0,0,1,1,0,0,0.0,0,568359.386779480610000,5933256.721122765900000,10.031635117000064,53.543756290000033,,10.032,53.544
8315,8316,2,4,8,418,2019,7,17,2,3,1,5,0,0,1,1,0,0,0.0,0,567705.644616487440000,5936625.017167190100000,10.022500725000043,53.574112363000040,,10.023,53.574
8317,8318,2,2,3,209,2019,9,20,6,3,3,2,2,0,1,1,0,0,0.0,0,562581.226805630140000,5935429.686926133900000,9.944883534000041,53.564005874000031,,9.945,53.564
8343,8344,2,2,3,209,2019,9,5,5,3,0,6,2,0,1,0,0,0,0.0,0,562393.389485598540000,5935367.650158172500000,9.942035502000067,53.563470693000056,,9.942,53.563
8348,8349,2,1,14,133,2019,9,5,4,2,5,3,2,0,1,0,0,0,0.0,1,568304.629179291430000,5932602.804671743900000,10.030666133000068,53.537886566000054,,10.031,53.538
8350,8351,2,3,6,318,2019,7,12,6,3,3,6,0,1,1,0,0,0,0.0,0,563072.531863624230000,5940865.951089229400000,9.953399482000066,53.612804360000041,,9.953,53.613
8353,8354,2,2,3,209,2019,7,11,6,3,5,3,0,0,1,1,0,0,0.0,0,562347.553357690570000,5935378.445647835700000,9.941345711000054,53.563573164000047,,9.941,53.564
8354,8355,2,7,1,702,2019,7,11,5,3,5,3,0,0,1,1,0,0,0.0,0,565103.370475410480000,5924343.639878988300000,9.980654922000042,53.464065082000047,,9.981,53.464
8361,8362,2,2,3,209,2019,12,11,6,3,3,2,0,0,1,1,0,0,0.0,0,562612.401818772780000,5935317.736844845100000,9.945331725000074,53.562996020000071,,9.945,53.563
8362,8363,2,7,14,715,2019,10,14,2,2,5,3,0,0,1,1,0,0,0.0,0,555929.988566662180000,5925173.080771805700000,9.842641251000032,53.472573931000056,,9.843,53.473
8366,8367,2,3,6,318,2019,10,19,7,3,5,3,2,0,1,1,0,0,0.0,0,561941.282805258410000,5942375.766215214500000,9.936602484000048,53.626508487000081,,9.937,53.627
8370,8371,2,2,3,209,2019,7,13,3,3,4,6,0,0,1,0,0,0,0.0,0,562347.626626621930000,5935378.436709981400000,9.941346815000031,53.563573075000079,,9.941,53.564
8380,8381,2,2,5,216,2019,9,17,3,3,3,2,0,1,1,1,0,0,0.0,0,560591.713304567150000,5935491.927235415200000,9.914861184000074,53.564798736000057,,9.915,53.565
8388,8389,2,4,1,402,2019,9,17,3,3,4,6,0,0,1,0,0,0,0.0,0,564255.197373054920000,5937721.418679120000000,9.970625693000045,53.584399992000044,,9.971,53.584
8395,8396,2,6,2,603,2019,11,16,6,3,6,7,2,0,1,0,1,0,0.0,0,580797.890657459390000,5927137.126104043800000,10.217727873000058,53.486995546000060,,10.218,53.487
8396,8397,2,7,14,715,2019,7,10,7,3,5,3,0,0,1,1,0,0,0.0,0,556184.706508042290000,5925202.050369525300000,9.846483555000077,53.472807183000043,,9.846,53.473
8403,8404,2,1,7,120,2019,10,6,7,3,5,3,2,0,1,1,0,0,0.0,0,568929.681521568450000,5934589.377327984200000,10.040533849000042,53.555658480000034,,10.041,53.556
8404,8405,2,2,3,209,2019,7,21,7,3,5,2,1,0,1,1,0,0,0.0,0,562367.930831745270000,5935374.730906348700000,9.941652590000047,53.563537357000030,,9.942,53.564
8414,8415,2,4,8,418,2019,10,15,5,3,4,2,0,1,1,1,0,0,0.0,0,567720.408939914780000,5936604.507243730100000,10.022719211000037,53.573926132000054,,10.023,53.574
8415,8416,2,3,1,306,2019,7,13,6,3,3,2,0,1,1,1,0,0,0.0,0,563526.373836255630000,5936618.044648215200000,9.959393379000062,53.574572447000037,,9.959,53.575
8422,8423,2,1,3,107,2019,7,17,6,3,6,6,0,0,1,0,1,0,0.0,0,564816.416173143310000,5933827.920810310200000,9.978294098000049,53.549339054000029,,9.978,53.549
8425,8426,2,4,1,402,2019,9,11,1,3,5,3,0,0,1,1,0,0,0.0,0,564333.140115193090000,5937818.740675920600000,9.971822960000054,53.585265093000032,,9.972,53.585
8432,8433,2,4,1,402,2019,7,19,5,3,5,3,0,0,1,0,0,0,0.0,1,564589.284920553680000,5938018.723240513400000,9.975733092000041,53.587030896000044,,9.976,53.587
8434,8435,2,7,2,703,2019,9,14,7,3,5,2,0,0,1,1,0,0,0.0,0,566189.566000000570000,5923552.266000000800000,9.996847016000061,53.456817330000035,,9.997,53.457
8436,8437,2,1,1,102,2019,7,17,5,3,4,6,0,0,1,0,0,0,0.0,1,565486.592310683800000,5933623.514848673700000,9.988364822000051,53.547418847000074,,9.988,53.547
8450,8451,2,1,3,106,2019,7,9,4,3,3,2,0,0,1,1,0,0,0.0,0,564543.853950336580000,5933852.743065325500000,9.974186011000029,53.549595714000077,,9.974,53.55
8453,8454,2,4,6,415,2019,11,15,4,3,6,4,0,1,1,0,1,0,0.0,0,568098.980792594140000,5936090.827038351400000,10.028323407000073,53.569260623000048,,10.028,53.569
8459,8460,2,4,6,415,2019,9,16,6,3,4,2,0,0,1,1,0,0,0.0,0,568210.375758492390000,5935945.292501971100000,10.029973437000024,53.567938218000052,,10.03,53.568
8475,8476,2,2,3,209,2019,9,12,5,3,3,6,0,0,1,0,0,0,0.0,1,562608.276170867500000,5935337.206577492900000,9.945273346000022,53.563171494000073,,9.945,53.563
8493,8494,2,3,9,321,2019,11,7,2,3,4,2,2,0,1,1,0,0,0.0,0,561763.319975317460000,5937800.111386168700000,9.933005081000033,53.585406647000070,,9.933,53.585
8502,8503,2,2,6,218,2019,10,14,3,3,5,3,0,0,1,1,0,0,0.0,0,557660.513745869510000,5936162.148335617000000,9.870733119000022,53.571152633000054,,9.871,53.571
8506,8507,2,7,14,715,2019,6,13,6,3,4,2,0,0,1,1,0,0,0.0,0,556126.048733853740000,5925195.244444623600000,9.845598701000029,53.472752269000068,,9.846,53.473
8510,8511,2,7,14,715,2019,6,11,6,2,5,3,0,0,1,1,0,0,0.0,0,557193.068809093910000,5925060.644891701600000,9.861648013000036,53.471427706000043,,9.862,53.471
8516,8517,2,4,2,405,2019,12,8,5,3,3,2,0,0,1,1,0,0,0.0,0,565118.509000001480000,5938939.333000000600000,9.983918845000062,53.595239150000054,,9.984,53.595
8530,8531,2,2,3,209,2019,6,21,6,3,0,7,1,0,1,0,0,0,0.0,0,562637.171172903850000,5935311.210781682300000,9.945704332000048,53.562934413000050,,9.946,53.563
8532,8533,2,1,3,106,2019,9,16,4,2,3,6,0,1,1,0,0,0,0.0,1,564671.929999999700000,5933834.010000003500000,9.976114931000041,53.549411595000038,,9.976,53.549
8541,8542,2,3,6,318,2019,6,9,4,3,5,3,0,0,1,0,0,0,0.0,1,562263.283999999990000,5941940.221999999100000,9.941383566000070,53.622555942000076,,9.941,53.623
8543,8544,2,4,2,404,2019,9,8,3,3,3,2,0,0,1,0,0,0,0.0,1,565561.217965273190000,5938707.233423259100000,9.990558141000065,53.593098045000033,,9.991,53.593
8557,8558,2,4,5,409,2019,6,9,3,3,0,6,0,0,1,0,0,0,0.0,0,566039.303448058660000,5938856.853516571200000,9.997811972000022,53.594382697000071,,9.998,53.594
8560,8561,2,3,9,321,2019,6,8,3,3,0,7,0,0,1,0,0,0,0.0,0,561787.572848062030000,5937710.949561746800000,9.933353739000040,53.584602461000031,,9.933,53.585
8566,8567,2,1,6,115,2019,9,6,2,3,5,3,1,0,1,1,0,0,0.0,0,567686.170151027850000,5933223.394013691700000,10.021469943000056,53.543543972000066,,10.021,53.544
8570,8571,2,4,2,405,2019,12,14,4,3,0,3,0,1,1,1,0,0,0.0,0,565112.054633460940000,5939420.616469977400000,9.983921843000076,53.599565342000062,,9.984,53.6
8574,8575,2,4,6,414,2019,9,17,2,3,4,2,0,1,1,1,0,0,0.0,0,567616.335231825710000,5936751.636251682400000,10.021179618000076,53.575261824000052,,10.021,53.575
8583,8584,2,3,5,317,2019,6,9,2,3,6,6,0,0,1,1,1,0,0.0,0,563914.059212733060000,5939146.773353235800000,9.965765400000066,53.597251710000080,,9.966,53.597
8590,8591,2,2,5,215,2019,11,15,4,2,5,3,0,0,1,1,0,0,0.0,0,561156.172019597140000,5935389.454892821600000,9.923362555000040,53.563812298000073,,9.923,53.564
8593,8594,2,1,14,132,2019,6,13,7,3,0,2,0,0,1,1,0,0,0.0,1,568417.964600197970000,5932891.363108476600000,10.032439073000035,53.540465135000034,,10.032,53.54
8610,8611,2,4,5,411,2019,6,14,6,3,3,2,0,0,1,1,0,0,0.0,0,567359.123000000600000,5938002.960000002800000,10.017565791000038,53.586540726000067,,10.018,53.587
8613,8614,2,2,9,221,2019,6,17,6,3,3,2,0,0,1,1,0,0,0.0,0,556560.531783531420000,5936252.617829840600000,9.854140692000044,53.572085473000072,,9.854,53.572
8619,8620,2,3,5,317,2019,11,17,3,3,4,6,2,1,1,0,0,0,0.0,0,563952.352999999190000,5938960.065000003200000,9.966305650000038,53.595569045000047,,9.966,53.596
8626,8627,2,4,7,417,2019,12,16,2,3,3,2,2,1,1,1,0,0,0.0,0,568689.239323186690000,5935239.277654618000000,10.037047727000072,53.561530723000033,,10.037,53.562
8633,8634,2,1,6,117,2019,9,14,6,2,5,3,0,0,1,0,0,0,1.0,0,568381.342434769500000,5933213.858642889200000,10.031957028000022,53.543368220000048,,10.032,53.543
8640,8641,2,1,6,117,2019,9,8,6,3,5,3,0,0,1,1,0,0,0.0,0,567944.170522276310000,5934164.260927312100000,10.025567226000021,53.551966377000042,,10.026,53.552
8641,8642,2,3,6,318,2019,6,17,5,3,0,7,0,0,1,1,0,0,0.0,0,563547.153837949970000,5940317.560457041500000,9.960460872000056,53.607818481000038,,9.96,53.608
8643,8644,2,2,5,215,2019,9,19,6,3,3,6,1,0,1,0,0,0,0.0,0,561417.398682005700000,5935368.917684886600000,9.927302065000049,53.563597215000073,,9.927,53.564
8646,8647,2,1,4,111,2019,6,21,5,3,4,3,1,1,1,0,0,0,0.0,0,563859.839452488350000,5934713.373962044700000,9.964039326000034,53.557414116000075,,9.964,53.557
8648,8649,2,4,2,405,2019,9,15,6,3,5,2,0,0,1,1,0,0,0.0,0,565118.039738082330000,5939010.426321467400000,9.983926602000054,53.595878138000046,,9.984,53.596
8650,8651,2,1,4,111,2019,9,6,6,3,5,3,0,0,1,1,0,0,0.0,0,563866.971975370310000,5934658.311240594800000,9.964135731000056,53.556918382000049,,9.964,53.557
8655,8656,2,6,2,602,2019,6,10,4,3,4,6,0,0,1,0,0,0,0.0,0,579861.007345478050000,5927339.745746046300000,10.203662837000024,53.488959437000062,,10.204,53.489
8661,8662,2,3,9,321,2019,9,17,5,3,3,2,0,1,1,1,0,0,0.0,0,561770.394302693200000,5937776.235376413900000,9.933107205000056,53.585191231000067,,9.933,53.585
8670,8671,2,2,3,209,2019,9,17,5,3,3,2,0,1,1,1,0,0,0.0,0,561952.841435983780000,5935393.694490078800000,9.935390108000036,53.563756956000077,,9.935,53.564
8672,8673,2,6,1,601,2019,12,7,6,3,4,6,0,2,1,0,0,0,0.0,0,579636.559401583860000,5927677.784077324000000,10.200366565000024,53.492031305000069,,10.2,53.492
8678,8679,2,6,2,602,2019,6,16,3,3,3,2,0,0,1,1,0,0,0.0,0,580321.729929119350000,5927173.940436670600000,10.210562705000029,53.487399275000030,,10.211,53.487
8680,8681,2,2,5,216,2019,9,17,4,3,5,3,0,0,1,1,0,0,0.0,0,559617.196573387830000,5935509.061963070200000,9.900152448000029,53.565064351000046,,9.9,53.565
8681,8682,2,1,8,124,2019,6,9,3,3,5,3,0,0,1,1,0,0,0.0,0,569657.287228431550000,5934174.377494057600000,10.051422991000038,53.551832801000046,,10.051,53.552
8686,8687,2,1,2,104,2019,6,10,3,3,5,3,0,0,1,0,0,0,0.0,1,568103.705821046610000,5932134.390119770500000,10.027532950000023,53.533702933000029,,10.028,53.534
8692,8693,2,2,9,221,2019,6,7,3,3,3,2,0,0,1,1,0,0,0.0,0,556617.712236554360000,5936245.982509348500000,9.855002886000023,53.572019670000032,,9.855,53.572
8696,8697,2,2,5,215,2019,6,7,3,3,1,7,0,0,1,1,0,0,0.0,0,561425.527709423560000,5935368.038070885500000,9.927424609000070,53.563588358000061,,9.927,53.564
8713,8714,2,7,14,715,2019,12,16,4,3,3,2,1,1,1,1,0,0,0.0,0,556729.985094973820000,5925165.124505264700000,9.854691101000071,53.472416835000047,,9.855,53.472
8715,8716,2,4,8,419,2019,6,13,2,3,5,3,0,0,1,1,0,0,0.0,0,567514.929999999700000,5937444.650000002200000,10.019798296000033,53.581503089000080,,10.02,53.582
8722,8723,2,2,3,209,2019,11,18,2,3,5,3,2,1,1,1,0,0,0.0,0,562616.360000001270000,5935316.840000003600000,9.945391297000072,53.562987488000033,,9.945,53.563
8730,8731,2,3,5,317,2019,6,11,1,3,5,3,0,0,1,1,0,0,0.0,0,563941.900686557400000,5939020.278885155900000,9.966160090000074,53.596111477000079,,9.966,53.596
8734,8735,2,3,7,319,2019,6,19,7,3,5,2,0,0,1,1,0,0,0.0,0,560232.816973025910000,5943054.006896313300000,9.910904010000024,53.632803392000028,,9.911,53.633
8745,8746,2,3,1,306,2019,11,10,2,3,3,6,0,1,1,0,0,0,0.0,0,563430.480562799610000,5936394.044559644500000,9.957899890000022,53.572570894000080,,9.958,53.573
8755,8756,2,4,2,405,2019,8,1,7,3,3,2,2,0,1,1,0,0,0.0,0,565118.468966367650000,5938976.164685379700000,9.983925932000034,53.595570169000041,,9.984,53.596
8756,8757,2,2,5,215,2019,6,9,5,3,4,2,0,0,1,0,0,0,0.0,1,561236.916495082900000,5935383.128401601700000,9.924580256000070,53.563746023000078,,9.925,53.564
8761,8762,2,3,7,319,2019,6,17,5,3,5,2,0,0,1,1,0,0,0.0,0,560093.234342083330000,5944228.444446139000000,9.909020294000072,53.643374493000067,,9.909,53.643
8767,8768,2,7,10,711,2019,8,7,5,3,3,2,0,1,1,0,0,0,1.0,0,562306.974508413110000,5925082.323887670400000,9.938685497000051,53.471042252000075,,9.939,53.471
8768,8769,2,3,5,317,2019,6,13,5,3,5,3,0,0,1,1,0,0,0.0,0,563783.988804559220000,5939439.399650383700000,9.963860160000024,53.599897460000079,,9.964,53.6
8772,8773,2,4,1,402,2019,6,7,5,3,3,2,0,0,1,0,0,0,0.0,1,564431.958681004120000,5937928.848082156900000,9.973338224000031,53.586242522000077,,9.973,53.586