,OBJECTID,ULAND,UREGBEZ,UKREIS,UGEMEINDE,UJAHR,UMONAT,USTUNDE,UWOCHENTAG,UKATEGORIE,UART,UTYP1,ULICHTVERH,STRZUSTAND,IstRad,IstPKW,IstFuss,IstKrad,IstGkfz,IstSonstig,LINREFX,LINREFY,XGCSWGS84,YGCSWGS84,UIDENTSTLA,lat_short,long_short
8791,8792,2,1,14,133,2019,6,18,3,3,0,7,0,0,1,0,0,0,0.0,0,568348.832977870480000,5932739.804429836600000,10.031362942000044,53.539112055000032,,10.031,53.539
8799,8800,2,3,6,318,2019,6,8,3,3,5,3,0,0,1,1,0,0,0.0,0,562999.851674285720000,5940936.066799527000000,9.952315201000033,53.613443253000071,,9.952,53.613
8816,8817,2,4,4,407,2019,12,19,3,3,3,2,2,0,1,1,0,0,0.0,0,566873.319832979700000,5942041.686182413300000,10.011094821000029,53.622899399000062,,10.011,53.623
8820,8821,2,3,9,321,2019,8,21,2,3,4,6,2,0,1,0,0,0,0.0,0,561663.623528601600000,5938118.498278722200000,9.931562199000041,53.588279835000037,,9.932,53.588
8830,8831,2,1,3,107,2019,6,21,1,3,3,6,1,0,1,0,0,0,0.0,0,565109.651071664880000,5933742.648631844700000,9.982701514000041,53.548536409000064,,9.983,53.549
8832,8833,2,4,5,409,2019,8,12,1,3,6,6,0,0,1,0,1,0,0.0,0,565927.249596614390000,5938815.576330589100000,9.996110464000026,53.594025837000061,,9.996,53.594
8843,8844,2,2,3,209,2019,10,15,5,3,4,6,0,0,1,0,0,0,0.0,0,562665.138310713690000,5935302.264656035200000,9.946124726000051,53.562850672000081,,9.946,53.563
8855,8856,2,6,2,602,2019,8,7,6,3,3,2,0,0,1,1,0,0,0.0,0,580668.288233787750000,5927043.593545535600000,10.215751044000058,53.486174882000057,,10.216,53.486
8856,8857,2,3,4,316,2019,6,10,7,2,5,3,0,0,1,1,0,0,0.0,0,563946.244327286260000,5937400.952464804100000,9.965893776000030,53.581557642000064,,9.966,53.582
8858,8859,2,3,6,318,2019,10,13,6,3,3,6,0,0,1,0,0,0,0.0,0,562661.975659991610000,5941513.982580037800000,9.947324860000038,53.618677662000039,,9.947,53.619
8866,8867,2,2,9,221,2019,6,18,6,3,4,2,0,0,1,1,0,0,0.0,0,556617.248263298530000,5936246.008937021700000,9.854995885000051,53.572019957000066,,9.855,53.572
8871,8872,2,2,12,225,2019,8,7,6,3,5,3,0,0,1,0,0,0,0.0,0,553862.135868742130000,5936849.922217993100000,9.813498927000069,53.577737816000081,,9.813,53.578
8872,8873,2,3,1,304,2019,6,9,6,3,6,3,0,0,1,0,1,0,0.0,0,562532.276428570040000,5936190.090680854400000,9.944296795000071,53.570845722000058,,9.944,53.571
8888,8889,2,1,8,125,2019,6,12,5,3,4,2,0,0,1,1,0,0,0.0,0,570151.116999999620000,5934086.186000000700000,10.058855790000052,53.550974467000060,,10.059,53.551
8890,8891,2,6,2,603,2019,8,14,5,3,3,2,0,0,1,0,0,0,0.0,1,581366.013000000270000,5927253.490000002100000,10.226318226000046,53.487953735000076,,10.226,53.488
8898,8899,2,3,1,307,2019,6,19,5,3,3,2,0,0,1,1,0,0,0.0,0,563114.755801704710000,5936246.225533098000000,9.953102801000057,53.571280476000027,,9.953,53.571
8900,8901,2,3,1,304,2019,8,18,5,3,3,2,0,0,1,1,0,0,0.0,0,562902.783612831500000,5936418.836347186900000,9.949937040000066,53.572857243000044,,9.95,53.573
8904,8905,2,1,4,111,2019,8,12,5,3,5,3,0,0,1,1,0,0,0.0,0,564242.301888242360000,5933998.341374311600000,9.969665197000040,53.550941233000060,,9.97,53.551
8911,8912,2,4,6,415,2019,6,10,4,3,5,3,0,0,1,1,0,0,0.0,0,568042.491619022560000,5936163.203319486200000,10.027486316000022,53.569918406000056,,10.027,53.57
8914,8915,2,3,9,321,2019,6,10,4,3,5,3,0,0,1,1,0,0,0.0,0,561745.619516087700000,5937855.114607812800000,9.932748620000041,53.585903064000036,,9.933,53.586
8922,8923,2,3,7,319,2019,6,10,4,3,5,3,0,0,1,1,0,0,0.0,0,560126.817812080500000,5944071.931729065300000,9.909497971000064,53.641964005000034,,9.909,53.642
8925,8926,2,1,3,106,2019,6,17,4,2,5,3,0,0,1,1,0,0,0.0,0,564334.845393786210000,5933924.089478764700000,9.971046539000042,53.550262577000069,,9.971,53.55
8943,8944,2,3,7,319,2019,8,22,7,3,5,3,2,1,1,1,0,0,0.0,0,561612.739000000990000,5942633.631000001000000,9.931686407000029,53.628864756000041,,9.932,53.629
8956,8957,2,2,3,209,2019,6,17,3,3,3,6,0,0,1,0,0,0,0.0,1,562576.285185579210000,5935325.920152872800000,9.944788151000068,53.563073874000054,,9.945,53.563
8961,8962,2,2,3,209,2019,8,14,6,3,3,6,0,0,1,0,0,0,0.0,0,562180.963524822150000,5935384.265217758700000,9.938832007000030,53.563645231000066,,9.939,53.564
8975,8976,2,3,6,318,2019,6,10,7,3,5,2,0,0,1,1,0,0,0.0,0,563329.912243168800000,5940652.251300845300000,9.957245985000043,53.610852735000037,,9.957,53.611
8985,8986,2,1,4,111,2019,12,23,6,3,4,2,2,0,1,1,0,0,0.0,0,564258.086836763660000,5933987.068492051200000,9.969901099000026,53.550837989000058,,9.97,53.551
8986,8987,2,1,4,110,2019,5,14,5,3,0,5,0,1,1,1,0,0,0.0,0,563686.452143082400000,5934930.202691629500000,9.961466431000076,53.559383890000049,,9.961,53.559
8991,8992,2,2,5,217,2019,8,7,5,3,5,3,0,1,1,1,0,0,0.0,0,558269.871743838300000,5935922.644135300100000,9.879889179000031,53.568932763000078,,9.88,53.569
8995,8996,2,3,7,319,2019,11,16,3,3,5,3,1,1,1,0,0,0,0.0,1,561625.375589368860000,5942619.889902068300000,9.931874744000027,53.628739774000053,,9.932,53.629
9003,9004,2,4,6,415,2019,10,17,3,3,6,4,0,0,1,0,1,0,0.0,0,568118.392419363370000,5936064.465275481300000,10.028610730000025,53.569021187000033,,10.029,53.569
9004,9005,2,3,6,318,2019,5,19,4,3,5,3,0,0,1,1,0,0,0.0,0,563069.504000000660000,5940868.639000002300000,9.953354264000041,53.612828881000041,,9.953,53.613
9006,9007,2,1,4,111,2019,8,0,5,2,5,3,2,0,1,1,0,0,0.0,0,563830.048523722220000,5934797.122859207900000,9.963606771000059,53.558170417000042,,9.964,53.558
9008,9009,2,4,1,402,2019,5,13,4,3,5,2,0,0,1,1,0,0,0.0,0,564651.894886828960000,5938071.543604882400000,9.976689719000035,53.587497889000076,,9.977,53.587
9010,9011,2,1,3,106,2019,8,22,5,3,5,3,2,1,1,1,0,0,0.0,0,564325.377038781530000,5933931.668772276500000,9.970905209000023,53.550331855000081,,9.971,53.55
9011,9012,2,1,4,111,2019,5,23,4,3,3,2,2,0,1,1,0,0,0.0,0,563985.135486909190000,5934238.762298246800000,9.965833371000031,53.553133375000073,,9.966,53.553
9014,9015,2,2,3,209,2019,10,19,1,3,5,3,2,1,1,1,0,0,0.0,0,562524.733962328170000,5936050.865426857000000,9.944155040000055,53.569595356000036,,9.944,53.57
9019,9020,2,4,7,417,2019,10,17,5,3,5,3,1,0,1,1,0,0,0.0,0,568692.581117231400000,5935231.597989082300000,10.037096483000028,53.561461267000027,,10.037,53.561
9034,9035,2,2,3,209,2019,11,7,6,3,4,2,1,0,1,1,0,0,0.0,0,562347.805132824000000,5935378.414934542000000,9.941349505000062,53.563572858000043,,9.941,53.564
9035,9036,2,4,7,417,2019,5,21,7,3,1,5,2,0,1,1,0,0,0.0,0,568433.194598440080000,5935643.707063822100000,10.033271322000076,53.565198824000049,,10.033,53.565
9037,9038,2,4,5,409,2019,8,15,4,3,4,2,0,0,1,1,0,0,0.0,0,565913.464266180990000,5938806.069409256800000,9.995900204000066,53.593942130000073,,9.996,53.594
9054,9055,2,2,3,209,2019,5,18,6,3,3,6,0,0,1,0,0,0,1.0,0,562584.267931768670000,5935324.111421961300000,9.944908295000062,53.563056667000069,,9.945,53.563
9057,9058,2,3,1,306,2019,5,8,5,3,0,7,0,0,1,1,0,0,0.0,0,563523.216787883080000,5936608.882978869600000,9.959343844000046,53.574490491000063,,9.959,53.574
9064,9065,2,1,6,117,2019,5,7,4,3,0,2,0,1,1,1,0,0,0.0,0,568403.663297120480000,5933206.177385127200000,10.032292137000070,53.543296281000039,,10.032,53.543
9084,9085,2,2,3,209,2019,8,20,2,3,1,5,1,0,1,1,0,0,0.0,0,562486.784057254900000,5935345.145582081800000,9.943440893000059,53.563257324000062,,9.943,53.563
9087,9088,2,3,9,321,2019,5,8,3,3,5,3,0,0,1,1,0,0,0.0,0,561303.096979475580000,5938734.017706807700000,9.926237425000068,53.593854005000082,,9.926,53.594
9096,9097,2,4,4,407,2019,12,8,2,3,5,3,0,0,1,1,0,0,0.0,0,566045.232307475060000,5940836.785529680600000,9.998321077000071,53.612175897000043,,9.998,53.612
9115,9116,2,2,5,215,2019,5,22,7,3,3,2,2,0,1,1,0,0,0.0,0,561043.490721837620000,5935398.678786905500000,9.921663287000058,53.563908316000038,,9.922,53.564
9131,9132,2,4,5,409,2019,5,23,6,3,4,2,2,0,1,1,0,0,0.0,0,566091.547341208900000,5938866.176187243300000,9.998603188000061,53.594459897000036,,9.999,53.594
9152,9153,2,4,6,415,2019,8,17,5,3,3,2,0,1,1,1,0,0,0.0,0,567939.758000000380000,5936302.782999999800000,10.025965609000025,53.571186139000076,,10.026,53.571
9157,9158,2,3,7,319,2019,5,6,4,3,5,3,0,0,1,1,0,0,0.0,0,560186.072999999860000,5942609.730000002300000,9.910111265000069,53.628815901000053,,9.91,53.629
9161,9162,2,1,7,119,2019,5,8,3,2,6,3,0,0,1,0,1,0,0.0,0,567941.991683320140000,5934257.729043148500000,10.025554656000054,53.552806671000042,,10.026,53.553
9167,9168,2,3,1,304,2019,10,7,3,3,5,3,0,1,1,1,0,0,0.0,0,561935.905999999490000,5937140.917000001300000,9.935480982000058,53.579461881000043,,9.935,53.579
9173,9174,2,2,3,209,2019,5,9,3,3,5,3,0,0,1,1,0,0,0.0,0,562172.628660031590000,5935384.233341995600000,9.938706177000029,53.563645932000043,,9.939,53.564
9177,9178,2,7,10,711,2019,12,7,6,3,0,1,2,2,1,0,0,0,0.0,0,563041.479956970550000,5925064.642183153000000,9.949745979000056,53.470795912000028,,9.95,53.471
9186,9187,2,1,8,125,2019,5,18,2,3,3,2,0,0,1,1,0,0,0.0,0,570060.024511112830000,5934100.738505382100000,10.057484365000050,53.551117415000078,,10.057,53.551
9189,9190,2,3,4,316,2019,12,22,7,3,0,7,2,1,1,0,0,0,0.0,0,563841.023541177620000,5937255.893753871300000,9.964275015000055,53.580266778000066,,9.964,53.58
9193,9194,2,4,7,417,2019,8,16,4,3,3,2,0,0,1,1,0,0,0.0,0,568390.302392642950000,5935317.566755132700000,10.032552417000034,53.562273355000059,,10.033,53.562
9194,9195,2,3,6,318,2019,10,19,3,3,5,3,2,0,1,1,0,0,0.0,0,563038.989385283550000,5940896.163906352600000,9.952898647000041,53.613079927000058,,9.953,53.613
9202,9203,2,3,7,319,2019,5,17,2,3,4,2,0,0,1,1,0,0,0.0,0,560092.896854991090000,5944229.989110419500000,9.909015488000023,53.643388414000071,,9.909,53.643
9204,9205,2,2,3,209,2019,8,18,4,3,3,6,0,0,1,0,0,0,0.0,0,562597.229477361780000,5935321.174594502900000,9.945103373000052,53.563028726000027,,9.945,53.563
9207,9208,2,2,3,208,2019,8,8,4,3,3,6,0,0,1,0,0,0,0.0,0,562984.476094732990000,5935214.673038197700000,9.950927736000040,53.562025228000039,,9.951,53.562
9220,9221,2,7,14,715,2019,12,18,4,3,5,3,2,1,1,1,0,0,0.0,0,556189.327222970310000,5925202.384464250900000,9.846553222000068,53.472809693000045,,9.847,53.473
9227,9228,2,3,7,319,2019,5,13,7,3,5,3,0,0,1,1,0,0,0.0,0,560133.358165426180000,5942163.551656035700000,9.909228039000027,53.624811999000030,,9.909,53.625
9233,9234,2,1,14,132,2019,12,7,5,3,5,3,1,0,1,1,0,0,0.0,0,568397.768008443530000,5932897.871115731100000,10.032135780000033,53.540526254000042,,10.032,53.541
9240,9241,2,6,2,603,2019,8,18,2,3,3,2,0,0,1,0,0,0,0.0,0,580814.612898581660000,5927145.848864870100000,10.217982082000049,53.487071367000055,,10.218,53.487
9254,9255,2,2,9,221,2019,8,17,2,2,4,2,0,0,1,1,0,0,0.0,0,556072.627461126070000,5936334.373816156800000,9.846788245000028,53.572872636000056,,9.847,53.573
9256,9257,2,3,5,317,2019,11,19,2,3,5,7,2,0,1,1,0,0,0.0,0,563941.689000000250000,5939021.499000003600000,9.966157142000043,53.596122468000033,,9.966,53.596
9277,9278,2,4,5,412,2019,11,18,6,3,5,3,2,0,1,1,0,0,0.0,0,567478.756527056920000,5937606.377842046300000,10.019286968000074,53.582961213000033,,10.019,53.583
9282,9283,2,4,5,409,2019,5,19,3,3,4,2,0,0,1,1,0,0,0.0,0,566827.913708760400000,5938473.803998533600000,10.009643275000030,53.590840238000055,,10.01,53.591
9300,9301,2,3,1,307,2019,5,13,3,3,3,2,0,0,1,1,0,0,0.0,0,563217.706303459590000,5936186.781757313800000,9.954645197000048,53.570733841000049,,9.955,53.571
9305,9306,2,3,4,316,2019,5,18,3,3,0,2,0,0,1,1,0,0,0.0,0,564119.251885732640000,5937901.007685860600000,9.968609356000059,53.586030644000061,,9.969,53.586
9313,9314,2,6,1,601,2019,12,9,2,3,4,2,0,0,1,1,0,0,0.0,0,579789.681000000800000,5927569.152000000700000,10.202646396000034,53.491031863000046,,10.203,53.491
9317,9318,2,1,6,117,2019,8,15,6,3,5,3,0,0,1,1,0,0,0.0,0,568389.675692098220000,5933196.278189990700000,10.032078921000050,53.543209137000076,,10.032,53.543
9327,9328,2,2,3,209,2019,5,9,2,2,5,3,0,1,1,1,0,0,0.0,0,562353.596684669140000,5935377.708440480800000,9.941436794000026,53.563565820000065,,9.941,53.564
9330,9331,2,7,1,702,2019,12,16,3,3,4,6,2,0,1,0,0,0,0.0,0,565615.585355040620000,5923711.869978031100000,9.988237313000070,53.458323555000050,,9.988,53.458
9347,9348,2,3,9,321,2019,11,13,4,3,0,2,0,1,1,1,0,0,0.0,0,562089.378524373290000,5936846.338003817900000,9.937740100000042,53.576796251000076,,9.938,53.577
9349,9350,2,6,2,602,2019,7,17,4,2,6,4,0,0,1,0,1,0,0.0,0,580096.924262620510000,5927262.562853753600000,10.207198007000045,53.488229962000048,,10.207,53.488
9367,9368,2,3,9,321,2019,11,17,3,3,5,3,2,1,1,0,0,0,0.0,1,561439.315853373150000,5938581.865855466600000,9.928265305000025,53.592470616000071,,9.928,53.592
9371,9372,2,3,8,320,2019,5,21,6,3,3,2,2,0,1,1,0,0,0.0,0,560032.721110786310000,5941403.000382088100000,9.907559950000064,53.617988199000081,,9.908,53.618
9374,9375,2,1,4,111,2019,5,11,6,3,0,3,0,0,1,0,0,0,0.0,1,563828.791105203330000,5934798.797957968000000,9.963588133000030,53.558185624000032,,9.964,53.558
9380,9381,2,7,14,715,2019,7,13,2,2,5,3,0,0,1,1,0,0,0.0,0,556187.051062166690000,5925202.219863170800000,9.846518904000050,53.472808456000053,,9.847,53.473
157490,157491,2,4,13,432,2019,1,8,4,3,0,7,0,0,1,0,0,0,0.0,1,567136.191999999810000,5946247.146999999900000,10.015976584000043,53.660660427000039,,10.016,53.661
157491,157492,2,4,5,410,2019,1,15,4,3,4,2,0,0,1,1,0,0,0.0,0,566594.308041222390000,5937933.603393796800000,10.005999220000035,53.586015098000075,,10.006,53.586
157492,157493,2,4,8,421,2019,1,14,4,3,5,3,0,0,1,0,0,0,0.0,1,569072.607967627230000,5937774.769369371200000,10.043395511000028,53.584267051000040,,10.043,53.584
157494,157495,2,2,4,213,2019,1,10,4,3,4,2,0,1,1,1,0,0,0.0,0,561097.175036048520000,5934320.485501548300000,9.922262935000049,53.554211896000027,,9.922,53.554
157495,157496,2,2,1,202,2019,1,9,4,2,5,3,0,0,1,1,0,0,0.0,0,562219.685089708310000,5933466.076754020500000,9.939034748000040,53.546401154000080,,9.939,53.546
157500,157501,2,5,18,526,2019,1,8,3,3,0,7,1,0,1,0,0,0,0.0,0,577220.032976044340000,5939534.038587780700000,10.166877689000046,53.598940603000074,,10.167,53.599
157501,157502,2,5,18,526,2019,1,14,3,3,5,3,0,1,1,1,0,0,0.0,0,576511.758297973310000,5939970.211225960400000,10.156284357000061,53.602964223000072,,10.156,53.603
157508,157509,2,4,6,415,2019,1,8,3,3,0,7,0,1,1,0,0,0,0.0,1,567390.141029896210000,5936098.280501725200000,10.017623100000037,53.569419130000028,,10.018,53.569
157509,157510,2,3,9,321,2019,1,7,3,3,5,3,2,1,1,1,0,0,0.0,0,560921.934925614860000,5938261.053236531100000,9.920386830000041,53.589647733000049,,9.92,53.59
157510,157511,2,5,4,512,2019,1,9,5,3,3,2,0,0,1,0,0,0,1.0,0,575113.327605315480000,5936840.477263212200000,10.134401585000035,53.575040323000053,,10.134,53.575
157511,157512,2,2,7,219,2019,1,8,3,3,5,3,1,1,1,1,0,0,0.0,0,558660.625681450590000,5934091.114942975300000,9.885445065000056,53.552428343000031,,9.885,53.552
157512,157513,2,2,4,212,2019,1,7,3,3,5,2,2,1,1,1,0,0,0.0,0,560823.125311389570000,5934609.922851091300000,9.918183054000053,53.556845018000047,,9.918,53.557
157513,157514,2,3,3,314,2019,1,19,3,3,0,2,2,0,1,0,0,1,0.0,0,565160.736953897400000,5937382.482621716300000,9.984231614000066,53.581242160000045,,9.984,53.581
157517,157518,2,5,18,526,2019,1,19,2,3,5,3,2,1,1,1,0,0,0.0,0,576326.668543582780000,5940183.699538616500000,10.153540092000071,53.604909767000038,,10.154,53.605
157519,157520,2,4,13,432,2019,1,16,2,3,5,3,2,1,1,0,0,0,0.0,1,565588.193189154380000,5944938.343523880500000,9.992278255000031,53.649094538000043,,9.992,53.649
157520,157521,2,4,13,432,2019,1,12,2,3,0,7,0,1,1,0,0,0,0.0,1,566427.520000001420000,5944130.490000000200000,10.004801618000045,53.641728405000038,,10.005,53.642
157531,157532,2,3,5,317,2019,1,16,2,3,5,3,2,1,1,1,0,0,0.0,0,563307.689252852460000,5937438.695849185800000,9.956257684000036,53.581974323000054,,9.956,53.582
157539,157540,2,5,2,508,2019,1,16,7,3,5,2,1,0,1,1,0,0,0.0,0,571887.916429050270000,5937397.734792500700000,10.085827859000062,53.580500289000042,,10.086,53.581
157557,157558,2,6,1,601,2019,1,0,5,3,0,7,2,0,1,0,0,0,0.0,0,578526.632682053370000,5928431.693172350500000,10.183829235000076,53.498973324000076,,10.184,53.499
157560,157561,2,5,18,526,2019,1,17,5,3,5,3,2,0,1,1,0,0,0.0,0,575369.357467985710000,5942537.878703044700000,10.139644905000068,53.626204678000079,,10.14,53.626
157564,157565,2,3,8,320,2019,1,14,5,3,5,2,0,1,1,1,0,0,0.0,0,557838.649000001140000,5941187.021999999900000,9.874354721000032,53.616293995000035,,9.874,53.616
157566,157567,2,1,3,108,2019,1,13,5,3,4,6,0,0,1,0,0,0,0.0,0,565803.834549289200000,5934226.645028024900000,9.993278981000060,53.552799665000066,,9.993,53.553
157567,157568,2,7,6,707,2019,1,11,4,2,5,2,0,0,1,1,0,0,0.0,0,565348.109474908560000,5920737.556178079900000,9.983591810000064,53.431625370000063,,9.984,53.432
157568,157569,2,5,6,514,2019,1,12,4,3,5,2,0,0,1,1,0,0,0.0,0,573452.603472927590000,5938848.504781147500000,10.109798337000029,53.593321347000028,,10.11,53.593
157569,157570,2,4,13,432,2019,1,4,4,2,5,3,2,1,1,0,0,0,0.0,1,567772.743120082650000,5947254.554978936900000,10.025827731000049,53.669631875000050,,10.026,53.67
157570,157571,2,4,10,427,2019,1,17,4,3,3,2,2,0,1,1,0,0,0.0,0,568745.634138237680000,5938559.249139517500000,10.038630074000025,53.591360185000042,,10.039,53.591
157711,157712,2,1,4,111,2019,1,17,5,3,5,3,2,1,1,1,0,0,0.0,0,564176.900500641200000,5934015.268416423400000,9.968681667000055,53.551101360000075,,9.969,53.551
157717,157718,2,6,2,603,2019,1,20,4,3,5,3,2,0,1,1,0,0,0.0,0,580122.678365779110000,5926350.784184232400000,10.207353362000049,53.480032162000043,,10.207,53.48
157728,157729,2,6,1,601,2019,1,10,5,3,5,3,0,0,1,1,0,0,0.0,0,579906.569150181490000,5927636.459605978800000,10.204424929000027,53.491618998000035,,10.204,53.492
157731,157732,2,6,2,602,2019,1,8,5,3,5,3,0,0,1,1,0,0,0.0,0,578583.801025151280000,5927410.635568473500000,10.184435123000071,53.489788789000045,,10.184,53.49
157751,157752,2,5,5,513,2019,1,16,5,3,4,6,0,0,1,1,0,0,0.0,0,575322.967145142150000,5938301.130195317800000,10.137919509000028,53.588136822000081,,10.138,53.588
157752,157753,2,5,7,515,2019,1,16,5,3,5,3,1,1,1,0,0,0,0.0,0,571629.120000000110000,5940461.610000001300000,10.082623374000036,53.608070512000040,,10.083,53.608
157756,157757,2,5,12,520,2019,1,7,5,3,5,3,1,0,1,1,0,0,0.0,0,568953.338086514730000,5945293.613174494400000,10.043259014000057,53.651854630000059,,10.043,53.652
157760,157761,2,3,8,320,2019,1,8,5,3,1,5,0,0,1,0,0,0,0.0,1,560111.763335728090000,5940841.926027743100000,9.908646438000062,53.612936552000065,,9.909,53.613
157762,157763,2,7,1,702,2019,1,16,5,3,5,3,0,0,1,1,0,0,0.0,0,565227.074792881500000,5924376.270296901500000,9.982524757000022,53.464343040000074,,9.983,53.464
157767,157768,2,4,8,422,2019,1,18,4,3,5,2,2,0,1,1,0,0,0.0,0,568578.982166951520000,5936726.392463268700000,10.035709913000062,53.574909990000037,,10.036,53.575
157769,157770,2,2,6,218,2019,1,17,4,3,6,4,2,1,1,0,1,0,0.0,0,558462.807325389240000,5934872.534931540500000,9.882605667000064,53.559473437000065,,9.883,53.559
157772,157773,2,3,3,314,2019,1,11,4,3,5,3,0,0,1,1,0,0,0.0,0,565451.635040312070000,5937378.408558685300000,9.988623963000066,53.581169323000040,,9.989,53.581
157776,157777,2,6,6,607,2019,1,14,3,3,5,3,0,0,1,1,0,0,0.0,0,579839.304837630130000,5919637.613302342600000,10.201380485000072,53.419745514000056,,10.201,53.42
157788,157789,2,3,5,317,2019,1,13,3,3,5,3,0,0,1,1,0,0,0.0,0,563305.550570312890000,5937421.719436049500000,9.956221940000035,53.581822009000064,,9.956,53.582
157789,157790,2,7,13,714,2019,1,17,2,3,5,3,2,1,1,1,0,0,0.0,0,558116.489668650550000,5925338.082575013900000,9.875609462000057,53.473820112000055,,9.876,53.474
157795,157796,2,1,6,117,2019,1,7,2,3,6,7,1,0,1,0,1,0,0.0,0,567926.237000000660000,5934156.239000001900000,10.025294838000036,53.551896603000046,,10.025,53.552
157798,157799,2,5,18,526,2019,1,8,2,3,5,3,0,1,1,0,0,0,0.0,1,576106.102809712290000,5939720.667948707900000,10.150094322000029,53.600780720000046,,10.15,53.601
157805,157806,2,3,1,304,2019,1,18,2,3,4,6,2,1,1,0,0,0,0.0,0,562374.893360879270000,5936911.946803748600000,9.942064720000076,53.577352026000028,,9.942,53.577
157806,157807,2,2,4,211,2019,1,16,2,3,2,6,1,1,1,0,0,0,0.0,1,561761.486725609750000,5934670.002301933200000,9.932358341000054,53.557275408000066,,9.932,53.557
157815,157816,2,6,2,602,2019,1,13,7,3,0,3,0,1,1,1,0,0,0.0,0,580215.245278211310000,5927461.904672283700000,10.209031823000032,53.490003361000049,,10.209,53.49
157820,157821,2,1,20,141,2019,2,13,1,2,3,6,0,0,1,0,0,0,0.0,0,557238.162954858500000,5931914.958470150800000,9.863578421000057,53.533026964000044,,9.864,53.533
157822,157823,2,3,8,320,2019,1,9,7,2,5,3,0,1,1,1,0,0,0.0,0,558247.006543170660000,5941019.388718430000000,9.880495769000049,53.614742150000041,,9.88,53.615
157824,157825,2,2,3,210,2019,1,13,7,3,6,7,0,1,1,0,1,0,0.0,0,562849.802901330400000,5934930.984416119800000,9.948837714000035,53.559491765000075,,9.949,53.559
157826,157827,2,1,13,131,2019,1,7,6,2,3,2,2,0,1,0,0,0,1.0,0,571622.862726695840000,5931992.581099612600000,10.080586610000069,53.531960517000073,,10.081,53.532
157828,157829,2,4,13,432,2019,1,13,6,3,5,3,0,0,1,1,0,0,0.0,0,567923.505911990070000,5947568.355102580000000,10.028177980000066,53.672432419000074,,10.028,53.672
157829,157830,2,5,2,505,2019,1,15,7,3,6,4,0,0,1,0,1,0,0.0,0,570616.351555079220000,5936419.965616522400000,10.066404089000059,53.571885828000063,,10.066,53.572
157832,157833,2,4,8,420,2019,1,7,6,3,5,3,1,1,1,1,0,0,0.0,0,568550.648367889230000,5936751.521150399000000,10.035287597000035,53.575139527000033,,10.035,53.575
157837,157838,2,3,2,311,2019,1,16,6,3,6,4,0,0,1,0,1,0,0.0,0,564812.895401147190000,5936250.420861497500000,9.978743405000046,53.571111147000067,,9.979,53.571
157842,157843,2,5,14,522,2019,1,17,5,3,5,3,2,0,1,1,0,0,0.0,0,573711.493104791270000,5951418.442323280500000,10.116690090000077,53.706247786000063,,10.117,53.706
157843,157844,2,4,13,432,2019,1,14,7,3,5,3,0,1,1,1,0,0,0.0,0,567810.237005514090000,5947398.260905735200000,10.026426540000045,53.670918494000034,,10.026,53.671
157847,157848,2,4,8,423,2019,1,9,5,3,0,3,0,0,1,1,0,0,0.0,0,569350.647923283280000,5937590.590716879800000,10.047553820000076,53.582575134000081,,10.048,53.583
157853,157854,2,1,11,129,2019,1,16,4,3,5,3,1,0,1,1,0,0,0.0,0,573433.667999999600000,5935075.319000002000000,10.108624778000035,53.559414866000054,,10.109,53.559
157856,157857,2,3,2,311,2019,2,13,6,3,3,6,0,0,1,0,0,0,0.0,0,564842.646975612270000,5936094.065135680100000,9.979160150000041,53.569702263000067,,9.979,53.57
157859,157860,2,5,9,517,2019,1,16,4,3,5,2,0,0,1,1,0,0,0.0,0,572210.321297188290000,5943565.368951890600000,10.092125942000052,53.635883763000038,,10.092,53.636
157860,157861,2,4,11,430,2019,1,7,4,3,5,3,2,0,1,1,0,0,0.0,0,568170.643567674790000,5941692.150512855500000,10.030629792000070,53.619590833000075,,10.031,53.62
157867,157868,2,4,2,404,2019,1,18,4,3,6,4,2,0,1,0,1,0,0.0,0,565327.802620275880000,5937893.695093357900000,9.986861695000073,53.585815751000041,,9.987,53.586
157873,157874,2,4,11,430,2019,1,6,3,3,0,5,2,2,1,1,0,0,0.0,0,568577.839701497000000,5940451.539818668700000,10.036511699000073,53.608388270000034,,10.037,53.608
157874,157875,2,5,7,515,2019,1,16,3,3,5,3,1,0,1,1,0,0,0.0,0,571750.429035688750000,5942318.309855928600000,10.084884260000024,53.624739860000034,,10.085,53.625
157879,157880,2,3,6,318,2019,1,7,3,3,2,6,0,2,1,1,0,0,0.0,0,563866.331205816940000,5942600.235656637700000,9.965752363000036,53.628294568000058,,9.966,53.628
157880,157881,2,3,5,317,2019,1,17,3,3,4,2,2,0,1,1,0,0,0.0,0,563056.819124558940000,5939652.590166125400000,9.952916472000027,53.601901455000075,,9.953,53.602
157885,157886,2,5,7,515,2019,1,17,2,3,5,3,1,1,1,1,0,0,0.0,0,571554.701360808690000,5940828.199406489700000,10.081583000000023,53.611375184000053,,10.082,53.611
157886,157887,2,5,9,517,2019,1,8,2,3,3,2,0,0,1,0,0,0,0.0,1,572394.105650154870000,5943946.393312286600000,10.094993663000025,53.639282574000049,,10.095,53.639
157889,157890,2,3,5,317,2019,1,2,7,3,0,7,2,0,1,0,0,0,0.0,0,563301.441297153010000,5937380.252303073200000,9.956151469000076,53.581449828000075,,9.956,53.581
157890,157891,2,3,5,317,2019,2,15,1,3,3,6,0,0,1,1,0,0,0.0,0,563422.249217568900000,5939681.805001793400000,9.958443959000022,53.602119919000074,,9.958,53.602
157893,157894,2,3,5,317,2019,1,7,2,3,4,2,1,0,1,1,0,0,0.0,0,563320.848303573210000,5937525.623353814700000,9.956474057000037,53.582753978000028,,9.956,53.583
157895,157896,2,2,3,208,2019,1,21,2,3,0,7,2,1,1,0,0,0,0.0,0,563461.032571197490000,5935313.340783977900000,9.958141635000061,53.562854578000042,,9.958,53.563
157910,157911,2,1,4,112,2019,1,18,7,3,0,7,2,1,1,0,0,0,0.0,0,563850.426334830000000,5933813.992509271900000,9.963713555000027,53.549332234000076,,9.964,53.549
157919,157920,2,5,7,515,2019,1,14,6,3,5,3,0,1,1,1,0,0,0.0,0,573374.439000000250000,5942471.513000000300000,10.109470801000043,53.625891619000072,,10.109,53.626