,OBJECTID,ULAND,UREGBEZ,UKREIS,UGEMEINDE,UJAHR,UMONAT,USTUNDE,UWOCHENTAG,UKATEGORIE,UART,UTYP1,ULICHTVERH,STRZUSTAND,IstRad,IstPKW,IstFuss,IstKrad,IstGkfz,IstSonstig,LINREFX,LINREFY,XGCSWGS84,YGCSWGS84,UIDENTSTLA,lat_short,long_short
157922,157923,2,4,11,430,2019,1,7,6,3,0,6,2,2,1,1,0,0,0.0,0,567892.542157527990000,5942373.707833824700000,10.026574724000056,53.625752142000067,,10.027,53.626
157928,157929,2,2,2,207,2019,1,9,6,3,5,2,0,2,1,1,0,0,0.0,0,563505.799999999810000,5935214.270000003300000,9.958797299000025,53.561958782000033,,9.959,53.562
157929,157930,2,7,1,702,2019,1,8,6,3,3,2,0,2,1,1,0,0,0.0,0,565554.537436787040000,5924569.435161031800000,9.987496863000047,53.466038431000072,,9.987,53.466
157930,157931,2,5,3,511,2019,2,17,1,3,0,3,0,0,1,1,0,0,0.0,0,573183.408551753500000,5936420.555194396500000,10.105162535000034,53.571539322000035,,10.105,53.572
157939,157940,2,5,10,518,2019,1,17,5,3,3,2,1,0,1,1,0,0,0.0,0,573376.973802652210000,5945564.950008489200000,10.110238968000033,53.653691279000043,,10.11,53.654
157940,157941,2,4,13,432,2019,1,17,5,3,3,6,2,1,1,1,0,0,0.0,0,566083.435147400010000,5944984.977104960000000,9.999779394000029,53.649451316000068,,10.0,53.649
157941,157942,2,4,13,432,2019,1,8,5,3,5,3,1,1,1,1,0,0,0.0,0,566499.107388562520000,5945526.938507774800000,10.006183023000062,53.654269282000030,,10.006,53.654
157943,157944,2,4,10,426,2019,1,21,5,3,4,2,2,1,1,1,0,0,0.0,0,569802.616891218350000,5938648.599505191700000,10.054616338000073,53.592023513000072,,10.055,53.592
157944,157945,2,1,4,111,2019,2,11,1,3,1,5,0,0,1,1,0,0,0.0,0,563910.977616158310000,5933864.405923081600000,9.964637635000031,53.549777948000042,,9.965,53.55
157945,157946,2,4,2,403,2019,1,17,5,3,1,5,2,1,1,1,0,0,0.0,0,564638.745277125390000,5938837.815681966000000,9.976649896000026,53.594386171000053,,9.977,53.594
157946,157947,2,3,9,321,2019,1,10,5,3,0,1,0,1,1,0,0,0,0.0,0,562370.421062342820000,5936402.952148776500000,9.941895503000069,53.572778048000032,,9.942,53.573
157951,157952,2,1,8,123,2019,1,17,4,3,6,4,2,0,1,0,1,0,0.0,0,570098.598437003790000,5935529.224518332600000,10.058386873000075,53.563950142000067,,10.058,53.564
157960,157961,2,2,11,224,2019,1,16,4,3,0,2,1,1,1,1,0,0,0.0,0,553018.426585173230000,5935493.795200714800000,9.800527220000049,53.565635335000081,,9.801,53.566
157962,157963,2,3,5,317,2019,1,15,4,3,5,3,0,1,1,1,0,0,0.0,0,562989.668884553020000,5939315.618525337400000,9.951833761000046,53.598881073000030,,9.952,53.599
157963,157964,2,2,1,203,2019,1,14,4,3,5,2,0,1,1,1,0,0,0.0,0,562054.425796066410000,5934049.240503333500000,9.936656707000054,53.551661832000036,,9.937,53.552
157964,157965,2,3,2,311,2019,1,11,4,3,5,3,0,1,1,1,0,0,0.0,0,565024.141764036380000,5935905.042328290600000,9.981861028000026,53.567981007000071,,9.982,53.568
157965,157966,2,1,4,112,2019,1,22,4,2,5,3,2,1,1,1,0,0,0.0,0,564419.070704580280000,5933390.247420957300000,9.972207637000054,53.545454449000033,,9.972,53.545
157971,157972,2,7,4,705,2019,1,8,3,3,5,3,0,1,1,1,0,0,0.0,0,565618.585108613600000,5922800.085098143700000,9.988092239000025,53.450128604000042,,9.988,53.45
157973,157974,2,1,11,129,2019,1,15,3,2,5,3,0,1,1,1,0,0,0.0,0,572414.228398641570000,5933641.569097910100000,10.092905346000066,53.546671458000048,,10.093,53.547
157981,157982,2,5,2,508,2019,1,13,3,3,6,7,0,1,1,0,1,0,0.0,0,572085.544768345540000,5937476.247679999100000,10.088830469000072,53.581178753000074,,10.089,53.581
157984,157985,2,5,9,517,2019,1,17,3,3,0,7,2,1,1,1,0,0,0.0,0,571382.322378164160000,5944075.101072099100000,10.079722533000051,53.640578232000053,,10.08,53.641
157985,157986,2,4,10,426,2019,1,11,3,3,5,2,0,0,1,1,0,0,0.0,0,569585.106833432800000,5938073.923106374200000,10.051202495000041,53.586887799000067,,10.051,53.587
157986,157987,2,4,8,423,2019,1,20,3,3,3,2,2,1,1,1,0,0,0.0,0,569292.438689404170000,5937645.109730744700000,10.046686826000041,53.583072793000042,,10.047,53.583
157992,157993,2,3,6,318,2019,1,8,3,3,5,3,0,1,1,1,0,0,0.0,0,562939.357082400470000,5943997.887772016200000,9.952020063000077,53.640967840000030,,9.952,53.641
157993,157994,2,3,3,313,2019,1,8,3,3,1,7,0,1,1,1,0,0,0.0,0,565295.087591850200000,5936731.411926347800000,9.986124418000031,53.575374135000061,,9.986,53.575
158000,158001,2,1,12,130,2019,1,14,2,3,3,2,0,0,1,0,0,0,0.0,1,573904.438257040460000,5934842.332180090200000,10.115675406000037,53.557254967000063,,10.116,53.557
158008,158009,2,2,4,212,2019,1,11,6,3,3,6,0,1,1,1,0,0,0.0,0,560889.893545613620000,5933975.172737209100000,9.919067205000033,53.551132503000076,,9.919,53.551
158009,158010,2,5,11,519,2019,1,16,2,2,5,3,0,1,1,1,0,0,0.0,0,570644.076562404630000,5945246.244844019400000,10.068824161000066,53.651203344000066,,10.069,53.651
158015,158016,2,1,1,101,2019,1,13,6,3,0,7,0,0,1,0,1,0,0.0,0,566675.245193979700000,5933926.633924523400000,10.006366336000042,53.549993457000028,,10.006,53.55
158016,158017,2,4,8,423,2019,1,15,2,3,5,3,0,0,1,1,0,0,0.0,0,569886.712291916830000,5937303.152831580500000,10.055585299000029,53.579920761000039,,10.056,53.58
158019,158020,2,2,7,219,2019,1,14,2,2,5,2,0,0,1,1,0,0,0.0,0,559263.846889009700000,5934134.376287194000000,9.894557296000073,53.552749408000068,,9.895,53.553
158020,158021,2,3,4,316,2019,1,7,2,3,5,2,2,1,1,1,0,0,0.0,0,564177.619652307590000,5937324.720134843100000,9.969372424000028,53.580844259000060,,9.969,53.581
158021,158022,2,3,1,305,2019,1,16,2,2,5,3,0,0,1,1,0,0,0.0,0,563232.729486548340000,5936930.287175696300000,9.955022599000074,53.577414145000034,,9.955,53.577
158024,158025,2,3,5,317,2019,1,7,2,3,5,2,0,1,1,1,0,0,0.0,0,563062.361965444870000,5939636.705334479000000,9.952997009000058,53.601758027000074,,9.953,53.602
158025,158026,2,2,4,211,2019,1,9,2,3,5,2,0,1,1,1,0,0,0.0,0,561154.895862761880000,5934498.201077327100000,9.923168875000044,53.555802380000046,,9.923,53.556
158026,158027,2,7,9,710,2019,1,10,6,3,5,3,0,1,1,1,0,0,0.0,0,563400.678345213640000,5923251.367749005600000,9.954790888000048,53.454456020000066,,9.955,53.454
158031,158032,2,4,9,424,2019,1,15,1,3,5,3,0,1,1,1,0,0,0.0,0,570267.064398256130000,5937394.513484738800000,10.061349714000073,53.580691000000058,,10.061,53.581
158039,158040,2,1,8,126,2019,1,13,7,3,5,3,0,0,1,1,0,0,0.0,0,570310.766758820970000,5933620.626558251700000,10.061160400000063,53.546769104000077,,10.061,53.547
158044,158045,2,2,8,220,2019,2,16,7,3,5,3,0,1,1,1,0,0,0.0,0,557981.443300687710000,5937852.132826505200000,9.875892782000051,53.586306002000072,,9.876,53.586
158046,158047,2,3,1,306,2019,2,9,2,3,1,5,0,0,1,1,0,0,0.0,0,563198.243844916110000,5936724.366190359000000,9.954460146000031,53.575567625000076,,9.954,53.576
158048,158049,2,3,1,307,2019,2,19,6,3,1,5,2,0,1,1,0,0,0.0,0,563488.943419682790000,5935839.967719357500000,9.958669998000062,53.567584164000039,,9.959,53.568
158055,158056,2,4,5,408,2019,2,17,5,3,3,6,1,0,1,0,0,0,0.0,0,566598.930188615810000,5939437.327495008700000,10.006390133000025,53.599528697000039,,10.006,53.6
158059,158060,2,2,14,227,2019,2,8,5,3,5,3,0,1,1,1,0,0,0.0,0,550159.604593767780000,5936765.262044068400000,9.757570251000061,53.577344054000037,,9.758,53.577
158060,158061,2,1,8,122,2019,2,13,4,3,5,2,0,1,1,1,0,0,0.0,0,569894.946609992530000,5935193.189174920300000,10.055237431000023,53.560957338000037,,10.055,53.561
158062,158063,2,1,1,101,2019,2,10,5,3,2,6,0,0,1,1,0,0,0.0,0,566004.732738834810000,5934244.453359646700000,9.996314705000032,53.552934494000056,,9.996,53.553
158065,158066,2,3,1,304,2019,2,10,3,3,6,3,0,0,1,0,1,0,0.0,0,562452.356119854380000,5936815.500084029500000,9.943215192000025,53.576476009000032,,9.943,53.576
158068,158069,2,3,3,314,2019,2,8,6,3,4,6,0,0,1,0,0,0,0.0,0,566118.878384320070000,5937033.966526838000000,9.998627802000044,53.577990063000072,,9.999,53.578
158069,158070,2,3,1,305,2019,2,18,7,3,6,4,2,0,1,0,1,0,0.0,0,563015.836315787400000,5936813.315619554400000,9.951723683000068,53.576388986000040,,9.952,53.576
158074,158075,2,4,4,407,2019,2,15,4,3,0,7,0,0,1,0,1,0,0.0,0,567693.109868316910000,5941425.228909701100000,10.023353502000077,53.617253933000029,,10.023,53.617
158075,158076,2,3,2,311,2019,2,14,2,3,5,2,0,0,1,1,0,0,0.0,0,565136.123864030470000,5936012.797360433300000,9.983574150000038,53.568935538000062,,9.984,53.569
158077,158078,2,6,1,601,2019,2,11,2,3,2,7,0,0,1,1,0,0,0.0,0,578827.316066649740000,5929090.215888060600000,10.188526653000054,53.504846320000070,,10.189,53.505
158078,158079,2,5,18,526,2019,2,16,5,3,1,5,0,0,1,1,0,0,0.0,0,576166.976296429520000,5941533.341711444800000,10.151457129000050,53.617061816000046,,10.151,53.617
158080,158081,2,4,5,413,2019,2,19,2,3,1,5,2,0,1,1,0,0,0.0,0,566604.239579905760000,5936942.083822254100000,10.005937624000069,53.577102890000049,,10.006,53.577
158083,158084,2,2,4,212,2019,2,14,6,3,5,2,0,0,1,1,0,0,0.0,0,560826.118184139950000,5934118.355562256600000,9.918132577000051,53.552426743000069,,9.918,53.552
158088,158089,2,1,5,113,2019,2,16,4,3,5,2,1,1,1,1,0,0,0.0,0,567522.282489694650000,5934267.505929073300000,10.019222545000048,53.552948686000036,,10.019,53.553
158090,158091,2,2,5,215,2019,2,12,4,3,3,2,0,0,1,1,0,0,0.0,0,560826.267205630430000,5936330.966329015800000,9.918565563000072,53.572312392000072,,9.919,53.572
158092,158093,2,1,8,127,2019,2,5,1,3,0,3,2,0,1,0,0,0,0.0,1,569159.569005837660000,5933762.867806000600000,10.043820676000053,53.548200320000035,,10.044,53.548
158096,158097,2,2,11,223,2019,2,14,6,3,1,5,0,0,1,1,0,0,0.0,0,554491.967950284480000,5935305.792045334400000,9.822740998000029,53.563794679000068,,9.823,53.564
158101,158102,2,5,2,508,2019,2,19,4,3,3,7,1,0,1,1,0,0,0.0,0,572227.669790335000000,5937487.906683318300000,10.090979496000045,53.581263978000038,,10.091,53.581
158103,158104,2,1,4,110,2019,2,15,7,3,0,7,0,1,1,1,0,0,0.0,0,563559.036531293760000,5934210.427569989100000,9.959396788000049,53.552930481000033,,9.959,53.553
158105,158106,2,2,1,203,2019,2,17,2,3,6,4,0,0,1,0,1,0,0.0,0,562432.742436195720000,5934076.006657870500000,9.942371561000073,53.551857538000036,,9.942,53.552
158106,158107,2,2,5,217,2019,2,17,5,3,3,2,2,1,1,1,0,0,0.0,0,558931.089874886910000,5936068.443798337100000,9.889899928000034,53.570169286000066,,9.89,53.57
158107,158108,2,7,4,705,2019,2,8,4,3,5,3,0,1,1,1,0,0,0.0,0,565610.659800185820000,5922807.198403511200000,9.987974402000077,53.450193521000074,,9.988,53.45
158108,158109,2,3,3,313,2019,2,7,6,3,3,6,0,0,1,1,0,0,0.0,0,565292.511227480140000,5936920.387588886500000,9.986125037000022,53.577072822000048,,9.986,53.577
158117,158118,2,6,12,613,2019,2,12,7,3,4,6,0,0,1,1,0,0,0.0,0,571704.757828211410000,5928100.063584970300000,10.080931215000021,53.496967106000056,,10.081,53.497
158122,158123,2,1,8,121,2019,2,18,4,3,6,4,0,0,1,0,1,0,0.0,0,569007.324428380470000,5934571.786621209200000,10.041701818000035,53.555490190000057,,10.042,53.555
158123,158124,2,4,11,430,2019,2,16,2,3,1,5,0,0,1,1,0,0,0.0,0,568677.285224392080000,5940567.874234076600000,10.038040127000045,53.609420746000069,,10.038,53.609
158125,158126,2,3,3,314,2019,2,21,3,3,5,3,2,0,1,1,0,0,0.0,0,565404.338640169240000,5937467.081105064600000,9.987928267000029,53.581972142000041,,9.988,53.582
158127,158128,2,1,5,113,2019,2,15,7,3,0,6,0,0,1,1,0,0,0.0,0,567040.559941125100000,5934824.292609458800000,10.012071797000033,53.558014366000066,,10.012,53.558
158128,158129,2,3,3,314,2019,2,14,6,3,5,3,0,0,1,1,0,0,0.0,0,565404.538344893600000,5937466.938395535600000,9.987931253000056,53.581970834000060,,9.988,53.582
158131,158132,2,3,1,307,2019,2,4,4,3,0,3,2,0,1,0,0,0,0.0,1,563408.058625061060000,5936098.395517887500000,9.957501306000040,53.569916516000035,,9.958,53.57
158132,158133,2,4,6,414,2019,2,18,7,3,5,2,2,0,1,1,0,0,0.0,0,567189.843198694290000,5936821.671545712300000,10.014754683000035,53.575946042000055,,10.015,53.576
158140,158141,2,1,1,102,2019,2,12,3,3,6,4,0,0,1,0,1,0,0.0,0,565832.224816982630000,5933942.561291530700000,9.993647633000023,53.550242977000039,,9.994,53.55
158143,158144,2,5,18,526,2019,2,15,5,3,5,2,0,0,1,1,0,0,0.0,0,576465.146189101040000,5941223.597041338700000,10.155887673000052,53.614234800000077,,10.156,53.614
158151,158152,2,3,9,321,2019,2,18,5,3,3,2,2,1,1,1,0,0,0.0,0,560798.141741537490000,5938401.234901474800000,9.918544194000049,53.590921969000078,,9.919,53.591
158155,158156,2,5,3,511,2019,2,8,2,3,5,3,0,0,1,1,0,0,0.0,0,572791.808883594350000,5936193.634500794100000,10.099197190000041,53.569554485000026,,10.099,53.57
158157,158158,2,2,4,212,2019,2,18,5,3,5,3,1,0,1,1,0,0,0.0,0,560599.500635942440000,5934710.628852255600000,9.914827225000067,53.557775971000069,,9.915,53.558
158158,158159,2,4,12,431,2019,2,12,6,3,5,3,0,0,1,1,0,0,0.0,0,567739.883000001310000,5942653.221999999100000,10.024327669000058,53.628283920000058,,10.024,53.628
158160,158161,2,4,5,408,2019,2,14,3,3,5,3,0,0,1,1,0,0,0.0,0,567769.041299501430000,5940250.270891074100000,10.024245598000050,53.606684690000066,,10.024,53.607
158163,158164,2,1,4,112,2019,2,2,7,3,5,3,2,1,1,1,0,0,0.0,0,563366.817951287140000,5933661.925286166400000,9.956384616000037,53.548024140000052,,9.956,53.548
158172,158173,2,3,4,315,2019,2,18,4,3,6,4,2,0,1,0,1,0,0.0,0,564189.970906723290000,5936855.856842005600000,9.969462538000073,53.576628949000053,,9.969,53.577
158177,158178,2,4,10,429,2019,2,19,4,3,0,2,2,1,1,0,0,0,0.0,0,568892.676755414340000,5939593.594846772000000,10.041079758000024,53.600636591000068,,10.041,53.601
158181,158182,2,4,5,408,2019,2,17,2,2,5,3,1,0,1,1,0,0,0.0,0,567804.603798415510000,5940541.904915493000000,10.024846447000073,53.609301025000036,,10.025,53.609
158187,158188,2,4,8,419,2019,2,12,6,3,3,2,0,0,1,1,0,0,0.0,0,567902.091873569410000,5937363.235506134100000,10.025627553000049,53.580721424000046,,10.026,53.581
158188,158189,2,2,1,203,2019,2,11,7,3,6,7,0,0,1,0,1,0,0.0,0,562630.873234303670000,5933988.606379350600000,9.945344230000046,53.551048441000034,,9.945,53.551
158190,158191,2,5,2,507,2019,2,15,7,3,5,2,0,0,1,1,0,0,0.0,0,571668.505744654690000,5936963.174858657600000,10.082414658000062,53.576624950000053,,10.082,53.577
158195,158196,2,2,1,201,2019,2,8,2,3,4,2,0,0,1,0,0,0,0.0,1,562996.683022766370000,5933310.876781221500000,9.950728369000046,53.544913676000078,,9.951,53.545
158197,158198,2,1,16,137,2019,2,17,2,3,0,6,0,0,1,1,0,0,0.0,0,565607.177412160670000,5926420.103025833100000,9.988676233000035,53.482664516000057,,9.989,53.483
158204,158205,2,3,6,318,2019,2,7,6,2,6,6,0,0,1,0,1,0,0.0,0,563259.161730239170000,5940305.989533327500000,9.956106437000074,53.607749340000055,,9.956,53.608
158206,158207,2,1,1,102,2019,2,8,6,3,5,2,0,0,1,1,0,0,0.0,0,565319.778420054350000,5933600.721923291700000,9.985842812000044,53.547234778000075,,9.986,53.547
158209,158210,2,1,4,112,2019,2,10,4,2,0,7,0,1,1,1,0,0,0.0,0,563597.082588046790000,5933767.516673501600000,9.959880900000030,53.548945286000048,,9.96,53.549
158212,158213,2,2,1,205,2019,2,14,1,3,5,3,0,1,1,1,0,0,0.0,0,563293.913285313170000,5934452.752604067300000,9.955444541000077,53.555140369000071,,9.955,53.555
158215,158216,2,3,7,319,2019,2,19,5,3,5,2,2,0,1,1,0,0,0.0,0,560751.859495166690000,5943312.586420204500000,9.918802906000053,53.635067346000028,,9.919,53.635
158216,158217,2,4,4,407,2019,2,7,6,3,1,5,0,1,1,1,0,0,0.0,0,566832.597845068200000,5940583.590171104300000,10.010166335000065,53.609800548000067,,10.01,53.61
158217,158218,2,2,3,209,2019,2,16,3,3,6,2,0,0,1,0,1,0,0.0,0,562359.822633963080000,5935360.233167655800000,9.941527294000025,53.563408024000069,,9.942,53.563
158222,158223,2,2,1,204,2019,2,19,7,3,3,7,2,0,1,1,0,0,0.0,0,562514.985107658430000,5934535.596604809200000,9.943704670000045,53.555978257000049,,9.944,53.556
158225,158226,2,7,4,705,2019,2,13,4,3,5,3,0,0,1,1,0,0,0.0,0,565575.989046647210000,5922808.616900190700000,9.987452705000067,53.450210585000036,,9.987,53.45
158230,158231,2,5,18,526,2019,2,13,6,3,4,2,0,0,1,1,0,0,0.0,0,576338.732939189300000,5939394.887383438600000,10.153529211000034,53.597819195000056,,10.154,53.598
158232,158233,2,1,3,108,2019,2,17,1,3,3,2,0,0,1,1,0,0,0.0,0,565527.865484930570000,5934815.845520148100000,9.989237553000066,53.558129473000065,,9.989,53.558
158236,158237,2,6,1,601,2019,2,11,7,3,1,5,0,0,1,1,0,0,0.0,0,580125.178169086580000,5927584.847550153700000,10.207706023000071,53.491121933000045,,10.208,53.491
158241,158242,2,1,7,119,2019,2,15,4,3,3,2,0,0,1,1,0,0,0.0,0,568732.014164612630000,5934229.633070929000000,10.037471388000029,53.552451335000057,,10.037,53.552
158243,158244,2,4,4,407,2019,2,14,3,3,5,2,0,1,1,1,0,0,0.0,0,565803.688846556470000,5939711.621104160300000,9.994432979000067,53.602094267000041,,9.994,53.602
158245,158246,2,2,8,220,2019,2,16,6,3,5,3,0,1,1,1,0,0,0.0,0,556969.473367235620000,5939138.751146545600000,9.860842449000074,53.597980430000064,,9.861,53.598
158248,158249,2,1,3,105,2019,2,15,7,3,0,7,0,0,1,0,0,0,0.0,0,564502.197289160450000,5933574.502051441000000,9.973499979000053,53.547100198000066,,9.973,53.547
158250,158251,2,3,1,308,2019,2,8,4,3,5,3,0,1,1,1,0,0,0.0,0,563562.732636615630000,5936150.964102946200000,9.959847319000062,53.570370250000053,,9.96,53.57
158256,158257,2,5,10,518,2019,2,16,4,3,4,6,0,0,1,1,0,0,0.0,0,572908.172826251950000,5946788.465513188400000,10.103434331000074,53.664752275000069,,10.103,53.665
158257,158258,2,4,8,422,2019,2,15,2,3,5,3,0,0,1,1,0,0,0.0,0,568853.537749659270000,5936298.425382318000000,10.039761255000030,53.571027850000064,,10.04,53.571
158259,158260,2,3,1,309,2019,2,16,3,3,0,7,0,0,1,0,0,0,0.0,0,564100.898267678920000,5936410.818084245500000,9.968026114000054,53.572640156000034,,9.968,53.573
158262,158263,2,1,16,137,2019,2,6,5,3,2,6,2,0,1,1,0,0,0.0,1,566312.575642920100000,5925766.826509024900000,9.999166603000049,53.476704902000051,,9.999,53.477
158268,158269,2,5,17,525,2019,2,11,7,3,1,7,0,0,1,1,0,0,0.0,0,576685.442766811700000,5946594.889192825200000,10.160541334000072,53.662472355000034,,10.161,53.662
158270,158271,2,4,4,407,2019,2,11,2,3,1,6,0,0,1,1,0,0,0.0,0,566471.845859467980000,5940279.990870986100000,10.004649771000061,53.607117958000060,,10.005,53.607
158271,158272,2,4,13,432,2019,2,8,2,3,5,3,0,0,1,1,0,0,0.0,0,566039.813257162460000,5947430.545296041300000,9.999639495000054,53.671435294000048,,10.0,53.671
158272,158273,2,5,5,513,2019,2,16,2,3,5,2,0,0,1,1,0,0,0.0,0,574225.254206848330000,5937714.099237516500000,10.121200004000059,53.583017824000081,,10.121,53.583
158277,158278,2,2,8,220,2019,2,10,4,3,1,5,0,0,1,1,0,0,0.0,0,557365.135062833320000,5938246.867094075300000,9.866656324000076,53.589921467000067,,9.867,53.59
158280,158281,2,7,9,710,2019,2,14,3,3,5,3,0,0,1,1,0,0,0.0,0,562691.802775042130000,5923570.577865835300000,9.944180723000045,53.457409751000057,,9.944,53.457
158283,158284,2,4,13,432,2019,2,8,3,3,0,2,0,1,1,1,0,0,0.0,0,566857.338974659330000,5944963.699486328300000,10.011481250000031,53.649161764000041,,10.011,53.649
158289,158290,2,3,1,309,2019,2,10,5,3,5,3,0,0,1,1,0,0,0.0,0,564117.432303435170000,5935753.181177062900000,9.968140755000036,53.566727767000032,,9.968,53.567
158291,158292,2,3,9,321,2019,2,17,6,3,0,7,1,0,1,0,0,0,0.0,0,560943.937267523260000,5938430.856613429300000,9.920752362000030,53.591171262000046,,9.921,53.591
158293,158294,2,3,6,318,2019,2,15,4,3,5,3,0,0,1,1,0,0,0.0,0,564264.374000000770000,5944219.585000002800000,9.972104933000026,53.642799233000062,,9.972,53.643
158303,158304,2,5,6,514,2019,2,16,4,3,0,6,0,0,1,0,0,0,0.0,0,572935.858393537810000,5939308.747208500300000,10.102100054000061,53.597529632000033,,10.102,53.598
158304,158305,2,5,12,520,2019,2,9,2,2,5,3,0,0,1,1,0,0,0.0,0,569478.257985564880000,5944740.789432760300000,10.051075978000028,53.646816986000033,,10.051,53.647
158306,158307,2,2,8,220,2019,2,15,3,3,3,2,0,0,1,1,0,0,0.0,0,557337.735985864890000,5938989.133017312700000,9.866378904000044,53.596595581000031,,9.866,53.597
158308,158309,2,3,6,318,2019,2,8,6,3,6,7,0,0,1,0,1,0,0.0,0,562943.855211975980000,5941665.751934154000000,9.951616355000056,53.620007851000082,,9.952,53.62
158317,158318,2,4,2,404,2019,2,17,7,3,5,7,1,0,1,1,0,0,0.0,0,565227.810289273970000,5937806.775698903900000,9.985333256000047,53.585047036000049,,9.985,53.585
158329,158330,2,4,1,402,2019,3,19,6,3,1,5,1,0,1,1,0,0,0.0,0,564315.412643011660000,5937602.037863425900000,9.971510544000068,53.583319705000065,,9.972,53.583
158331,158332,2,1,4,111,2019,3,16,6,3,0,7,0,0,1,0,0,0,1.0,0,563816.284873223860000,5934602.482724368600000,9.963359279000031,53.556422798000028,,9.963,53.556
158332,158333,2,1,16,137,2019,2,8,2,3,5,2,0,0,1,1,0,0,0.0,0,565881.720000001600000,5930343.900000000400000,9.993637073000059,53.517894641000055,,9.994,53.518
158333,158334,2,1,16,137,2019,2,5,5,3,1,5,2,1,1,0,0,0,0.0,1,565160.979383269320000,5930970.281288407700000,9.982898835000071,53.523613965000038,,9.983,53.524
158337,158338,2,5,17,525,2019,2,13,5,3,2,6,0,0,1,1,0,0,0.0,0,576693.726735811680000,5944815.906561302000000,10.160227592000069,53.646484147000081,,10.16,53.646
158340,158341,2,1,2,103,2019,3,8,6,3,5,2,0,0,1,1,0,0,0.0,0,565944.024826912210000,5933180.083365794300000,9.995174050000060,53.543376372000068,,9.995,53.543
158341,158342,2,6,1,601,2019,2,7,3,3,5,3,0,0,1,0,0,0,0.0,1,580295.018169960940000,5928516.086944920900000,10.210503697000036,53.499464786000033,,10.211,53.499
158346,158347,2,7,14,715,2019,2,13,5,2,2,6,0,0,1,0,0,0,0.0,0,556713.534392994830000,5924942.225261278500000,9.854403047000062,53.470415253000056,,9.854,53.47
158347,158348,2,6,2,602,2019,2,17,5,3,5,2,1,0,1,1,0,0,0.0,0,579836.223833584230000,5927198.145381083700000,10.203253371000073,53.487690677000046,,10.203,53.488
158349,158350,2,5,7,515,2019,2,11,5,3,5,2,0,0,1,1,0,0,0.0,0,573651.381534558720000,5942354.370913669500000,10.113629773000071,53.624800007000033,,10.114,53.625
158351,158352,2,5,18,526,2019,2,17,5,2,6,7,0,0,1,0,1,0,0.0,0,576569.739560188730000,5939833.194883769400000,10.157126746000074,53.601724432000026,,10.157,53.602
158355,158356,2,1,5,114,2019,2,17,2,3,1,5,0,0,1,1,0,0,0.0,0,567232.386517696080000,5934240.090390432600000,10.014841539000031,53.552739502000065,,10.015,53.553
158357,158358,2,5,3,510,2019,2,16,2,3,6,3,0,0,1,0,1,0,0.0,0,570552.278743070550000,5936365.870898541100000,10.065424463000056,53.571408298000051,,10.065,53.571
158360,158361,2,3,8,320,2019,2,7,5,3,0,7,0,0,1,0,0,0,0.0,1,558941.193829491730000,5940332.931525481900000,9.890858245000061,53.608495022000056,,9.891,53.608
158361,158362,2,3,6,318,2019,2,18,5,3,4,6,2,0,1,1,0,0,0.0,0,563302.067167036240000,5940574.829178627600000,9.956809434000036,53.610160288000031,,9.957,53.61
158365,158366,2,3,6,318,2019,2,15,3,3,5,3,0,0,1,1,0,0,0.0,0,562509.914631694560000,5941535.066411569700000,9.945030576000022,53.618885319000071,,9.945,53.619
158366,158367,2,2,3,209,2019,2,17,5,3,6,4,0,0,1,0,1,0,0.0,0,562435.350582928400000,5935417.607115231500000,9.942678934000071,53.563914684000054,,9.943,53.564
158374,158375,2,5,6,514,2019,3,12,3,3,5,3,0,0,1,1,0,0,0.0,0,573713.076339215970000,5939712.148080989700000,10.113937188000023,53.601046197000073,,10.114,53.601
158375,158376,2,5,18,526,2019,3,20,3,2,5,3,2,1,1,1,0,0,0.0,0,577810.982985893260000,5940821.071204453700000,10.176126842000031,53.610419277000062,,10.176,53.61
158377,158378,2,5,11,519,2019,3,16,3,3,5,3,0,0,1,1,0,0,0.0,0,572204.704787084830000,5945508.140907863200000,10.092492188000051,53.653343877000054,,10.092,53.653
158381,158382,2,4,5,413,2019,3,9,3,3,5,3,0,0,1,1,0,0,0.0,0,566574.481959898960000,5937309.617528535400000,10.005566651000038,53.580409755000062,,10.006,53.58
158384,158385,2,3,1,303,2019,3,19,3,3,0,7,1,1,1,1,0,0,0.0,0,562872.747896387240000,5936909.486500250200000,9.949582324000062,53.577270475000034,,9.95,53.577
158385,158386,2,3,1,302,2019,3,8,3,3,5,3,0,0,1,1,0,0,0.0,0,562754.787893459200000,5937472.548437785400000,9.947914221000076,53.582345019000059,,9.948,53.582
158395,158396,2,5,8,516,2019,3,17,2,3,5,3,0,0,1,1,0,0,0.0,0,569830.369343469850000,5940223.126538353000000,10.055388226000048,53.606170086000077,,10.055,53.606
158396,158397,2,2,10,222,2019,3,13,2,3,5,3,0,1,1,1,0,0,0.0,0,555636.609728404320000,5934724.717059677500000,9.839917765000052,53.558452098000032,,9.84,53.558
158397,158398,2,2,1,205,2019,3,8,2,3,0,3,0,1,1,1,0,0,0.0,0,562847.918221204540000,5934011.352515040000000,9.948624366000047,53.551226933000066,,9.949,53.551
158409,158410,2,1,1,102,2019,3,13,1,3,5,3,0,0,1,0,0,0,0.0,0,565711.495519155640000,5933818.752850480400000,9.991799671000024,53.549145403000068,,9.992,53.549
158411,158412,2,1,11,128,2019,3,20,7,3,4,2,2,0,1,1,0,0,0.0,0,571990.425888287830000,5934242.942922374200000,10.086648861000072,53.552134264000074,,10.087,53.552
158414,158415,2,5,3,510,2019,3,17,7,3,5,3,0,0,1,1,0,0,0.0,0,570768.361122876410000,5936383.066309334700000,10.068690842000024,53.571533731000045,,10.069,53.572