,OBJECTID,ULAND,UREGBEZ,UKREIS,UGEMEINDE,UJAHR,UMONAT,USTUNDE,UWOCHENTAG,UKATEGORIE,UART,UTYP1,ULICHTVERH,STRZUSTAND,IstRad,IstPKW,IstFuss,IstKrad,IstGkfz,IstSonstig,LINREFX,LINREFY,XGCSWGS84,YGCSWGS84,UIDENTSTLA,lat_short,long_short
158419,158420,2,3,5,317,2019,3,8,7,3,5,3,0,0,1,1,0,0,0.0,0,564136.091948692690000,5939322.354647574900000,9.969155990000047,53.598802579000051,,9.969,53.599
158420,158421,2,2,4,213,2019,3,11,7,3,0,3,0,0,1,1,0,0,0.0,0,561439.118879080750000,5934050.700743505700000,9.927370823000047,53.551747322000040,,9.927,53.552
158425,158426,2,1,7,120,2019,3,22,6,3,5,3,2,0,1,1,0,0,0.0,0,568008.932687507940000,5934378.023644717400000,10.026591092000047,53.553879109000036,,10.027,53.554
158427,158428,2,5,18,526,2019,3,13,6,3,3,2,0,0,1,1,0,0,0.0,0,575713.034412307660000,5939674.965062378000000,10.144144586000039,53.600426933000051,,10.144,53.6
158433,158434,2,4,4,407,2019,3,8,6,3,5,2,0,0,1,1,0,0,0.0,0,567366.528148286040000,5941147.203336622600000,10.018357112000047,53.614797403000068,,10.018,53.615
158440,158441,2,7,1,702,2019,3,18,5,3,5,3,1,0,1,1,0,0,0.0,0,565041.056089879010000,5923909.026861708600000,9.979626501000041,53.460166734000040,,9.98,53.46
158448,158449,2,5,9,517,2019,3,15,5,3,3,2,0,0,1,1,0,0,0.0,0,572129.535151349380000,5943390.788941709300000,10.090863879000040,53.634325980000028,,10.091,53.634
158453,158454,2,3,8,320,2019,3,6,5,3,5,3,0,0,1,1,0,0,0.0,0,559888.560948240570000,5938877.991992600300000,9.904895607000071,53.595311473000038,,9.905,53.595
158455,158456,2,3,3,314,2019,3,8,5,3,3,2,0,0,1,1,0,0,0.0,0,565703.620320172050000,5937566.951192364100000,9.992469179000068,53.582832285000052,,9.992,53.583
158460,158461,2,6,6,607,2019,3,19,4,3,4,2,2,0,1,1,0,0,0.0,0,578272.493248077110000,5918269.901405062500000,10.177469855000027,53.407688818000054,,10.177,53.408
158466,158467,2,5,2,507,2019,3,12,4,3,4,2,0,0,1,1,0,0,0.0,0,571010.451077084060000,5937269.077796272900000,10.072547519000068,53.579463589000056,,10.073,53.579
158467,158468,2,5,7,515,2019,3,14,4,3,3,2,0,0,1,1,0,0,0.0,0,571021.715493394060000,5940666.436104781900000,10.073491352000076,53.609993956000039,,10.073,53.61
158469,158470,2,5,9,517,2019,3,15,4,3,5,3,0,0,1,1,0,0,0.0,0,570310.803280605000000,5943137.215041255600000,10.063305934000027,53.632294588000036,,10.063,53.632
158472,158473,2,3,8,320,2019,3,19,4,3,5,3,2,0,1,1,0,0,0.0,0,559866.973552953450000,5940385.499061103900000,9.904859007000027,53.608862501000033,,9.905,53.609
158473,158474,2,1,5,114,2019,3,1,4,3,5,2,2,0,1,1,0,0,0.0,0,566507.760391891930000,5934715.579175943500000,10.004006665000077,53.557105115000070,,10.004,53.557
158475,158476,2,7,13,714,2019,3,20,3,3,5,3,2,0,1,1,0,0,0.0,0,558832.481503563930000,5925837.140239398900000,9.886488996000026,53.478225938000037,,9.886,53.478
158476,158477,2,6,5,606,2019,3,17,3,3,5,3,0,0,1,1,0,0,0.0,0,580090.091000000950000,5920648.009000003300000,10.205410121000057,53.428787720000059,,10.205,53.429
158477,158478,2,1,13,131,2019,3,18,3,3,0,7,1,0,1,0,0,0,0.0,0,572947.343209274110000,5930590.413456467900000,10.100238634000050,53.519177050000053,,10.1,53.519
158482,158483,2,5,9,517,2019,3,18,3,3,0,7,1,0,1,0,0,0,0.0,0,569911.808656289240000,5943610.683762589500000,10.057379494000031,53.636603059000038,,10.057,53.637
158484,158485,2,3,8,320,2019,3,16,3,3,4,2,0,0,1,1,0,0,0.0,0,559607.332227311100000,5940542.170015715100000,9.900965168000028,53.610300169000027,,9.901,53.61
158487,158488,2,3,9,321,2019,3,12,3,1,5,2,0,0,1,0,0,0,1.0,0,561985.584738057110000,5936407.893675658900000,9.936085680000076,53.572868071000073,,9.936,53.573
158489,158490,2,1,4,112,2019,3,14,3,3,5,2,0,0,1,1,0,0,0.0,0,564238.427957184610000,5933876.202774215500000,9.969581641000048,53.549844010000072,,9.97,53.55
158491,158492,2,7,10,711,2019,3,19,2,3,1,5,2,1,1,1,0,0,0.0,0,563592.089259572330000,5923836.107170473800000,9.957791285000042,53.459688286000073,,9.958,53.46
158495,158496,2,5,9,517,2019,3,17,2,3,3,2,0,1,1,1,0,0,0.0,0,570542.431861132380000,5943977.468524465300000,10.066998716000057,53.639814705000049,,10.067,53.64
158496,158497,2,4,13,432,2019,3,15,2,3,5,3,0,1,1,1,0,0,0.0,0,567772.191190936600000,5947252.575893692700000,10.025818947000062,53.669614161000027,,10.026,53.67
158500,158501,2,1,5,114,2019,3,16,2,3,1,5,2,0,1,1,0,0,0.0,0,566748.204666686240000,5934634.473239162900000,10.007618496000021,53.556345681000039,,10.008,53.556
158518,158519,2,1,3,105,2019,3,13,7,3,6,4,0,1,1,0,1,0,0.0,0,564522.798806675710000,5933375.404877379500000,9.973769784000069,53.545308320000061,,9.974,53.545
158521,158522,2,5,6,514,2019,3,15,6,3,5,3,0,0,1,0,0,0,0.0,0,572929.872552222570000,5939306.430239250900000,10.102009081000062,53.597509643000080,,10.102,53.598
158523,158524,2,5,5,513,2019,3,20,6,3,5,3,2,0,1,1,0,0,0.0,0,574596.026116865690000,5938150.481768764600000,10.126903787000060,53.586886900000081,,10.127,53.587
158525,158526,2,4,1,401,2019,3,16,6,3,3,5,0,1,1,1,0,0,0.0,0,564710.250206717290000,5937695.025937151200000,9.977493059000040,53.584106838000082,,9.977,53.584
158527,158528,2,3,1,308,2019,3,10,6,3,5,3,0,1,1,1,0,0,0.0,0,563861.968367537480000,5936121.064803635700000,9.964359199000057,53.570065199000055,,9.964,53.57
158528,158529,2,3,3,314,2019,3,15,6,3,1,5,0,1,1,1,0,0,0.0,0,565296.081350475550000,5937544.442052632600000,9.986309500000061,53.582680891000052,,9.986,53.583
158529,158530,2,1,3,108,2019,3,16,6,3,5,3,0,1,1,1,0,0,0.0,0,565783.593032157980000,5934781.305801821900000,9.993090223000024,53.557787070000074,,9.993,53.558
158530,158531,2,6,2,602,2019,3,10,5,3,5,3,0,1,1,1,0,0,0.0,0,580348.735405915420000,5927235.594316653900000,10.210985399000037,53.487949217000050,,10.211,53.488
158531,158532,2,1,6,118,2019,3,6,5,3,4,2,0,1,1,1,0,0,0.0,0,568838.034647036340000,5933600.583604721400000,10.038932937000027,53.546784103000050,,10.039,53.547
158535,158536,2,2,4,211,2019,3,9,5,2,5,2,0,1,1,1,0,0,0.0,0,561479.420041628180000,5934829.579186292400000,9.928132236000067,53.558742702000075,,9.928,53.559
158536,158537,2,3,2,312,2019,3,15,5,3,5,3,0,1,1,1,0,0,0.0,0,565314.194454881360000,5936154.427142642400000,9.986292248000041,53.570186262000050,,9.986,53.57
158537,158538,2,1,1,102,2019,3,17,5,3,3,6,1,1,1,1,0,0,0.0,0,565943.967583393680000,5933786.505562100600000,9.995301047000055,53.548826444000042,,9.995,53.549
158540,158541,2,5,18,526,2019,3,21,4,3,6,6,2,0,1,0,1,0,0.0,0,575971.072099904530000,5941016.180639734500000,10.148370055000044,53.612442701000077,,10.148,53.612
158541,158542,2,5,2,506,2019,3,16,4,3,5,3,0,1,1,1,0,0,0.0,0,570815.802839236330000,5937286.550851648700000,10.069612065000058,53.579646936000074,,10.07,53.58
158545,158546,2,4,7,416,2019,3,12,4,3,5,2,0,1,1,0,0,0,1.0,0,567850.867292173210000,5935495.783411517700000,10.024448199000062,53.563945031000060,,10.024,53.564
158549,158550,2,2,8,220,2019,3,12,4,3,5,2,0,1,1,1,0,0,0.0,0,556539.603646333330000,5939155.808990446900000,9.854350753000063,53.598180285000069,,9.854,53.598
158551,158552,2,3,8,320,2019,3,5,4,3,3,2,2,1,1,1,0,0,0.0,0,559855.347000001000000,5938016.913000000600000,9.904228582000030,53.587576394000052,,9.904,53.588
158553,158554,2,3,1,303,2019,3,10,4,3,1,5,0,1,1,1,0,0,0.0,0,562658.837784081700000,5937208.579176757500000,9.946412111000029,53.579984115000059,,9.946,53.58
158557,158558,2,2,4,213,2019,3,0,4,3,5,3,2,1,1,1,0,0,0.0,0,561440.305065051650000,5933899.372351337200000,9.927358988000037,53.550387131000036,,9.927,53.55
158563,158564,2,4,13,432,2019,3,9,3,3,5,3,0,0,1,1,0,0,0.0,0,566064.819675786420000,5948374.369338925900000,10.000218876000076,53.679914315000076,,10.0,53.68
158567,158568,2,2,8,220,2019,3,22,3,3,4,2,2,1,1,1,0,0,0.0,0,557994.924218712370000,5938103.514656059400000,9.876143135000064,53.588563802000067,,9.876,53.589
158574,158575,2,5,11,519,2019,3,6,2,3,5,2,1,1,1,1,0,0,0.0,0,570355.779574208890000,5947264.076850023100000,10.064920181000048,53.669376203000070,,10.065,53.669
158577,158578,2,4,6,415,2019,3,16,2,3,1,5,0,0,1,1,0,0,0.0,0,568461.307350994090000,5936561.723406065300000,10.033896948000063,53.573445464000031,,10.034,53.573
158578,158579,2,3,8,320,2019,3,7,2,3,5,3,0,1,1,1,0,0,0.0,0,559852.166703499850000,5938016.697283819300000,9.904180503000021,53.587574818000064,,9.904,53.588
158586,158587,2,5,4,512,2019,3,6,7,2,4,6,2,1,1,1,0,0,0.0,1,574349.578441511840000,5936135.017276974400000,10.122701522000057,53.568809273000056,,10.123,53.569
158590,158591,2,1,11,128,2019,3,4,7,3,9,1,2,0,1,1,0,0,0.0,0,571624.007869610560000,5933916.735997330400000,10.081044379000048,53.549252760000059,,10.081,53.549
158595,158596,2,5,6,514,2019,3,11,7,3,5,3,0,0,1,1,0,0,0.0,0,574975.115448774770000,5942243.589203300000000,10.133614055000066,53.623616580000032,,10.134,53.624
158596,158597,2,1,8,126,2019,3,7,6,3,5,3,1,1,1,1,0,0,0.0,0,570182.748895962720000,5933896.774626789600000,10.059290636000071,53.549267989000043,,10.059,53.549
158603,158604,2,4,5,410,2019,3,17,7,3,1,5,0,0,1,1,0,0,0.0,0,566788.243528603580000,5937885.769231507600000,10.008918146000042,53.585560540000074,,10.009,53.586
158605,158606,2,1,4,111,2019,3,12,6,3,6,6,0,0,1,0,1,0,0.0,0,563611.639405362310000,5933863.657664906200000,9.960120133000032,53.549807574000056,,9.96,53.55
158616,158617,2,2,4,214,2019,3,18,7,3,3,5,1,0,1,1,0,0,0.0,0,561647.599936464800000,5933909.784177284700000,9.930489426000065,53.550456408000059,,9.93,53.55
158619,158620,2,2,2,207,2019,3,12,7,3,0,7,0,0,1,1,0,0,0.0,0,563948.849561478940000,5935466.611392254000000,9.965536976000067,53.564172852000070,,9.966,53.564
158620,158621,2,3,3,314,2019,3,11,5,3,0,3,0,1,1,1,0,0,0.0,0,565502.261095181110000,5937465.811610784400000,9.989406870000039,53.581948511000064,,9.989,53.582
158629,158630,2,7,10,711,2019,3,17,4,3,0,7,1,1,1,0,0,0,0.0,0,564175.960000000890000,5924012.217000000200000,9.966619829000024,53.461200256000041,,9.967,53.461
158640,158641,2,5,7,515,2019,3,13,6,3,0,7,0,0,1,0,0,0,0.0,0,570949.835715029390000,5941321.822775295000000,10.072554373000060,53.615893606000043,,10.073,53.616
158641,158642,2,5,5,513,2019,3,18,4,3,5,2,2,1,1,1,0,0,0.0,0,573419.046939972790000,5937553.557068655300000,10.108986696000045,53.581688542000052,,10.109,53.582
158642,158643,2,5,9,517,2019,3,7,6,2,4,6,0,0,1,0,0,0,0.0,0,572935.466735946950000,5943466.594287650700000,10.103067831000033,53.634895553000035,,10.103,53.635
158645,158646,2,2,8,220,2019,3,16,6,3,5,3,0,0,1,0,0,0,0.0,1,557814.858515926640000,5937937.153181314500000,9.873392357000057,53.587088516000051,,9.873,53.587
158649,158650,2,1,4,109,2019,3,23,6,3,3,6,2,0,1,1,0,0,0.0,0,564370.760000001640000,5934827.419999998100000,9.971774547000052,53.558376674000044,,9.972,53.558
158651,158652,2,1,3,105,2019,3,16,6,3,6,6,0,0,1,1,1,0,0.0,0,564557.106388023120000,5933356.915420206300000,9.974283651000064,53.545137933000035,,9.974,53.545
158655,158656,2,3,6,318,2019,3,14,4,3,5,3,0,0,1,1,0,0,0.0,0,562689.473654339090000,5942201.093262607200000,9.947878865000064,53.624849612000048,,9.948,53.625
158658,158659,2,3,4,315,2019,3,12,4,3,1,5,0,0,1,1,0,0,0.0,0,564408.843132726850000,5937029.195218198000000,9.972803411000029,53.578159956000036,,9.973,53.578
158659,158660,2,5,6,514,2019,3,16,5,3,6,4,0,1,1,0,1,0,0.0,0,573321.401599287990000,5940789.179065709900000,10.108272897000063,53.610780234000060,,10.108,53.611
158661,158662,2,3,2,311,2019,3,19,4,3,3,2,2,1,1,1,0,0,0.0,0,564984.978593133390000,5935550.640715353200000,9.981196035000039,53.564800762000061,,9.981,53.565
158662,158663,2,5,7,515,2019,3,17,5,2,5,3,0,0,1,0,0,0,0.0,0,572033.715646601280000,5943122.481710089400000,10.089352905000055,53.631927939000036,,10.089,53.632
158663,158664,2,1,14,132,2019,3,8,3,2,5,3,0,0,1,1,0,0,0.0,0,569187.428058472460000,5932845.304397216100000,10.044038120000039,53.539950405000070,,10.044,53.54
158665,158666,2,5,2,507,2019,3,17,3,3,5,2,0,0,1,0,0,0,0.0,1,571493.553503766660000,5936900.096290195400000,10.079758412000047,53.576081940000051,,10.08,53.576
158667,158668,2,3,9,321,2019,3,18,5,3,5,3,0,0,1,1,0,0,0.0,0,561150.066588374790000,5939357.253587827100000,9.924047822000034,53.599473121000074,,9.924,53.599
158673,158674,2,2,5,217,2019,3,17,3,3,1,7,0,0,1,1,0,0,0.0,0,557819.265275798740000,5937134.928092856000000,9.873310280000055,53.579878032000067,,9.873,53.58
158674,158675,2,4,3,406,2019,3,18,5,3,1,5,1,0,1,1,0,0,0.0,0,565172.517688393590000,5940202.867908665900000,9.984998929000028,53.606588066000029,,9.985,53.607
158678,158679,2,2,3,210,2019,3,16,5,3,0,3,0,0,1,1,0,0,0.0,0,562769.756000000050000,5935085.718000004100000,9.947660516000042,53.560891989000027,,9.948,53.561
158682,158683,2,3,2,312,2019,3,10,3,3,3,2,0,1,1,0,0,0,0.0,0,566219.368088496850000,5936521.389653900600000,10.000036578000049,53.573370762000081,,10.0,53.573
158683,158684,2,1,3,108,2019,3,13,5,3,0,6,0,1,1,1,0,0,0.0,0,565079.776454828680000,5934625.782307932200000,9.982434524000041,53.556477073000053,,9.982,53.556
158684,158685,2,1,1,101,2019,3,12,3,3,6,4,0,0,1,0,1,0,0.0,0,566352.149449969640000,5934058.801460668400000,10.001518541000053,53.551222206000034,,10.002,53.551
158695,158696,2,4,7,416,2019,3,19,2,3,1,5,2,1,1,1,0,0,0.0,0,567840.834125427530000,5935620.619894448700000,10.024323848000051,53.565068250000081,,10.024,53.565
158696,158697,2,1,1,101,2019,3,9,2,3,4,2,0,1,1,1,0,0,0.0,0,566300.159567943770000,5934537.441433936400000,10.000835446000053,53.555530416000067,,10.001,53.556
158698,158699,2,1,5,113,2019,3,14,2,3,1,5,0,1,1,0,0,0,0.0,1,567097.635198106990000,5934899.704870924400000,10.012949471000070,53.558684816000039,,10.013,53.559
158699,158700,2,5,18,526,2019,3,13,4,3,3,2,0,0,1,1,0,0,0.0,0,575138.029095088130000,5938995.852835703600000,10.135293568000066,53.594406668000033,,10.135,53.594
158700,158701,2,1,5,113,2019,3,6,2,2,2,7,2,1,1,1,0,0,1.0,0,567728.279300073160000,5934848.762138385300000,10.022457387000031,53.558145991000060,,10.022,53.558
158705,158706,2,5,5,513,2019,3,11,4,3,5,3,0,1,1,0,0,0,0.0,1,572762.265482268300000,5938266.697354456400000,10.099234395000053,53.588188987000080,,10.099,53.588
158708,158709,2,6,2,603,2019,3,14,7,3,5,3,0,0,1,1,0,0,0.0,0,580122.840703110210000,5926350.669624706700000,10.207355779000068,53.480031107000059,,10.207,53.48
158712,158713,2,4,5,411,2019,3,6,4,3,6,4,0,0,1,0,1,0,0.0,0,567500.609139182600000,5938119.398506676800000,10.019727983000053,53.587568978000036,,10.02,53.588
158714,158715,2,4,2,403,2019,3,11,4,3,1,5,0,1,1,1,0,0,0.0,0,564893.926711534150000,5938450.792979946400000,9.980424377000077,53.590876387000037,,9.98,53.591
158721,158722,2,5,7,515,2019,3,19,6,3,6,4,2,0,1,0,1,0,0.0,0,571769.731049340220000,5940616.185230022300000,10.084783796000067,53.609440422000034,,10.085,53.609
158722,158723,2,2,2,207,2019,3,12,4,3,0,7,0,1,1,1,0,0,0.0,0,563884.862792217170000,5934967.820443199900000,9.964469036000025,53.559697860000028,,9.964,53.56
158723,158724,2,1,3,106,2019,3,16,4,3,3,6,0,0,1,0,0,0,0.0,0,564247.066855291840000,5933857.064981561200000,9.969708080000032,53.549670956000057,,9.97,53.55
158726,158727,2,1,3,107,2019,3,7,4,3,5,2,0,0,1,1,0,0,0.0,0,565229.285283626990000,5934197.165429491500000,9.984601683000051,53.552606425000079,,9.985,53.553
158728,158729,2,1,3,106,2019,3,13,4,3,1,5,0,0,1,0,0,0,1.0,0,564943.114942926910000,5934079.446503354200000,9.980258336000077,53.551583929000060,,9.98,53.552
158731,158732,2,4,8,421,2019,3,21,6,3,5,3,2,0,1,1,0,0,0.0,0,568711.568530741150000,5937499.463736843300000,10.037882098000068,53.581840291000049,,10.038,53.582
158732,158733,2,4,8,420,2019,3,14,6,3,5,3,0,0,1,1,0,0,0.0,0,568609.300644117410000,5936807.398235943200000,10.036185514000067,53.575634031000050,,10.036,53.576
158733,158734,2,5,6,514,2019,3,15,3,2,5,3,0,0,1,1,0,0,0.0,0,573260.621798052450000,5939092.641887225200000,10.106955626000058,53.595542235000039,,10.107,53.596
158734,158735,2,3,8,320,2019,3,20,6,3,5,3,2,0,1,1,0,0,0.0,0,559851.465661509890000,5940488.625565012900000,9.904644456000028,53.609791111000050,,9.905,53.61
158735,158736,2,1,3,108,2019,4,18,4,3,6,4,0,0,1,0,1,0,0.0,0,565571.813966920600000,5934255.215474110100000,9.989783303000024,53.553085465000038,,9.99,53.553
158737,158738,2,1,5,114,2019,4,20,4,3,3,6,2,0,1,1,0,0,0.0,1,566753.552366147750000,5934480.831391409000000,10.007666399000072,53.554964191000067,,10.008,53.555
158739,158740,2,6,2,602,2019,4,18,3,3,5,3,0,0,1,1,0,0,0.0,0,579109.673501069660000,5927365.833134388600000,10.192348035000066,53.489307365000059,,10.192,53.489
158745,158746,2,5,18,526,2019,4,18,3,3,5,3,0,0,1,1,0,0,0.0,0,575862.781676829790000,5937517.597143147100000,10.145882321000045,53.581017586000030,,10.146,53.581
158746,158747,2,5,7,515,2019,4,17,3,3,4,2,0,0,1,1,0,0,0.0,0,570913.376811674800000,5939266.530360328000000,10.071535626000070,53.597427760000073,,10.072,53.597
158748,158749,2,4,10,427,2019,4,16,3,3,4,2,0,0,1,1,0,0,0.0,0,569098.724457780830000,5938565.243006730500000,10.043965028000059,53.591367634000051,,10.044,53.591
158749,158750,2,4,8,422,2019,4,16,3,3,5,3,0,0,1,1,0,0,0.0,0,569149.450265919790000,5936501.081613915000000,10.044273909000026,53.572810218000029,,10.044,53.573
158750,158751,2,5,1,503,2019,4,9,3,3,4,2,0,0,1,1,0,0,0.0,0,569412.207390284170000,5935952.464425357100000,10.048119324000027,53.567845063000050,,10.048,53.568
158751,158752,2,2,9,221,2019,4,9,3,3,0,7,0,0,1,0,0,0,0.0,0,556870.723333320580000,5936701.356663044500000,9.858906163000029,53.576085001000081,,9.859,53.576
158752,158753,2,2,8,220,2019,4,7,3,2,4,2,0,0,1,1,0,0,0.0,0,557241.311168404300000,5939050.806210044800000,9.864933420000057,53.597160408000036,,9.865,53.597
158753,158754,2,4,4,407,2019,4,18,3,3,5,3,0,0,1,1,0,0,0.0,0,565635.669872211290000,5940288.923135716500000,9.992015856000023,53.607303646000048,,9.992,53.607
158754,158755,2,3,1,305,2019,4,18,3,3,3,6,0,0,1,1,0,0,0.0,0,563556.179927983320000,5936611.429899247400000,9.959842104000074,53.574509388000081,,9.96,53.575
158755,158756,2,4,2,404,2019,4,19,3,3,1,5,0,0,1,1,0,0,0.0,0,565671.383770030920000,5938456.115548873300000,9.992169477000061,53.590827413000056,,9.992,53.591
158756,158757,2,1,4,109,2019,4,18,3,3,4,1,0,0,1,0,0,0,0.0,0,564620.717045793310000,5935139.551768707100000,9.975611973000071,53.561151176000067,,9.976,53.561
158757,158758,2,1,1,101,2019,4,18,3,3,4,2,0,0,1,1,0,0,0.0,0,565891.780504420400000,5934148.031591197500000,9.994589697000038,53.552082117000054,,9.995,53.552
158760,158761,2,1,6,117,2019,4,18,2,3,0,7,0,0,1,1,0,0,0.0,0,567890.878392508250000,5933581.070437666000000,10.024636344000044,53.546732045000056,,10.025,53.547
158761,158762,2,5,3,510,2019,4,18,2,3,5,3,0,0,1,1,0,0,0.0,0,570254.224483892320000,5936250.284269524700000,10.060898332000022,53.570409515000051,,10.061,53.57
158763,158764,2,5,1,504,2019,4,7,2,3,5,2,0,0,1,0,0,0,0.0,0,569985.179459174160000,5936843.139158109200000,10.056969161000040,53.575773477000041,,10.057,53.576
158764,158765,2,4,6,414,2019,4,19,2,3,3,7,0,0,1,1,0,0,0.0,0,566720.736446406690000,5936712.573733821500000,10.007647752000025,53.575025440000047,,10.008,53.575
158767,158768,2,2,7,219,2019,4,7,2,3,5,3,0,0,1,1,0,0,0.0,0,558901.206483721730000,5934527.414603877800000,9.889158209000073,53.556322653000052,,9.889,53.556
158769,158770,2,3,2,311,2019,4,7,2,3,4,2,0,0,1,1,0,0,0.0,0,564777.213203156370000,5936250.688454618700000,9.978204708000021,53.571117959000048,,9.978,53.571
158770,158771,2,6,2,602,2019,4,13,1,2,4,2,0,1,1,1,0,0,0.0,0,578192.227939567530000,5927478.546950496700000,10.178551529000060,53.490457426000035,,10.179,53.49
158772,158773,2,5,10,518,2019,4,18,1,3,5,3,0,0,1,1,0,0,0.0,0,573090.248256566000000,5945360.506708556800000,10.105853440000033,53.651894137000056,,10.106,53.652
158775,158776,2,6,2,602,2019,4,17,7,3,2,6,0,0,1,0,0,0,0.0,0,580344.527501557950000,5927243.495441418100000,10.210924018000071,53.488020864000077,,10.211,53.488
158776,158777,2,5,5,513,2019,4,14,7,3,5,3,0,0,1,1,0,0,0.0,0,574923.614483929240000,5939294.846626251900000,10.132126419000031,53.597124346000044,,10.132,53.597
158782,158783,2,1,1,102,2019,4,14,7,3,0,2,0,0,1,0,0,0,0.0,1,565381.594299248420000,5933669.985332120200000,9.986790100000064,53.547849573000065,,9.987,53.548
158789,158790,2,5,10,518,2019,4,9,6,3,5,3,0,0,1,0,0,0,0.0,0,573928.822554641400000,5944900.420320162500000,10.118428971000071,53.647641627000041,,10.118,53.648
158792,158793,2,1,4,110,2019,4,0,6,3,1,5,2,0,1,1,0,0,0.0,0,563611.738457974050000,5933880.728813998400000,9.960125101000074,53.549960986000031,,9.96,53.55
158793,158794,2,1,4,112,2019,4,14,6,2,6,6,0,0,1,0,1,0,0.0,0,564045.087826994250000,5933414.120989339400000,9.966569290000052,53.545714752000038,,9.967,53.546
158794,158795,2,1,2,104,2019,4,13,6,3,6,4,0,0,1,0,1,0,0.0,0,564888.663392385470000,5933271.610349271400000,9.979268949000073,53.544330408000064,,9.979,53.544
158795,158796,2,1,12,130,2019,4,15,5,2,5,3,0,0,1,1,0,0,0.0,0,574414.976999999960000,5931959.840000001700000,10.122695225000029,53.531278237000038,,10.123,53.531
158796,158797,2,5,6,514,2019,4,15,5,3,5,3,0,0,1,1,0,0,0.0,0,573715.021680867300000,5939711.420636927700000,10.113966408000067,53.601039386000082,,10.114,53.601
158799,158800,2,5,8,516,2019,4,8,5,2,5,3,0,0,1,1,0,0,0.0,0,570219.254799422810000,5940738.289173245400000,10.061380675000066,53.610747864000075,,10.061,53.611
158805,158806,2,3,5,317,2019,4,13,5,3,2,2,0,0,1,1,0,0,0.0,0,563036.608872155660000,5939303.965651497200000,9.952540606000071,53.598770702000081,,9.953,53.599
158807,158808,2,1,20,141,2019,4,7,4,3,0,3,0,0,1,1,0,0,0.0,0,557262.908220528620000,5931513.827437855300000,9.863878340000042,53.529419061000056,,9.864,53.529
158811,158812,2,1,6,117,2019,4,17,4,3,4,2,0,0,1,1,0,0,0.0,0,568109.260086745020000,5934160.560463361400000,10.028057885000067,53.551911729000039,,10.028,53.552
158812,158813,2,5,4,512,2019,4,10,4,3,5,3,0,0,1,1,0,0,0.0,0,575443.951503217220000,5937846.808947479400000,10.139636993000067,53.584036551000054,,10.14,53.584
158816,158817,2,5,11,519,2019,4,8,4,3,0,7,0,0,1,0,0,0,0.0,1,571419.716047424820000,5946176.700412850800000,10.080770947000076,53.659459878000064,,10.081,53.659
158817,158818,2,2,12,225,2019,4,9,4,3,2,3,0,0,1,1,0,0,0.0,0,554516.134602349250000,5936629.999143464500000,9.823336983000047,53.575693663000038,,9.823,53.576
158818,158819,2,3,1,308,2019,4,14,4,3,5,3,0,0,1,1,0,0,0.0,0,564169.325491338970000,5936514.092657407700000,9.969080536000035,53.573559948000081,,9.969,53.574
158819,158820,2,3,1,309,2019,4,18,4,3,3,6,0,0,1,0,0,0,0.0,0,564053.842836333440000,5935989.029525790400000,9.967229102000033,53.568855170000063,,9.967,53.569
158821,158822,2,7,10,711,2019,4,7,4,3,4,2,0,0,1,1,0,0,0.0,0,563998.331954033110000,5925201.582699406900000,9.964187023000022,53.471911231000036,,9.964,53.472
158822,158823,2,7,15,716,2019,4,17,3,3,5,2,0,0,1,1,0,0,0.0,0,556205.028988171370000,5929110.822147801500000,9.847489793000023,53.507935894000070,,9.847,53.508
158828,158829,2,4,12,431,2019,4,9,3,3,5,3,0,0,1,0,0,0,1.0,0,567089.445365310650000,5943678.817067934200000,10.014714938000054,53.637584756000081,,10.015,53.638
158829,158830,2,4,13,432,2019,4,7,3,3,0,4,0,0,1,0,1,0,0.0,0,567988.912438109520000,5948065.248567285000000,10.029276736000043,53.676889476000042,,10.029,53.677
158830,158831,2,4,2,405,2019,4,7,3,3,2,6,0,0,1,1,0,0,0.0,0,564728.580715470020000,5938967.277071107200000,9.978033906000064,53.595538584000053,,9.978,53.596
158831,158832,2,3,2,312,2019,4,15,3,3,0,3,0,0,1,0,0,0,0.0,1,565637.914373682810000,5935099.970193062000000,9.990958302000024,53.560669219000033,,9.991,53.561
158832,158833,2,3,3,313,2019,4,14,3,3,1,6,0,0,1,0,0,0,0.0,1,565298.698865251620000,5936439.768360063400000,9.986117957000033,53.572752618000038,,9.986,53.573
158833,158834,2,1,5,114,2019,4,7,3,3,4,6,0,0,1,0,0,0,0.0,0,566593.032500142230000,5934271.067575819800000,10.005199026000071,53.553099388000078,,10.005,53.553
158835,158836,2,1,5,114,2019,4,18,3,3,3,6,0,0,1,0,0,0,0.0,0,566550.982795402410000,5934781.183335574300000,10.004673013000058,53.557689235000055,,10.005,53.558
158840,158841,2,5,2,507,2019,4,15,2,2,5,3,0,0,1,0,0,0,0.0,1,571293.896627083420000,5936479.836999209600000,10.076647645000037,53.572332255000049,,10.077,53.572
158847,158848,2,2,4,212,2019,4,9,2,3,5,3,0,0,1,0,0,0,0.0,1,560443.826190234160000,5934295.393341310300000,9.912397152000040,53.554062014000067,,9.912,53.554
158848,158849,2,2,7,219,2019,4,7,2,3,3,6,0,0,1,0,0,0,0.0,0,558566.824439471590000,5934344.267941184300000,9.884076807000042,53.554714033000039,,9.884,53.555
158849,158850,2,3,6,318,2019,4,8,2,3,1,7,0,0,1,1,0,0,0.0,0,563622.052570530210000,5943150.244696497900000,9.962171541000032,53.633267353000065,,9.962,53.633
158852,158853,2,2,1,204,2019,4,9,2,3,0,7,0,0,1,0,1,0,0.0,0,562830.646082953550000,5934798.781018681800000,9.948521970000058,53.558305901000040,,9.949,53.558
158859,158860,2,1,14,132,2019,4,15,1,3,4,2,0,0,1,1,0,0,0.0,0,569976.167921501210000,5932481.298214281000000,10.055856592000055,53.536574562000055,,10.056,53.537