,OBJECTID,ULAND,UREGBEZ,UKREIS,UGEMEINDE,UJAHR,UMONAT,USTUNDE,UWOCHENTAG,UKATEGORIE,UART,UTYP1,ULICHTVERH,STRZUSTAND,IstRad,IstPKW,IstFuss,IstKrad,IstGkfz,IstSonstig,LINREFX,LINREFY,XGCSWGS84,YGCSWGS84,UIDENTSTLA,lat_short,long_short
158872,158873,2,2,13,226,2019,4,12,4,3,0,7,0,0,1,0,0,0,0.0,0,554068.586076340640000,5936486.310758696900000,9.816553697000074,53.574448565000068,,9.817,53.574
158873,158874,2,5,10,518,2019,4,10,7,3,3,6,0,0,1,1,0,0,0.0,0,573179.305721736510000,5945676.812380360400000,10.107275087000062,53.654724250000072,,10.107,53.655
158875,158876,2,4,7,417,2019,4,19,7,2,4,6,0,0,1,1,0,0,0.0,0,568188.645675667560000,5935708.098099239200000,10.029593594000062,53.565809348000073,,10.03,53.566
158876,158877,2,2,4,213,2019,4,14,7,3,6,6,0,0,1,0,1,0,0.0,0,561234.156833897340000,5934332.496226714900000,9.924332735000064,53.554303881000067,,9.924,53.554
158881,158882,2,3,1,304,2019,4,15,4,3,3,2,0,0,1,1,0,0,0.0,0,562530.325804890130000,5936424.052700122800000,9.944314192000036,53.572948651000047,,9.944,53.573
158884,158885,2,4,9,425,2019,4,10,6,3,1,5,0,0,1,1,0,0,0.0,0,570633.174373892140000,5937649.155178045900000,10.066936207000026,53.582930284000042,,10.067,53.583
158885,158886,2,5,3,510,2019,4,13,6,3,6,6,0,0,1,0,1,0,0.0,0,570367.787384993400000,5936310.135966949200000,10.062626390000048,53.570932185000061,,10.063,53.571
158886,158887,2,5,7,515,2019,4,15,6,3,4,6,0,0,1,0,1,0,0.0,0,571877.873282458630000,5941012.071732031200000,10.086509358000058,53.612983383000028,,10.087,53.613
158888,158889,2,5,7,515,2019,4,14,6,2,5,3,0,0,1,1,0,0,0.0,0,571301.812256241220000,5941718.935832098100000,10.077965120000044,53.619414628000072,,10.078,53.619
158891,158892,2,1,5,114,2019,4,16,4,3,5,3,0,0,1,1,0,0,0.0,0,566987.390304879290000,5934038.083767134700000,10.011100788000022,53.550955347000070,,10.011,53.551
158895,158896,2,4,5,409,2019,4,7,6,3,3,6,0,0,1,1,0,0,0.0,0,565817.651122261770000,5938710.518838584400000,9.994432618000076,53.593095439000081,,9.994,53.593
158898,158899,2,2,8,220,2019,4,7,6,3,5,3,0,0,1,1,0,0,0.0,0,558137.373051570730000,5939464.274486254900000,9.878548551000051,53.600777817000051,,9.879,53.601
158902,158903,2,3,2,312,2019,4,17,6,2,1,7,0,0,1,1,0,0,0.0,0,565776.340000001710000,5935765.699999999300000,9.993187974000023,53.566634952000072,,9.993,53.567
158903,158904,2,1,12,130,2019,4,10,3,3,0,2,0,0,1,0,0,0,0.0,1,573191.291323718610000,5932799.281645843800000,10.104433649000043,53.538994143000082,,10.104,53.539
158905,158906,2,1,6,118,2019,4,8,3,3,5,3,0,0,1,1,0,0,0.0,0,569064.045918405060000,5933939.898010153300000,10.042418314000031,53.549803882000049,,10.042,53.55
158912,158913,2,1,11,129,2019,4,14,5,3,5,3,0,0,1,1,0,0,0.0,0,570794.011321713220000,5935049.535705599900000,10.068775919000075,53.559545822000075,,10.069,53.56
158913,158914,2,1,8,124,2019,4,13,3,3,5,3,0,0,1,1,0,0,0.0,0,569572.269728689450000,5934476.643227847300000,10.050207221000051,53.554560560000027,,10.05,53.555
158933,158934,2,3,9,321,2019,4,9,3,2,5,3,0,0,1,1,0,0,0.0,0,561977.558694288130000,5936423.992514863600000,9.935967686000026,53.573013705000051,,9.936,53.573
158935,158936,2,2,13,226,2019,4,18,3,3,2,6,0,0,1,1,0,0,0.0,0,553051.329250653270000,5937333.603240883000000,9.801336565000042,53.582167616000049,,9.801,53.582
158936,158937,2,2,8,220,2019,4,8,3,3,5,3,0,0,1,1,0,0,0.0,0,558231.591942195780000,5937571.083327679000000,9.879618697000069,53.583752354000069,,9.88,53.584
158939,158940,2,2,5,216,2019,4,14,5,3,4,2,0,0,1,1,0,0,0.0,0,560914.433432181370000,5935326.292578408500000,9.919700883000076,53.563272747000042,,9.92,53.563
158940,158941,2,3,1,306,2019,4,14,3,3,3,6,0,0,1,1,0,0,0.0,0,563592.938125696030000,5936586.975968055400000,9.960392169000045,53.574285159000056,,9.96,53.574
158941,158942,2,2,4,211,2019,4,19,3,3,6,7,0,0,1,0,1,0,0.0,0,561019.311630573120000,5934660.770676778600000,9.921154180000031,53.557279240000071,,9.921,53.557
158943,158944,2,1,4,111,2019,4,7,5,3,6,4,0,1,1,0,1,0,0.0,0,564096.976541303100000,5933896.689675198900000,9.967451181000058,53.550045419000071,,9.967,53.55
158944,158945,2,1,5,114,2019,4,10,3,3,0,7,0,0,1,1,0,0,0.0,0,566956.663477805440000,5934718.336582630900000,10.010782779000067,53.557072828000059,,10.011,53.557
158945,158946,2,7,1,702,2019,4,9,5,3,5,3,0,0,1,1,0,0,0.0,0,565371.394000001250000,5924610.705000001900000,9.984747069000036,53.466432104000035,,9.985,53.466
158946,158947,2,1,5,114,2019,4,12,3,3,3,2,0,0,1,0,0,0,0.0,1,567145.257343963720000,5934393.858038263400000,10.013559617000055,53.554132591000041,,10.014,53.554
158954,158955,2,5,11,519,2019,4,21,4,3,5,3,2,0,1,1,0,0,0.0,0,572791.142222828230000,5945645.560001093900000,10.101395666000030,53.654497554000045,,10.101,53.654
158959,158960,2,4,12,431,2019,4,7,4,3,3,2,0,0,1,1,0,0,0.0,0,567209.336960523390000,5943339.433013588200000,10.016454636000049,53.634519313000055,,10.016,53.635
158960,158961,2,4,12,431,2019,4,15,2,3,4,2,0,0,1,1,0,0,0.0,0,567321.367687072600000,5942496.786749593900000,10.017966359000070,53.626932009000029,,10.018,53.627
158961,158962,2,2,6,218,2019,4,16,2,2,5,3,0,0,1,1,0,0,0.0,0,558478.185186143030000,5935653.696598108900000,9.882984001000068,53.566492421000078,,9.883,53.566
158963,158964,2,4,1,401,2019,4,22,2,3,0,7,2,0,1,0,0,0,0.0,0,565045.627763604750000,5937724.114754242800000,9.982564415000070,53.584326774000033,,9.983,53.584
158964,158965,2,2,12,225,2019,4,13,4,3,5,2,0,0,1,0,0,0,0.0,0,554069.325146879070000,5936639.555867465200000,9.816591396000035,53.575825801000065,,9.817,53.576
158965,158966,2,3,2,311,2019,4,15,2,3,3,6,0,0,1,1,0,0,0.0,0,564282.657712581570000,5935822.312261847800000,9.970649409000032,53.567328853000049,,9.971,53.567
158968,158969,2,2,8,220,2019,4,17,4,3,4,6,0,0,1,0,0,0,0.0,0,558234.551371533420000,5937561.876660654300000,9.879661677000058,53.583669281000027,,9.88,53.584
158970,158971,2,2,6,218,2019,4,8,4,3,2,6,0,0,1,1,0,0,0.0,0,558686.823604168370000,5935507.700413977700000,9.886106470000073,53.565156988000069,,9.886,53.565
158972,158973,2,3,6,318,2019,4,9,4,2,5,3,0,1,1,0,0,0,0.0,0,563434.491879597310000,5943915.012483052900000,9.959491412000034,53.640163240000049,,9.959,53.64
158973,158974,2,5,3,510,2019,4,1,1,3,5,2,2,0,1,1,0,0,0.0,0,571308.630320612340000,5935872.401508078000000,10.076731414000051,53.566871244000026,,10.077,53.567
158975,158976,2,3,3,313,2019,4,14,4,3,5,3,0,1,1,1,0,0,0.0,0,565005.635051372460000,5936406.572741452600000,9.981686015000037,53.572490676000029,,9.982,53.572
158983,158984,2,1,4,112,2019,4,7,1,3,5,2,0,0,1,1,0,0,0.0,0,564236.323704460640000,5933460.510348819200000,9.969464499000026,53.546108310000079,,9.969,53.546
158984,158985,2,1,5,113,2019,4,18,1,3,4,6,0,0,1,0,0,0,0.0,0,567060.715897089800000,5935103.835347108500000,10.012436013000070,53.560524091000048,,10.012,53.561
158985,158986,2,1,12,130,2019,4,15,3,3,5,3,0,0,1,1,0,0,0.0,0,573249.088999999690000,5933194.608000000900000,10.105398176000051,53.542538859000047,,10.105,53.543
158997,158998,2,5,7,515,2019,4,14,7,2,6,7,0,0,1,0,1,0,0.0,0,571082.299532368780000,5940878.530171701700000,10.074455293000028,53.611891812000067,,10.074,53.612
159001,159002,2,4,6,415,2019,4,18,3,2,1,5,0,0,1,1,0,0,0.0,0,568361.217771329920000,5936083.066364798700000,10.032280893000063,53.569156776000057,,10.032,53.569
159003,159004,2,2,3,209,2019,4,9,7,3,5,3,0,0,1,1,0,0,0.0,0,563043.601257552390000,5935741.740396831200000,9.951926621000041,53.566755059000059,,9.952,53.567
159010,159011,2,6,14,615,2019,4,19,6,3,4,2,0,0,1,1,0,0,0.0,0,577061.655609002340000,5927361.594436839200000,10.161486142000058,53.489573181000026,,10.161,53.49
159011,159012,2,3,5,317,2019,4,18,3,3,0,7,2,0,1,1,0,0,0.0,0,563550.078145763840000,5938523.097532970800000,9.960139267000045,53.591690826000047,,9.96,53.592
159012,159013,2,4,1,402,2019,4,20,3,3,1,7,0,0,1,1,0,0,0.0,0,564655.100743616000000,5938101.990470172800000,9.976744452000048,53.587771126000064,,9.977,53.588
159014,159015,2,2,1,205,2019,4,8,3,3,4,2,0,0,1,1,0,0,0.0,0,563290.801625926050000,5934068.604731978800000,9.955319805000045,53.551688277000039,,9.955,53.552
159015,159016,2,1,6,117,2019,4,20,6,3,5,3,2,0,1,1,0,0,0.0,0,567926.237000000660000,5934156.239000001900000,10.025294838000036,53.551896603000046,,10.025,53.552
159016,159017,2,2,3,210,2019,4,14,3,3,2,6,0,0,1,1,0,0,0.0,0,561927.962431078780000,5934498.620639171500000,9.934837154000036,53.555715520000035,,9.935,53.556
159017,159018,2,5,5,513,2019,4,11,6,3,3,6,0,0,1,0,0,0,0.0,0,574705.823703710920000,5938559.684806054500000,10.128660111000045,53.590548691000038,,10.129,53.591
159020,159021,2,1,16,137,2019,4,5,2,3,5,3,2,0,1,1,0,0,0.0,0,566114.633502835410000,5925870.530888367400000,9.996206431000076,53.477661825000041,,9.996,53.478
159023,159024,2,1,16,137,2019,4,15,2,3,5,3,0,0,1,1,0,0,0.0,0,565753.997800827030000,5928156.894139248900000,9.991252323000026,53.498255328000027,,9.991,53.498
159024,159025,2,1,3,108,2019,4,11,6,3,1,5,0,0,1,1,0,0,0.0,0,565698.367229728960000,5934526.087563743800000,9.991750193000030,53.555504037000048,,9.992,53.556
159029,159030,2,5,18,526,2019,4,15,2,3,5,3,0,0,1,1,0,0,0.0,0,577788.602944971060000,5940438.352873386800000,10.175693096000032,53.606983258000071,,10.176,53.607
159031,159032,2,5,6,514,2019,4,16,2,2,1,5,0,0,1,1,0,0,0.0,0,574190.374931810420000,5941356.991850290400000,10.121540151000033,53.615760705000071,,10.122,53.616
159033,159034,2,5,2,508,2019,4,7,2,3,3,2,0,0,1,0,0,0,0.0,1,572571.269772011790000,5937244.841428197900000,10.096111925000059,53.579032141000027,,10.096,53.579
159034,159035,2,1,11,128,2019,4,7,5,3,2,5,0,0,1,1,0,0,0.0,0,570860.986489814710000,5934577.590599829300000,10.069679849000067,53.555295405000038,,10.07,53.555
159036,159037,2,5,2,508,2019,4,7,2,3,5,2,0,0,1,1,0,0,0.0,0,572952.230384922590000,5937412.472038853900000,10.101903943000025,53.580485770000053,,10.102,53.58
159038,159039,2,5,17,525,2019,4,13,2,3,5,3,0,0,1,1,0,0,0.0,0,578139.332428150810000,5944756.725214080900000,10.182076862000031,53.645738419000054,,10.182,53.646
159045,159046,2,5,7,515,2019,4,17,5,2,1,5,0,0,1,1,0,0,0.0,0,571926.482540695930000,5940282.282388422600000,10.087075519000052,53.606418178000069,,10.087,53.606
159046,159047,2,4,5,409,2019,4,15,2,3,0,4,0,0,1,0,1,0,0.0,0,566103.043763133700000,5938885.754491828400000,9.998781013000041,53.594634401000064,,9.999,53.595
159047,159048,2,4,5,413,2019,4,15,2,3,5,3,0,0,1,1,0,0,0.0,0,566037.592581488190000,5938169.793722722700000,9.997640662000038,53.588208190000046,,9.998,53.588
159049,159050,2,5,11,519,2019,4,17,5,3,5,3,0,0,1,1,0,0,0.0,0,571977.391923735850000,5944776.691887136500000,10.088884131000043,53.646801804000063,,10.089,53.647
159050,159051,2,5,1,503,2019,4,7,2,2,0,7,0,0,1,1,0,0,0.0,0,569236.961198848670000,5935671.654143251500000,10.045411364000074,53.565344554000035,,10.045,53.565
159051,159052,2,5,11,519,2019,4,15,5,3,5,3,0,0,1,0,0,0,0.0,0,570879.169999999930000,5946793.990000000200000,10.072733497000058,53.665080908000050,,10.073,53.665
159052,159053,2,3,8,320,2019,4,18,2,3,4,2,0,0,1,0,0,0,0.0,1,559951.087321519850000,5940178.226176532000000,9.906090291000055,53.606990042000064,,9.906,53.607
159054,159055,2,4,8,423,2019,4,9,5,2,4,2,0,0,1,1,0,0,0.0,0,569300.163000000640000,5937181.608000000900000,10.046700567000073,53.578906260000053,,10.047,53.579
159057,159058,2,2,5,216,2019,4,8,5,3,1,5,0,0,1,1,0,0,1.0,0,560715.679207368750000,5935420.675690472100000,9.916718808000042,53.564144040000031,,9.917,53.564
159058,159059,2,3,9,321,2019,4,9,2,3,5,3,0,0,1,1,0,0,0.0,0,561638.511647850280000,5938149.767600955400000,9.931189064000023,53.588563816000033,,9.931,53.589
159059,159060,2,3,6,318,2019,4,14,5,3,3,6,0,0,1,1,0,0,0.0,0,563270.283418130130000,5943386.417269809200000,9.956900501000064,53.635432523000077,,9.957,53.635
159061,159062,2,3,9,321,2019,4,6,2,3,5,2,0,0,1,1,0,0,0.0,0,561448.710694083010000,5939223.244299873700000,9.928533615000049,53.598233805000064,,9.929,53.598
159064,159065,2,1,17,138,2019,4,14,5,3,5,2,0,0,1,1,0,0,0.0,0,566946.200000002050000,5931151.160000003900000,10.009861527000055,53.525015193000058,,10.01,53.525
159069,159070,2,6,6,607,2019,4,11,4,3,1,5,0,0,1,1,0,0,0.0,0,574491.685160929340000,5920185.299350475900000,10.121059261000028,53.425449827000079,,10.121,53.425
159070,159071,2,1,6,118,2019,4,12,4,3,5,3,0,0,1,1,0,0,0.0,0,568908.939413490710000,5933558.039339512600000,10.039993495000033,53.546392453000067,,10.04,53.546
159071,159072,2,5,6,514,2019,4,13,4,3,4,6,0,0,1,0,0,0,0.0,0,573767.717983618380000,5940424.314324656500000,10.114931308000052,53.607438613000056,,10.115,53.607
159073,159074,2,4,10,429,2019,4,9,4,3,4,2,0,0,1,1,0,0,0.0,0,569039.298002359460000,5939397.914735840600000,10.043251705000046,53.598858714000073,,10.043,53.599
159074,159075,2,2,2,207,2019,4,7,2,3,1,5,0,0,1,1,0,0,0.0,0,563815.754655950700000,5935025.133142836400000,9.963437578000026,53.560221354000078,,9.963,53.56
159075,159076,2,5,10,518,2019,4,13,4,3,5,3,0,0,1,1,0,0,0.0,0,573927.815754933280000,5944422.591423517100000,10.118300121000061,53.643347646000052,,10.118,53.643
159076,159077,2,5,10,518,2019,4,18,4,3,0,7,0,0,1,1,0,0,0.0,0,572894.251393771730000,5945476.614020774100000,10.102915852000024,53.652964916000030,,10.103,53.653
159078,159079,2,1,4,109,2019,4,18,2,3,5,3,0,0,1,0,0,1,0.0,0,564614.815000000410000,5934894.408000001700000,9.975472193000030,53.558948727000029,,9.975,53.559
159082,159083,2,4,8,423,2019,4,9,4,3,5,3,0,0,1,1,0,0,0.0,0,569249.372967832720000,5937189.402249677100000,10.045935311000051,53.578983016000052,,10.046,53.579
159083,159084,2,1,5,114,2019,4,9,2,3,5,3,0,0,1,1,0,0,0.0,0,566644.243208525700000,5934567.358971601400000,10.006035069000063,53.555755720000036,,10.006,53.556
159084,159085,2,3,9,321,2019,4,17,4,3,5,3,0,0,1,1,0,0,0.0,0,560868.398919254540000,5939222.466226603800000,9.919765788000063,53.598294526000075,,9.92,53.598
159088,159089,2,1,16,136,2019,3,15,1,2,4,6,0,0,1,0,0,1,0.0,0,567167.542641494420000,5928224.259920675300000,10.012572554000030,53.498682173000077,,10.013,53.499
159089,159090,2,2,14,227,2019,4,13,4,3,5,2,0,0,1,1,0,0,0.0,0,550634.932430203070000,5937190.542840354100000,9.764817510000057,53.581120701000032,,9.765,53.581
159097,159098,2,4,13,432,2019,3,17,1,3,5,3,0,0,1,1,0,0,0.0,0,566544.719818749470000,5945431.790203817200000,10.006852681000055,53.653408378000051,,10.007,53.653
159099,159100,2,4,5,413,2019,3,19,1,3,1,5,0,0,1,1,0,0,0.0,0,566974.562015113420000,5937179.113967089000000,10.011580580000043,53.579185963000043,,10.012,53.579
159100,159101,2,1,4,111,2019,4,18,4,3,5,3,0,0,1,0,0,0,0.0,0,563933.772957536390000,5934009.256794229100000,9.965011260000040,53.551076994000027,,9.965,53.551
159101,159102,2,1,3,108,2019,4,9,4,3,1,5,0,0,1,1,0,0,0.0,0,565662.241447862240000,5934318.771899102300000,9.991161399000021,53.553645360000075,,9.991,53.554
159104,159105,2,2,10,222,2019,5,16,1,3,4,6,0,0,1,0,0,0,0.0,0,556358.545526759700000,5934049.736673254500000,9.850693455000055,53.552308627000059,,9.851,53.552
159106,159107,2,1,5,114,2019,5,17,1,3,5,3,0,0,1,1,0,0,0.0,0,566641.220356549140000,5934142.357674239200000,10.005898846000036,53.551936531000081,,10.006,53.552
159110,159111,2,1,20,141,2019,5,11,7,3,5,3,0,0,1,0,0,0,0.0,0,558292.210000000890000,5931960.238000003600000,9.879487706000077,53.533318023000049,,9.879,53.533
159116,159117,2,5,6,514,2019,5,12,7,3,5,3,0,0,1,1,0,0,0.0,0,575620.168606995600000,5943243.614409012700000,10.143608030000053,53.632510740000043,,10.144,53.633
159121,159122,2,3,3,314,2019,5,11,7,3,5,3,0,0,1,1,0,0,0.0,0,565404.369667171500000,5937467.058933088600000,9.987928731000068,53.581971939000027,,9.988,53.582
159122,159123,2,1,4,111,2019,5,2,7,3,4,2,2,0,1,1,0,0,0.0,0,564212.378699055870000,5933899.217865170900000,9.969193255000050,53.550054040000077,,9.969,53.55
159128,159129,2,2,9,221,2019,5,13,6,3,0,6,0,0,1,1,0,0,0.0,0,556931.234769814650000,5934707.992805015300000,9.859456630000068,53.558162965000065,,9.859,53.558
159131,159132,2,3,4,316,2019,5,7,6,3,3,3,0,0,1,0,0,0,0.0,1,563634.293625685390000,5937616.037282902700000,9.961226418000024,53.583528613000055,,9.961,53.584
159133,159134,2,3,1,309,2019,5,8,6,3,5,2,0,1,1,0,0,0,0.0,1,564156.859993707390000,5935785.346661472700000,9.968742606000035,53.567012028000079,,9.969,53.567
159136,159137,2,1,5,114,2019,5,9,6,3,5,3,0,1,1,1,0,0,0.0,0,566654.968913165850000,5934822.532561384100000,10.006251371000076,53.558047654000063,,10.006,53.558
159138,159139,2,7,9,710,2019,5,13,5,3,4,2,0,0,1,1,0,0,0.0,0,563388.622280158100000,5923412.871124766800000,9.954641911000067,53.455908980000061,,9.955,53.456
159140,159141,2,6,1,601,2019,5,8,5,3,5,3,0,0,1,1,0,0,0.0,0,580332.749673556540000,5930047.773402998200000,10.211464857000067,53.513223758000038,,10.211,53.513
159142,159143,2,5,18,526,2019,5,6,5,2,5,2,0,1,1,0,0,0,1.0,0,575257.781034456570000,5938810.526386037500000,10.137057841000058,53.592724005000036,,10.137,53.593
159144,159145,2,5,3,510,2019,5,7,5,3,5,2,0,0,1,1,0,0,0.0,0,570297.312842505980000,5936078.978466786400000,10.061510322000061,53.568864215000076,,10.062,53.569
159153,159154,2,2,5,216,2019,5,17,5,2,2,6,0,0,1,1,0,0,0.0,0,560152.698706078340000,5935396.694526709600000,9.908215180000070,53.563993345000029,,9.908,53.564
159156,159157,2,3,1,309,2019,5,12,5,3,0,7,0,0,1,1,0,0,0.0,0,563871.557039150040000,5935889.967277023900000,9.964456712000072,53.567987090000031,,9.964,53.568
159158,159159,2,1,3,108,2019,5,13,5,3,3,2,0,0,1,0,0,0,0.0,1,565524.760859667320000,5934851.984751908100000,9.989198268000052,53.558454653000069,,9.989,53.558
159159,159160,2,1,4,112,2019,5,16,5,3,5,3,0,0,1,1,0,0,0.0,0,564247.389348015190000,5933444.051753193100000,9.969628096000065,53.545959038000035,,9.97,53.546
159163,159164,2,5,7,515,2019,5,15,4,3,3,2,0,0,1,0,0,0,1.0,0,570911.328358432280000,5939296.250720966600000,10.071511438000073,53.597695133000059,,10.072,53.598
159165,159166,2,4,8,421,2019,5,12,4,3,5,3,0,0,1,1,0,0,0.0,0,568889.790387491700000,5937453.215664239600000,10.040563427000052,53.581401276000065,,10.041,53.581
159182,159183,2,4,13,432,2019,5,18,3,3,3,2,0,0,1,1,0,0,0.0,0,567389.458670861090000,5945426.317748922900000,10.019630576000054,53.653251051000041,,10.02,53.653
159183,159184,2,4,13,432,2019,5,10,3,2,5,3,0,0,1,1,0,0,0.0,0,567648.208439498210000,5945309.687273563800000,10.023519494000027,53.652169493000031,,10.024,53.652
159184,159185,2,4,8,421,2019,5,12,3,3,3,2,0,0,1,0,0,0,1.0,0,569268.471905238000000,5937655.718011137100000,10.046327220000023,53.583171296000046,,10.046,53.583
159187,159188,2,3,5,317,2019,5,16,3,3,5,3,0,0,1,1,0,0,0.0,0,563334.857979933730000,5937999.762112008400000,9.956781883000076,53.587013508000041,,9.957,53.587
159188,159189,2,2,1,202,2019,5,8,3,3,5,2,0,0,1,1,0,0,0.0,0,562621.787270856090000,5933440.735189713500000,9.945097395000062,53.546125602000075,,9.945,53.546
159193,159194,2,7,9,710,2019,5,14,2,3,6,6,0,1,1,0,1,0,0.0,0,563397.296334968880000,5923238.115943782000000,9.954737293000051,53.454337326000029,,9.955,53.454
159194,159195,2,1,16,136,2019,5,14,2,3,5,3,0,1,1,0,0,0,0.0,1,567199.625334556210000,5928089.109354630100000,10.013027173000069,53.497463441000036,,10.013,53.497
159202,159203,2,4,8,420,2019,5,15,2,3,4,6,0,0,1,0,0,0,0.0,0,568382.752529628570000,5937065.943291047600000,10.032821272000035,53.577987182000072,,10.033,53.578
159205,159206,2,2,13,226,2019,5,18,2,3,4,2,0,0,1,1,0,0,0.0,0,552382.917344371790000,5937040.211240239400000,9.791192073000048,53.579597890000059,,9.791,53.58
159206,159207,2,2,8,220,2019,5,12,2,3,5,3,0,1,1,1,0,0,0.0,0,557159.257737218400000,5938337.378695435800000,9.863562962000060,53.590757427000028,,9.864,53.591
159210,159211,2,2,3,209,2019,5,19,2,3,1,5,0,0,1,1,0,0,0.0,0,562359.307011002670000,5935484.259354690100000,9.941544266000051,53.564522753000062,,9.942,53.565
159212,159213,2,3,2,311,2019,5,18,2,3,5,2,0,0,1,1,0,0,0.0,0,564842.801825885660000,5935687.187542222400000,9.979078021000021,53.566045531000043,,9.979,53.566
159213,159214,2,1,4,112,2019,5,17,2,2,5,3,0,0,1,1,0,0,0.0,0,564081.459893072020000,5933877.184304352800000,9.967213019000042,53.549872012000037,,9.967,53.55
159216,159217,2,7,16,717,2019,5,14,1,3,5,3,0,0,1,1,0,0,0.0,0,553732.055042130870000,5930554.027873130500000,9.810452622000071,53.521165575000055,,9.81,53.521
159219,159220,2,3,3,314,2019,5,12,1,3,5,3,0,0,1,1,0,0,0.0,0,564682.358375076200000,5937038.692311218000000,9.976935777000051,53.578211651000061,,9.977,53.578
159223,159224,2,2,1,202,2019,5,15,7,3,5,2,0,1,1,1,0,0,0.0,0,562620.710881004110000,5933436.835233902600000,9.945080371000074,53.546090680000077,,9.945,53.546
159225,159226,2,1,4,111,2019,5,1,7,3,3,6,2,0,1,1,0,0,0.0,0,563798.820964277720000,5934250.815912822300000,9.963023915000065,53.553264380000030,,9.963,53.553
159230,159231,2,5,16,524,2019,5,12,6,3,5,3,0,0,1,1,0,0,0.0,0,574031.607000000770000,5946839.740000002100000,10.120445707000044,53.665055208000069,,10.12,53.665
159232,159233,2,3,8,320,2019,5,15,6,3,5,3,0,0,1,1,0,0,0.0,0,559573.200763819740000,5940570.311860276400000,9.900454722000063,53.610556973000030,,9.9,53.611
159234,159235,2,2,9,221,2019,5,7,6,3,5,3,0,0,1,1,0,0,0.0,0,557359.154426473190000,5935651.267358729600000,9.866089032000048,53.566594104000046,,9.866,53.567
159235,159236,2,6,2,602,2019,5,9,5,3,5,2,0,0,1,1,0,0,0.0,0,579765.109458074900000,5926955.999410659100000,10.202120294000053,53.485525364000068,,10.202,53.486
159239,159240,2,5,7,515,2019,5,8,5,3,5,3,0,1,1,1,0,0,0.0,0,570808.259999998850000,5939971.400000002200000,10.070107668000048,53.603776600000060,,10.07,53.604
159240,159241,2,5,8,516,2019,5,18,5,3,5,3,0,1,1,1,0,0,0.0,0,569610.714052471330000,5940649.876303684000000,10.052164396000023,53.610034510000048,,10.052,53.61
159242,159243,2,4,10,427,2019,5,12,5,3,5,2,0,0,1,1,0,0,0.0,0,569183.363873534840000,5938399.659827213700000,10.045206827000072,53.589868369000044,,10.045,53.59
159245,159246,2,3,7,319,2019,5,17,5,3,0,3,0,0,1,0,0,0,0.0,1,560470.943436975590000,5943258.567454425600000,9.914544466000052,53.634614390000081,,9.915,53.635
159246,159247,2,4,2,404,2019,5,11,5,3,5,3,0,0,1,1,0,0,0.0,0,565351.236701617950000,5938399.594365125500000,9.987321615000042,53.590359450000051,,9.987,53.59
159249,159250,2,1,3,108,2019,5,8,5,3,1,5,0,0,1,0,0,0,1.0,0,565357.127535551790000,5933899.627965582500000,9.986468885000022,53.549916478000057,,9.986,53.55
159251,159252,2,5,18,526,2019,5,0,4,3,0,1,2,0,1,0,0,0,0.0,0,575819.833444158550000,5943000.009902423200000,10.146567551000032,53.630292665000070,,10.147,53.63
159252,159253,2,5,18,526,2019,5,14,4,3,4,6,0,0,1,1,0,0,0.0,0,577652.489089540210000,5940552.459433827500000,10.173664788000053,53.608028881000052,,10.174,53.608
159254,159255,2,5,9,517,2019,5,15,4,3,3,6,0,0,1,1,0,0,0.0,0,572588.353991309180000,5943457.083247933500000,10.097816980000061,53.634858330000043,,10.098,53.635
159256,159257,2,4,5,410,2019,5,13,4,3,6,4,0,0,1,0,1,0,0.0,0,567161.096859506330000,5938394.430069074000000,10.014659087000041,53.590084319000027,,10.015,53.59
159258,159259,2,7,1,702,2019,4,16,3,3,5,3,0,0,1,1,0,0,0.0,0,565640.860457920470000,5923592.342709641900000,9.988592966000056,53.457246168000040,,9.989,53.457
159262,159263,2,1,7,120,2019,4,21,3,3,3,6,2,0,1,0,0,0,0.0,0,568107.250000000930000,5934654.541000003000000,10.028135172000077,53.556351463000055,,10.028,53.556
159263,159264,2,1,8,122,2019,4,8,3,3,5,3,0,0,1,0,0,0,1.0,0,569889.181086577480000,5935180.790746828500000,10.055147629000032,53.560846680000054,,10.055,53.561
159264,159265,2,5,18,526,2019,4,21,3,3,6,3,2,0,1,0,1,0,0.0,0,576323.925654083490000,5937963.504941137500000,10.152955260000056,53.584957930000030,,10.153,53.585
159267,159268,2,5,4,512,2019,5,18,7,3,5,2,0,0,1,1,0,0,0.0,0,575225.509064720940000,5936410.766298744800000,10.135991922000073,53.571162524000044,,10.136,53.571
159270,159271,2,5,7,515,2019,4,6,3,3,3,6,0,0,1,0,0,0,0.0,0,570919.157715319660000,5940421.458893632500000,10.071885734000034,53.607806255000071,,10.072,53.608
159272,159273,2,5,2,509,2019,4,19,3,3,0,7,0,0,1,1,0,0,0.0,0,571159.555418986830000,5938771.012120224500000,10.075141712000061,53.592941202000077,,10.075,53.593
159279,159280,2,4,5,409,2019,4,18,3,2,6,4,0,0,1,0,1,0,0.0,0,566006.159221724610000,5939086.164614815300000,9.997359805000031,53.596447728000044,,9.997,53.596
159281,159282,2,4,5,409,2019,5,18,7,3,1,5,0,0,1,1,0,0,0.0,0,566026.701279392470000,5939042.367236197000000,9.997660872000040,53.596051527000043,,9.998,53.596
159282,159283,2,4,5,413,2019,4,17,3,3,5,3,0,0,1,0,0,0,0.0,0,565934.910065989940000,5937685.733651163100000,9.995987386000024,53.583870776000026,,9.996,53.584
159284,159285,2,4,8,422,2019,4,15,3,3,0,2,0,0,1,1,0,0,0.0,0,568795.128030532040000,5936740.197721010100000,10.038976695000031,53.575005757000042,,10.039,53.575