,OBJECTID,ULAND,UREGBEZ,UKREIS,UGEMEINDE,UJAHR,UMONAT,USTUNDE,UWOCHENTAG,UKATEGORIE,UART,UTYP1,ULICHTVERH,STRZUSTAND,IstRad,IstPKW,IstFuss,IstKrad,IstGkfz,IstSonstig,LINREFX,LINREFY,XGCSWGS84,YGCSWGS84,UIDENTSTLA,lat_short,long_short
159286,159287,2,4,10,426,2019,4,6,3,3,1,5,0,0,1,1,0,0,0.0,0,569894.214170891790000,5938183.925930757100000,10.055895866000071,53.587835284000050,,10.056,53.588
159290,159291,2,1,20,141,2019,5,14,6,3,2,7,0,0,1,1,0,0,0.0,0,557349.451740017160000,5931302.221387658300000,9.865145027000040,53.527507791000062,,9.865,53.528
159294,159295,2,3,6,318,2019,4,19,3,3,4,2,0,0,1,1,0,0,0.0,0,563477.901912380010000,5940568.229718931000000,9.959465419000026,53.610079702000064,,9.959,53.61
159297,159298,2,3,2,312,2019,4,7,3,3,2,7,0,0,1,1,0,0,0.0,0,565260.999782917090000,5936283.162096934400000,9.985516002000054,53.571349852000026,,9.986,53.571
159301,159302,2,7,14,715,2019,4,7,2,3,5,3,0,1,1,1,0,0,0.0,0,556722.195716408080000,5924739.962391523600000,9.854497002000073,53.468596438000077,,9.854,53.469
159305,159306,2,3,9,321,2019,5,16,6,3,4,2,0,0,1,1,0,0,0.0,0,561746.523432945830000,5939074.548294089700000,9.933003676000055,53.596862424000051,,9.933,53.597
159312,159313,2,3,1,310,2019,5,14,6,3,5,3,0,0,1,0,0,0,0.0,0,563960.069755611940000,5935608.142550351100000,9.965735335000034,53.565443467000080,,9.966,53.565
159315,159316,2,1,4,109,2019,5,12,6,3,4,2,0,0,1,1,0,0,0.0,0,564172.163044113670000,5934721.749640699500000,9.968755198000054,53.557451301000071,,9.969,53.557
159316,159317,2,5,18,526,2019,4,14,2,3,5,2,0,0,1,1,0,0,0.0,0,576287.433399057020000,5939252.425111401800000,10.152719358000070,53.596546398000044,,10.153,53.597
159317,159318,2,1,3,108,2019,5,8,6,3,5,3,0,0,1,1,0,0,0.0,0,565189.029527735900000,5934691.884129962000000,9.984097311000028,53.557057591000046,,9.984,53.557
159319,159320,2,5,2,506,2019,4,8,2,3,5,3,0,1,1,1,0,0,0.0,0,571002.448905949480000,5937337.600108783700000,10.072442264000074,53.580080481000039,,10.072,53.58
159321,159322,2,7,9,710,2019,5,15,5,3,6,6,0,1,1,0,1,0,0.0,0,563400.408984703940000,5923071.997681248900000,9.954750673000035,53.452843965000056,,9.955,53.453
159326,159327,2,1,8,125,2019,5,16,5,2,5,2,0,0,1,0,0,0,1.0,0,570154.998808591630000,5934068.588846037200000,10.058910422000054,53.550815802000045,,10.059,53.551
159327,159328,2,4,8,421,2019,4,11,2,3,3,6,0,1,1,1,0,0,0.0,0,568951.521294767970000,5937644.237075302700000,10.041537893000054,53.583109885000056,,10.042,53.583
159333,159334,2,3,3,314,2019,4,7,2,3,5,3,0,1,1,1,0,0,0.0,0,565489.830584520470000,5937464.754153747100000,9.989218917000073,53.581940560000078,,9.989,53.582
159341,159342,2,5,18,526,2019,4,19,1,3,5,3,0,1,1,1,0,0,0.0,0,576261.359780316240000,5942007.145473081600000,10.152999693000027,53.621306001000050,,10.153,53.621
159343,159344,2,4,11,430,2019,4,13,1,3,0,7,0,1,1,0,0,0,0.0,0,568730.007539269510000,5940368.260646687800000,10.038792837000074,53.607619899000042,,10.039,53.608
159344,159345,2,3,8,320,2019,5,22,5,3,6,6,2,1,1,0,1,0,0.0,0,559604.082561802120000,5939888.302415197700000,9.900790985000072,53.604423970000028,,9.901,53.604
159346,159347,2,2,14,227,2019,4,13,1,3,0,3,0,1,1,1,0,0,0.0,0,549951.450160485690000,5937214.188416307800000,9.754498598000055,53.581398766000063,,9.754,53.581
159351,159352,2,2,4,213,2019,4,13,1,3,1,5,0,0,1,1,0,0,0.0,0,561589.120152232240000,5934085.072871236100000,9.929641408000066,53.552038663000076,,9.93,53.552
159353,159354,2,2,2,207,2019,4,1,1,2,5,3,2,1,1,1,0,0,0.0,0,563947.727942857890000,5935345.711825201300000,9.965495299000054,53.563086428000076,,9.965,53.563
159354,159355,2,6,2,602,2019,4,16,7,3,0,7,0,1,1,0,0,0,0.0,0,578737.620910583060000,5927514.811954751600000,10.186779128000069,53.490702003000081,,10.187,53.491
159357,159358,2,1,4,109,2019,5,8,5,3,4,2,0,0,1,1,0,0,0.0,0,564613.760000001640000,5934927.580000001900000,9.975463127000069,53.559246983000037,,9.975,53.559
159359,159360,2,7,1,702,2019,5,15,5,3,5,3,0,1,1,1,0,0,0.0,0,565524.199657152410000,5924101.806139236300000,9.986942448000036,53.461839441000052,,9.987,53.462
159361,159362,2,1,7,120,2019,4,20,7,3,5,2,2,1,1,1,0,0,0.0,0,568848.413054806180000,5934828.146370433300000,10.039359870000055,53.557814988000075,,10.039,53.558
159364,159365,2,7,4,705,2019,5,6,4,3,4,3,0,0,1,1,0,0,0.0,0,565609.934478530660000,5922807.849410904600000,9.987963617000048,53.450199462000057,,9.988,53.45
159372,159373,2,5,7,515,2019,4,10,7,2,5,2,0,0,1,1,0,0,0.0,0,573172.956782130520000,5943050.770059676800000,10.106561074000069,53.631125481000026,,10.107,53.631
159378,159379,2,5,13,521,2019,4,7,7,3,0,7,0,1,1,0,0,0,0.0,0,572137.390017071740000,5949201.080194156600000,10.092332014000021,53.686540802000081,,10.092,53.687
159379,159380,2,4,8,419,2019,4,19,7,3,1,5,0,1,1,1,0,0,0.0,0,568260.091851389040000,5937289.240798173500000,10.031017823000070,53.580009955000037,,10.031,53.58
159381,159382,2,2,8,220,2019,4,12,7,3,4,2,0,0,1,1,0,0,0.0,0,558326.289820236150000,5938481.629427583900000,9.881219207000072,53.591925341000035,,9.881,53.592
159382,159383,2,5,7,515,2019,5,15,4,3,5,3,0,0,1,1,0,0,0.0,0,572429.936422702860000,5940307.184640666500000,10.094688838000025,53.606572620000065,,10.095,53.607
159387,159388,2,4,5,413,2019,5,18,4,3,5,3,0,0,1,1,0,0,0.0,0,566576.984388466920000,5937310.788434490600000,10.005604692000077,53.580419960000029,,10.006,53.58
159388,159389,2,3,3,314,2019,4,15,7,2,3,2,0,0,1,1,0,0,0.0,0,564690.713749212210000,5937022.118141263700000,9.977058518000035,53.578061664000074,,9.977,53.578
159389,159390,2,1,3,107,2019,4,19,7,3,0,1,0,1,1,0,0,0,0.0,0,565200.151833866720000,5933891.573349885600000,9.984098275000065,53.549863606000031,,9.984,53.55
159390,159391,2,2,7,219,2019,5,9,4,3,5,3,0,0,1,1,0,0,0.0,0,560250.235551481140000,5933766.774639779700000,9.909373445000028,53.549333328000046,,9.909,53.549
159391,159392,2,3,9,321,2019,5,13,4,3,5,2,0,0,1,1,0,0,0.0,0,562054.907003358010000,5936913.072340752900000,9.937232816000062,53.577400095000030,,9.937,53.577
159397,159398,2,2,1,205,2019,5,11,4,3,5,3,0,0,1,1,0,0,0.0,0,563431.217410109940000,5934411.084819397000000,9.957508424000025,53.554749314000048,,9.958,53.555
159399,159400,2,2,1,205,2019,5,9,4,3,0,7,0,0,1,0,0,0,0.0,0,563345.128999999720000,5934082.679999999700000,9.956142556000032,53.551808224000069,,9.956,53.552
159403,159404,2,1,8,126,2019,4,15,6,3,5,3,0,0,1,1,0,0,0.0,0,570306.516138962470000,5933631.021049823600000,10.061098596000022,53.546863089000055,,10.061,53.547
159407,159408,2,5,18,526,2019,4,13,6,3,5,3,0,0,1,1,0,0,0.0,0,577273.172773580070000,5941017.720813352600000,10.168048384000031,53.612266094000063,,10.168,53.612
159410,159411,2,5,7,515,2019,5,19,3,3,5,3,0,0,1,1,0,0,0.0,0,572264.285679155960000,5941049.133426992200000,10.092357820000075,53.613263290000077,,10.092,53.613
159411,159412,2,5,18,526,2019,4,7,6,3,5,3,0,0,1,1,0,0,0.0,0,576300.087000001220000,5939008.853000003800000,10.152850917000023,53.594355645000064,,10.153,53.594
159414,159415,2,4,5,413,2019,5,16,3,3,3,2,0,0,1,1,0,0,0.0,0,567020.938984300940000,5937339.606535717800000,10.012315397000066,53.580622409000057,,10.012,53.581
159417,159418,2,2,8,220,2019,5,14,3,3,1,5,0,0,1,1,0,0,0.0,0,557337.470877421090000,5938355.713526418400000,9.866258442000060,53.590902751000044,,9.866,53.591
159418,159419,2,4,13,432,2019,4,10,6,3,3,2,0,0,1,0,0,0,0.0,1,567772.172613172790000,5947252.509278303000000,10.025818651000066,53.669613564000031,,10.026,53.67
159420,159421,2,4,6,415,2019,4,16,6,3,3,5,0,0,1,1,0,0,0.0,0,567163.388977128080000,5936016.565603276700000,10.014182055000049,53.568713820000028,,10.014,53.569
159427,159428,2,2,3,210,2019,4,13,6,3,0,3,0,0,1,0,0,0,0.0,1,562378.355186611410000,5934430.715678086500000,9.941621528000042,53.555051906000074,,9.942,53.555
159430,159431,2,7,14,715,2019,5,12,2,3,6,4,0,0,1,0,1,0,0.0,0,556828.833965362050000,5925270.158114809500000,9.856199172000061,53.473350187000051,,9.856,53.473
159434,159435,2,1,16,137,2019,5,14,2,3,6,6,0,0,1,0,1,0,0.0,0,565074.764515274200000,5930272.702671315500000,9.981453645000045,53.517355284000075,,9.981,53.517
159443,159444,2,5,18,526,2019,5,19,2,3,2,6,0,0,1,1,0,0,0.0,0,576301.489221059720000,5940665.368020812000000,10.153277575000061,53.609242038000048,,10.153,53.609
159445,159446,2,5,18,526,2019,4,7,5,3,5,3,0,0,1,0,0,0,0.0,1,575946.248718022370000,5937969.539413711100000,10.147252771000069,53.585066995000034,,10.147,53.585
159449,159450,2,5,18,526,2019,4,8,5,3,6,4,0,0,1,0,1,0,0.0,0,575162.846779673360000,5941113.220114782500000,10.136179082000069,53.613431353000067,,10.136,53.613
159453,159454,2,5,2,506,2019,4,11,5,3,0,1,0,0,1,0,0,0,0.0,0,571613.594044689090000,5937486.711550375400000,10.081705597000052,53.581337447000067,,10.082,53.581
159454,159455,2,5,11,519,2019,4,15,5,3,4,2,0,0,1,1,0,0,0.0,0,572565.262006978500000,5945765.860772872300000,10.098006680000026,53.655610056000057,,10.098,53.656
159456,159457,2,5,10,518,2019,4,7,5,3,5,3,0,0,1,1,0,0,0.0,0,573388.085464898500000,5943701.370015293400000,10.109967165000057,53.636942167000029,,10.11,53.637
159457,159458,2,4,8,421,2019,5,19,2,3,3,6,0,0,1,0,0,1,0.0,0,568531.980459600690000,5936996.020063068700000,10.035059387000047,53.577339299000073,,10.035,53.577
159460,159461,2,4,13,432,2019,4,12,5,3,5,3,0,0,1,1,0,0,0.0,0,566681.329154746610000,5944851.761756397800000,10.008794848000036,53.648178237000081,,10.009,53.648
159461,159462,2,4,4,407,2019,4,17,5,3,5,3,0,0,1,1,0,0,0.0,0,566595.301616586740000,5941117.963268831400000,10.006694478000043,53.614633236000032,,10.007,53.615
159464,159465,2,4,8,422,2019,4,17,5,3,5,2,0,0,1,1,0,0,0.0,0,568758.451675634830000,5936988.403578208800000,10.038477557000022,53.577241211000057,,10.038,53.577
159465,159466,2,4,10,428,2019,4,20,5,3,5,3,1,0,1,1,0,0,0.0,0,568683.941894643010000,5938933.144392773500000,10.037780518000034,53.594728489000033,,10.038,53.595
159469,159470,2,4,8,421,2019,4,8,5,3,0,7,0,0,1,0,0,0,0.0,0,568873.417441857050000,5937343.543322762500000,10.040291961000037,53.580417794000027,,10.04,53.58
159474,159475,2,2,13,226,2019,4,11,5,3,2,6,0,0,1,1,0,0,0.0,0,552680.591946776960000,5937248.270434204500000,9.795722796000064,53.581438045000027,,9.796,53.581
159475,159476,2,2,8,220,2019,4,8,5,3,0,6,0,0,1,0,0,0,1.0,0,557861.226001163940000,5938386.589436627900000,9.874176090000049,53.591122705000032,,9.874,53.591
159476,159477,2,3,8,320,2019,4,12,5,3,3,6,0,0,1,1,0,0,0.0,0,559849.322054228750000,5938643.496409699300000,9.904257799000050,53.593208446000062,,9.904,53.593
159478,159479,2,3,6,318,2019,4,17,5,3,0,7,0,0,1,1,0,0,0.0,0,563961.689999999480000,5942702.506000004700000,9.967215121000038,53.629202050000060,,9.967,53.629
159479,159480,2,4,2,404,2019,5,16,2,3,5,2,0,0,1,1,0,0,0.0,0,565641.715867102150000,5938265.363978963300000,9.991681185000061,53.589116808000028,,9.992,53.589
159482,159483,2,3,1,309,2019,4,14,5,2,4,2,0,0,1,1,0,0,0.0,0,563990.783240518530000,5936044.754629714400000,9.966288452000072,53.569363682000073,,9.966,53.569
159484,159485,2,1,2,103,2019,5,10,2,3,4,2,0,0,1,1,0,0,0.0,0,565810.770066911350000,5933160.808691298600000,9.993159353000067,53.543219861000068,,9.993,53.543
159491,159492,2,6,11,612,2019,5,9,1,2,0,7,0,0,1,0,0,0,0.0,0,571040.717000002040000,5928532.651000002400000,10.071020876000034,53.500944906000029,,10.071,53.501
159492,159493,2,6,8,609,2019,4,18,4,3,5,3,0,0,1,1,0,0,0.0,0,576238.681779754350000,5924941.121525671300000,10.148497263000024,53.467940522000049,,10.148,53.468
159494,159495,2,5,7,515,2019,4,7,4,3,1,5,0,1,1,1,0,0,0.0,0,571349.769513474780000,5939877.622680362300000,10.078268313000024,53.602860381000028,,10.078,53.603
159495,159496,2,4,10,429,2019,4,7,4,3,5,2,0,1,1,1,0,0,0.0,0,569530.690322625450000,5939664.792001668400000,10.050735282000062,53.601192184000070,,10.051,53.601
159498,159499,2,4,11,430,2019,4,14,4,3,3,2,0,0,1,1,0,0,0.0,0,568454.702193091620000,5941371.769754188100000,10.034853104000035,53.616674511000042,,10.035,53.617
159503,159504,2,4,6,415,2019,4,8,4,3,5,3,0,1,1,1,0,0,0.0,0,567685.717159292660000,5936036.591582080300000,10.022072293000065,53.568826676000072,,10.022,53.569
159505,159506,2,2,13,226,2019,4,10,4,2,1,5,0,0,1,1,0,0,0.0,0,552763.756588487890000,5937079.908032069000000,9.796950374000062,53.579916497000056,,9.797,53.58
159509,159510,2,3,5,317,2019,6,22,5,3,9,1,2,0,1,0,0,0,0.0,0,562752.207392846230000,5937472.921483127400000,9.947875323000062,53.582348680000052,,9.948,53.582
159512,159513,2,3,2,311,2019,6,9,5,3,3,2,0,0,1,1,0,0,0.0,0,564777.633537576530000,5935601.956827037000000,9.978076513000076,53.565287589000036,,9.978,53.565
159514,159515,2,1,4,109,2019,6,8,5,3,3,6,0,1,1,0,0,0,0.0,0,564965.547529763540000,5935059.376114355400000,9.980800551000073,53.560388045000082,,9.981,53.56
159515,159516,2,1,3,105,2019,6,18,5,3,2,2,0,0,1,1,0,0,0.0,0,564806.253000001420000,5933648.030000003100000,9.978103446000034,53.547723578000046,,9.978,53.548
159517,159518,2,1,5,114,2019,6,16,5,3,0,7,0,0,1,0,0,0,0.0,0,566763.009766734210000,5934150.992135452100000,10.007738697000036,53.551998657000070,,10.008,53.552
159518,159519,2,1,16,137,2019,6,13,4,3,6,4,0,0,1,0,1,0,0.0,0,565595.093936079180000,5930227.845468293900000,9.989290551000067,53.516887468000050,,9.989,53.517
159521,159522,2,5,18,526,2019,6,16,4,3,6,4,0,0,1,0,1,0,0.0,0,576231.012267354880000,5937813.734467975800000,10.151515427000049,53.583625499000050,,10.152,53.584
159523,159524,2,5,1,504,2019,6,18,4,3,4,6,0,0,1,0,0,0,0.0,0,570032.203000000680000,5936861.984000003000000,10.057683440000062,53.575936560000059,,10.058,53.576
159524,159525,2,5,2,507,2019,6,14,4,3,5,3,0,0,1,1,0,0,0.0,0,571639.602548006920000,5937074.216328118000000,10.082003698000051,53.577626822000070,,10.082,53.578
159525,159526,2,5,7,515,2019,6,18,4,3,5,3,0,0,1,1,0,0,0.0,0,570178.193323370070000,5938940.198855392600000,10.060355304000041,53.594593973000030,,10.06,53.595
159528,159529,2,5,17,525,2019,6,13,4,3,5,3,0,0,1,0,0,0,0.0,1,576782.466931419450000,5945315.896850440700000,10.161693262000028,53.650964343000055,,10.162,53.651
159535,159536,2,4,2,403,2019,6,15,4,3,5,2,0,0,1,1,0,0,0.0,0,564993.360724224710000,5938844.836731515800000,9.982008508000035,53.594405424000058,,9.982,53.594
159536,159537,2,3,2,312,2019,6,19,4,3,3,2,0,0,1,1,0,0,0.0,0,566305.133599271070000,5935852.397875545500000,10.001189547000024,53.567347572000074,,10.001,53.567
159538,159539,2,3,2,312,2019,6,7,4,3,5,3,0,0,1,0,0,0,0.0,0,565862.668070619930000,5936341.765101285700000,9.994612746000030,53.571801343000061,,9.995,53.572
159541,159542,2,7,13,714,2019,6,14,3,3,4,6,0,0,1,1,0,0,0.0,0,558922.936912926850000,5924149.386900804900000,9.887535267000033,53.463046908000081,,9.888,53.463
159544,159545,2,7,13,714,2019,6,9,3,3,5,3,0,1,1,1,0,0,0.0,0,558661.549058468080000,5925141.732949985200000,9.883783841000025,53.471994944000073,,9.884,53.472
159546,159547,2,5,2,509,2019,6,16,3,3,5,3,0,0,1,1,0,0,0.0,0,571361.170175499280000,5938096.877476174400000,10.078033076000054,53.586855386000082,,10.078,53.587
159547,159548,2,5,7,515,2019,6,18,3,3,5,2,0,0,1,1,0,0,0.0,0,570860.897377980870000,5940185.477942613900000,10.070951685000068,53.605693391000045,,10.071,53.606
159548,159549,2,5,11,519,2019,6,16,3,3,0,7,0,0,1,0,0,0,0.0,0,571105.058462733400000,5946313.291545262600000,10.076041530000055,53.660730278000074,,10.076,53.661
159549,159550,2,4,4,407,2019,6,19,3,3,5,2,0,0,1,1,0,0,0.0,0,566193.295156747100000,5940992.475224094500000,10.000591862000022,53.613556413000026,,10.001,53.614
159552,159553,2,4,5,409,2019,6,15,3,3,5,2,0,0,1,1,0,0,0.0,0,566635.488189109600000,5938558.449924264100000,10.006754667000052,53.591625456000031,,10.007,53.592
159554,159555,2,4,6,415,2019,6,16,3,2,0,7,0,0,1,0,0,0,0.0,0,567633.380780786280000,5935724.465370154000000,10.021214555000029,53.566028303000053,,10.021,53.566
159557,159558,2,2,1,203,2019,6,15,3,3,5,3,0,0,1,1,0,0,0.0,0,562008.129455834630000,5933894.909904807800000,9.935927400000026,53.550280272000066,,9.936,53.55
159558,159559,2,3,3,313,2019,6,12,3,2,3,6,0,0,1,1,0,0,0.0,1,565749.803299715740000,5936680.542617306100000,9.992979958000035,53.574860164000029,,9.993,53.575
159559,159560,2,3,2,312,2019,6,8,3,3,0,7,0,1,1,0,0,0,0.0,0,566264.347934308460000,5935712.672970889100000,10.000544158000025,53.566096988000027,,10.001,53.566
159565,159566,2,1,13,131,2019,6,6,2,3,2,6,0,0,1,0,0,0,0.0,1,573178.811826553200000,5930866.694950986700000,10.103793625000037,53.521627810000041,,10.104,53.522
159566,159567,2,6,1,601,2019,6,8,2,2,4,2,0,0,1,1,0,0,0.0,0,580093.166146846490000,5928041.435520684300000,10.207340184000032,53.495230019000076,,10.207,53.495
159568,159569,2,5,6,514,2019,6,8,2,2,5,2,0,1,1,1,0,0,0.0,0,575246.312022470870000,5943078.936929216600000,10.137915581000073,53.631084705000035,,10.138,53.631
159570,159571,2,4,12,431,2019,6,14,2,2,0,7,0,1,1,0,0,0,0.0,0,567691.540653695350000,5943737.300912099000000,10.023832650000031,53.638032827000075,,10.024,53.638
159572,159573,2,4,10,427,2019,6,14,2,3,5,2,0,0,1,1,0,0,0.0,0,568908.566603038460000,5938338.187709942500000,10.041042427000036,53.589352105000046,,10.041,53.589
159574,159575,2,2,10,222,2019,6,7,2,3,5,3,0,0,1,1,0,0,0.0,0,556028.580298788850000,5934244.166131446100000,9.845748300000025,53.554091401000051,,9.846,53.554
159576,159577,2,3,7,319,2019,6,7,2,3,4,2,0,0,1,1,0,0,0.0,0,559855.116917999460000,5942967.329303320500000,9.905176144000052,53.632067713000026,,9.905,53.632
159577,159578,2,3,1,307,2019,6,9,2,3,0,7,0,0,1,1,0,0,0.0,0,563160.550917119720000,5936131.529946051500000,9.953771056000051,53.570244159000026,,9.954,53.57
159578,159579,2,4,2,403,2019,6,10,2,3,5,2,0,0,1,1,0,0,0.0,0,564738.280409184280000,5938840.200816763600000,9.978154062000044,53.594395324000061,,9.978,53.594
159579,159580,2,2,3,210,2019,6,8,2,3,5,3,0,0,1,1,0,0,0.0,0,562018.911000001240000,5934139.353000000100000,9.936138596000035,53.552475905000051,,9.936,53.552
159580,159581,2,3,3,314,2019,6,22,2,3,5,3,2,1,1,1,0,0,0.0,0,565451.719771108590000,5937377.357232250300000,9.988625022000065,53.581159863000039,,9.989,53.581
159581,159582,2,1,1,102,2019,6,13,2,3,6,6,0,0,1,0,1,0,0.0,0,565826.182480563410000,5933365.822237035300000,9.993435050000073,53.545060438000064,,9.993,53.545
159582,159583,2,1,5,114,2019,6,13,2,2,3,2,0,0,1,1,0,0,0.0,0,566497.492138346660000,5934725.660698304000000,10.003853826000068,53.557197021000036,,10.004,53.557
159584,159585,2,1,16,136,2019,6,12,1,3,5,3,0,0,1,1,0,0,0.0,0,566919.087258568960000,5927050.431097775700000,10.008577283000022,53.488164302000030,,10.009,53.488
159586,159587,2,6,6,607,2019,6,15,1,2,1,5,0,0,1,1,0,0,0.0,0,577120.309392705560000,5917965.409354575000000,10.160066779000033,53.405121976000032,,10.16,53.405
159588,159589,2,4,4,407,2019,6,11,1,3,5,2,0,0,1,0,0,0,0.0,1,565804.025056639690000,5939686.698756029800000,9.994432798000048,53.601870244000054,,9.994,53.602
159589,159590,2,4,6,415,2019,6,15,1,3,0,7,0,0,1,1,0,0,0.0,0,567479.208620010880000,5935856.208940064500000,10.018915532000051,53.567232150000052,,10.019,53.567
159590,159591,2,2,3,210,2019,6,23,1,2,3,2,2,0,1,1,0,0,0.0,0,562194.169790714980000,5934275.920753918600000,9.938810803000024,53.553682559000038,,9.939,53.554
159591,159592,2,3,2,312,2019,6,7,1,3,0,1,0,0,1,0,0,0,0.0,0,565566.336825487200000,5935202.314119653800000,9.989899323000032,53.561597955000082,,9.99,53.562
159592,159593,2,1,5,113,2019,6,18,1,3,5,3,0,0,1,0,0,0,0.0,0,567133.702253659260000,5935189.723584681700000,10.013556174000030,53.561286653000082,,10.014,53.561
159594,159595,2,6,6,607,2019,6,9,7,2,1,5,0,0,1,1,0,0,0.0,0,578116.787000000480000,5917306.035000000100000,10.174889387000064,53.399049691000073,,10.175,53.399
159596,159597,2,4,9,425,2019,6,11,7,3,5,3,0,0,1,1,0,0,0.0,0,570469.371352314020000,5938045.767146308000000,10.064551951000055,53.586516669000048,,10.065,53.587
159597,159598,2,5,2,506,2019,6,22,7,3,0,7,2,0,1,0,0,0,0.0,0,571405.347289607860000,5937354.393911408300000,10.078530423000075,53.580176709000057,,10.079,53.58
159600,159601,2,2,2,207,2019,6,11,7,3,5,3,0,0,1,1,0,0,0.0,0,563974.588199919090000,5935256.893177302600000,9.965882591000025,53.562284915000077,,9.966,53.562
159601,159602,2,1,4,112,2019,6,19,7,3,5,3,0,0,1,1,0,0,0.0,0,563327.757572198290000,5933683.734476402400000,9.955799591000073,53.548224859000072,,9.956,53.548
159605,159606,2,6,1,601,2019,5,7,6,3,0,6,0,0,1,0,0,0,0.0,1,579995.776341654360000,5928019.688338112100000,10.205866923000031,53.495049401000074,,10.206,53.495
159606,159607,2,5,4,512,2019,5,15,6,3,5,3,0,0,1,0,0,0,0.0,1,575336.724090250210000,5937436.991505065900000,10.137918666000076,53.580369030000043,,10.138,53.58
159613,159614,2,5,1,501,2019,5,16,6,3,1,2,0,0,1,1,0,0,0.0,0,568969.150462660010000,5936039.813261659800000,10.041449703000069,53.568688497000039,,10.041,53.569
159614,159615,2,3,8,320,2019,5,18,6,3,4,2,0,0,1,1,0,0,0.0,0,559771.070610458960000,5940396.853504458400000,9.903411859000073,53.608975498000063,,9.903,53.609
159617,159618,2,3,3,313,2019,5,11,6,3,2,6,0,0,1,0,0,0,0.0,1,566179.788636878130000,5936780.727961931400000,9.999493923000046,53.575706479000075,,9.999,53.576
159625,159626,2,1,16,137,2019,5,15,4,3,5,3,0,0,1,1,0,0,0.0,0,565739.124772884880000,5927929.279498500700000,9.990980444000059,53.496211539000058,,9.991,53.496
159626,159627,2,5,18,526,2019,5,17,4,2,5,3,0,0,1,0,0,0,0.0,0,574719.360669496470000,5941257.490587880800000,10.129511287000071,53.614791321000041,,10.13,53.615
159629,159630,2,5,16,524,2019,5,7,4,3,5,3,0,0,1,1,0,0,0.0,0,574950.025707772000000,5947919.383048959100000,10.134603370000036,53.674626741000054,,10.135,53.675
159630,159631,2,5,17,525,2019,5,13,4,3,5,3,0,0,1,1,0,0,0.0,0,577158.260000000710000,5945243.250000003700000,10.167359557000054,53.650256206000051,,10.167,53.65
159631,159632,2,5,11,519,2019,5,7,4,3,5,2,0,0,1,1,0,0,0.0,0,571154.314622947010000,5946315.170527437700000,10.076787215000024,53.660740464000071,,10.077,53.661
159633,159634,2,4,10,427,2019,5,13,4,3,3,2,0,0,1,0,0,0,0.0,1,568987.479317034590000,5938306.804818188800000,10.042227451000031,53.589059688000077,,10.042,53.589
159634,159635,2,4,2,405,2019,5,13,4,3,5,3,0,0,1,1,0,0,1.0,0,565036.612360028550000,5939005.474915489600000,9.982695409000030,53.595843748000050,,9.983,53.596
159636,159637,2,5,6,514,2019,6,13,5,3,5,2,0,0,1,1,0,0,0.0,0,574309.986479714510000,5941392.320366904100000,10.123356373000036,53.616061239000032,,10.123,53.616
159637,159638,2,5,2,507,2019,6,17,5,3,4,6,0,0,1,0,0,0,0.0,0,570859.613154561260000,5936894.544796079400000,10.070184672000039,53.576118067000039,,10.07,53.576
159638,159639,2,2,3,210,2019,5,23,4,3,0,7,2,0,1,0,0,0,0.0,0,562704.572501392100000,5935113.855503670900000,9.946682208000027,53.561152663000030,,9.947,53.561
159639,159640,2,3,2,311,2019,5,14,4,3,3,6,0,0,1,0,0,0,0.0,0,564815.235237311570000,5935644.062677655400000,9.978652906000036,53.565661362000071,,9.979,53.566
159640,159641,2,5,7,515,2019,6,9,5,3,0,2,0,0,1,1,0,0,0.0,0,571003.761053551920000,5940612.426893716700000,10.073207715000024,53.609511012000041,,10.073,53.61
159642,159643,2,4,13,432,2019,6,16,5,3,6,7,0,0,1,0,1,0,0.0,0,567162.019874516870000,5944903.864444084500000,10.016077028000041,53.648584999000036,,10.016,53.649
159644,159645,2,7,9,710,2019,5,6,3,3,5,3,0,0,1,1,0,0,0.0,0,561256.806863131930000,5922828.654446549700000,9.922427315000050,53.450910471000043,,9.922,53.451
159645,159646,2,4,13,432,2019,6,8,5,3,5,3,0,0,1,1,0,0,0.0,0,566389.106186732650000,5945851.579466130600000,10.004588268000077,53.657200820000071,,10.005,53.657
159648,159649,2,4,5,413,2019,6,10,5,3,5,3,0,0,1,1,0,0,0.0,0,566468.670944130980000,5937867.687596216800000,10.004087576000074,53.585438643000032,,10.004,53.585
159652,159653,2,1,14,133,2019,5,12,3,3,4,2,0,0,1,1,0,0,0.0,0,569035.826231877320000,5932205.910993039600000,10.041609807000043,53.534224042000062,,10.042,53.534
159657,159658,2,2,8,220,2019,6,18,5,3,5,3,0,0,1,1,0,0,0.0,0,557405.511655337180000,5937672.150475196500000,9.867160497000043,53.584751777000065,,9.867,53.585
159658,159659,2,5,13,521,2019,5,18,3,3,0,7,0,0,1,0,0,0,0.0,0,573298.459692507980000,5949761.614115214000000,10.110042275000069,53.691416549000053,,10.11,53.691
159659,159660,2,2,7,219,2019,6,15,5,3,5,3,0,0,1,1,0,0,0.0,0,559723.602159387430000,5933805.270950395600000,9.901433260000033,53.549739479000039,,9.901,53.55
159661,159662,2,2,5,215,2019,6,9,5,3,5,3,0,0,1,1,0,0,0.0,0,560812.648621922360000,5935739.476295884700000,9.918244759000061,53.566998006000063,,9.918,53.567
159662,159663,2,4,2,403,2019,6,8,5,3,3,2,0,0,1,0,0,0,0.0,1,565230.875312806110000,5938927.761837877300000,9.985613966000074,53.595121187000075,,9.986,53.595
159664,159665,2,2,5,215,2019,5,15,3,3,4,2,0,0,1,1,0,0,0.0,0,561124.720716461540000,5936182.683190766700000,9.923042982000027,53.570945024000082,,9.923,53.571