,OBJECTID,ULAND,UREGBEZ,UKREIS,UGEMEINDE,UJAHR,UMONAT,USTUNDE,UWOCHENTAG,UKATEGORIE,UART,UTYP1,ULICHTVERH,STRZUSTAND,IstRad,IstPKW,IstFuss,IstKrad,IstGkfz,IstSonstig,LINREFX,LINREFY,XGCSWGS84,YGCSWGS84,UIDENTSTLA,lat_short,long_short
159666,159667,2,3,7,319,2019,5,10,3,3,4,2,0,0,1,1,0,0,0.0,0,560791.342000000180000,5943234.627999998600000,9.919384716000025,53.634362126000042,,9.919,53.634
159667,159668,2,1,15,134,2019,6,7,4,3,5,3,0,1,1,1,0,0,0.0,0,567706.611995118670000,5931143.217114424300000,10.021328386000050,53.524846391000040,,10.021,53.525
159668,159669,2,3,5,317,2019,5,12,3,3,3,2,0,0,1,0,0,0,0.0,0,563495.581898476930000,5938862.276880247500000,9.959385097000052,53.594745726000042,,9.959,53.595
159669,159670,2,4,3,406,2019,5,15,3,3,0,7,0,0,1,0,0,0,0.0,0,565174.735266827050000,5939957.170137567400000,9.984981056000038,53.604379660000063,,9.985,53.604
159670,159671,2,4,2,403,2019,5,7,3,3,1,5,0,0,1,1,0,0,0.0,0,564836.380774682390000,5938407.495785243800000,9.979546106000043,53.590494386000046,,9.98,53.59
159673,159674,2,4,2,403,2019,5,9,3,3,1,5,0,0,1,1,0,0,0.0,0,564524.549826621080000,5938179.165237164100000,9.974788496000031,53.588480796000056,,9.975,53.588
159675,159676,2,4,2,404,2019,5,9,3,3,4,7,0,0,1,1,0,0,0.0,0,565297.505000001750000,5937845.940000001300000,9.986394091000022,53.585390340000060,,9.986,53.585
159676,159677,2,5,18,526,2019,6,7,4,3,5,3,0,0,1,1,0,0,0.0,0,577022.379269775930000,5942040.533522343300000,10.164511249000043,53.621494674000076,,10.165,53.621
159677,159678,2,2,1,203,2019,5,19,3,3,5,3,0,0,1,1,0,0,0.0,0,561937.720165797510000,5933619.586595719700000,9.934810290000030,53.547814142000050,,9.935,53.548
159678,159679,2,3,1,309,2019,5,19,3,3,5,2,0,0,1,1,0,0,0.0,0,564217.999897265810000,5936313.817434521400000,9.969774310000048,53.571754063000071,,9.97,53.572
159679,159680,2,2,2,207,2019,5,10,3,3,1,5,0,0,1,0,0,0,1.0,0,563898.796552917920000,5934998.798241416000000,9.964685696000061,53.559974571000055,,9.965,53.56
159680,159681,2,2,1,205,2019,5,16,3,3,5,3,0,0,1,1,0,0,0.0,0,563423.829289924350000,5934408.510576387900000,9.957396393000067,53.554727071000059,,9.957,53.555
159681,159682,2,7,10,711,2019,5,12,2,3,1,5,0,0,1,1,0,0,0.0,0,564088.737858755510000,5924251.903590375600000,9.965355161000048,53.463365047000082,,9.965,53.463
159683,159684,2,5,18,526,2019,6,22,4,2,6,4,2,0,1,0,1,0,0.0,0,575460.990524176510000,5942181.422794548800000,10.140943759000038,53.622988118000080,,10.141,53.623
159685,159686,2,6,2,603,2019,5,13,2,3,5,2,0,0,1,1,0,0,0.0,0,580788.196777178910000,5926969.625912331000000,10.217538700000034,53.485491767000042,,10.218,53.485
159689,159690,2,5,6,514,2019,6,17,4,3,0,2,0,1,1,1,0,0,0.0,0,573872.070633891040000,5940528.205852337200000,10.116532803000041,53.608357563000027,,10.117,53.608
159691,159692,2,5,2,508,2019,6,8,4,3,0,7,0,0,1,1,0,0,0.0,0,572140.963039900180000,5937484.762318454700000,10.089669347000040,53.581247653000048,,10.09,53.581
159693,159694,2,5,2,509,2019,5,19,2,3,5,3,0,0,1,1,0,0,0.0,0,571227.560010093260000,5938373.973176166400000,10.076078321000068,53.589363799000068,,10.076,53.589
159696,159697,2,5,17,525,2019,5,13,2,3,4,2,0,0,1,1,0,0,0.0,0,576533.717893137600000,5945068.065020954200000,10.157869594000033,53.648773626000036,,10.158,53.649
159697,159698,2,5,16,524,2019,6,8,4,3,3,6,0,0,1,1,0,0,0.0,0,574719.105680338110000,5947739.934365036000000,10.131065222000075,53.673047159000077,,10.131,53.673
159698,159699,2,5,16,524,2019,5,17,2,3,5,3,0,0,1,1,0,0,0.0,0,574546.493934541940000,5948341.584037458500000,10.128597383000056,53.678478626000071,,10.129,53.678
159699,159700,2,5,15,523,2019,6,9,4,3,3,6,0,0,1,1,0,0,0.0,0,573990.620486070400000,5950890.636690260800000,10.120791780000047,53.701465102000043,,10.121,53.701
159706,159707,2,4,13,432,2019,5,8,2,3,3,2,0,0,1,1,0,0,0.0,0,566068.578614206050000,5948375.289453441300000,10.000275973000043,53.679922108000028,,10.0,53.68
159707,159708,2,2,6,218,2019,6,17,4,3,0,3,0,1,1,1,0,0,0.0,0,558759.722000001000000,5934929.617000002400000,9.887098295000044,53.559953306000068,,9.887,53.56
159708,159709,2,4,10,426,2019,5,7,2,3,5,3,0,1,1,1,0,0,0.0,0,569662.695626847450000,5938221.749868875400000,10.052407397000025,53.588206019000040,,10.052,53.588
159709,159710,2,2,1,202,2019,6,18,4,3,0,7,0,1,1,1,0,0,0.0,0,561825.470334463750000,5933270.045612858600000,9.933047282000075,53.544685903000072,,9.933,53.545
159710,159711,2,2,13,226,2019,5,18,2,3,3,6,0,0,1,0,0,0,0.0,1,553123.411878658460000,5936700.568684905800000,9.802317511000069,53.576470814000061,,9.802,53.576
159714,159715,2,1,5,114,2019,6,10,4,3,5,6,0,1,1,0,0,0,0.0,1,566667.793668558820000,5934469.955477561800000,10.006369744000040,53.554877345000079,,10.006,53.555
159716,159717,2,2,11,223,2019,5,16,2,3,3,6,0,0,1,1,0,0,0.0,0,552711.681163238360000,5934696.628329472600000,9.795761669000058,53.558501533000026,,9.796,53.559
159722,159723,2,1,8,125,2019,6,15,3,3,5,3,0,0,1,1,0,0,0.0,0,570065.422016684900000,5934521.414287334300000,10.057660099000032,53.554897332000053,,10.058,53.555
159724,159725,2,5,6,514,2019,6,17,3,3,0,7,0,0,1,1,0,0,0.0,0,574070.954480549320000,5942365.533623451400000,10.119975163000049,53.624841140000058,,10.12,53.625
159729,159730,2,5,4,512,2019,6,13,3,3,5,3,0,0,1,1,0,0,0.0,0,573970.781597334890000,5936721.433681216100000,10.117121674000032,53.574132851000059,,10.117,53.574
159733,159734,2,5,7,515,2019,6,11,3,3,3,2,0,0,1,0,0,0,0.0,0,571001.182317927480000,5940588.348808908800000,10.073163259000069,53.609294974000079,,10.073,53.609
159735,159736,2,5,12,520,2019,6,7,3,3,5,3,0,0,1,1,0,0,0.0,0,570062.415989140050000,5944183.948484012900000,10.059786062000057,53.641734806000045,,10.06,53.642
159736,159737,2,4,13,432,2019,6,15,3,3,0,6,0,0,1,1,0,0,0.0,0,567770.093567702920000,5946129.154956935000000,10.025542035000058,53.659518269000046,,10.026,53.66
159737,159738,2,4,13,432,2019,5,19,1,3,5,2,0,1,1,1,0,0,0.0,0,566163.463544285860000,5947828.653900539500000,10.001595730000076,53.674997474000065,,10.002,53.675
159741,159742,2,4,13,432,2019,6,7,3,3,0,1,0,1,1,0,0,0,0.0,0,567142.040648206140000,5945125.542417999400000,10.015822705000062,53.650579791000041,,10.016,53.651
159745,159746,2,2,5,217,2019,6,18,3,3,1,5,0,0,1,1,0,0,0.0,0,557655.236389874480000,5937258.420765828300000,9.870855892000066,53.581005981000033,,9.871,53.581
159749,159750,2,1,16,137,2019,5,14,7,3,4,6,0,0,1,1,0,0,0.0,0,565975.536467065100000,5929155.950910199400000,9.994801702000075,53.507206424000060,,9.995,53.507
159750,159751,2,3,5,317,2019,6,17,3,3,1,7,0,0,1,1,0,0,0.0,0,564414.644715544770000,5939202.821082450400000,9.973339819000046,53.597694144000059,,9.973,53.598
159754,159755,2,3,2,311,2019,6,19,3,3,3,2,0,0,1,1,0,0,0.0,0,564738.680917024610000,5936277.937746567700000,9.977628572000072,53.571367611000028,,9.978,53.571
159757,159758,2,4,5,409,2019,5,11,7,3,3,6,0,0,1,1,0,0,0.0,0,566627.247542682100000,5938535.967016700700000,10.006625383000028,53.591424446000076,,10.007,53.591
159758,159759,2,3,2,312,2019,6,16,3,3,0,7,0,0,1,0,0,0,0.0,0,565566.202282068320000,5935199.691484028500000,9.989896742000042,53.561574401000030,,9.99,53.562
159759,159760,2,4,8,423,2019,5,14,7,3,5,3,0,0,1,1,0,0,0.0,0,569293.627717925240000,5937647.012359354600000,10.046705206000070,53.583089735000044,,10.047,53.583
159763,159764,2,1,5,114,2019,6,4,3,3,0,7,1,1,1,0,0,0,0.0,0,566785.110000000340000,5934156.443000003700000,10.008073392000028,53.552044835000061,,10.008,53.552
159764,159765,2,6,2,602,2019,5,18,6,3,5,3,0,0,1,0,0,0,0.0,1,579760.921609747220000,5926977.767022395500000,10.202062726000065,53.485721618000071,,10.202,53.486
159766,159767,2,1,18,139,2019,6,18,3,2,5,3,0,0,1,1,0,0,0.0,0,564265.719464924190000,5931732.601855389800000,9.969553189000067,53.530575438000028,,9.97,53.531
159769,159770,2,1,12,130,2019,5,14,6,3,5,3,0,0,1,1,0,0,0.0,0,575043.061608707530000,5933727.130708646000000,10.132592943000077,53.547071292000055,,10.133,53.547
159774,159775,2,6,6,607,2019,6,13,2,3,0,6,0,0,1,0,0,0,0.0,1,581441.269309364260000,5917209.133059192400000,10.224852864000070,53.397676488000059,,10.225,53.398
159777,159778,2,5,7,515,2019,5,7,6,3,0,7,0,0,1,0,0,0,0.0,1,570750.771730684680000,5940793.599548362200000,10.069425708000040,53.611173425000061,,10.069,53.611
159778,159779,2,5,10,518,2019,5,13,6,3,5,3,0,0,1,1,0,0,0.0,0,573178.248951219020000,5944223.270521841900000,10.106916916000046,53.641661754000040,,10.107,53.642
159779,159780,2,1,12,130,2019,6,18,2,3,5,3,0,0,1,1,0,0,0.0,0,575041.800392919220000,5933725.009637089400000,10.132573404000027,53.547052411000038,,10.133,53.547
159782,159783,2,4,5,413,2019,5,17,6,3,5,3,0,0,1,1,0,0,0.0,0,566050.050755073320000,5938166.843198355300000,9.997828214000037,53.588180104000060,,9.998,53.588
159786,159787,2,4,13,432,2019,6,13,2,3,5,3,0,0,1,1,0,0,0.0,0,566577.240303494970000,5945349.851178268000000,10.007327093000072,53.652667850000057,,10.007,53.653
159788,159789,2,3,8,320,2019,6,8,2,3,5,3,0,1,1,1,0,0,0.0,0,559185.354709294620000,5939829.183950122400000,9.894452414000057,53.603940109000064,,9.894,53.604
159789,159790,2,2,8,220,2019,5,15,6,3,5,2,0,0,1,0,0,0,0.0,1,558824.068938988260000,5939494.435095258100000,9.888929950000033,53.600972257000080,,9.889,53.601
159790,159791,2,4,1,401,2019,5,18,6,3,6,4,0,0,1,0,1,0,0.0,0,565092.861290588040000,5937689.285527352200000,9.983270533000052,53.584007895000070,,9.983,53.584
159791,159792,2,3,1,308,2019,6,18,2,3,4,2,0,0,1,1,0,0,0.0,0,563652.579000000840000,5936547.299000000600000,9.961284649000049,53.573921337000058,,9.961,53.574
159792,159793,2,4,2,405,2019,5,17,6,3,0,1,0,0,1,0,0,0,0.0,0,565550.815055709330000,5938758.741515016200000,9.990411816000062,53.593562258000077,,9.99,53.594
159793,159794,2,3,5,317,2019,6,12,2,3,4,6,0,0,1,0,0,0,0.0,0,563726.161839920100000,5939858.081127766500000,9.963072048000072,53.603667288000054,,9.963,53.604
159800,159801,2,1,6,115,2019,5,15,6,3,3,2,0,0,1,1,0,0,0.0,0,566935.507167694160000,5933716.201463954500000,10.010248901000068,53.548069144000067,,10.01,53.548
159801,159802,2,7,9,710,2019,6,14,1,3,0,1,0,0,1,0,0,0,0.0,0,561839.853742904960000,5923192.293402509800000,9.931277278000039,53.454110595000031,,9.931,53.454
159802,159803,2,1,16,136,2019,5,10,5,3,5,3,0,0,1,1,0,0,0.0,0,567493.142698543150000,5927432.934554733300000,10.017309988000022,53.491528649000031,,10.017,53.492
159803,159804,2,5,18,526,2019,5,11,5,3,6,4,0,0,1,0,1,0,0.0,0,576770.421517132780000,5941021.323779484300000,10.160451487000046,53.612372390000075,,10.16,53.612
159804,159805,2,6,6,607,2019,6,9,1,2,1,5,0,0,1,1,0,0,0.0,0,575905.695576077330000,5919780.471258986700000,10.142237221000073,53.421610036000061,,10.142,53.422
159805,159806,2,5,5,513,2019,5,10,5,3,5,3,0,0,1,1,0,0,0.0,0,575220.578400160190000,5938754.694820430100000,10.136482409000052,53.592227600000058,,10.136,53.592
159806,159807,2,6,9,610,2019,6,7,1,3,4,2,0,0,1,1,0,0,0.0,0,574048.234758828770000,5927155.829527044700000,10.116028463000021,53.488156656000058,,10.116,53.488
159811,159812,2,5,13,521,2019,6,16,1,2,1,5,0,0,1,1,0,0,0.0,0,572029.632936698380000,5948761.819244543100000,10.090598632000024,53.682608135000066,,10.091,53.683
159813,159814,2,5,2,505,2019,5,18,5,3,5,3,0,0,1,1,0,0,0.0,0,570177.658850492910000,5936451.489614209200000,10.059787559000029,53.572227999000063,,10.06,53.572
159818,159819,2,5,7,515,2019,5,20,5,3,5,3,0,0,1,1,0,0,0.0,0,571308.727116947990000,5940431.626804703800000,10.077774945000044,53.607844758000056,,10.078,53.608
159826,159827,2,3,9,321,2019,5,16,5,3,3,7,0,0,1,0,0,0,0.0,1,562288.283942548560000,5937666.295410277300000,9.940907376000041,53.584141903000045,,9.941,53.584
159828,159829,2,2,1,203,2019,6,19,7,3,6,4,0,0,1,0,1,0,0.0,0,562364.782861522400000,5934077.497088208800000,9.941346216000056,53.551879010000050,,9.941,53.552
159830,159831,2,2,3,210,2019,6,18,7,3,4,2,0,0,1,1,0,0,0.0,0,562190.517290723510000,5934261.662151096400000,9.938752841000053,53.553554844000075,,9.939,53.554
159831,159832,2,3,6,318,2019,5,17,5,3,5,3,0,0,1,1,0,0,0.0,0,562926.710000001830000,5943527.269999999600000,9.951733576000038,53.636739815000055,,9.952,53.637
159835,159836,2,3,1,302,2019,5,12,5,3,0,7,0,0,1,0,0,0,0.0,0,562950.690343480560000,5937358.172644376800000,9.950849820000030,53.581293610000046,,9.951,53.581
159837,159838,2,3,2,312,2019,5,8,5,3,2,6,0,0,1,0,0,0,0.0,0,565607.816102760840000,5935059.331472173300000,9.990495441000064,53.560307752000028,,9.99,53.56
159839,159840,2,1,4,111,2019,5,19,5,2,1,7,0,0,1,1,0,0,0.0,0,563810.211185765450000,5934316.846703901900000,9.963209298000038,53.553856435000057,,9.963,53.554
159841,159842,2,5,18,526,2019,6,11,6,3,5,2,0,0,1,0,0,0,1.0,0,576379.999498886990000,5939501.095178736400000,10.154178656000056,53.598767641000052,,10.154,53.599
159852,159853,2,5,14,522,2019,6,7,6,3,5,3,0,0,1,1,0,0,0.0,0,572992.669999999930000,5950879.580000001900000,10.105675584000039,53.701506192000068,,10.106,53.702
159853,159854,2,3,1,303,2019,5,8,4,3,5,3,0,1,1,1,0,0,0.0,0,562346.651605626570000,5936974.827123232200000,9.941650799000058,53.577920510000069,,9.942,53.578
159854,159855,2,4,5,413,2019,6,22,6,3,3,6,1,0,1,1,0,0,0.0,0,565938.565492896360000,5937771.074846170800000,9.996060628000066,53.584637294000061,,9.996,53.585
159856,159857,2,3,1,308,2019,5,13,4,3,4,6,0,0,1,1,0,0,0.0,0,564285.551841536540000,5936759.588462911500000,9.970886048000068,53.575752054000077,,9.971,53.576
159857,159858,2,4,5,413,2019,6,9,6,3,3,6,0,0,1,0,0,0,0.0,0,566751.295363786630000,5937026.265300458300000,10.008176261000074,53.577840750000064,,10.008,53.578
159860,159861,2,4,6,415,2019,6,14,6,3,5,3,0,0,1,1,0,0,0.0,0,567313.358717015940000,5935892.039897115900000,10.016419404000033,53.567575470000065,,10.016,53.568
159863,159864,2,7,4,705,2019,5,18,3,3,5,3,0,1,1,1,0,0,0.0,0,565480.379993549550000,5922740.489424850800000,9.985999063000065,53.449610184000051,,9.986,53.45
159868,159869,2,1,12,130,2019,5,13,3,3,5,3,0,0,1,1,0,0,0.0,0,575043.049025869930000,5933727.109547242500000,10.132592748000036,53.547071104000054,,10.133,53.547
159870,159871,2,2,1,203,2019,6,17,6,3,3,6,0,0,1,1,0,0,0.0,0,562377.990512265820000,5933859.669035304300000,9.941502088000050,53.549919738000028,,9.942,53.55
159874,159875,2,5,2,508,2019,5,16,3,3,6,4,0,0,1,0,1,0,0.0,0,572682.070000002160000,5937270.070000002200000,10.097790982000049,53.579243525000038,,10.098,53.579
159876,159877,2,3,1,310,2019,6,16,6,3,4,2,0,0,1,1,0,0,0.0,0,563730.443999999200000,5935480.216000001900000,9.962242649000075,53.564321690000043,,9.962,53.564
159878,159879,2,5,11,519,2019,5,17,3,3,5,3,0,1,1,1,0,0,0.0,0,571135.904174936000000,5946314.375753073000000,10.076508480000030,53.660735827000053,,10.077,53.661
159879,159880,2,1,4,109,2019,6,11,6,3,4,2,0,0,1,1,0,0,0.0,0,564414.325939411300000,5934685.129050469000000,9.972402811000052,53.557092520000026,,9.972,53.557
159880,159881,2,5,12,520,2019,5,21,3,3,5,3,1,1,1,1,0,0,0.0,0,569900.570571956220000,5944076.059942903000000,10.057314146000067,53.640786863000073,,10.057,53.641
159881,159882,2,1,1,102,2019,6,8,6,3,6,4,0,0,1,0,1,0,0.0,0,565843.086287655870000,5933869.568516105400000,9.993796174000067,53.549585611000055,,9.994,53.55
159885,159886,2,2,10,222,2019,5,19,3,3,4,2,0,1,1,1,0,0,0.0,0,556656.451642415490000,5934363.903023894900000,9.855246531000034,53.555100161000041,,9.855,53.555
159887,159888,2,1,5,113,2019,6,20,6,3,0,4,0,0,1,0,1,0,0.0,0,567067.176642354580000,5934859.460661932800000,10.012481092000030,53.558327027000075,,10.012,53.558
159888,159889,2,3,1,301,2019,5,22,3,3,5,3,2,1,1,1,0,0,0.0,0,562334.452500784770000,5936973.469856126200000,9.941466306000052,53.577909762000047,,9.941,53.578
159892,159893,2,7,10,711,2019,6,5,5,3,5,3,0,0,1,1,0,0,0.0,0,562216.883188215080000,5925656.373880438500000,9.937442126000065,53.476212183000030,,9.937,53.476
159893,159894,2,7,4,705,2019,5,16,2,3,0,2,0,0,1,1,0,0,0.0,0,565759.021507564000000,5922673.497159048900000,9.990180138000028,53.448973400000057,,9.99,53.449
159896,159897,2,6,1,601,2019,5,16,2,3,1,7,0,0,1,1,0,0,0.0,0,579388.402537211780000,5928615.344991805000000,10.196864248000054,53.500494398000058,,10.197,53.5
159899,159900,2,5,18,526,2019,5,18,2,3,5,3,0,0,1,0,0,0,0.0,0,577723.458478299900000,5940174.801938688400000,10.174643004000075,53.604624493000074,,10.175,53.605
159900,159901,2,5,8,516,2019,5,16,2,3,5,3,0,0,1,1,0,0,0.0,0,569603.351263452320000,5940656.230602091200000,10.052054548000058,53.610092594000037,,10.052,53.61
159902,159903,2,2,14,227,2019,5,18,2,3,5,3,0,0,1,0,0,0,0.0,0,551281.763233190400000,5937557.628324354100000,9.774646942000061,53.584357115000046,,9.775,53.584
159904,159905,2,2,5,216,2019,5,16,2,3,5,3,0,0,1,1,0,0,0.0,0,560738.903972252270000,5936069.518816933000000,9.917195586000048,53.569972777000032,,9.917,53.57
159907,159908,2,1,15,134,2019,6,8,5,3,5,3,0,0,1,1,0,0,0.0,0,568158.321201899090000,5931346.527954025200000,10.028185298000039,53.526615194000044,,10.028,53.527
159909,159910,2,3,1,307,2019,5,12,2,3,5,3,0,0,1,1,0,0,0.0,0,563096.302000001070000,5935871.462000001200000,9.952748458000031,53.567914575000032,,9.953,53.568
159911,159912,2,3,1,309,2019,5,8,2,2,0,7,0,0,1,0,0,0,0.0,0,564395.837268375790000,5935945.446674758600000,9.972383503000060,53.568421618000059,,9.972,53.568
159912,159913,2,1,12,130,2019,6,7,5,3,4,2,0,0,1,1,0,0,0.0,0,574932.692716451360000,5931808.532609280200000,10.130468097000062,53.529844877000073,,10.13,53.53
159913,159914,2,1,5,114,2019,5,0,2,3,4,6,2,0,1,0,0,0,0.0,0,566645.363966059870000,5934837.760582430300000,10.006109642000069,53.558185731000037,,10.006,53.558
159915,159916,2,5,2,506,2019,6,16,5,3,4,2,0,0,1,1,0,0,0.0,0,571402.662576830010000,5937858.848481725900000,10.078605297000024,53.584710584000049,,10.079,53.585
159917,159918,2,5,2,509,2019,6,8,5,3,5,2,0,0,1,1,0,0,0.0,0,571368.111000000500000,5938116.629000002500000,10.078142427000046,53.587031948000060,,10.078,53.587
159919,159920,2,4,13,432,2019,5,13,1,3,0,7,0,0,1,1,0,0,0.0,0,566167.789602305740000,5946449.747213572300000,10.001367325000047,53.662604634000047,,10.001,53.663
159924,159925,2,4,13,432,2019,6,18,5,2,5,2,0,0,1,1,0,0,0.0,0,566050.966529699970000,5946766.480916317600000,9.999667015000057,53.665465906000065,,10.0,53.665
159925,159926,2,1,5,114,2019,5,17,1,3,5,3,0,0,1,1,0,0,0.0,0,566389.131748024370000,5934740.025153482300000,10.002221331000044,53.557339833000071,,10.002,53.557
159927,159928,2,7,14,715,2019,5,21,7,3,0,7,0,0,1,0,0,0,0.0,0,557802.020139637400000,5926236.213348558200000,9.871037433000026,53.481926829000031,,9.871,53.482
159928,159929,2,3,8,320,2019,6,16,5,3,1,5,0,0,1,1,0,0,0.0,0,560130.506421562280000,5940565.096035225300000,9.908876285000076,53.610446427000056,,9.909,53.61
159930,159931,2,4,5,408,2019,6,8,2,3,4,2,0,0,1,1,0,0,0.0,0,567350.088240424170000,5939921.916177725400000,10.017843780000021,53.603787755000042,,10.018,53.604
159931,159932,2,3,8,320,2019,6,13,2,3,6,6,0,0,1,0,1,0,0.0,0,559918.656525096860000,5940522.267331615100000,9.905666364000069,53.610085782000056,,9.906,53.61
159934,159935,2,3,6,318,2019,6,9,2,3,5,3,0,0,1,1,0,0,0.0,0,562655.492893317710000,5943033.867917222900000,9.947532806000027,53.632338031000074,,9.948,53.632
159935,159936,2,2,3,208,2019,6,10,2,3,5,3,0,0,1,1,0,0,0.0,0,562986.866726711390000,5935612.621277881800000,9.951044053000032,53.565601436000065,,9.951,53.566
159936,159937,2,2,1,202,2019,6,10,2,3,1,1,0,0,1,1,0,0,0.0,0,562111.929000109430000,5933466.509406780800000,9.937408792000042,53.546417799000039,,9.937,53.546
159937,159938,2,3,2,312,2019,6,19,2,3,0,7,0,0,1,1,0,0,0.0,0,566239.606277982700000,5935668.380215238800000,10.000161247000051,53.565702044000034,,10.0,53.566
159939,159940,2,1,4,112,2019,6,18,2,3,4,6,0,0,1,0,0,0,0.0,1,564045.543395076880000,5933478.084848258600000,9.966589262000070,53.546289561000037,,9.967,53.546
159947,159948,2,4,7,416,2019,6,18,1,3,6,6,0,0,1,0,1,0,0.0,0,567220.030000001190000,5935334.289999999100000,10.014890389000072,53.562574846000075,,10.015,53.563
159948,159949,2,5,1,504,2019,6,13,1,2,5,3,0,0,1,1,0,0,0.0,0,569933.243119708260000,5936734.685320591600000,10.056160633000047,53.574805726000079,,10.056,53.575
159950,159951,2,1,4,112,2019,6,10,1,3,6,6,0,0,1,0,1,0,0.0,0,564176.481000000610000,5933425.752000000300000,9.968554353000059,53.545803243000080,,9.969,53.546
159959,159960,2,7,1,702,2019,6,17,6,3,5,2,0,0,1,0,0,0,0.0,1,565963.148238412100000,5925035.777955547000000,9.993748954000068,53.470178605000058,,9.994,53.47
159960,159961,2,1,13,131,2019,6,11,6,3,0,2,0,0,1,0,0,0,0.0,1,571157.104327497070000,5931579.534159515100000,10.073467107000056,53.528311731000031,,10.073,53.528
159962,159963,2,5,18,526,2019,6,15,6,3,5,3,0,0,1,1,0,0,0.0,0,577082.052289315500000,5940290.567462289700000,10.164980208000031,53.605759580000040,,10.165,53.606
159963,159964,2,5,6,514,2019,6,13,6,3,5,3,0,0,1,1,0,0,0.0,0,575623.250105651100000,5943242.084594864400000,10.143654250000054,53.632496547000073,,10.144,53.632
159965,159966,2,5,2,507,2019,6,13,6,3,5,3,0,0,1,1,0,0,0.0,0,570941.287386656740000,5936463.468241244600000,10.071320009000033,53.572232948000078,,10.071,53.572
159966,159967,2,5,17,525,2019,6,21,6,3,5,3,1,0,1,1,0,0,0.0,0,578413.259999999780000,5945499.240000002100000,10.186407123000038,53.652370062000045,,10.186,53.652
159968,159969,2,4,4,407,2019,6,8,6,3,4,2,0,0,1,1,0,0,0.0,0,565806.702804042960000,5939695.188087066600000,9.994475050000062,53.601946203000068,,9.994,53.602
159969,159970,2,4,5,409,2019,6,8,6,3,3,2,0,0,1,0,0,0,0.0,0,567393.350663403050000,5938579.601895541000000,10.018207340000060,53.591718676000028,,10.018,53.592
159973,159974,2,4,10,426,2019,6,10,6,2,6,3,0,0,1,0,1,0,0.0,0,569623.306859408510000,5938780.874682849300000,10.051937254000052,53.593236116000071,,10.052,53.593
159978,159979,2,2,7,219,2019,6,12,6,3,4,2,0,0,1,1,0,0,0.0,0,560246.366319654510000,5934329.879772927600000,9.909423562000029,53.554394657000046,,9.909,53.554
159981,159982,2,3,5,317,2019,6,7,6,3,4,6,0,0,1,0,0,0,1.0,0,562861.298000001350000,5938483.102000000000000,9.949726428000076,53.591414416000077,,9.95,53.591
159994,159995,2,5,17,525,2019,6,16,5,2,0,7,0,0,1,0,0,1,0.0,0,578139.542990528980000,5944757.920644642800000,10.182080347000067,53.645749130000070,,10.182,53.646
159998,159999,2,1,12,130,2019,7,14,5,3,5,3,0,0,1,1,0,0,0.0,0,574310.127256435340000,5935833.853301053900000,10.122034276000022,53.566108348000057,,10.122,53.566
159999,160000,2,4,13,432,2019,6,18,5,3,0,2,0,1,1,1,0,0,0.0,0,566857.630458797330000,5944962.865238618100000,10.011485480000033,53.649154229000033,,10.011,53.649
160000,160001,2,1,6,118,2019,7,7,5,3,3,2,0,0,1,1,0,0,0.0,0,568815.412020779210000,5933687.229856317900000,10.038610634000065,53.547565769000073,,10.039,53.548
160001,160002,2,4,12,431,2019,6,14,5,3,5,3,0,0,1,1,0,0,0.0,0,567107.606385692950000,5942993.956378879000000,10.014841842000067,53.631427546000054,,10.015,53.631
160002,160003,2,5,7,515,2019,7,12,5,3,5,2,0,0,1,1,0,0,0.0,0,570816.636083620600000,5939493.093362562400000,10.070125567000048,53.599476951000042,,10.07,53.599
160003,160004,2,5,11,519,2019,7,15,5,3,1,3,0,0,1,1,0,0,0.0,1,570461.082773827020000,5947139.658008007300000,10.066485531000069,53.668243887000074,,10.066,53.668
160006,160007,2,4,4,407,2019,6,12,5,3,1,7,0,0,1,0,0,0,0.0,1,567982.831542884930000,5941487.018083594700000,10.027746098000023,53.617771711000046,,10.028,53.618
160008,160009,2,4,5,413,2019,7,14,5,3,9,7,0,0,1,0,0,0,0.0,0,566881.745325757190000,5937597.843807565000000,10.010268652000036,53.582960995000064,,10.01,53.583
160009,160010,2,4,10,426,2019,7,15,5,3,3,2,0,0,1,1,0,0,0.0,0,569602.002032806170000,5938598.653253786300000,10.051574755000047,53.591601318000073,,10.052,53.592
160011,160012,2,4,8,420,2019,6,10,5,3,5,2,0,0,1,1,0,0,0.0,0,568432.933942101900000,5936915.869848338900000,10.033546155000067,53.576631914000075,,10.034,53.577
160012,160013,2,2,11,223,2019,7,11,5,3,0,7,0,0,1,1,0,0,0.0,0,554328.757847747770000,5935109.773998858400000,9.820242981000035,53.562049859000069,,9.82,53.562
160013,160014,2,1,3,108,2019,7,20,5,3,0,7,0,0,1,1,0,0,0.0,0,565823.194369427860000,5934206.839181121400000,9.993566990000034,53.552619238000034,,9.994,53.553
160015,160016,2,1,1,102,2019,7,8,5,3,3,6,0,0,1,0,0,0,0.0,0,565847.606389150950000,5933381.088615290800000,9.993761536000022,53.545194955000056,,9.994,53.545
160017,160018,2,2,11,223,2019,6,21,5,3,2,6,0,0,1,1,0,0,0.0,0,553748.616930536930000,5934785.710807807700000,9.811429378000071,53.559197019000067,,9.811,53.559
160021,160022,2,6,1,601,2019,7,15,4,3,5,3,0,0,1,1,0,0,0.0,0,580187.066461747510000,5927777.754946887500000,10.208687919000056,53.492846103000034,,10.209,53.493
160028,160029,2,5,18,526,2019,7,18,4,3,4,7,0,0,1,1,0,0,0.0,0,576530.095095895230000,5939267.688673671300000,10.156388955000068,53.596648194000068,,10.156,53.597