,OBJECTID,ULAND,UREGBEZ,UKREIS,UGEMEINDE,UJAHR,UMONAT,USTUNDE,UWOCHENTAG,UKATEGORIE,UART,UTYP1,ULICHTVERH,STRZUSTAND,IstRad,IstPKW,IstFuss,IstKrad,IstGkfz,IstSonstig,LINREFX,LINREFY,XGCSWGS84,YGCSWGS84,UIDENTSTLA,lat_short,long_short
160029,160030,2,5,3,510,2019,7,7,4,3,5,3,0,0,1,1,0,0,0.0,0,570724.578837447800000,5936188.304378176100000,10.067985694000072,53.569789309000043,,10.068,53.57
160031,160032,2,5,2,507,2019,7,12,4,3,5,2,0,0,1,1,0,0,0.0,0,570846.391495296730000,5937058.476503992500000,10.070022227000038,53.577593105000062,,10.07,53.578
160033,160034,2,5,2,505,2019,7,6,4,3,1,7,0,0,1,1,0,0,0.0,0,570569.511451669970000,5936393.063240356700000,10.065690794000034,53.571650358000056,,10.066,53.572
160034,160035,2,5,8,516,2019,7,13,4,2,5,3,0,0,1,1,0,0,0.0,0,569755.103650860490000,5940627.006848603500000,10.054341315000045,53.609809778000056,,10.054,53.61
160036,160037,2,6,1,601,2019,6,6,4,3,3,2,0,0,1,1,0,0,0.0,0,577335.181314671410000,5930118.658277764900000,10.166287750000038,53.514310252000030,,10.166,53.514
160038,160039,2,6,2,602,2019,6,14,4,3,0,7,0,0,1,0,0,0,0.0,0,580133.538265419190000,5927401.724201686700000,10.207785241000067,53.489474987000051,,10.208,53.489
160041,160042,2,4,11,430,2019,7,8,4,3,3,2,0,0,1,1,0,0,0.0,0,566915.580000000070000,5942101.830000001900000,10.011746595000034,53.623434518000067,,10.012,53.623
160046,160047,2,4,5,408,2019,7,22,4,3,5,3,2,0,1,0,0,1,0.0,0,565972.026032863180000,5939405.218493374100000,9.996911644000022,53.599319414000036,,9.997,53.599
160047,160048,2,5,6,514,2019,6,15,4,3,4,2,0,0,1,1,0,0,0.0,0,573810.662399048920000,5940421.910932041700000,10.115579669000056,53.607410966000032,,10.116,53.607
160049,160050,2,4,10,427,2019,7,17,4,3,3,2,0,0,1,1,0,0,0.0,0,569115.241048497150000,5938666.128109365700000,10.044236875000024,53.592272115000071,,10.044,53.592
160050,160051,2,4,11,430,2019,6,8,4,3,5,3,0,0,1,1,0,0,0.0,0,568630.085026712160000,5942889.643708502900000,10.037838573000045,53.630292709000059,,10.038,53.63
160052,160053,2,4,11,430,2019,6,9,4,3,5,3,0,0,1,1,0,0,0.0,0,569746.239718323570000,5943540.666189769300000,10.054860119000068,53.635995904000026,,10.055,53.636
160054,160055,2,3,1,303,2019,7,17,4,3,3,6,0,0,1,1,0,0,0.0,0,562921.627350865860000,5936797.446092004000000,9.950297869000053,53.576257671000064,,9.95,53.576
160060,160061,2,2,1,203,2019,7,13,4,3,6,3,0,0,1,0,1,0,0.0,0,562473.990000001150000,5934074.609000001100000,9.942993788000024,53.551840070000026,,9.943,53.552
160061,160062,2,4,5,413,2019,6,8,4,3,0,7,0,0,1,0,0,0,0.0,1,566616.880000000820000,5936946.750000001900000,10.006129498000064,53.577143221000028,,10.006,53.577
160063,160064,2,4,10,426,2019,6,16,4,3,5,2,0,0,1,1,0,0,0.0,0,569537.027000000700000,5937965.787000000500000,10.050452200000052,53.585922355000037,,10.05,53.586
160064,160065,2,1,2,103,2019,7,18,4,3,2,6,0,0,1,1,0,0,0.0,0,565629.580497500490000,5933138.782909851500000,9.990420825000058,53.543044583000039,,9.99,53.543
160065,160066,2,4,8,421,2019,6,9,4,3,5,3,0,0,1,1,0,0,0.0,0,568872.819663964210000,5937341.212806837600000,10.040282420000040,53.580396928000027,,10.04,53.58
160067,160068,2,1,16,137,2019,7,6,3,3,0,7,0,0,1,0,0,0,0.0,1,565200.138193953780000,5930679.638079242800000,9.983428914000058,53.520997007000062,,9.983,53.521
160070,160071,2,2,11,224,2019,6,13,4,3,0,7,0,0,1,0,0,0,0.0,0,552378.634368393570000,5935883.451528003400000,9.790933332000066,53.569201706000058,,9.791,53.569
160072,160073,2,1,8,123,2019,7,15,3,3,0,7,0,0,1,0,0,0,0.0,0,570132.236492037770000,5935497.938368305600000,10.058887641000069,53.563664478000078,,10.059,53.564
160074,160075,2,3,1,301,2019,6,18,4,3,5,3,0,1,1,1,0,0,0.0,0,562612.588120925240000,5937155.575793493500000,9.945703019000064,53.579513280000072,,9.946,53.58
160078,160079,2,5,5,513,2019,7,14,3,3,5,3,0,0,1,1,0,0,0.0,0,573018.786657916380000,5937303.864872319600000,10.102883628000029,53.579500468000049,,10.103,53.58
160079,160080,2,5,7,515,2019,7,15,3,3,2,6,0,0,1,0,0,0,0.0,0,570713.764616351570000,5939674.563273813600000,10.068612515000041,53.601121702000057,,10.069,53.601
160081,160082,2,4,2,403,2019,6,7,4,3,1,5,0,0,1,1,0,0,0.0,0,564602.010802406820000,5938173.936162879700000,9.975957449000021,53.588424263000036,,9.976,53.588
160082,160083,2,2,1,204,2019,6,18,4,3,3,6,0,1,1,1,0,0,0.0,0,562644.923657387500000,5934651.177550690200000,9.945689049000066,53.557001534000051,,9.946,53.557
160084,160085,2,4,10,427,2019,7,21,3,3,5,3,0,0,1,1,0,0,0.0,0,569324.501208154480000,5937809.869923785300000,10.047207655000022,53.584549262000053,,10.047,53.585
160086,160087,2,2,4,214,2019,7,8,3,3,3,2,0,0,1,1,0,0,0.0,0,561859.546507940630000,5933880.195735283200000,9.933682162000025,53.550165557000071,,9.934,53.55
160087,160088,2,2,2,207,2019,6,18,4,3,2,2,0,0,1,1,0,0,0.0,0,563952.291306222790000,5935458.029647449000000,9.965587177000032,53.564095306000070,,9.966,53.564
160088,160089,2,3,2,311,2019,7,19,3,3,5,2,0,0,1,1,0,0,0.0,0,565044.053062221040000,5935483.180531790500000,9.982073800000023,53.564187161000063,,9.982,53.564
160090,160091,2,1,4,111,2019,6,18,4,3,6,3,0,1,1,0,1,0,0.0,0,564211.862090683540000,5933899.184871079400000,9.969185452000033,53.550053807000040,,9.969,53.55
160091,160092,2,1,4,112,2019,6,9,4,3,6,4,0,0,1,0,1,0,0.0,0,563558.285398399460000,5933521.996316390100000,9.959245519000035,53.546743410000033,,9.959,53.547
160092,160093,2,1,3,108,2019,7,18,3,3,4,6,0,0,1,0,0,0,0.0,0,565712.377001270650000,5934321.791183248200000,9.991918697000074,53.553666222000061,,9.992,53.554
160093,160094,2,1,3,105,2019,6,9,4,3,6,3,0,0,1,0,1,0,0.0,0,564837.008609581740000,5933267.207116158700000,9.978488611000046,53.544297215000029,,9.978,53.544
160095,160096,2,1,5,114,2019,6,8,4,3,4,2,0,0,1,1,0,0,0.0,0,566987.556133325210000,5934037.430254226600000,10.011103150000054,53.550949453000044,,10.011,53.551
160096,160097,2,1,5,114,2019,7,14,3,3,6,6,0,0,1,0,1,0,0.0,0,566651.205832432020000,5934103.906435459900000,10.006041347000064,53.551589694000029,,10.006,53.552
160097,160098,2,7,9,710,2019,7,16,2,3,0,6,0,0,1,1,0,0,0.0,0,563425.820000000300000,5922767.930000001600000,9.955071966000048,53.450108100000080,,9.955,53.45
160098,160099,2,1,19,140,2019,6,17,4,2,3,2,0,0,1,0,0,0,1.0,0,559455.121527072040000,5930006.717458799500000,9.896659994000061,53.515630375000057,,9.897,53.516
160103,160104,2,5,5,513,2019,7,17,2,3,5,2,0,0,1,1,0,0,0.0,0,573842.143953504970000,5937782.806457981500000,10.115430448000041,53.583689369000069,,10.115,53.584
160104,160105,2,6,2,602,2019,6,9,3,3,5,2,0,0,1,1,0,0,0.0,0,579676.656773314810000,5927336.346784167000000,10.200884118000033,53.488956836000057,,10.201,53.489
160105,160106,2,5,4,512,2019,7,16,2,3,4,2,0,0,1,1,0,0,0.0,0,575551.437215168960000,5937752.989844217900000,10.141237577000027,53.583177947000081,,10.141,53.583
160106,160107,2,6,1,601,2019,6,8,3,3,0,7,0,0,1,0,0,0,0.0,0,580142.095757463020000,5928346.721575232200000,10.208155573000056,53.497966075000079,,10.208,53.498
160110,160111,2,1,2,104,2019,6,16,3,3,5,3,0,0,1,1,0,0,0.0,0,568096.129041862670000,5932148.039073504500000,10.027421623000066,53.533826581000028,,10.027,53.534
160115,160116,2,4,5,408,2019,7,18,2,3,5,2,0,0,1,1,0,0,0.0,0,565769.923301961270000,5939407.249503742900000,9.993858579000062,53.599363068000059,,9.994,53.599
160121,160122,2,5,9,517,2019,6,14,3,3,0,1,0,1,1,0,0,0,0.0,0,572206.205546712500000,5943567.188405476500000,10.092064129000050,53.635900682000056,,10.092,53.636
160122,160123,2,3,5,317,2019,7,18,2,3,5,3,0,0,1,1,0,0,0.0,0,563391.239473165940000,5938190.911527672800000,9.957672332000072,53.588724608000064,,9.958,53.589
160124,160125,2,2,1,204,2019,7,18,2,3,5,3,0,0,1,1,0,0,0.0,0,562235.114802037370000,5934276.176876394100000,9.939428821000035,53.553680009000061,,9.939,53.554
160131,160132,2,5,4,512,2019,6,18,1,3,3,2,0,0,1,0,0,0,0.0,1,573206.662184352990000,5936317.843183726100000,10.105489545000069,53.570613016000038,,10.105,53.571
160136,160137,2,4,5,413,2019,6,15,3,3,1,5,0,0,1,1,0,0,0.0,0,566333.036988738920000,5938001.104612099000000,10.002067375000024,53.586654859000078,,10.002,53.587
160138,160139,2,2,3,209,2019,6,10,1,3,0,7,0,0,1,0,0,0,0.0,1,562395.345531884580000,5935661.174432713500000,9.942123655000046,53.566108468000039,,9.942,53.566
160140,160141,2,4,10,427,2019,6,15,3,2,5,2,0,0,1,1,0,0,0.0,0,569223.637408455830000,5938264.063957560800000,10.045785070000022,53.588644448000082,,10.046,53.589
160141,160142,2,1,3,108,2019,6,12,1,3,4,2,0,0,1,1,0,0,0.0,0,565578.136890118010000,5935011.178777137800000,9.990037336000057,53.559878702000049,,9.99,53.56
160144,160145,2,3,8,320,2019,6,16,3,3,5,3,0,0,1,0,0,0,0.0,0,559652.052524711940000,5940398.457542952200000,9.901613509000072,53.609003478000034,,9.902,53.609
160147,160148,2,3,5,317,2019,6,9,3,3,6,4,0,0,1,1,1,0,0.0,0,563285.941684475170000,5937823.366324517900000,9.956007252000063,53.585434094000050,,9.956,53.585
160149,160150,2,2,1,204,2019,6,7,3,3,0,7,0,0,1,0,0,0,0.0,0,562309.605549326170000,5934349.781682031200000,9.940567751000060,53.554332687000056,,9.941,53.554
160150,160151,2,2,1,205,2019,6,8,3,3,1,7,0,0,1,0,0,0,0.0,1,562854.690706768070000,5934353.055867260300000,9.948795273000030,53.554297133000034,,9.949,53.554
160152,160153,2,1,4,112,2019,6,14,3,3,0,7,0,0,1,0,0,0,0.0,0,564196.318095815370000,5933855.223177038100000,9.968941849000032,53.549660610000046,,9.969,53.55
160155,160156,2,6,2,602,2019,6,11,7,3,5,3,0,0,1,0,0,0,0.0,0,578450.364568700080000,5926112.410553213200000,10.182099984000047,53.478141836000077,,10.182,53.478
160160,160161,2,6,2,602,2019,6,17,2,3,0,3,0,0,1,0,0,0,0.0,1,579745.560000001450000,5926975.710000002800000,10.201830747000031,53.485705460000077,,10.202,53.486
160162,160163,2,6,2,602,2019,6,10,2,3,2,6,0,0,1,1,0,0,0.0,0,579751.016289102840000,5926943.550742227600000,10.201904788000036,53.485415628000055,,10.202,53.485
160164,160165,2,6,2,603,2019,6,8,2,3,5,3,0,0,1,1,0,0,0.0,0,581206.092516489330000,5927228.706759415600000,10.223902156000065,53.487755719000063,,10.224,53.488
160170,160171,2,4,5,413,2019,6,18,7,3,5,3,0,0,1,1,0,0,0.0,0,566186.651291566900000,5937305.636215534100000,9.999708846000033,53.580423060000044,,10.0,53.58
160171,160172,2,1,8,123,2019,6,18,2,3,6,4,0,0,1,0,1,0,0.0,0,569972.704920307730000,5935419.595067132300000,10.056461867000053,53.562981698000044,,10.056,53.563
160173,160174,2,5,1,504,2019,6,18,7,3,5,3,0,0,1,1,0,0,0.0,0,569798.339942918160000,5936487.733270697300000,10.054068445000041,53.572604325000043,,10.054,53.573
160176,160177,2,5,4,512,2019,6,5,2,3,6,4,0,0,1,0,1,0,0.0,0,574375.692952252920000,5936378.886707274200000,10.123153851000041,53.570997187000046,,10.123,53.571
160177,160178,2,4,6,414,2019,6,14,7,3,5,2,0,0,1,1,0,0,0.0,0,567197.211101547810000,5936716.342659516300000,10.014843270000028,53.574998493000066,,10.015,53.575
160178,160179,2,5,18,526,2019,6,14,2,3,3,2,0,0,1,1,0,0,0.0,0,575834.800485331570000,5942962.852177342400000,10.146784781000065,53.629956573000072,,10.147,53.63
160180,160181,2,5,11,519,2019,6,9,2,3,5,2,0,0,1,1,0,0,0.0,0,572713.751493828370000,5945687.947018317900000,10.100234831000023,53.654889241000035,,10.1,53.655
160181,160182,2,5,12,520,2019,6,21,2,3,5,2,0,0,1,1,0,0,0.0,0,568731.531835116450000,5947236.241080718100000,10.040333566000072,53.669342113000027,,10.04,53.669
160183,160184,2,2,9,221,2019,6,11,7,3,5,3,0,0,1,1,0,0,0.0,0,556385.466953931380000,5935318.998406030200000,9.851328759000069,53.563713342000028,,9.851,53.564
160184,160185,2,4,5,413,2019,6,10,2,3,0,6,0,0,1,0,0,0,0.0,1,566953.333214747720000,5937463.036542376500000,10.011320902000023,53.581740328000080,,10.011,53.582
160185,160186,2,3,6,318,2019,6,14,7,3,1,5,0,0,1,1,0,0,0.0,0,563024.778543586840000,5942793.753631781800000,9.953067995000026,53.630135739000082,,9.953,53.63
160187,160188,2,3,1,308,2019,6,18,7,3,5,3,0,0,1,1,0,0,0.0,0,563800.744041734380000,5936646.416122077000000,9.963542151000070,53.574794132000079,,9.964,53.575
160190,160191,2,4,8,423,2019,6,14,2,3,5,3,0,0,1,1,0,0,0.0,0,568937.145084552470000,5937253.148785967400000,10.041234390000056,53.579597040000067,,10.041,53.58
160193,160194,2,2,13,226,2019,6,18,2,3,5,3,0,0,1,1,0,0,0.0,0,552773.583557615990000,5937068.740252010500000,9.797096897000074,53.579815136000036,,9.797,53.58
160195,160196,2,2,6,218,2019,6,19,2,3,6,4,0,0,1,0,1,0,0.0,0,558518.120558818800000,5934877.038419636000000,9.883441458000050,53.559507748000044,,9.883,53.56
160196,160197,2,6,2,602,2019,6,10,6,2,5,3,0,0,1,0,0,0,0.0,0,578522.349350200970000,5927379.769648643200000,10.183501402000047,53.489520578000054,,10.184,53.49
160198,160199,2,2,5,216,2019,6,13,2,3,0,6,0,0,1,1,0,0,0.0,0,559892.138791073110000,5935822.407498877500000,9.904363277000073,53.567849221000074,,9.904,53.568
160199,160200,2,3,5,317,2019,6,6,2,3,1,5,0,0,1,1,0,0,0.0,0,563145.348352476020000,5939889.486383887000000,9.954302117000054,53.604019845000039,,9.954,53.604
160200,160201,2,5,6,514,2019,6,14,6,3,0,2,0,0,1,1,0,0,0.0,0,573926.621544364840000,5940395.398135453500000,10.117325628000060,53.607156353000050,,10.117,53.607
160201,160202,2,3,2,312,2019,6,19,2,3,4,6,0,0,1,0,0,0,0.0,0,565543.386574287900000,5935452.031924612800000,9.989605269000037,53.563845094000044,,9.99,53.564
160204,160205,2,5,2,505,2019,6,9,6,3,5,3,0,0,1,1,0,0,0.0,0,570527.085475306030000,5937203.939746024100000,10.065233400000068,53.578943413000047,,10.065,53.579
160205,160206,2,5,7,515,2019,6,12,6,3,4,2,0,0,1,1,0,0,0.0,0,571096.875140306540000,5940884.688993610400000,10.074676976000035,53.611945183000046,,10.075,53.612
160208,160209,2,7,14,715,2019,6,13,1,3,1,5,0,0,1,1,0,0,0.0,0,555600.325460076330000,5925557.853774741300000,9.837743240000066,53.476067090000072,,9.838,53.476
160209,160210,2,5,12,520,2019,6,12,6,3,4,6,0,0,1,1,0,0,0.0,0,569228.477790496310000,5944489.728671323500000,10.047242062000066,53.644593825000072,,10.047,53.645
160210,160211,2,4,10,427,2019,6,15,6,3,4,6,0,0,1,0,0,0,0.0,0,568997.017204092820000,5937904.658497065300000,10.042282583000031,53.585444323000047,,10.042,53.585
160212,160213,2,5,1,504,2019,6,15,6,3,4,6,0,0,1,0,0,0,0.0,0,569870.603835776450000,5936086.153827378500000,10.055069699000057,53.568985696000027,,10.055,53.569
160213,160214,2,6,1,601,2019,6,10,1,3,5,3,0,0,1,1,0,0,0.0,0,579810.555879669260000,5928356.895947435900000,10.203161355000077,53.498107913000069,,10.203,53.498
160214,160215,2,4,10,428,2019,6,20,6,3,0,7,0,0,1,0,0,0,0.0,0,569496.613259508270000,5938858.943452637600000,10.050040793000051,53.593954533000044,,10.05,53.594
160216,160217,2,4,8,421,2019,6,9,6,3,6,6,0,0,1,0,1,0,0.0,0,569208.351874588990000,5937704.476219655900000,10.045430064000072,53.583617426000046,,10.045,53.584
160217,160218,2,6,6,607,2019,6,16,1,2,1,5,0,0,1,1,0,0,0.0,0,577338.165000000040000,5917723.735000001300000,10.163283835000072,53.402918182000064,,10.163,53.403
160218,160219,2,2,4,212,2019,6,20,6,3,1,5,0,0,1,1,0,0,0.0,0,560490.457756017330000,5934800.621038029000000,9.913198731000023,53.558597348000035,,9.913,53.559
160221,160222,2,1,11,128,2019,6,12,1,3,0,6,0,0,1,1,0,0,0.0,0,570718.156808459200000,5934598.487083770300000,10.067528907000053,53.555502463000039,,10.068,53.556
160222,160223,2,3,3,314,2019,6,11,6,3,1,7,0,0,1,1,0,0,0.0,0,565597.107942427510000,5937314.818282257800000,9.990807554000071,53.580579649000072,,9.991,53.581
160224,160225,2,1,8,126,2019,6,13,1,3,2,6,0,0,1,0,0,0,0.0,0,570188.439648807050000,5933895.784930644600000,10.059376290000046,53.549258334000058,,10.059,53.549
160229,160230,2,1,3,108,2019,6,1,6,2,5,3,2,0,1,1,0,0,0.0,0,565825.480000002310000,5934778.870000002900000,9.993721944000072,53.557759927000063,,9.994,53.558
160231,160232,2,5,16,524,2019,6,11,1,2,5,3,0,0,1,1,0,0,0.0,0,573969.328562729990000,5948044.996491182600000,10.119790526000031,53.675895297000068,,10.12,53.676
160236,160237,2,2,8,220,2019,6,10,1,2,5,3,0,0,1,1,0,0,0.0,0,556292.550025586970000,5938909.043335447100000,9.850573512000040,53.595989063000047,,9.851,53.596
160237,160238,2,6,2,602,2019,6,9,5,3,3,2,0,0,1,1,0,0,0.0,0,579573.640898326410000,5927332.339454351000000,10.199330824000072,53.488936411000054,,10.199,53.489
160238,160239,2,7,10,711,2019,6,12,1,3,0,7,0,0,1,0,0,0,0.0,0,564387.467877596620000,5925084.466104792400000,9.970024750000050,53.470811213000047,,9.97,53.471
160239,160240,2,5,18,526,2019,6,12,5,2,5,3,0,0,1,1,0,0,0.0,0,576120.960159804670000,5942781.901494450900000,10.151066910000054,53.628288902000065,,10.151,53.628
160240,160241,2,5,18,526,2019,6,9,5,3,5,3,0,0,1,0,0,0,0.0,1,577052.736460458490000,5942080.512000469500000,10.164980013000047,53.621849480000037,,10.165,53.622
160241,160242,2,4,12,431,2019,6,16,5,3,4,3,0,0,1,1,0,0,0.0,0,567795.541441485290000,5943064.802900718500000,10.025258827000073,53.631975608000062,,10.025,53.632
160242,160243,2,1,17,138,2019,6,14,1,3,0,1,0,0,1,0,0,0,0.0,0,566535.762129014360000,5931039.893007958300000,10.003647613000055,53.524067333000062,,10.004,53.524
160243,160244,2,4,10,428,2019,6,17,5,3,5,3,0,0,1,1,0,0,0.0,0,569112.275571815670000,5938790.309164939400000,10.044219597000051,53.593388526000069,,10.044,53.593
160244,160245,2,5,17,525,2019,6,10,7,2,5,3,0,0,1,1,0,0,0.0,0,577067.853208088320000,5945414.253624921700000,10.166034470000056,53.651806270000066,,10.166,53.652
160248,160249,2,3,4,315,2019,6,12,5,3,1,7,0,0,1,0,1,0,0.0,0,564175.738748536450000,5937211.548555176700000,9.969320749000076,53.579827387000080,,9.969,53.58
160251,160252,2,3,8,320,2019,6,17,7,3,5,3,0,0,1,1,0,0,0.0,0,559941.444450302050000,5939563.898917006300000,9.905826420000039,53.601469947000055,,9.906,53.601
160252,160253,2,3,1,302,2019,6,18,5,3,0,7,0,0,1,0,0,0,0.0,0,563012.834470247850000,5937461.328350853200000,9.951809172000026,53.582213239000055,,9.952,53.582
160254,160255,2,2,5,216,2019,6,10,7,3,0,7,0,1,1,0,0,0,1.0,0,560824.002072352920000,5935688.829110972600000,9.918406306000065,53.566541503000053,,9.918,53.567
160256,160257,2,3,5,317,2019,6,11,7,3,0,7,0,1,1,0,0,0,0.0,1,563504.662334002550000,5938834.980787284700000,9.959516718000032,53.594499309000071,,9.96,53.594
160258,160259,2,2,1,203,2019,6,15,5,3,1,7,0,0,1,1,0,0,0.0,0,562066.356545432470000,5934083.446240952200000,9.936843555000053,53.551967842000067,,9.937,53.552
160259,160260,2,2,1,205,2019,6,1,7,3,0,7,2,1,1,0,0,0,0.0,0,563478.989294099620000,5934653.787788765500000,9.958278729000028,53.556924791000029,,9.958,53.557
160261,160262,2,3,2,311,2019,6,16,5,3,3,5,0,0,1,1,0,0,0.0,0,565112.833933933640000,5935598.571406710900000,9.983136177000063,53.565215678000072,,9.983,53.565
160265,160266,2,7,14,715,2019,6,13,6,3,5,3,0,0,1,1,0,0,0.0,0,556918.212645819410000,5925628.195647243400000,9.857610492000049,53.476558467000075,,9.858,53.477
160267,160268,2,2,2,207,2019,6,21,5,3,1,5,1,0,1,1,0,0,0.0,0,563891.197986499410000,5935232.678938744600000,9.964618818000076,53.562077453000029,,9.965,53.562
160268,160269,2,7,10,711,2019,6,11,6,3,5,3,0,0,1,1,0,0,0.0,0,562177.474460156630000,5923289.419659834400000,9.936380138000061,53.454943786000058,,9.936,53.455
160269,160270,2,1,3,105,2019,6,13,5,3,3,2,0,0,1,1,0,0,0.0,0,564973.965400668790000,5933282.945146620300000,9.980558434000045,53.544421731000057,,9.981,53.544
160270,160271,2,6,2,602,2019,6,17,6,3,1,7,0,1,1,1,0,0,0.0,0,579349.817805202680000,5926988.460727954300000,10.195871242000067,53.485879864000026,,10.196,53.486
160274,160275,2,7,4,705,2019,6,12,4,3,3,2,0,0,1,1,0,0,0.0,0,565606.262046715240000,5922677.461331363800000,9.987881133000030,53.449028068000075,,9.988,53.449
160276,160277,2,6,2,603,2019,6,5,4,3,6,4,0,0,1,0,1,0,0.0,0,580969.231196942740000,5926947.905681731200000,10.220260743000040,53.485268754000060,,10.22,53.485
160277,160278,2,1,12,130,2019,6,7,4,3,5,3,0,0,1,1,0,0,0.0,0,574147.469097100200000,5935441.112439630600000,10.119485550000036,53.562601851000068,,10.119,53.563
160280,160281,2,5,18,526,2019,6,8,4,3,3,2,0,0,1,0,0,0,0.0,1,578126.899000000210000,5940005.719000000500000,10.180696442000055,53.603045017000056,,10.181,53.603
160282,160283,2,5,18,526,2019,6,6,4,3,5,3,0,0,1,1,0,0,0.0,0,576792.733881464230000,5941725.895697839600000,10.160962398000038,53.618700861000036,,10.161,53.619
160283,160284,2,5,4,512,2019,6,12,6,3,5,3,0,0,1,1,0,0,0.0,0,574529.821547701020000,5936509.898215621700000,10.125512135000065,53.572152693000078,,10.126,53.572
160285,160286,2,5,18,526,2019,6,8,6,3,5,3,0,0,1,1,0,0,0.0,0,577463.121417998340000,5938896.308259535600000,10.170391752000057,53.593173674000070,,10.17,53.593
160287,160288,2,5,4,512,2019,6,15,4,3,4,6,0,0,1,0,0,0,0.0,0,575174.218766033650000,5936708.222643125800000,10.135289155000066,53.573843055000054,,10.135,53.574
160290,160291,2,5,2,508,2019,6,16,6,3,0,2,0,0,1,1,0,0,0.0,0,571703.517539570110000,5936978.447418758600000,10.082946848000063,53.576757419000046,,10.083,53.577
160294,160295,2,5,9,517,2019,6,22,6,3,4,2,1,0,1,0,0,0,0.0,1,572402.118219049650000,5943931.944773891900000,10.095111469000074,53.639151619000074,,10.095,53.639
160295,160296,2,5,15,523,2019,6,20,4,3,6,3,0,0,1,0,1,0,0.0,0,574503.237178228800000,5950420.935083983500000,10.128442198000073,53.697171182000034,,10.128,53.697
160296,160297,2,5,17,525,2019,6,19,4,3,5,3,0,0,1,0,0,0,0.0,0,577689.019599778580000,5945761.589074894800000,10.175517368000044,53.654835735000063,,10.176,53.655
160297,160298,2,5,12,520,2019,6,12,6,3,3,2,0,0,1,0,0,0,0.0,1,569489.687742504290000,5944472.148575207200000,10.051188812000021,53.644401209000080,,10.051,53.644
160298,160299,2,4,12,431,2019,6,15,4,3,0,7,0,0,1,1,0,0,0.0,0,567731.648114119660000,5942664.621692063300000,10.024205648000077,53.628387435000036,,10.024,53.628
160300,160301,2,4,5,413,2019,6,17,4,3,0,6,0,0,1,0,0,0,0.0,1,565938.284170862290000,5937687.932058464700000,9.996038810000073,53.583890109000038,,9.996,53.584
160301,160302,2,3,8,320,2019,6,17,4,3,5,3,0,0,1,1,0,0,0.0,0,559866.942898173820000,5940385.616265548400000,9.904858567000076,53.608863558000053,,9.905,53.609
160302,160303,2,4,12,431,2019,6,18,6,3,5,3,0,0,1,1,0,0,0.0,0,566589.544215016070000,5942850.227558992800000,10.006977971000026,53.630201997000029,,10.007,53.63
160303,160304,2,4,13,432,2019,6,16,6,3,5,3,0,0,1,0,0,0,0.0,0,566576.949705142530000,5945374.915160428700000,10.007328067000060,53.652893138000081,,10.007,53.653
160305,160306,2,4,12,431,2019,6,9,6,3,0,7,0,0,1,0,0,0,0.0,0,566915.889220714570000,5942207.962615907200000,10.011774083000034,53.624388301000067,,10.012,53.624
160306,160307,2,2,9,221,2019,6,15,4,3,5,3,0,0,1,1,0,0,0.0,0,557372.246017206460000,5935336.404102267700000,9.866228858000056,53.563762825000026,,9.866,53.564
160307,160308,2,4,4,407,2019,6,13,6,2,3,2,0,0,1,1,0,0,0.0,0,567365.620097101670000,5941159.190026834600000,10.018345980000049,53.614905245000045,,10.018,53.615
160310,160311,2,4,5,411,2019,6,9,6,3,4,2,0,0,1,1,0,0,0.0,0,568392.899000001140000,5938100.844000000500000,10.033201296000072,53.587286599000038,,10.033,53.587
160311,160312,2,2,4,211,2019,6,15,4,3,1,6,0,0,1,1,0,0,0.0,0,561096.480750308370000,5934510.856165560000000,9.922289664000061,53.555922919000068,,9.922,53.556
160312,160313,2,4,10,427,2019,6,11,6,3,1,7,0,0,1,1,0,0,0.0,0,569363.864262849090000,5938592.318868219900000,10.047976129000062,53.591575953000074,,10.048,53.592
160313,160314,2,1,1,101,2019,6,8,4,3,5,3,0,0,1,1,0,0,0.0,0,565979.490645672190000,5933987.287585802400000,9.995879479000053,53.550626457000078,,9.996,53.551
160314,160315,2,1,3,108,2019,6,15,4,3,3,6,0,0,1,0,0,0,0.0,1,565573.540639518760000,5934980.853671310500000,9.989961594000022,53.559606737000081,,9.99,53.56
160315,160316,2,4,6,415,2019,6,18,6,3,5,3,0,0,1,1,0,0,0.0,0,567529.360677376390000,5935739.391173062800000,10.019647427000052,53.566175840000028,,10.02,53.566
160319,160320,2,6,1,601,2019,6,7,3,2,5,3,0,0,1,1,0,0,0.0,0,578232.491904271770000,5929421.813116252400000,10.179642973000057,53.507915122000043,,10.18,53.508
160320,160321,2,2,13,226,2019,6,11,6,2,0,6,0,0,1,0,0,0,0.0,1,553774.683475265280000,5936490.118481516800000,9.812116273000072,53.574512998000046,,9.812,53.575
160322,160323,2,1,12,130,2019,6,9,3,3,5,3,0,0,1,1,0,0,0.0,0,573251.093948275780000,5932753.291657416100000,10.105325101000062,53.538572497000075,,10.105,53.539
160324,160325,2,2,8,220,2019,6,14,6,3,4,6,0,0,1,0,0,0,0.0,1,556635.724967734890000,5939155.223940588500000,9.855802926000024,53.598164650000058,,9.856,53.598
160326,160327,2,2,8,220,2019,6,15,6,3,5,3,0,1,1,1,0,0,0.0,0,557427.830208176750000,5938205.109702872100000,9.867595698000059,53.589539309000031,,9.868,53.59
160330,160331,2,4,10,428,2019,6,10,3,3,5,3,0,0,1,1,0,0,0.0,0,569142.613559079360000,5939206.127859881100000,10.044770089000053,53.597121501000061,,10.045,53.597
160331,160332,2,5,1,504,2019,6,10,3,3,5,3,0,0,1,1,0,0,0.0,0,569740.254995626400000,5936621.479866387300000,10.053221303000043,53.573814036000044,,10.053,53.574
160334,160335,2,3,9,321,2019,6,17,3,3,5,3,0,0,1,1,0,0,0.0,0,560922.726756825110000,5938262.572833295900000,9.920399087000021,53.589661298000067,,9.92,53.59