,OBJECTID,ULAND,UREGBEZ,UKREIS,UGEMEINDE,UJAHR,UMONAT,USTUNDE,UWOCHENTAG,UKATEGORIE,UART,UTYP1,ULICHTVERH,STRZUSTAND,IstRad,IstPKW,IstFuss,IstKrad,IstGkfz,IstSonstig,LINREFX,LINREFY,XGCSWGS84,YGCSWGS84,UIDENTSTLA,lat_short,long_short
160335,160336,2,3,7,319,2019,6,14,6,3,5,3,0,0,1,1,0,0,0.0,0,559840.747401738540000,5942962.951428921900000,9.904958025000042,53.632030011000040,,9.905,53.632
160336,160337,2,2,14,227,2019,6,10,3,3,5,2,0,0,1,0,0,0,0.0,1,549880.926170571710000,5936676.201694047100000,9.753347487000042,53.576570175000029,,9.753,53.577
160337,160338,2,3,6,318,2019,6,7,6,3,1,5,0,0,1,1,0,0,0.0,0,562068.797029074280000,5942758.987885825300000,9.938606747000051,53.629937504000054,,9.939,53.63
160339,160340,2,3,6,318,2019,6,8,3,3,5,3,0,0,1,1,0,0,0.0,0,563229.687170461750000,5944150.070868482800000,9.956441866000034,53.642300542000044,,9.956,53.642
160340,160341,2,2,3,209,2019,6,18,6,3,6,6,0,0,1,0,1,0,0.0,0,562669.008606480430000,5935300.987519871400000,9.946182895000050,53.562838732000046,,9.946,53.563
160341,160342,2,3,1,306,2019,6,8,3,3,3,6,0,0,1,0,0,0,0.0,0,563572.950382993560000,5936600.273107606900000,9.960093065000024,53.574407087000054,,9.96,53.574
160342,160343,2,2,1,202,2019,6,19,6,3,1,7,0,0,1,1,0,0,0.0,0,561932.815428663980000,5933278.583522869300000,9.934668749000025,53.544749988000035,,9.935,53.545
160346,160347,2,2,4,211,2019,6,7,6,3,5,3,0,0,1,1,0,0,0.0,0,561230.267000000920000,5934481.807000000000000,9.924303273000021,53.555646254000067,,9.924,53.556
160349,160350,2,1,3,108,2019,6,19,3,3,3,6,0,0,1,0,0,0,0.0,0,565700.351063015870000,5934529.632611919200000,9.991780880000022,53.555535648000046,,9.992,53.556
160350,160351,2,1,1,102,2019,6,16,3,3,5,3,0,0,1,1,0,0,0.0,0,565979.211025126280000,5933982.187434418100000,9.995874183000069,53.550580656000079,,9.996,53.551
160352,160353,2,2,2,207,2019,6,0,6,3,3,2,2,0,1,1,0,0,0.0,0,563974.884090611710000,5935255.215567139900000,9.965886714000021,53.562269802000060,,9.966,53.562
160353,160354,2,1,5,113,2019,6,12,6,1,5,3,0,0,1,0,0,0,1.0,0,567130.095834820530000,5935171.532251691400000,10.013497827000037,53.561123626000040,,10.013,53.561
160355,160356,2,1,5,114,2019,6,17,6,3,0,7,0,1,1,0,0,0,0.0,0,566741.789484739300000,5934145.993694627700000,10.007417380000049,53.551956434000033,,10.007,53.552
160356,160357,2,1,3,108,2019,6,17,3,3,4,6,0,0,1,0,0,0,0.0,0,565921.371536764320000,5934738.439082220200000,9.995160785000053,53.557384531000082,,9.995,53.557
160358,160359,2,7,13,714,2019,6,14,2,3,3,2,0,0,1,1,0,0,0.0,0,558127.969508595760000,5925742.463765354800000,9.875857240000073,53.477453284000035,,9.876,53.477
160360,160361,2,7,14,715,2019,6,8,5,3,0,7,0,0,1,0,0,0,0.0,0,556439.769902096130000,5924976.326734144200000,9.850285345000032,53.470751162000056,,9.85,53.471
160364,160365,2,7,4,705,2019,6,20,2,2,4,2,0,1,1,1,0,0,0.0,0,565760.281552559700000,5922674.931229550400000,9.990199408000024,53.448986132000073,,9.99,53.449
160366,160367,2,1,12,130,2019,6,17,5,3,4,2,0,0,1,1,0,0,0.0,0,576062.047382730990000,5931289.529641320900000,10.147376244000043,53.525018418000059,,10.147,53.525
160369,160370,2,1,8,122,2019,6,8,5,3,3,2,0,0,1,0,0,0,0.0,0,569466.231699706060000,5934849.631511800000000,10.048689744000058,53.557926678000058,,10.049,53.558
160373,160374,2,5,6,514,2019,6,21,5,2,5,3,0,0,1,1,0,0,0.0,0,575433.332283709200000,5942873.543996149700000,10.140693400000032,53.629211987000076,,10.141,53.629
160375,160376,2,2,8,220,2019,7,19,6,3,5,3,0,0,1,1,0,0,0.0,0,557078.817775481380000,5938370.978749470800000,9.862353974000030,53.591068172000064,,9.862,53.591
160376,160377,2,2,5,215,2019,7,15,6,3,5,3,0,0,1,1,0,0,0.0,0,560843.515363355170000,5936751.437339412000000,9.918907935000050,53.576089334000073,,9.919,53.576
160377,160378,2,2,4,214,2019,7,11,6,3,0,3,0,0,1,0,0,0,0.0,1,561302.637000001040000,5933865.255000002700000,9.925274682000065,53.550096596000060,,9.925,53.55
160384,160385,2,1,7,120,2019,7,17,5,3,5,2,0,0,1,0,0,0,0.0,1,568801.906291794960000,5934969.581821743400000,10.038689051000063,53.559092181000040,,10.039,53.559
160385,160386,2,5,6,514,2019,7,13,5,3,5,3,0,0,1,1,0,0,0.0,0,574222.277000000700000,5939048.396999998000000,10.121472503000064,53.595009332000075,,10.121,53.595
160386,160387,2,5,12,520,2019,7,19,5,3,4,2,0,0,1,1,0,0,0.0,0,569863.512814089660000,5944834.286446301300000,10.056924087000027,53.647605935000058,,10.057,53.648
160393,160394,2,2,7,219,2019,7,14,5,3,0,7,0,0,1,0,0,0,0.0,1,560078.588368539700000,5933521.803206088000000,9.906736021000029,53.547151322000047,,9.907,53.547
160394,160395,2,2,1,202,2019,7,17,5,3,0,7,0,0,1,1,0,0,0.0,0,562647.866123737770000,5933573.511613138000000,9.945517519000021,53.547315803000060,,9.946,53.547
160395,160396,2,3,3,314,2019,7,23,5,3,5,3,2,0,1,1,0,0,0.0,0,565404.708304195660000,5937466.816942168400000,9.987933794000071,53.581969722000053,,9.988,53.582
160396,160397,2,2,1,201,2019,7,18,5,3,1,7,0,0,1,1,0,0,0.0,0,563479.193615369500000,5933441.397136148100000,9.958035661000054,53.546028604000071,,9.958,53.546
160397,160398,2,1,1,101,2019,7,14,5,3,4,6,0,0,1,0,0,0,0.0,1,566737.752126424570000,5933590.784269398100000,10.007237953000072,53.546967165000069,,10.007,53.547
160398,160399,2,1,3,108,2019,7,12,5,3,4,2,0,0,1,1,0,0,0.0,0,565166.684505455200000,5934772.624924387800000,9.983776879000061,53.557786004000036,,9.984,53.558
160402,160403,2,7,12,713,2019,7,5,4,3,5,3,0,0,1,1,0,0,0.0,0,558687.819583647880000,5930244.879346769300000,9.885134228000027,53.517857092000042,,9.885,53.518
160404,160405,2,5,18,526,2019,7,13,4,3,3,6,0,0,1,1,0,0,0.0,0,575699.489154432900000,5940600.473412215700000,10.144164734000071,53.608746174000032,,10.144,53.609
160407,160408,2,3,1,309,2019,8,8,5,3,3,2,0,0,1,1,0,0,0.0,0,564309.573011228810000,5936243.823985762900000,9.971142550000025,53.571113796000077,,9.971,53.571
160408,160409,2,5,13,521,2019,7,18,4,3,2,6,0,0,1,1,0,0,0.0,0,572284.661475293340000,5948336.913414143000000,10.094360238000036,53.678754392000030,,10.094,53.679
160410,160411,2,4,8,420,2019,7,18,4,3,4,6,0,0,1,1,0,0,0.0,0,568163.352782324890000,5936799.288961231700000,10.029449927000030,53.575619290000077,,10.029,53.576
160411,160412,2,2,6,218,2019,7,9,4,3,5,3,0,0,1,0,0,0,0.0,1,558757.236115165050000,5934975.777529975400000,9.887069450000070,53.560368452000034,,9.887,53.56
160416,160417,2,2,1,206,2019,7,8,4,3,5,3,0,0,1,0,0,0,0.0,0,563042.416458983910000,5934961.547646548600000,9.951751309000031,53.559743348000040,,9.952,53.56
160418,160419,2,2,3,208,2019,7,21,4,3,5,3,1,0,1,0,0,0,0.0,0,563405.003212090580000,5935264.369387280200000,9.957285890000037,53.562421229000051,,9.957,53.562
160430,160431,2,1,11,129,2019,8,8,4,3,0,7,0,0,1,0,0,0,0.0,1,571624.104092625900000,5935004.882733447500000,10.081295143000034,53.559031909000055,,10.081,53.559
160439,160440,2,4,5,409,2019,8,9,4,3,4,6,0,0,1,0,0,0,0.0,0,566171.146193587220000,5938493.986805073900000,9.999726711000051,53.591104929000039,,10.0,53.591
160441,160442,2,2,7,219,2019,7,16,3,3,5,3,0,0,1,1,0,0,0.0,0,559017.247989759780000,5934404.979170251600000,9.890886594000051,53.555209231000049,,9.891,53.555
160443,160444,2,3,7,319,2019,7,8,3,3,5,3,0,0,1,1,0,0,0.0,0,560018.493911962960000,5943024.572803705900000,9.907657562000054,53.632563474000051,,9.908,53.633
160444,160445,2,3,6,318,2019,7,7,3,3,1,3,0,0,1,1,0,0,0.0,0,563701.782446662900000,5942963.439265884500000,9.963338882000073,53.631578799000067,,9.963,53.632
160445,160446,2,3,1,302,2019,7,14,3,2,3,6,0,0,1,0,0,0,0.0,0,562731.438835194330000,5937367.587984597300000,9.947540487000026,53.581404500000076,,9.948,53.581
160446,160447,2,4,8,420,2019,8,7,4,3,5,3,0,0,1,1,0,0,0.0,0,568284.809002058580000,5936856.958039900300000,10.031296529000031,53.576121771000032,,10.031,53.576
160447,160448,2,3,9,321,2019,8,10,4,3,3,2,0,1,1,1,0,0,0.0,0,561769.666406346490000,5937778.744099512700000,9.933096707000061,53.585213864000082,,9.933,53.585
160448,160449,2,3,3,314,2019,7,7,3,3,5,3,0,0,1,1,0,0,0.0,0,565458.203895608890000,5937391.128995265800000,9.988725835000025,53.581282824000027,,9.989,53.581
160452,160453,2,1,3,106,2019,7,18,3,3,5,3,0,0,1,0,0,0,0.0,1,564762.668832377530000,5934018.431926602500000,9.977522461000035,53.551057864000029,,9.978,53.551
160453,160454,2,1,2,104,2019,7,17,3,3,6,4,0,0,1,0,1,0,0.0,0,566581.580004703250000,5933033.126139182600000,10.004762623000033,53.541975193000042,,10.005,53.542
160454,160455,2,1,5,114,2019,8,18,4,3,5,3,0,0,1,1,0,0,0.0,0,566505.567440396170000,5934720.816257109900000,10.003974680000056,53.557152460000054,,10.004,53.557
160455,160456,2,1,3,105,2019,7,15,3,3,5,3,0,0,1,1,0,0,0.0,0,565113.216825373470000,5933261.667816754400000,9.982655186000045,53.544213258000070,,9.983,53.544
160456,160457,2,7,1,702,2019,8,12,3,3,5,2,0,0,1,1,0,0,0.0,0,565589.508870617490000,5923191.948315201300000,9.987736192000057,53.453654058000041,,9.988,53.454
160458,160459,2,1,5,114,2019,7,17,3,2,6,7,0,0,1,0,1,0,0.0,0,567075.537561996840000,5934480.362048720900000,10.012525937000021,53.554918931000032,,10.013,53.555
160459,160460,2,6,2,602,2019,8,14,3,3,5,3,0,0,1,1,0,0,0.0,0,578584.641652177090000,5927409.289666790500000,10.184447453000075,53.489776569000071,,10.184,53.49
160461,160462,2,6,2,602,2019,7,12,2,3,3,6,0,0,1,0,0,0,0.0,0,579334.573424333710000,5927324.185348611300000,10.195726410000077,53.488899229000026,,10.196,53.489
160462,160463,2,6,2,602,2019,8,14,3,2,0,3,0,0,1,1,0,0,0.0,0,578583.579257699660000,5927410.990633411300000,10.184431870000026,53.489792013000056,,10.184,53.49
160465,160466,2,5,6,514,2019,7,21,2,3,5,3,2,0,1,1,0,0,0.0,0,574928.313680131920000,5942308.471913162600000,10.132922188000066,53.624206362000052,,10.133,53.624
160467,160468,2,5,2,509,2019,7,22,2,3,3,2,2,0,1,1,0,0,0.0,0,571392.824804722330000,5937885.694077748800000,10.078462859000069,53.584953183000039,,10.078,53.585
160472,160473,2,5,14,522,2019,8,14,3,3,5,3,0,0,1,1,0,0,0.0,0,573227.137000000100000,5951560.111000003300000,10.109387362000064,53.707589077000080,,10.109,53.708
160474,160475,2,5,12,520,2019,8,14,3,3,5,3,0,0,1,1,0,0,0.0,0,568655.514976862820000,5944218.133793611100000,10.038516267000034,53.642228500000044,,10.039,53.642
160475,160476,2,4,7,416,2019,7,17,2,2,0,7,0,0,1,1,0,0,0.0,0,567718.476566310040000,5935331.625287979800000,10.022414064000031,53.562486818000082,,10.022,53.562
160479,160480,2,5,1,504,2019,8,19,3,3,5,3,0,0,1,1,0,0,0.0,0,569795.603208453390000,5936492.265419520400000,10.054028137000046,53.572645420000072,,10.054,53.573
160481,160482,2,1,3,108,2019,8,8,3,3,5,3,0,0,1,1,0,0,0.0,0,565777.897191893310000,5934739.950836455400000,9.992995547000021,53.557416117000059,,9.993,53.557
160482,160483,2,1,5,114,2019,8,20,3,3,6,6,0,0,1,0,1,0,0.0,0,566321.835079822690000,5934735.952669221900000,10.001204716000075,53.557311740000046,,10.001,53.557
160484,160485,2,7,5,706,2019,8,6,2,2,0,2,0,0,1,0,0,1,0.0,0,566841.282007192260000,5922283.965758003300000,10.006391008000037,53.445336379000082,,10.006,53.445
160485,160486,2,1,4,110,2019,7,15,2,2,1,5,0,0,1,1,0,0,0.0,0,563728.946024321950000,5934599.687997650400000,9.962040462000061,53.556408292000071,,9.962,53.556
160488,160489,2,1,20,141,2019,7,17,1,3,3,2,0,0,1,1,0,0,0.0,0,558257.091000000950000,5932082.638000002100000,9.878980697000031,53.534421996000049,,9.879,53.534
160490,160491,2,1,16,137,2019,7,18,1,3,0,7,0,0,1,0,0,0,0.0,1,566290.300538445820000,5929801.874789495000000,9.999683641000047,53.512971943000082,,10.0,53.513
160496,160497,2,3,7,319,2019,7,14,1,3,5,3,0,0,1,1,0,0,0.0,0,560084.698701049200000,5944226.213700393200000,9.908890764000034,53.643355425000038,,9.909,53.643
160498,160499,2,5,7,515,2019,8,6,2,3,3,2,0,0,1,1,0,0,0.0,0,571265.389225714840000,5941440.933362292100000,10.077350951000028,53.616921204000050,,10.077,53.617
160501,160502,2,7,14,715,2019,7,10,7,3,5,3,0,0,1,1,0,0,0.0,0,556439.961582583380000,5925106.562641995000000,9.850311630000022,53.471921666000071,,9.85,53.472
160503,160504,2,6,6,607,2019,7,8,7,3,5,3,0,0,1,1,0,0,0.0,0,580193.535998648960000,5919077.145971909200000,10.206566879000036,53.414654977000055,,10.207,53.415
160505,160506,2,4,8,422,2019,8,15,2,3,1,5,0,0,1,1,0,0,0.0,0,568835.982479802330000,5936332.149313075500000,10.039503633000038,53.571333234000065,,10.04,53.571
160510,160511,2,2,1,205,2019,8,19,2,3,0,7,0,0,1,0,0,0,0.0,1,563294.925844081680000,5934069.709199661400000,9.955382271000076,53.551697706000027,,9.955,53.552
160511,160512,2,1,14,132,2019,7,17,7,2,5,3,0,1,1,1,0,0,0.0,0,569587.460820566860000,5931968.978561904300000,10.049878645000035,53.532021925000038,,10.05,53.532
160513,160514,2,3,3,314,2019,8,20,2,3,5,3,0,0,1,1,0,0,0.0,0,564677.584399797020000,5937032.757379842900000,9.976862454000070,53.578158901000052,,9.977,53.578
160515,160516,2,3,3,314,2019,8,15,2,3,3,6,0,0,1,1,0,0,0.0,0,565328.466000000010000,5937388.221999999100000,9.986765895000076,53.581272875000082,,9.987,53.581
160518,160519,2,3,3,313,2019,8,12,2,3,4,2,0,0,1,1,0,0,0.0,0,565295.587415602990000,5936984.023317862300000,9.986184801000036,53.577644347000046,,9.986,53.578
160524,160525,2,1,3,108,2019,8,21,2,3,3,2,2,0,1,1,0,0,0.0,0,564907.372749109750000,5934531.804846648100000,9.979812847000062,53.555653818000053,,9.98,53.556
160525,160526,2,1,4,111,2019,7,17,7,3,0,2,0,1,1,0,0,0,0.0,1,564123.218544130210000,5934710.952568564600000,9.968014224000058,53.557360246000030,,9.968,53.557
160528,160529,2,5,18,526,2019,8,19,1,3,5,3,0,0,1,1,0,0,0.0,0,574416.704699624330000,5940071.068020343800000,10.124653727000066,53.604172295000069,,10.125,53.604
160531,160532,2,4,12,431,2019,8,18,1,3,0,7,0,0,1,0,0,0,0.0,0,568371.672914658670000,5943210.780827853800000,10.034002076000036,53.633212583000045,,10.034,53.633
160533,160534,2,2,7,219,2019,8,9,1,3,0,2,0,0,1,1,0,0,0.0,0,558845.544156234710000,5934732.043739222000000,9.888356582000029,53.558168001000070,,9.888,53.558
160534,160535,2,5,9,517,2019,7,17,6,3,5,3,0,0,1,1,0,0,0.0,0,572537.452999999750000,5944192.650000000400000,10.097218858000076,53.641475788000037,,10.097,53.641
160539,160540,2,3,8,320,2019,7,15,6,3,3,2,0,0,1,1,0,0,0.0,0,560027.590028464790000,5941365.689818680300000,9.907475198000043,53.617653463000067,,9.907,53.618
160541,160542,2,3,5,317,2019,7,19,6,3,5,3,0,0,1,1,0,0,0.0,0,562704.537000000480000,5938300.909000000000000,9.947321769000041,53.589795765000076,,9.947,53.59
160545,160546,2,1,3,108,2019,7,13,6,3,5,3,0,0,1,0,0,0,0.0,1,565156.676279958340000,5934750.225066760600000,9.983621146000075,53.557585933000041,,9.984,53.558
160554,160555,2,1,8,124,2019,7,16,5,3,3,6,0,0,1,1,0,0,0.0,0,569425.913138631730000,5934567.420839628200000,10.048018507000052,53.555395762000046,,10.048,53.555
160556,160557,2,2,13,226,2019,8,11,7,3,2,6,0,0,1,1,0,0,0.0,0,554117.311179906130000,5936413.481041293600000,9.817276847000073,53.573788973000035,,9.817,53.574
160557,160558,2,5,8,516,2019,7,8,5,3,5,3,0,0,1,1,0,0,0.0,0,570252.216066039170000,5940728.965844417000000,10.061876696000070,53.610659657000042,,10.062,53.611
160559,160560,2,2,5,215,2019,7,7,5,3,3,2,0,0,1,0,0,0,1.0,0,561337.112460149450000,5936296.476062580900000,9.926272195000024,53.571942937000074,,9.926,53.572
160560,160561,2,3,2,312,2019,7,7,5,3,5,3,0,0,1,1,0,0,0.0,0,565731.585668493990000,5935082.815248934600000,9.992368649000071,53.560503321000056,,9.992,53.561
160561,160562,2,3,2,312,2019,8,14,7,3,3,2,0,0,1,0,0,0,0.0,0,565607.637185698380000,5935058.951083585600000,9.990492660000029,53.560304356000074,,9.99,53.56
160564,160565,2,1,4,109,2019,7,3,5,3,0,7,2,0,1,0,0,0,0.0,0,564673.682874053720000,5934780.313503587600000,9.976337153000031,53.557916078000062,,9.976,53.558
160566,160567,2,1,6,118,2019,7,19,4,3,0,6,0,0,1,0,0,0,0.0,0,568980.076315552930000,5933243.855059212100000,10.040997629000060,53.543559502000051,,10.041,53.544
160567,160568,2,1,7,120,2019,7,11,4,3,3,2,0,0,1,1,0,0,0.0,0,568916.168768672270000,5934569.167330579800000,10.040325447000043,53.555478625000035,,10.04,53.555
160572,160573,2,5,2,509,2019,7,8,4,3,1,5,0,0,1,1,0,0,0.0,0,571152.324227888140000,5938786.424204548800000,10.075035994000075,53.593080691000068,,10.075,53.593
160573,160574,2,7,1,701,2019,8,13,6,3,6,7,0,0,1,0,1,0,0.0,0,565008.639424533580000,5923636.325423540500000,9.979081943000040,53.457719853000071,,9.979,53.458
160576,160577,2,4,5,408,2019,7,9,4,2,1,5,0,0,1,0,0,0,0.0,1,565885.694495701230000,5939322.720248771800000,9.995589860000052,53.598588849000066,,9.996,53.599
160580,160581,2,2,7,219,2019,7,5,4,3,5,3,0,0,1,0,0,0,0.0,1,557299.381110950370000,5934643.295464040700000,9.865001759000052,53.557541434000029,,9.865,53.558
160582,160583,2,2,5,217,2019,7,18,4,3,5,3,0,0,1,1,0,0,0.0,0,558916.718168871480000,5936077.723130626600000,9.889684685000077,53.570254298000066,,9.89,53.57
160585,160586,2,4,3,406,2019,7,17,4,3,3,2,0,0,1,1,0,0,0.0,0,564417.162399461490000,5940776.414328953300000,9.973703104000038,53.611836055000026,,9.974,53.612
160586,160587,2,1,7,119,2019,8,16,6,3,6,7,0,0,1,0,1,0,0.0,0,568182.763978313650000,5934410.076142579300000,10.029221592000056,53.554144621000034,,10.029,53.554
160587,160588,2,4,1,401,2019,7,14,4,3,2,6,0,0,1,1,0,0,0.0,0,564976.421962264930000,5937584.355380775400000,9.981490076000057,53.583079304000080,,9.981,53.583
160589,160590,2,1,4,110,2019,7,15,4,3,1,5,0,0,1,1,0,0,0.0,0,563609.231616955250000,5934625.867876583700000,9.960238882000056,53.556658099000060,,9.96,53.557
160591,160592,2,1,20,141,2019,7,17,3,3,0,3,0,0,1,0,0,0,0.0,0,557881.724446825680000,5932108.384536910800000,9.873322668000071,53.534694886000068,,9.873,53.535
160592,160593,2,4,10,429,2019,8,18,6,3,4,6,0,1,1,1,0,0,0.0,0,569399.380171363240000,5939765.384116716700000,10.048773707000066,53.602113612000039,,10.049,53.602
160594,160595,2,4,12,431,2019,8,20,6,3,1,5,0,0,1,1,0,0,0.0,0,566820.224124782720000,5942275.319862095600000,10.010342324000021,53.625005863000069,,10.01,53.625
160598,160599,2,2,14,227,2019,8,19,6,3,3,2,0,0,1,0,0,0,0.0,0,550553.632941798310000,5937363.438736008500000,9.763617646000057,53.582682489000035,,9.764,53.583
160601,160602,2,5,2,505,2019,7,14,3,3,5,2,0,0,1,1,0,0,0.0,0,570239.571581966240000,5936281.312958749000000,10.060684081000034,53.570690333000073,,10.061,53.571
160605,160606,2,2,1,201,2019,8,14,6,3,3,6,0,1,1,1,0,0,0.0,0,563197.373573752120000,5933391.123510371900000,9.953772889000049,53.545610769000064,,9.954,53.546
160607,160608,2,3,2,312,2019,8,11,6,2,5,3,0,0,1,1,0,0,0.0,0,565855.778610053470000,5934860.091503152600000,9.994196380000062,53.558486083000048,,9.994,53.558
160614,160615,2,3,8,320,2019,7,5,3,3,4,6,2,1,1,0,0,0,0.0,0,559059.920519823210000,5939749.345161233100000,9.892541885000071,53.603236716000026,,9.893,53.603
160616,160617,2,3,3,314,2019,8,9,6,3,0,7,0,0,1,0,0,0,0.0,0,565442.247889375310000,5937493.874590514200000,9.988506408000035,53.582208211000079,,9.989,53.582
160617,160618,2,2,5,215,2019,7,10,3,3,5,3,0,1,1,1,0,0,0.0,0,560954.190589834940000,5935296.299988733600000,9.920295210000063,53.562998575000051,,9.92,53.563
160620,160621,2,4,4,407,2019,7,8,3,3,5,3,0,1,1,1,0,0,0.0,0,565503.461128853260000,5940120.418373944200000,9.989982565000048,53.605805811000039,,9.99,53.606
160621,160622,2,3,1,306,2019,7,13,3,3,0,7,0,0,1,1,0,0,0.0,0,563387.700264417570000,5936662.265119696000000,9.957308391000026,53.574986645000081,,9.957,53.575
160624,160625,2,1,5,113,2019,8,19,6,3,1,5,0,0,1,1,0,0,0.0,0,567174.467433183450000,5935009.686783848300000,10.014132821000032,53.559663416000035,,10.014,53.56
160627,160628,2,7,10,711,2019,7,13,2,3,6,6,0,0,1,0,1,0,0.0,0,563978.347178780470000,5924446.795998992400000,9.963732300000061,53.465130054000042,,9.964,53.465
160629,160630,2,6,1,601,2019,7,19,2,3,5,3,0,0,1,1,0,0,0.0,0,580259.315081392410000,5928307.458879530400000,10.209912195000072,53.497595363000073,,10.21,53.498
160630,160631,2,7,4,705,2019,8,11,5,3,3,2,0,0,1,1,0,0,0.0,0,565848.591158492490000,5922037.141519060400000,9.991395453000052,53.443243029000030,,9.991,53.443
160633,160634,2,6,2,602,2019,8,7,5,3,0,7,0,0,1,1,0,0,0.0,0,579690.679920519700000,5926765.100030461300000,10.200950394000074,53.483821081000031,,10.201,53.484
160636,160637,2,5,12,520,2019,7,17,2,3,5,3,0,0,1,1,0,0,0.0,0,569102.165145629090000,5947940.049498144500000,10.046099203000040,53.675618318000033,,10.046,53.676
160637,160638,2,1,8,125,2019,8,7,5,3,5,3,0,0,1,1,0,0,0.0,0,570487.761175635270000,5934275.205168131700000,10.063978726000073,53.552628103000075,,10.064,53.553
160638,160639,2,5,2,507,2019,8,16,5,3,3,2,0,0,1,1,0,0,0.0,0,571064.659210369920000,5936680.675628146200000,10.073232184000062,53.574168290000046,,10.073,53.574
160639,160640,2,5,11,519,2019,7,8,2,2,4,6,0,0,1,0,0,0,0.0,0,571794.726979116910000,5944590.263757756000000,10.086078245000067,53.645151502000033,,10.086,53.645
160642,160643,2,5,8,516,2019,8,16,5,2,5,2,0,0,1,1,0,0,0.0,0,569202.206000000240000,5940440.605999998700000,10.045944461000033,53.608207914000047,,10.046,53.608
160644,160645,2,5,8,516,2019,8,8,5,3,6,6,0,0,1,0,1,0,0.0,0,569571.103455032220000,5940477.554008549100000,10.051527316000033,53.608491112000081,,10.052,53.608
160650,160651,2,4,8,421,2019,8,7,5,3,4,6,0,0,1,0,1,0,0.0,0,568794.622053830880000,5937118.449778446900000,10.039052408000032,53.578405204000035,,10.039,53.578
160651,160652,2,6,6,607,2019,7,14,1,2,1,5,0,0,1,1,0,0,0.0,0,578950.168602101500000,5917514.380872314800000,10.187472780000064,53.400798104000046,,10.187,53.401
160656,160657,2,4,4,407,2019,7,15,1,3,0,7,0,0,1,0,0,0,0.0,0,568172.261210524480000,5941646.656165428500000,10.030644284000061,53.619181763000029,,10.031,53.619
160657,160658,2,3,1,305,2019,8,9,5,3,1,7,0,0,1,0,0,0,1.0,0,563595.942799537440000,5937067.627305487200000,9.960535452000045,53.578604548000044,,9.961,53.579
160660,160661,2,2,3,208,2019,8,19,5,3,4,2,0,0,1,1,0,0,0.0,0,563372.638492455710000,5935236.205471856500000,9.956791611000028,53.562172020000048,,9.957,53.562
160662,160663,2,1,4,109,2019,8,19,5,3,0,7,0,0,1,1,0,0,0.0,0,564261.813999070790000,5934705.299644766400000,9.970104991000028,53.557292492000045,,9.97,53.557
160663,160664,2,3,1,310,2019,7,18,1,3,3,2,0,0,1,1,0,0,0.0,0,563593.855432026090000,5935404.118297159700000,9.960165177000022,53.563654346000078,,9.96,53.564
160664,160665,2,1,4,112,2019,8,18,5,3,1,5,0,0,1,0,0,0,0.0,1,564276.725726648230000,5933791.361540757100000,9.970142157000055,53.549076829000057,,9.97,53.549
160666,160667,2,1,5,114,2019,8,6,5,3,5,3,0,0,1,1,0,0,0.0,0,567300.227708586490000,5934132.248247027400000,10.015842179000060,53.551761613000053,,10.016,53.552
160667,160668,2,6,14,615,2019,7,15,7,3,0,7,0,1,1,0,0,0,0.0,0,577904.481873130430000,5927194.179679682500000,10.174144891000026,53.487944555000070,,10.174,53.488
160668,160669,2,7,10,711,2019,8,16,5,3,0,7,0,0,1,0,0,0,0.0,0,564120.449306071740000,5925164.651568379300000,9.966018996000059,53.471564458000046,,9.966,53.472
160677,160678,2,6,3,604,2019,7,11,4,2,4,7,0,0,1,0,0,0,1.0,0,579900.883999999610000,5925416.042999999600000,10.203774206000048,53.471665615000063,,10.204,53.472
160687,160688,2,5,10,518,2019,7,14,4,2,5,3,0,1,1,1,0,0,0.0,0,573838.780000000260000,5944625.530000003100000,10.117001760000051,53.645183974000076,,10.117,53.645
160689,160690,2,4,5,410,2019,7,19,4,3,4,2,0,0,1,1,0,0,0.0,0,567218.509767951440000,5938396.693887256100000,10.015526810000040,53.590097306000075,,10.016,53.59
160691,160692,2,3,8,320,2019,7,13,4,3,6,2,0,0,1,0,1,0,0.0,0,559758.240000002090000,5940351.560000002400000,9.903209270000048,53.608569891000059,,9.903,53.609
160692,160693,2,4,8,418,2019,7,23,6,3,1,5,2,0,1,1,0,0,0.0,0,567789.190731305630000,5936768.922100003800000,10.023793474000058,53.575394865000078,,10.024,53.575
160693,160694,2,4,10,429,2019,7,15,6,3,0,1,0,1,1,0,0,0,0.0,0,568724.463999999690000,5939520.042000001300000,10.038522036000074,53.599997654000049,,10.039,53.6
160694,160695,2,2,4,214,2019,7,9,4,3,1,7,0,1,1,1,0,0,0.0,0,561893.662995442750000,5933892.421318929600000,9.934199446000037,53.550271412000029,,9.934,53.55
160695,160696,2,2,5,215,2019,7,16,6,3,5,3,0,0,1,1,0,0,0.0,0,561573.776806267910000,5935970.170823212700000,9.929781292000030,53.568982585000072,,9.93,53.569
160696,160697,2,3,3,313,2019,7,14,4,3,5,3,0,0,1,0,0,0,0.0,0,564588.829556275160000,5937000.385420283300000,9.975515455000050,53.577878903000055,,9.976,53.578
160697,160698,2,1,8,122,2019,7,18,5,3,6,3,0,1,1,0,1,0,0.0,0,569852.685314374980000,5935043.268456487000000,10.054565998000044,53.559615618000066,,10.055,53.56
160698,160699,2,5,3,510,2019,7,13,5,3,3,6,0,0,1,1,0,0,0.0,0,570573.251883279530000,5936196.011566555100000,10.065702738000027,53.569878950000032,,10.066,53.57
160699,160700,2,3,2,311,2019,7,18,4,3,5,3,0,0,1,0,0,0,0.0,0,564747.516556097190000,5935491.988382028400000,9.977599059000056,53.564302990000044,,9.978,53.564