,OBJECTID,ULAND,UREGBEZ,UKREIS,UGEMEINDE,UJAHR,UMONAT,USTUNDE,UWOCHENTAG,UKATEGORIE,UART,UTYP1,ULICHTVERH,STRZUSTAND,IstRad,IstPKW,IstFuss,IstKrad,IstGkfz,IstSonstig,LINREFX,LINREFY,XGCSWGS84,YGCSWGS84,UIDENTSTLA,lat_short,long_short
160703,160704,2,4,11,430,2019,7,18,5,3,6,4,0,1,1,0,1,0,0.0,0,568340.366950014610000,5941891.586448080800000,10.033239050000077,53.621361050000075,,10.033,53.621
160704,160705,2,4,13,432,2019,7,11,5,3,6,4,0,0,1,0,1,0,0.0,0,567157.655085466800000,5944995.709260519600000,10.016030849000060,53.649410972000055,,10.016,53.649
160705,160706,2,1,3,106,2019,7,14,4,3,4,2,0,0,1,1,0,0,0.0,0,564774.991000000390000,5933925.228000003800000,9.977689112000064,53.550218693000033,,9.978,53.55
160707,160708,2,1,6,115,2019,7,8,4,3,0,7,0,1,1,0,0,0,0.0,0,567050.270064697600000,5933865.972473671700000,10.012012819000063,53.549400523000031,,10.012,53.549
160708,160709,2,5,1,501,2019,7,7,5,3,5,3,0,0,1,0,0,0,0.0,0,568801.122971569190000,5935376.773349657700000,10.038766881000072,53.562751755000079,,10.039,53.563
160710,160711,2,2,10,222,2019,7,8,5,2,5,3,0,0,1,0,0,0,0.0,0,556841.118272070770000,5933805.908665211900000,9.857932338000069,53.550065177000079,,9.858,53.55
160712,160713,2,7,2,703,2019,7,10,3,3,3,2,0,0,1,1,0,0,0.0,0,567110.566646076740000,5923986.646643202800000,10.010808100000077,53.460604737000040,,10.011,53.461
160715,160716,2,2,4,214,2019,7,17,5,3,3,6,0,0,1,0,0,0,0.0,1,561938.392335426060000,5933656.355339435900000,9.934827716000029,53.548144518000072,,9.935,53.548
160716,160717,2,1,12,130,2019,7,16,3,3,4,6,0,0,1,1,0,0,0.0,0,572399.028868834490000,5933161.063174385600000,10.092564776000074,53.542355262000058,,10.093,53.542
160725,160726,2,6,2,602,2019,7,19,4,3,3,2,0,0,1,1,0,0,0.0,0,579281.020692051390000,5927322.860684115400000,10.194919124000023,53.488895396000032,,10.195,53.489
160726,160727,2,4,8,421,2019,7,18,3,3,5,3,0,0,1,1,0,0,0.0,0,568892.010390421380000,5937452.525448262700000,10.040596802000039,53.581394782000075,,10.041,53.581
160727,160728,2,6,5,606,2019,7,20,4,3,5,3,0,0,1,0,0,1,0.0,0,580717.930781050590000,5920200.731797941000000,10.214742604000037,53.424672426000029,,10.215,53.425
160728,160729,2,1,8,122,2019,7,17,4,3,5,3,0,0,1,1,0,0,0.0,0,569069.623007836750000,5934586.987632319300000,10.042645435000054,53.555618610000067,,10.043,53.556
160729,160730,2,5,3,511,2019,7,16,4,3,5,2,0,0,1,1,0,0,0.0,0,573194.781165179800000,5936300.067997351300000,10.105306001000031,53.570454930000039,,10.105,53.57
160730,160731,2,3,9,321,2019,7,7,3,3,4,6,0,1,1,1,0,0,0.0,0,561536.673610447910000,5938659.081083681400000,9.929751272000033,53.593153157000074,,9.93,53.593
160734,160735,2,4,1,402,2019,7,8,3,3,5,3,0,1,1,1,0,0,0.0,0,564327.528914080000000,5937825.057987522300000,9.971739512000056,53.585322556000051,,9.972,53.585
160735,160736,2,5,7,515,2019,7,15,4,3,4,2,0,0,1,1,0,0,0.0,0,571811.769000002180000,5939881.756000002800000,10.085249828000030,53.602834421000068,,10.085,53.603
160737,160738,2,2,4,214,2019,7,18,3,3,4,2,0,0,1,1,0,0,0.0,0,561320.464920471420000,5933940.577911414200000,9.925558502000058,53.550771473000054,,9.926,53.551
160738,160739,2,4,12,431,2019,7,17,4,2,5,3,0,0,1,0,0,0,0.0,1,567866.125526272690000,5943022.975624227900000,10.026316945000076,53.631590559000074,,10.026,53.632
160740,160741,2,4,13,432,2019,7,11,4,3,5,2,0,0,1,1,0,0,0.0,0,567748.450929952790000,5945965.904743900500000,10.025178979000032,53.658053945000063,,10.025,53.658
160741,160742,2,2,4,213,2019,7,13,3,3,3,2,0,0,1,1,0,0,0.0,0,561446.454475203530000,5933896.666812617300000,9.927451260000055,53.550362096000072,,9.927,53.55
160743,160744,2,5,1,501,2019,7,14,4,2,1,7,0,0,1,1,0,0,0.0,0,568571.015380005350000,5935579.532281480700000,10.035337816000037,53.564604087000077,,10.035,53.565
160745,160746,2,2,9,221,2019,7,21,4,3,5,3,1,0,1,1,0,0,0.0,0,556124.949933102350000,5935724.210373263800000,9.847468651000042,53.567383147000044,,9.847,53.567
160746,160747,2,3,7,319,2019,7,11,4,3,0,7,0,0,1,1,0,0,0.0,0,561193.716669079850000,5945060.981257915500000,9.925828622000040,53.650729193000075,,9.926,53.651
160748,160749,2,1,1,102,2019,7,8,3,3,0,6,0,1,1,1,0,0,0.0,0,566043.494182499130000,5933760.901643823800000,9.996797559000072,53.548583827000073,,9.997,53.549
160749,160750,2,3,6,318,2019,7,6,4,3,6,4,0,0,1,0,1,0,0.0,0,564400.529079926200000,5944454.651843974400000,9.974212864000037,53.644895076000068,,9.974,53.645
160750,160751,2,1,5,114,2019,7,14,3,3,4,2,0,0,1,1,0,0,0.0,0,566668.108971701930000,5934129.253545589700000,10.006301847000032,53.551815348000048,,10.006,53.552
160751,160752,2,3,4,316,2019,7,6,4,3,5,3,0,0,1,1,0,0,0.0,0,563781.945698983040000,5937719.196449734300000,9.963477512000054,53.584437795000042,,9.963,53.584
160756,160757,2,5,11,519,2019,7,18,2,3,0,3,0,1,1,1,0,0,0.0,0,571882.179543100300000,5945247.260322930300000,10.087552852000044,53.651043810000033,,10.088,53.651
160758,160759,2,4,12,431,2019,7,17,2,3,5,3,0,0,1,1,0,0,0.0,0,567001.986507091670000,5942582.030859578400000,10.013156180000067,53.627739071000065,,10.013,53.628
160763,160764,2,4,7,417,2019,7,16,2,2,3,2,0,1,1,1,0,0,0.0,0,567881.815999999640000,5935370.997999999700000,10.024888285000031,53.562819565000041,,10.025,53.563
160767,160768,2,2,11,223,2019,7,20,2,3,0,7,0,0,1,0,0,0,0.0,0,552945.298286290840000,5934639.266781456800000,9.799278375000029,53.557962471000053,,9.799,53.558
160769,160770,2,2,5,216,2019,7,14,2,3,3,6,0,0,1,1,0,0,0.0,0,560098.394215221520000,5935782.640799658400000,9.907469626000022,53.567468237000071,,9.907,53.567
160774,160775,2,3,3,314,2019,7,20,2,3,5,3,0,0,1,1,0,0,0.0,0,565488.869741230270000,5937466.011506199800000,9.989204670000049,53.581951980000042,,9.989,53.582
160775,160776,2,4,13,432,2019,7,17,3,3,3,2,0,0,1,1,0,0,0.0,0,566255.334839496760000,5946208.843600595400000,10.002640602000042,53.660428536000040,,10.003,53.66
160776,160777,2,3,3,314,2019,7,19,2,3,6,4,0,0,1,0,1,0,0.0,0,564984.768336025070000,5937092.036900822100000,9.981513623000069,53.578653691000056,,9.982,53.579
160778,160779,2,1,1,101,2019,7,15,2,3,4,7,0,0,1,1,0,0,0.0,0,565956.613863737320000,5934010.774622242900000,9.995539194000060,53.550840415000039,,9.996,53.551
160779,160780,2,4,10,426,2019,7,17,3,2,2,6,0,0,1,1,0,0,0.0,0,569728.864601938050000,5938357.502253741000000,10.053437182000039,53.589417233000063,,10.053,53.589
160784,160785,2,3,7,319,2019,7,14,3,2,3,2,0,0,1,0,0,0,0.0,0,560283.298376348800000,5943100.032960137400000,9.911676255000032,53.633211232000065,,9.912,53.633
160786,160787,2,3,1,306,2019,7,2,3,3,7,7,2,0,1,0,0,0,0.0,0,563079.176370615140000,5936507.690218064900000,9.952618411000060,53.573634622000043,,9.953,53.574
160788,160789,2,3,2,312,2019,7,18,3,3,3,6,0,0,1,0,0,0,0.0,1,564968.444387105290000,5935814.579436222100000,9.981001321000065,53.567174893000072,,9.981,53.567
160789,160790,2,1,5,114,2019,7,17,3,3,5,3,0,0,1,0,0,1,0.0,0,566388.154719097540000,5934739.992843246100000,10.002206577000038,53.557339667000065,,10.002,53.557
160791,160792,2,3,9,321,2019,7,20,1,3,0,7,0,0,1,1,0,0,0.0,0,560715.209757648410000,5939397.148195853500000,9.917485334000048,53.599882225000044,,9.917,53.6
160792,160793,2,1,20,141,2019,7,6,2,3,5,3,0,1,1,1,0,0,0.0,0,558249.791000000200000,5931929.394999999600000,9.878842049000070,53.533045525000034,,9.879,53.533
160793,160794,2,2,1,205,2019,7,19,1,3,0,7,0,0,1,0,0,0,0.0,0,563024.257283535790000,5934444.620340881900000,9.951372964000029,53.555099725000048,,9.951,53.555
160795,160796,2,1,3,105,2019,7,18,1,3,0,6,0,0,1,0,0,0,0.0,1,565004.480285592380000,5933274.260595489300000,9.981017072000043,53.544339904000026,,9.981,53.544
160796,160797,2,6,2,602,2019,7,17,2,2,5,3,0,0,1,0,0,0,0.0,0,578531.706075222230000,5927378.220015019200000,10.183642007000060,53.489505256000029,,10.184,53.49
160797,160798,2,5,8,516,2019,7,15,2,3,3,2,0,1,1,1,0,0,0.0,0,569656.439000000250000,5940468.994000000900000,10.052814961000024,53.608402845000057,,10.053,53.608
160801,160802,2,4,5,409,2019,7,9,2,3,1,5,0,0,1,1,0,0,0.0,0,566033.126000001100000,5938428.929000001400000,9.997628050000060,53.590537646000030,,9.998,53.591
160803,160804,2,1,16,136,2019,7,19,7,3,5,3,0,0,1,1,0,0,0.0,0,567059.909980601630000,5928554.796910787000000,10.011020911000060,53.501666531000069,,10.011,53.502
160804,160805,2,4,6,415,2019,7,8,2,2,5,3,0,0,1,1,0,0,0.0,0,568374.073679325170000,5936494.730901541200000,10.032565118000036,53.572854772000028,,10.033,53.573
160805,160806,2,6,1,601,2019,7,16,7,3,0,3,0,0,1,1,0,0,0.0,0,580302.800766470840000,5929417.590311305600000,10.210851867000031,53.507565100000079,,10.211,53.508
160807,160808,2,2,6,218,2019,7,8,2,3,3,2,0,1,1,1,0,0,0.0,0,558622.578091449100000,5934885.964131055400000,9.885019910000040,53.559576311000058,,9.885,53.56
160808,160809,2,6,7,608,2019,7,15,7,3,1,5,0,0,1,1,0,0,0.0,0,573143.351372368630000,5921882.141114927800000,10.101165871000035,53.440888242000028,,10.101,53.441
160811,160812,2,2,4,214,2019,7,16,2,3,3,6,0,0,1,1,0,0,0.0,0,561585.191007075830000,5933805.464571058800000,9.929527036000025,53.549526169000046,,9.93,53.55
160813,160814,2,2,1,202,2019,7,11,2,3,1,7,0,1,1,1,0,0,0.0,0,562302.543985528870000,5933268.929663833200000,9.940245819000040,53.544619491000049,,9.94,53.545
160815,160816,2,1,3,108,2019,7,8,2,3,8,1,0,0,1,0,0,0,0.0,0,565461.434851126750000,5934674.137966044200000,9.988205170000072,53.556864202000042,,9.988,53.557
160821,160822,2,1,12,130,2019,7,22,1,3,5,3,2,0,1,1,0,0,0.0,0,573582.164130099120000,5932762.145300107100000,10.110321851000037,53.538605791000066,,10.11,53.539
160826,160827,2,3,3,314,2019,7,19,1,2,0,7,0,0,1,0,0,0,0.0,0,565827.994430819530000,5937629.340416582300000,9.994360731000029,53.583377391000056,,9.994,53.583
160830,160831,2,2,4,213,2019,7,20,7,3,5,3,0,0,1,1,0,0,0.0,0,561691.849325285290000,5934202.355730449800000,9.931214945000022,53.553080670000043,,9.931,53.553
160834,160835,2,6,9,610,2019,7,20,6,3,3,6,0,0,1,0,0,0,0.0,0,577715.951741398310000,5925444.605077922300000,10.170871075000036,53.472249314000067,,10.171,53.472
160838,160839,2,1,4,111,2019,7,6,7,3,5,3,0,0,1,1,0,0,0.0,0,563954.569508302960000,5934150.487636724500000,9.965354002000026,53.552343748000055,,9.965,53.552
160842,160843,2,7,14,715,2019,7,11,6,3,0,6,0,0,1,0,0,0,0.0,1,556317.478886000810000,5924862.635244283800000,9.848422830000061,53.469742427000028,,9.848,53.47
160846,160847,2,5,3,510,2019,7,15,6,3,5,3,0,0,1,1,0,0,0.0,0,570873.105113063940000,5935582.895079312800000,10.070090744000026,53.564328453000030,,10.07,53.564
160856,160857,2,2,4,213,2019,7,12,6,3,1,5,0,1,1,1,0,0,0.0,0,561610.413758523760000,5934149.904952261600000,9.929975548000073,53.552618837000068,,9.93,53.553
160858,160859,2,2,1,204,2019,7,12,6,3,0,7,0,1,1,1,0,0,0.0,0,562752.645261073490000,5934496.061288472300000,9.947283831000050,53.555594582000026,,9.947,53.556
160860,160861,2,1,4,110,2019,7,9,6,3,0,1,0,1,1,0,0,0,0.0,0,563561.260555999350000,5934635.882686533000000,9.959516864000023,53.556753916000048,,9.96,53.557
160863,160864,2,2,4,213,2019,8,23,4,3,0,7,2,0,1,0,0,0,0.0,0,561859.850501221600000,5934095.052100898700000,9.933729258000028,53.552096521000067,,9.934,53.552
160865,160866,2,2,1,206,2019,8,19,4,2,0,6,0,0,1,1,0,0,0.0,0,563050.288434882650000,5934955.551043892300000,9.951868924000053,53.559688509000068,,9.952,53.56
160866,160867,2,2,2,207,2019,8,9,4,3,5,3,0,0,1,0,0,0,0.0,1,564052.771738659590000,5934914.146710630500000,9.966992559000062,53.559195014000068,,9.967,53.559
160870,160871,2,1,5,114,2019,8,13,4,3,5,3,0,0,1,1,0,0,0.0,0,566988.134999999780000,5934035.149000002100000,10.011111397000036,53.550928877000047,,10.011,53.551
160874,160875,2,6,4,605,2019,8,17,3,2,5,3,0,0,1,0,0,0,0.0,1,584611.109121836720000,5920590.396921632800000,10.273421083000073,53.427564031000031,,10.273,53.428
160876,160877,2,1,11,129,2019,8,8,3,3,4,2,0,0,1,1,0,0,0.0,0,573032.073112133890000,5934926.583262551600000,10.102528398000061,53.558134223000081,,10.103,53.558
160877,160878,2,1,8,125,2019,8,18,3,3,4,6,0,0,1,0,0,0,0.0,0,570455.104000000280000,5934448.686000002500000,10.063524972000039,53.554191566000043,,10.064,53.554
160879,160880,2,1,6,118,2019,8,7,3,3,5,3,0,0,1,1,0,0,0.0,0,568742.481351342050000,5933654.194862930100000,10.037502850000067,53.547278432000041,,10.038,53.547
160880,160881,2,5,4,512,2019,8,16,3,3,4,2,0,0,1,1,0,0,0.0,0,575242.330877076830000,5937122.316119384000000,10.136417366000046,53.577554661000079,,10.136,53.578
160882,160883,2,5,18,526,2019,8,14,3,3,5,3,0,0,1,1,0,0,0.0,0,576564.438873529430000,5939267.020905362400000,10.156907618000048,53.596637178000037,,10.157,53.597
160885,160886,2,5,7,515,2019,8,7,3,3,0,7,0,0,1,0,0,0,0.0,0,571403.910000000150000,5941001.400000000400000,10.079343862000030,53.612952295000071,,10.079,53.613
160886,160887,2,5,7,515,2019,8,10,3,3,6,7,0,0,1,0,1,0,0.0,0,571351.526584980080000,5941545.785021506200000,10.078676898000026,53.617851768000037,,10.079,53.618
160887,160888,2,5,10,518,2019,8,15,3,3,5,3,0,0,1,1,0,0,0.0,0,573644.176803026350000,5944595.761113980800000,10.114051447000065,53.644943874000035,,10.114,53.645
160888,160889,2,4,5,410,2019,8,6,5,3,5,3,0,0,1,1,0,0,0.0,0,566045.594359436070000,5938169.595693899300000,9.997761484000023,53.588205402000028,,9.998,53.588
160890,160891,2,1,12,130,2019,8,6,5,3,0,2,0,0,1,1,0,0,0.0,0,573113.653461596930000,5933275.094604892700000,10.103373553000040,53.543281059000037,,10.103,53.543
160893,160894,2,4,10,427,2019,8,17,3,3,3,2,0,1,1,1,0,0,0.0,0,569133.370970218440000,5938559.813933547600000,10.044487179000043,53.591314275000059,,10.044,53.591
160894,160895,2,4,8,419,2019,8,8,3,3,4,2,0,0,1,0,0,0,0.0,0,568336.912672284060000,5937288.721176581500000,10.032177824000030,53.579995282000027,,10.032,53.58
160896,160897,2,4,2,403,2019,8,11,3,3,6,4,0,0,1,0,1,0,0.0,0,565097.921204045410000,5937951.195331636800000,9.983401597000068,53.586361107000073,,9.983,53.586
160900,160901,2,7,1,702,2019,8,7,2,3,5,2,0,0,1,1,0,0,0.0,0,564837.544544531960000,5923313.160837883100000,9.976438894000069,53.454836519000082,,9.976,53.455
160903,160904,2,7,7,708,2019,8,13,2,3,5,3,0,0,1,1,0,0,0.0,0,564846.803904832340000,5920015.591651765600000,9.975898941000025,53.425198619000071,,9.976,53.425
160908,160909,2,5,2,506,2019,8,7,2,3,5,2,0,0,1,1,0,0,0.0,0,570753.975568188350000,5937407.298447683500000,10.068705767000040,53.580740438000078,,10.069,53.581
160909,160910,2,5,2,505,2019,8,10,2,3,1,7,0,0,1,1,0,0,0.0,0,570587.623328244310000,5937212.021731443700000,10.066149411000026,53.579007902000058,,10.066,53.579
160914,160915,2,4,4,407,2019,8,14,2,3,5,3,0,0,1,1,0,0,0.0,0,567892.393912012690000,5941305.340271726300000,10.026339522000058,53.616150694000055,,10.026,53.616
160915,160916,2,4,8,422,2019,8,7,2,2,1,5,0,0,1,1,0,0,0.0,0,568849.166000000200000,5936749.044999999900000,10.039794606000044,53.575078179000059,,10.04,53.575
160917,160918,2,3,8,320,2019,8,7,2,3,2,6,0,0,1,1,0,0,0.0,0,559495.004581490530000,5941707.925687007600000,9.899490251000032,53.620790036000074,,9.899,53.621
160920,160921,2,2,8,220,2019,8,16,2,3,5,3,0,0,1,1,0,0,0.0,0,558707.827010643670000,5939255.709451256300000,9.887128615000052,53.598839758000054,,9.887,53.599
160922,160923,2,3,5,317,2019,8,11,2,3,5,3,0,0,1,1,0,0,0.0,0,562637.310000001450000,5938701.997000003200000,9.946386822000022,53.593408501000056,,9.946,53.593
160923,160924,2,4,2,403,2019,8,7,2,2,5,3,0,0,1,1,0,0,0.0,0,564556.846837879160000,5938200.085755048300000,9.975280666000060,53.588664838000057,,9.975,53.589
160925,160926,2,5,3,510,2019,8,15,4,3,5,3,0,0,1,1,0,0,0.0,0,570990.425558825020000,5935649.935455612800000,10.071877022000024,53.564915088000078,,10.072,53.565
160927,160928,2,4,10,427,2019,8,14,4,3,1,5,0,0,1,1,0,0,0.0,0,569044.517875015740000,5938080.793040603400000,10.043038984000077,53.587021001000039,,10.043,53.587
160929,160930,2,5,18,526,2019,8,13,1,3,1,1,0,1,1,1,0,0,0.0,0,575349.573806280270000,5939716.483501337500000,10.138663347000033,53.600852430000032,,10.139,53.601
160930,160931,2,5,18,526,2019,8,20,1,3,1,5,2,1,1,1,0,0,0.0,0,576160.345660508610000,5937599.261054575400000,10.150395861000050,53.581708351000032,,10.15,53.582
160931,160932,2,4,12,431,2019,8,7,4,3,3,5,0,0,1,1,0,0,0.0,0,567483.091958665290000,5942494.195064963800000,10.020410804000051,53.626887898000064,,10.02,53.627
160936,160937,2,1,1,101,2019,8,20,1,3,0,7,0,0,1,0,0,0,0.0,0,566063.247895680370000,5933511.688589446200000,9.997043008000048,53.546341605000066,,9.997,53.546
160937,160938,2,1,16,137,2019,8,16,7,3,5,3,0,1,1,0,0,0,0.0,0,565748.413866234940000,5928216.409346684800000,9.991180633000056,53.498790908000046,,9.991,53.499
160938,160939,2,6,6,607,2019,8,17,7,3,8,1,0,0,1,0,0,0,0.0,0,574372.538300096060000,5921467.589995900200000,10.119569367000054,53.436990663000074,,10.12,53.437
160943,160944,2,5,9,517,2019,8,7,7,3,4,6,0,1,1,1,0,0,0.0,0,571340.409882117990000,5944000.497828686600000,10.079071579000072,53.639913498000055,,10.079,53.64
160944,160945,2,4,5,413,2019,8,11,7,3,3,2,0,1,1,0,0,1,0.0,0,566863.463717057370000,5937758.408728191600000,10.010026954000068,53.584406347000026,,10.01,53.584
160945,160946,2,2,4,212,2019,8,11,7,3,5,2,0,1,1,1,0,0,0.0,0,560836.910320447760000,5934274.030151467800000,9.918325749000076,53.553824608000070,,9.918,53.554
160948,160949,2,3,2,312,2019,8,2,7,3,1,5,2,1,1,1,0,0,0.0,0,565867.278443525550000,5935776.573556438100000,9.994563162000077,53.566721268000038,,9.995,53.567
160953,160954,2,1,11,129,2019,8,7,6,3,5,3,0,0,1,1,0,0,0.0,0,571206.056361312980000,5934543.046339675800000,10.074879967000072,53.554938263000054,,10.075,53.555
160958,160959,2,5,7,515,2019,8,17,6,3,5,3,0,0,1,1,0,0,0.0,0,570165.555013430300000,5939210.746734609800000,10.060225259000049,53.597027075000028,,10.06,53.597
160968,160969,2,4,8,423,2019,8,19,5,3,5,2,0,0,1,1,0,0,0.0,0,569293.772716468200000,5937627.798568885800000,10.046703130000026,53.582917041000030,,10.047,53.583
160970,160971,2,4,13,432,2019,8,17,4,3,3,2,0,0,1,1,0,0,0.0,0,566479.642689799890000,5944897.632988283400000,10.005753943000059,53.648616151000056,,10.006,53.649
160971,160972,2,4,6,415,2019,8,3,5,3,0,7,2,0,1,0,0,0,0.0,0,567395.028443408200000,5936086.858563993100000,10.017694425000059,53.569315851000056,,10.018,53.569
160972,160973,2,2,3,210,2019,8,16,5,3,4,2,0,1,1,1,0,0,0.0,0,562132.202243255450000,5934204.456651005900000,9.937861348000070,53.553047621000076,,9.938,53.553
160973,160974,2,2,4,213,2019,8,14,5,3,5,3,0,1,1,1,0,0,0.0,0,561326.079354461280000,5934036.813647797300000,9.925662109000029,53.551635728000065,,9.926,53.552
160975,160976,2,4,12,431,2019,8,18,5,3,0,2,0,0,1,1,0,0,0.0,0,567702.018818653190000,5942704.498842284100000,10.023766361000071,53.628749645000028,,10.024,53.629
160977,160978,2,3,2,312,2019,8,10,6,3,5,3,0,1,1,0,0,0,0.0,1,565742.933403156700000,5935762.812724039000000,9.992683028000045,53.566613190000055,,9.993,53.567
160978,160979,2,3,3,313,2019,8,13,6,3,1,5,0,0,1,1,0,0,0.0,0,564554.912814956160000,5936975.631257897200000,9.974998157000073,53.577660606000052,,9.975,53.578
160983,160984,2,7,1,701,2019,8,18,5,3,6,4,0,1,1,0,1,0,0.0,0,565018.141861586830000,5924130.041589278700000,9.979327142000045,53.462155914000050,,9.979,53.462
160985,160986,2,6,1,601,2019,8,14,5,3,3,6,0,1,1,0,0,0,0.0,0,580247.191524503750000,5928278.872717130900000,10.209722164000027,53.497340318000056,,10.21,53.497
160986,160987,2,1,11,129,2019,8,19,5,3,5,3,1,1,1,1,0,0,0.0,0,572622.048012130890000,5934878.018586328300000,10.096328419000031,53.557754664000072,,10.096,53.558
160990,160991,2,1,14,132,2019,8,12,5,3,4,2,0,0,1,1,0,0,0.0,0,568393.301830722950000,5932900.786141481300000,10.032069034000074,53.540553034000027,,10.032,53.541
160996,160997,2,3,7,319,2019,8,13,5,3,0,7,0,0,1,0,0,0,0.0,0,561461.613488759850000,5942682.966154523200000,9.929411214000027,53.629325909000045,,9.929,53.629
161004,161005,2,4,8,420,2019,8,8,5,3,0,7,0,1,1,0,0,0,0.0,0,568457.318776676430000,5937268.750554231900000,10.033991763000074,53.579800102000036,,10.034,53.58
161005,161006,2,2,2,207,2019,8,19,5,3,0,4,0,0,1,0,1,0,0.0,0,564080.542027697900000,5935270.035138238200000,9.967484717000048,53.562390099000027,,9.967,53.562
161007,161008,2,3,9,321,2019,8,14,5,3,5,3,0,1,1,1,0,0,0.0,0,560957.400242798030000,5939127.426380194700000,9.921091891000060,53.597430025000051,,9.921,53.597
161008,161009,2,2,10,222,2019,8,15,5,3,0,7,0,0,1,1,0,0,0.0,0,556853.951669434090000,5934654.277049128000000,9.858280306000040,53.557688567000071,,9.858,53.558
161010,161011,2,2,10,222,2019,8,16,5,3,1,5,0,1,1,1,0,0,0.0,0,555987.567290711220000,5934209.673177313100000,9.845123108000053,53.553785768000068,,9.845,53.554
161012,161013,2,2,9,221,2019,8,15,5,3,0,7,0,1,1,0,0,0,0.0,0,557386.627252666280000,5937286.026525227400000,9.866804261000027,53.581283548000044,,9.867,53.581
161017,161018,2,3,1,310,2019,8,21,5,3,5,3,2,1,1,1,0,0,0.0,0,563754.371791252870000,5935501.501883579400000,9.962608214000056,53.564510086000041,,9.963,53.565
161021,161022,2,6,6,607,2019,8,19,4,2,2,6,0,0,1,0,0,0,0.0,0,579871.670794229020000,5919689.853279450900000,10.201880634000076,53.420210086000054,,10.202,53.42
161022,161023,2,3,9,321,2019,8,8,4,3,0,2,0,0,1,1,0,0,0.0,0,560622.543253342620000,5939445.644357236100000,9.916094651000037,53.600328805000061,,9.916,53.6
161024,161025,2,4,13,432,2019,8,18,4,3,0,7,0,0,1,1,0,0,0.0,0,566681.314277380700000,5944852.324882395600000,10.008794744000056,53.648183300000028,,10.009,53.648
161028,161029,2,4,7,416,2019,8,16,4,3,5,3,0,0,1,1,0,0,0.0,0,567344.298768191600000,5935273.169360935700000,10.016753106000067,53.562009614000033,,10.017,53.562
161030,161031,2,2,7,219,2019,8,11,4,3,3,2,0,0,1,1,0,0,0.0,0,557258.318818227390000,5933627.364198971500000,9.864195883000036,53.548415163000072,,9.864,53.548
161031,161032,2,3,1,309,2019,8,17,4,3,4,2,0,0,1,0,0,1,0.0,0,564183.020318140280000,5936499.336332105100000,9.969284288000040,53.573425653000072,,9.969,53.573
161032,161033,2,3,3,314,2019,8,18,4,3,1,5,0,0,1,1,0,0,0.0,0,564852.134527835060000,5937243.063062101600000,9.979542056000071,53.580027415000075,,9.98,53.58
161033,161034,2,3,2,312,2019,8,22,4,3,0,7,2,0,1,0,0,0,0.0,0,566040.418178123420000,5935189.896378122300000,9.997053039000036,53.561426913000048,,9.997,53.561
161034,161035,2,1,3,108,2019,8,11,4,3,3,2,0,0,1,1,0,0,0.0,0,565657.920487976630000,5934372.867089424300000,9.991107547000070,53.554132067000069,,9.991,53.554
161035,161036,2,1,2,103,2019,8,9,4,3,4,2,0,0,1,1,0,0,0.0,0,565807.450424342420000,5933158.147409522900000,9.993108705000054,53.543196359000035,,9.993,53.543
161038,161039,2,7,14,715,2019,8,7,3,3,5,3,0,1,1,1,0,0,0.0,0,557853.094368325550000,5925913.218630682700000,9.871747478000032,53.479018251000070,,9.872,53.479
161042,161043,2,5,6,514,2019,8,18,3,3,6,6,0,0,1,0,1,0,0.0,0,574000.304128613320000,5939659.346737993900000,10.118264276000048,53.600531204000049,,10.118,53.601
161043,161044,2,5,18,526,2019,8,19,3,3,6,3,0,0,1,0,1,0,0.0,0,575506.718914745380000,5939066.416752755600000,10.140880140000036,53.594987832000072,,10.141,53.595
161047,161048,2,5,11,519,2019,8,16,3,3,6,6,0,0,1,0,1,0,0.0,0,571689.942164720970000,5946187.052567621700000,10.084861774000046,53.659515938000027,,10.085,53.66
161049,161050,2,3,8,320,2019,8,18,3,3,4,2,0,0,1,1,0,0,0.0,0,560112.828251991420000,5939652.038126032800000,9.908432987000026,53.602242458000035,,9.908,53.602
161050,161051,2,3,7,319,2019,8,16,3,3,1,5,0,0,1,1,0,0,0.0,0,560813.063540587200000,5943189.808865888000000,9.919704416000059,53.633956799000032,,9.92,53.634
161052,161053,2,2,4,212,2019,8,17,3,3,6,6,0,0,1,0,1,0,0.0,0,560863.451644222250000,5933962.434984725000000,9.918665670000053,53.551021089000074,,9.919,53.551
161053,161054,2,2,4,214,2019,8,12,3,3,4,6,0,1,1,1,0,0,0.0,0,561799.169999999930000,5933822.340000003600000,9.932759562000058,53.549652694000031,,9.933,53.55
161054,161055,2,3,1,310,2019,8,8,3,3,5,2,0,0,1,1,0,0,0.0,0,563931.071383379400000,5935703.253993853900000,9.965317021000033,53.566301795000072,,9.965,53.566
161056,161057,2,1,5,113,2019,8,14,3,3,5,3,0,0,1,1,0,0,0.0,0,567346.872000842360000,5934650.386027941500000,10.016657739000038,53.556412226000077,,10.017,53.556
161058,161059,2,7,10,711,2019,8,13,2,3,3,6,0,0,1,1,0,0,0.0,0,563263.414570921100000,5924241.028414962800000,9.952923200000043,53.463367085000073,,9.953,53.463
161059,161060,2,4,10,427,2019,8,19,4,3,3,2,0,0,1,1,0,0,0.0,0,569112.702476838600000,5938710.923579353800000,10.044208454000056,53.592675028000031,,10.044,53.593
161062,161063,2,1,8,125,2019,8,14,2,3,5,2,0,0,1,1,0,0,0.0,0,570089.640592295680000,5934343.387900637500000,10.057985703000043,53.553294166000057,,10.058,53.553
161063,161064,2,5,6,514,2019,8,13,2,2,5,3,0,0,1,1,0,0,0.0,0,573668.065685995850000,5941404.367069905600000,10.113657223000075,53.616260175000036,,10.114,53.616