,OBJECTID,ULAND,UREGBEZ,UKREIS,UGEMEINDE,UJAHR,UMONAT,USTUNDE,UWOCHENTAG,UKATEGORIE,UART,UTYP1,ULICHTVERH,STRZUSTAND,IstRad,IstPKW,IstFuss,IstKrad,IstGkfz,IstSonstig,LINREFX,LINREFY,XGCSWGS84,YGCSWGS84,UIDENTSTLA,lat_short,long_short
161066,161067,2,5,14,522,2019,8,15,2,3,4,2,0,0,1,1,0,0,0.0,0,573052.197019260380000,5951678.827993383600000,10.106765575000054,53.708680457000071,,10.107,53.709
161069,161070,2,4,6,414,2019,8,7,2,3,5,3,0,0,1,1,0,0,0.0,0,567547.949630741960000,5936727.607348809000000,10.020141802000069,53.575054684000065,,10.02,53.575
161070,161071,2,3,8,320,2019,8,7,2,3,5,3,0,0,1,1,0,0,0.0,0,558788.683126782070000,5941460.999938663100000,9.888766352000062,53.618650579000075,,9.889,53.619
161071,161072,2,2,5,215,2019,8,10,2,3,5,3,0,0,1,1,0,0,0.0,0,561809.293189960530000,5935724.531802503400000,9.933288529000038,53.566747243000066,,9.933,53.567
161074,161075,2,6,1,601,2019,8,11,1,2,1,5,0,0,1,1,0,0,0.0,0,578813.266421940180000,5927867.069907898100000,10.188007512000070,53.493856333000053,,10.188,53.494
161076,161077,2,6,7,608,2019,8,11,1,2,1,5,0,0,1,1,0,0,0.0,0,570763.475322033280000,5924579.858004886700000,10.065950967000049,53.465457977000028,,10.066,53.465
161077,161078,2,6,6,607,2019,8,11,1,2,1,5,0,0,1,1,0,0,0.0,0,574342.802613834850000,5920243.392298642500000,10.118832838000060,53.425992919000066,,10.119,53.426
161078,161079,2,5,2,507,2019,8,17,1,3,4,6,0,0,1,0,0,0,0.0,0,571061.259431538170000,5936684.433512045100000,10.073181705000025,53.574202523000054,,10.073,53.574
161079,161080,2,4,10,429,2019,8,19,1,3,3,2,0,0,1,1,0,0,0.0,0,568845.659906710500000,5939940.006042432000000,10.040445897000041,53.603755979000027,,10.04,53.604
161081,161082,2,3,9,321,2019,8,11,1,3,4,2,0,0,1,1,0,0,0.0,0,561996.221257232130000,5936432.839643133800000,9.936251238000068,53.573091012000077,,9.936,53.573
161082,161083,2,2,11,223,2019,8,12,1,2,6,6,0,0,1,0,1,0,0.0,0,553715.420290093870000,5935238.477114196900000,9.811006105000047,53.563269735000063,,9.811,53.563
161084,161085,2,3,1,310,2019,8,12,1,3,6,4,0,0,1,0,1,0,0.0,0,563536.272717937830000,5935543.079603187700000,9.959324165000055,53.564910210000050,,9.959,53.565
161089,161090,2,5,6,514,2019,8,16,7,3,5,3,0,0,1,1,0,0,0.0,0,573538.381534062330000,5942056.522709909800000,10.111851177000062,53.622139189000052,,10.112,53.622
161094,161095,2,2,1,204,2019,8,15,7,3,3,6,0,0,1,0,0,0,0.0,0,562548.627059920690000,5934069.230543540800000,9.944119129000058,53.551782845000048,,9.944,53.552
161095,161096,2,1,4,111,2019,8,17,7,3,5,3,0,0,1,1,0,0,0.0,0,563792.885726001110000,5934216.408762542500000,9.962927317000037,53.552955873000030,,9.963,53.553
161098,161099,2,5,12,520,2019,8,20,5,3,5,3,1,1,1,1,0,0,0.0,0,569102.176722483710000,5947940.363382378600000,10.046099449000053,53.675621137000064,,10.046,53.676
161101,161102,2,1,4,112,2019,8,15,7,3,5,3,0,0,1,0,0,0,0.0,0,564420.235872117800000,5933390.334297487500000,9.972225237000032,53.545455087000050,,9.972,53.545
161105,161106,2,1,12,130,2019,8,12,6,3,5,3,0,0,1,0,0,0,0.0,1,576061.174506531100000,5931707.964165587000000,10.147464722000052,53.528778943000077,,10.147,53.529
161108,161109,2,5,18,526,2019,8,19,6,3,5,7,1,1,1,0,0,0,0.0,1,576484.215956931930000,5940395.311051350100000,10.155972540000050,53.606788480000034,,10.156,53.607
161112,161113,2,3,9,321,2019,8,11,5,3,5,3,0,0,1,1,0,0,0.0,0,560745.347358330150000,5939333.754057314200000,9.917928336000045,53.599308987000029,,9.918,53.599
161113,161114,2,2,10,222,2019,8,14,6,3,5,3,0,0,1,1,0,0,0.0,0,557266.930077737200000,5934062.783904571100000,9.864405584000053,53.552327590000061,,9.864,53.552
161116,161117,2,1,3,106,2019,8,17,6,3,2,2,0,1,1,1,0,0,0.0,0,564893.523124882950000,5934550.674642533100000,9.979607730000055,53.555825119000076,,9.98,53.556
161117,161118,2,2,11,223,2019,8,12,5,3,5,3,0,0,1,1,0,0,0.0,0,553962.374371468090000,5935238.225099984600000,9.814734210000040,53.563242135000053,,9.815,53.563
161119,161120,2,2,12,225,2019,8,7,5,3,4,6,0,0,1,0,0,0,0.0,0,554859.126690955830000,5935502.309179244600000,9.828318378000063,53.565522650000048,,9.828,53.566
161122,161123,2,4,8,423,2019,8,16,4,3,5,3,0,0,1,1,0,0,0.0,0,568937.601948102940000,5937252.888505531500000,10.041241232000061,53.579594641000028,,10.041,53.58
161123,161124,2,7,10,711,2019,8,22,4,3,5,3,2,0,1,1,0,0,0.0,0,562078.172762573700000,5925159.675832303200000,9.935254275000034,53.471764478000068,,9.935,53.472
161127,161128,2,3,2,311,2019,8,16,5,3,5,3,0,1,1,1,0,0,0.0,0,564740.280649573540000,5935492.642398824900000,9.977489959000025,53.564309761000061,,9.977,53.564
161130,161131,2,3,2,311,2019,9,14,3,3,3,2,0,1,1,1,0,0,0.0,0,565152.144317971540000,5936039.654603850100000,9.983821627000054,53.569174921000069,,9.984,53.569
161131,161132,2,6,2,602,2019,9,19,3,3,5,3,0,1,1,1,0,0,0.0,0,578721.205804632980000,5927411.542252173600000,10.186505863000036,53.489776400000039,,10.187,53.49
161132,161133,2,1,20,141,2019,9,16,2,3,5,7,0,0,1,1,0,0,0.0,0,557306.668515954170000,5932021.759421823500000,9.864631421000070,53.533979380000062,,9.865,53.534
161138,161139,2,1,8,122,2019,9,9,2,3,3,2,0,0,1,1,0,0,0.0,0,569769.880217221570000,5934761.323625316800000,10.053253180000070,53.557092776000047,,10.053,53.557
161141,161142,2,5,18,526,2019,9,7,2,3,5,3,0,0,1,1,0,0,0.0,0,576025.344543319200000,5939116.468498291400000,10.148726869000029,53.595362673000068,,10.149,53.595
161143,161144,2,5,17,525,2019,9,19,2,3,5,3,0,0,1,1,0,0,0.0,0,577480.487645234910000,5945621.057310946300000,10.172327745000075,53.653603770000075,,10.172,53.654
161147,161148,2,4,13,432,2019,9,15,2,3,4,6,0,0,1,0,0,0,0.0,0,566880.930963141840000,5944958.768520472600000,10.011837050000054,53.649114434000069,,10.012,53.649
161158,161159,2,3,2,312,2019,9,7,2,3,4,6,0,0,1,0,0,0,0.0,0,565836.717629534190000,5934803.501455649700000,9.993896752000069,53.557979887000045,,9.994,53.558
161159,161160,2,1,3,108,2019,9,10,2,3,3,2,0,0,1,0,0,0,1.0,0,565577.051839920690000,5935011.633391914900000,9.990021053000021,53.559882923000032,,9.99,53.56
161161,161162,2,1,12,130,2019,9,12,1,3,5,3,0,1,1,1,0,0,0.0,0,576221.261002304960000,5931205.409874741000000,10.149756936000074,53.524239381000029,,10.15,53.524
161163,161164,2,4,9,425,2019,9,21,1,3,3,2,2,0,1,1,0,0,0.0,0,570673.188150535340000,5937578.938045611600000,10.067524611000067,53.582293853000067,,10.068,53.582
161165,161166,2,5,7,515,2019,9,9,1,3,5,3,0,0,1,1,0,0,0.0,0,571192.936076418500000,5940870.606014197700000,10.076125502000025,53.611805575000062,,10.076,53.612
161170,161171,2,3,1,309,2019,9,1,1,2,4,6,2,0,1,0,0,0,0.0,1,563965.153838528320000,5935602.202193925200000,9.965810872000077,53.565389460000063,,9.966,53.565
161172,161173,2,1,5,113,2019,9,16,1,3,5,3,0,0,1,1,0,0,0.0,0,566953.567198898640000,5935024.776469603200000,10.010801695000055,53.559827255000073,,10.011,53.56
161181,161182,2,1,1,102,2019,8,18,7,3,4,2,0,0,1,1,0,0,0.0,0,566010.190000000410000,5933845.530000003100000,9.996312845000034,53.549348590000079,,9.996,53.549
161183,161184,2,1,5,114,2019,8,11,7,2,4,6,0,0,1,0,0,0,0.0,0,566612.036529709590000,5934820.362002084000000,10.005602892000070,53.558033597000076,,10.006,53.558
161184,161185,2,7,1,702,2019,8,20,6,3,1,5,1,0,1,1,0,0,0.0,1,564799.218348804860000,5923274.189092975100000,9.975853772000050,53.454490978000081,,9.976,53.454
161186,161187,2,6,1,601,2019,8,7,6,3,5,3,0,0,1,1,0,0,0.0,0,580584.002290316860000,5929049.462952971500000,10.214996321000058,53.504213856000035,,10.215,53.504
161187,161188,2,1,12,130,2019,8,13,6,3,0,7,0,0,1,0,0,0,0.0,0,573519.600648502820000,5933144.041660681400000,10.109467730000063,53.542046625000069,,10.109,53.542
161192,161193,2,6,6,607,2019,9,16,3,3,0,7,0,0,1,1,0,0,0.0,0,575005.031866534610000,5922322.414748698500000,10.129292317000022,53.444583382000076,,10.129,53.445
161193,161194,2,4,11,430,2019,8,14,6,3,6,7,0,0,1,0,1,0,0.0,0,568343.040000000040000,5941880.270000001400000,10.033276973000056,53.621258999000077,,10.033,53.621
161199,161200,2,2,9,221,2019,8,13,6,3,4,2,0,0,1,1,0,0,0.0,0,557295.758000000380000,5936033.791000004900000,9.865202074000024,53.570038978000071,,9.865,53.57
161202,161203,2,3,1,307,2019,8,22,6,3,3,6,2,0,1,0,0,0,0.0,0,563138.413965924640000,5935952.045854285400000,9.953400538000039,53.568633743000078,,9.953,53.569
161203,161204,2,2,3,210,2019,8,10,6,3,1,5,0,0,1,1,0,0,0.0,0,562038.552062461150000,5934137.030420506400000,9.936434562000045,53.552452710000068,,9.936,53.552
161205,161206,2,3,2,311,2019,8,16,6,3,5,3,0,0,1,1,0,0,0.0,0,565049.959273524580000,5935495.489059690400000,9.982165524000038,53.564297049000061,,9.982,53.564
161206,161207,2,3,3,314,2019,8,13,6,3,5,3,0,0,1,1,0,0,0.0,0,565459.890666550030000,5937391.522519243900000,9.988751391000051,53.581286150000039,,9.989,53.581
161208,161209,2,1,3,108,2019,8,8,6,3,2,6,0,0,1,1,0,0,0.0,0,565439.995598820040000,5934603.728159740600000,9.987866835000034,53.556234084000039,,9.988,53.556
161211,161212,2,5,18,526,2019,8,14,5,3,5,3,0,0,1,1,0,0,0.0,0,575738.582455252300000,5941655.360804829700000,10.145011970000041,53.618220486000041,,10.145,53.618
161212,161213,2,5,5,513,2019,8,18,5,3,5,3,0,0,1,1,0,0,0.0,0,574133.589445493180000,5937384.794149020700000,10.119737444000066,53.580071381000039,,10.12,53.58
161213,161214,2,5,3,510,2019,8,7,5,3,0,2,0,1,1,1,0,0,0.0,0,570310.976875341500000,5936091.169968750300000,10.061719359000051,53.568971949000058,,10.062,53.569
161215,161216,2,5,2,509,2019,8,8,5,3,5,3,0,1,1,1,0,0,0.0,0,572643.138284995220000,5938871.942609420000000,10.097576034000042,53.593644773000051,,10.098,53.594
161216,161217,2,5,2,509,2019,8,8,5,2,5,3,0,1,1,1,0,0,0.0,0,571409.440443813800000,5938238.012504771400000,10.078794444000039,53.588117188000069,,10.079,53.588
161220,161221,2,4,12,431,2019,8,7,5,3,0,7,0,1,1,1,0,0,0.0,0,567585.636682732960000,5943079.440541530000000,10.022088214000064,53.632134299000029,,10.022,53.632
161223,161224,2,4,5,410,2019,8,14,5,3,0,7,0,0,1,0,0,0,0.0,0,566568.600519515570000,5937981.603289062200000,10.005621179000059,53.586449745000039,,10.006,53.586
161224,161225,2,4,5,409,2019,8,15,5,3,4,6,0,0,1,0,0,0,0.0,1,566689.091948700140000,5938705.289527881900000,10.007595793000064,53.592938308000043,,10.008,53.593
161227,161228,2,4,6,415,2019,8,18,5,3,1,5,0,1,1,1,0,0,0.0,0,567576.264252379540000,5936438.894307084400000,10.020506864000026,53.572456334000037,,10.021,53.572
161233,161234,2,3,6,318,2019,8,12,5,3,0,6,0,1,1,0,0,0,0.0,1,563881.085480118170000,5943742.861038504200000,9.966210043000046,53.638561760000073,,9.966,53.639
161236,161237,2,2,1,202,2019,8,9,5,3,5,3,0,1,1,0,0,0,1.0,0,561468.125755534510000,5933284.218030758200000,9.927657933000035,53.544855225000049,,9.928,53.545
161237,161238,2,5,9,517,2019,9,12,3,3,3,6,0,0,1,0,0,0,0.0,1,572462.940865695480000,5943899.680689774500000,10.096023735000074,53.638853250000068,,10.096,53.639
161242,161243,2,7,15,716,2019,8,17,4,3,5,3,0,0,1,1,0,0,0.0,0,558204.977741435170000,5928492.098371353000000,9.877527420000035,53.502157481000040,,9.878,53.502
161243,161244,2,7,1,702,2019,8,18,4,3,4,6,0,0,1,0,0,0,0.0,1,565580.780481722210000,5923574.250502081600000,9.987684497000032,53.457091048000052,,9.988,53.457
161245,161246,2,6,2,602,2019,8,18,4,3,4,2,0,0,1,0,0,0,0.0,1,579421.058403269390000,5927320.163072172600000,10.197028577000026,53.488850036000031,,10.197,53.489
161246,161247,2,1,11,129,2019,8,5,4,3,6,4,2,1,1,0,1,0,0.0,0,572638.348351429220000,5934718.135336786500000,10.096537289000025,53.556315547000054,,10.097,53.556
161247,161248,2,1,11,129,2019,8,16,4,3,0,3,0,0,1,1,0,0,0.0,0,570793.083000000570000,5935047.848000003000000,10.068761524000024,53.559530779000056,,10.069,53.56
161249,161250,2,5,5,513,2019,8,6,4,3,3,2,1,0,1,1,0,0,0.0,0,572833.770316247830000,5938390.886817466500000,10.100343408000072,53.589295134000054,,10.1,53.589
161251,161252,2,5,4,512,2019,8,22,4,3,5,3,2,1,1,1,0,0,0.0,0,575191.907757733020000,5936690.728263435900000,10.135552026000028,53.573683302000063,,10.136,53.574
161252,161253,2,4,11,430,2019,8,14,4,3,1,5,0,0,1,1,0,0,0.0,0,568687.590000000780000,5940473.130000000800000,10.038174967000032,53.608567926000035,,10.038,53.609
161254,161255,2,4,10,427,2019,8,18,4,3,4,2,0,0,1,1,0,0,0.0,0,568415.639891095460000,5938163.523604858700000,10.033558523000067,53.587846939000030,,10.034,53.588
161255,161256,2,4,5,411,2019,8,16,4,3,3,2,0,0,1,1,0,0,0.0,0,568311.847666499200000,5938052.053358888300000,10.031966401000034,53.586858679000045,,10.032,53.587
161256,161257,2,4,5,410,2019,8,7,4,3,0,7,0,0,1,0,0,0,0.0,0,566444.541736556220000,5938151.295132871700000,10.003783536000071,53.587990528000034,,10.004,53.588
161258,161259,2,3,3,313,2019,8,8,4,3,0,7,0,1,1,0,0,0,0.0,0,564619.705976178870000,5936604.052988756400000,9.975899687000037,53.574313160000031,,9.976,53.574
161259,161260,2,2,2,207,2019,8,17,4,3,0,6,0,0,1,0,0,0,0.0,0,563910.657268460840000,5935024.728891773100000,9.964870033000068,53.560206173000040,,9.965,53.56
161260,161261,2,2,2,207,2019,8,15,4,3,1,5,0,0,1,1,0,0,0.0,0,563797.930148607120000,5935066.797624461400000,9.963177026000039,53.560597972000039,,9.963,53.561
161261,161262,2,1,4,111,2019,8,18,4,3,1,5,0,0,1,1,0,0,0.0,0,563625.746771031060000,5933834.721274348000000,9.960327141000050,53.549545804000047,,9.96,53.55
161263,161264,2,1,3,105,2019,8,8,4,3,0,7,0,0,1,0,0,0,0.0,0,564815.140988354570000,5933265.716835685100000,9.978158340000050,53.544286521000060,,9.978,53.544
161265,161266,2,6,2,602,2019,8,12,3,3,1,5,0,0,1,1,0,0,0.0,0,578745.033307491800000,5927085.583615921400000,10.186783130000038,53.486843523000061,,10.187,53.487
161271,161272,2,5,4,512,2019,8,19,3,3,1,5,0,1,1,1,0,0,0.0,0,573713.816619986670000,5936370.638792846400000,10.113158934000069,53.571016475000079,,10.113,53.571
161272,161273,2,5,9,517,2019,9,15,3,3,5,3,0,0,1,1,0,0,0.0,0,571563.601874760350000,5944103.192293955000000,10.082470477000072,53.640805926000041,,10.082,53.641
161273,161274,2,4,13,432,2019,9,10,3,3,5,2,0,1,1,1,0,0,0.0,0,567794.072070424440000,5945066.744117535700000,10.025673033000032,53.649967279000066,,10.026,53.65
161275,161276,2,5,2,509,2019,8,17,3,3,5,3,0,0,1,1,0,0,0.0,0,572213.477070851250000,5938164.636721208700000,10.090921770000023,53.587347647000058,,10.091,53.587
161278,161279,2,5,9,517,2019,8,11,3,2,1,5,0,0,1,1,0,0,0.0,0,571473.129243645820000,5944205.385785721200000,10.081125744000076,53.641736688000037,,10.081,53.642
161279,161280,2,5,9,517,2019,8,13,3,3,5,3,0,0,1,1,0,0,0.0,0,572109.216192181220000,5943323.189731733900000,10.090540975000067,53.633721276000074,,10.091,53.634
161280,161281,2,4,7,416,2019,8,15,3,3,5,3,0,0,1,1,0,0,0.0,0,567417.061354356820000,5935354.178964940800000,10.017868952000072,53.562728318000040,,10.018,53.563
161282,161283,2,2,5,217,2019,8,15,3,3,5,3,0,0,1,1,0,0,0.0,0,559426.610482621940000,5935578.812194794400000,9.897288470000035,53.565712847000043,,9.897,53.566
161283,161284,2,2,5,216,2019,8,7,3,3,1,7,0,0,1,1,0,0,0.0,0,560334.787805877630000,5935715.520675538100000,9.911025646000041,53.566837871000075,,9.911,53.567
161286,161287,2,1,15,134,2019,8,15,2,3,5,3,0,0,1,1,0,0,0.0,0,567309.724407902920000,5930641.515974668800000,10.015234704000022,53.520388473000082,,10.015,53.52
161288,161289,2,1,12,130,2019,8,9,2,3,0,7,0,0,1,0,0,0,0.0,0,574533.086128839290000,5932776.138372447300000,10.124671153000065,53.538597476000064,,10.125,53.539
161289,161290,2,4,10,426,2019,9,16,3,3,5,3,0,1,1,1,0,0,0.0,0,569684.139837884340000,5938211.245701534700000,10.052728953000042,53.588108769000030,,10.053,53.588
161292,161293,2,5,18,526,2019,8,16,2,3,5,3,0,0,1,1,0,0,0.0,0,575878.549486813140000,5940069.754632938700000,10.146741334000069,53.603950858000076,,10.147,53.604
161296,161297,2,5,15,523,2019,8,19,2,3,4,6,0,0,1,1,0,0,0.0,0,575190.880590308460000,5949865.724931526900000,10.138720467000041,53.692083181000044,,10.139,53.692
161299,161300,2,4,5,413,2019,8,16,2,3,4,2,0,0,1,1,0,0,0.0,0,566701.234293984250000,5937365.325975993600000,10.007492748000061,53.580894311000065,,10.007,53.581
161301,161302,2,3,7,319,2019,8,14,2,3,5,3,0,0,1,1,0,0,0.0,0,560255.564806587990000,5942006.285944607100000,9.911045129000058,53.623384549000036,,9.911,53.623
161302,161303,2,3,5,317,2019,8,16,2,2,3,2,0,0,1,0,0,0,1.0,0,563629.185001176780000,5937629.064263230200000,9.961151918000041,53.583646310000063,,9.961,53.584
161307,161308,2,7,1,701,2019,8,12,1,3,6,4,0,0,1,0,1,0,0.0,0,564891.745246578010000,5923625.313673719800000,9.977319432000058,53.457635298000071,,9.977,53.458
161323,161324,2,3,2,312,2019,8,17,1,3,1,5,0,0,1,1,0,0,0.0,0,565079.526100652290000,5935645.898512959500000,9.982643203000066,53.565645151000069,,9.983,53.566
161330,161331,2,6,3,604,2019,8,13,7,3,1,5,0,0,1,1,0,0,0.0,0,582265.759927535430000,5921836.642904009700000,10.238457678000032,53.439134687000035,,10.238,53.439
161331,161332,2,6,2,602,2019,8,12,7,3,5,2,0,0,1,1,0,0,0.0,0,578726.198442948980000,5927434.630080424200000,10.186586888000022,53.489983137000081,,10.187,53.49
161335,161336,2,5,11,519,2019,8,10,7,3,2,2,0,0,1,1,0,0,0.0,0,571438.515899657270000,5945689.942639188800000,10.080943456000057,53.655082900000082,,10.081,53.655
161336,161337,2,4,7,416,2019,8,1,7,3,0,7,2,0,1,0,0,0,0.0,0,567519.176362789240000,5935653.914330851300000,10.019475203000070,53.565408957000045,,10.019,53.565
161337,161338,2,3,9,321,2019,8,9,7,3,4,2,0,0,1,1,0,0,0.0,0,560701.606106247750000,5939382.858570357800000,9.917277012000056,53.599755375000029,,9.917,53.6
161339,161340,2,2,5,216,2019,8,13,7,3,3,2,0,0,1,0,0,0,0.0,0,559887.873171855700000,5936094.981647383400000,9.904351140000074,53.570299454000065,,9.904,53.57
161343,161344,2,1,3,105,2019,8,19,7,3,5,3,0,0,1,0,0,0,0.0,1,564692.479638879190000,5933640.502971150000000,9.976385012000037,53.547669959000075,,9.976,53.548
161351,161352,2,5,12,520,2019,9,9,5,3,5,3,0,0,1,1,0,0,0.0,0,570156.572890251870000,5945213.478212771900000,10.061442374000023,53.650974480000059,,10.061,53.651
161353,161354,2,5,18,526,2019,8,16,6,3,5,3,0,0,1,1,0,0,0.0,0,576226.668106557800000,5938160.081692634200000,10.151534430000027,53.586738658000058,,10.152,53.587
161355,161356,2,4,11,430,2019,9,12,5,3,5,2,0,1,1,1,0,0,0.0,0,568270.822000001560000,5942156.514000002300000,10.032245883000030,53.623751031000040,,10.032,53.624
161356,161357,2,5,4,512,2019,8,11,6,3,5,3,0,0,1,1,0,0,0.0,0,575338.115221693180000,5937436.706785826000000,10.137939605000042,53.580366271000059,,10.138,53.58
161359,161360,2,4,4,407,2019,9,12,5,3,1,7,0,1,1,0,0,0,1.0,0,566631.106096256520000,5940529.806171884800000,10.007109829000058,53.609342849000029,,10.007,53.609
161362,161363,2,4,8,422,2019,9,18,5,3,6,2,0,1,1,0,1,0,0.0,0,569124.764841254800000,5936436.007545523300000,10.043886780000037,53.572228646000042,,10.044,53.572
161364,161365,2,4,7,417,2019,9,8,5,2,5,3,0,0,1,1,0,0,0.0,0,568332.456690464170000,5935771.076352048700000,10.031778414000030,53.566356633000055,,10.032,53.566
161368,161369,2,2,12,225,2019,8,15,6,3,0,6,0,0,1,1,0,0,0.0,0,554064.332050485540000,5937153.444840129500000,9.816605000000038,53.580444965000027,,9.817,53.58
161369,161370,2,2,14,227,2019,9,12,5,3,5,3,0,1,1,1,0,0,0.0,0,550729.017027555960000,5937015.578104538800000,9.766210038000054,53.579539070000067,,9.766,53.58
161372,161373,2,2,6,218,2019,8,13,6,3,5,3,0,0,1,1,0,0,0.0,0,559020.110200878230000,5935523.197703206900000,9.891140992000032,53.565258890000052,,9.891,53.565
161375,161376,2,2,7,219,2019,8,10,6,3,3,2,0,0,1,0,0,0,0.0,1,559677.803785600700000,5933811.111737897600000,9.900743215000034,53.549797181000031,,9.901,53.55
161376,161377,2,2,1,203,2019,9,9,5,3,6,4,0,0,1,0,1,0,0.0,0,562548.598268644880000,5933935.050423791600000,9.944091852000042,53.550576922000062,,9.944,53.551
161377,161378,2,4,3,406,2019,8,18,6,3,0,6,0,0,1,1,0,0,0.0,0,564327.515000001530000,5940731.621999999500000,9.972338997000065,53.611444512000048,,9.972,53.611
161378,161379,2,2,7,219,2019,9,16,5,3,3,2,0,1,1,1,0,0,0.0,0,560784.089287340640000,5933671.932734977500000,9.917411482000034,53.548419411000054,,9.917,53.548
161380,161381,2,1,4,111,2019,9,15,5,3,0,4,0,1,1,0,1,0,0.0,0,563745.473463832400000,5934166.928146749700000,9.962201670000070,53.552516934000039,,9.962,53.553
161382,161383,2,2,1,202,2019,8,13,6,3,6,6,0,0,1,0,1,0,0.0,0,562437.243291401300000,5933440.127719337100000,9.942312523000055,53.546142117000045,,9.942,53.546
161383,161384,2,1,4,112,2019,9,15,5,3,0,2,0,1,1,0,0,1,0.0,0,563764.775000000370000,5933828.075000003000000,9.962423866000052,53.549469206000026,,9.962,53.549
161385,161386,2,1,3,108,2019,9,8,5,3,3,6,0,0,1,1,0,0,0.0,0,565657.548114321190000,5934373.213970104200000,9.991102000000069,53.554135231000032,,9.991,53.554
161387,161388,2,1,20,141,2019,9,16,4,3,5,3,0,0,1,1,0,0,0.0,0,555855.774878760800000,5932038.023609954900000,9.842746169000066,53.534281820000047,,9.843,53.534
161395,161396,2,5,18,526,2019,9,16,4,3,0,7,0,0,1,1,0,0,0.0,0,575043.276861155410000,5940298.717065956400000,10.134175847000051,53.606128766000040,,10.134,53.606
161397,161398,2,4,5,409,2019,9,15,4,3,1,5,0,0,1,1,0,0,0.0,0,566007.723940521480000,5939082.828503960700000,9.997382738000056,53.596417549000080,,9.997,53.596
161405,161406,2,1,17,138,2019,9,17,4,3,6,6,0,0,1,0,1,0,0.0,0,566921.538870246150000,5931102.826240781700000,10.009479257000066,53.524583947000053,,10.009,53.525
161406,161407,2,6,1,601,2019,8,7,5,3,6,6,0,0,1,0,1,0,0.0,0,580612.081751959400000,5929571.017621882300000,10.215553688000057,53.508896576000041,,10.216,53.509
161407,161408,2,6,5,606,2019,8,7,5,3,3,2,0,0,1,1,0,0,0.0,0,579628.292877092030000,5924446.074684348000000,10.199422595000044,53.462990045000026,,10.199,53.463
161413,161414,2,7,1,701,2019,9,8,3,3,4,6,0,1,1,1,0,0,0.0,0,564467.951715345490000,5923918.105892863100000,9.970997824000051,53.460318782000058,,9.971,53.46
161421,161422,2,4,6,414,2019,9,13,3,2,5,3,0,1,1,1,0,0,0.0,0,567200.856302716770000,5936674.126658551400000,10.014889226000037,53.574618624000038,,10.015,53.575
161424,161425,2,5,11,519,2019,8,7,5,2,4,2,0,0,1,1,0,0,0.0,0,570646.065975151960000,5945247.032001711400000,10.068854433000070,53.651210149000065,,10.069,53.651
161428,161429,2,2,12,225,2019,9,15,3,3,3,2,0,0,1,1,0,0,0.0,0,554508.818999999200000,5936846.292000003200000,9.823264276000032,53.577638383000078,,9.823,53.578
161429,161430,2,2,7,219,2019,9,19,3,3,0,7,0,0,1,1,0,0,0.0,0,558657.616076263600000,5934113.127257514700000,9.885403773000064,53.552626516000032,,9.885,53.553
161430,161431,2,4,6,414,2019,8,13,5,3,1,5,0,0,1,1,0,0,0.0,0,566747.954073295930000,5936741.328080287200000,10.008064883000031,53.575280397000029,,10.008,53.575
161431,161432,2,4,2,405,2019,9,15,3,3,3,2,0,1,1,1,0,0,0.0,0,564690.201181834560000,5939223.465846536700000,9.977507244000037,53.597845746000075,,9.978,53.598
161432,161433,2,4,8,422,2019,8,11,5,3,4,2,0,0,1,1,0,0,0.0,0,569234.276773191060000,5936970.767397915900000,10.045658850000052,53.577020125000047,,10.046,53.577
161434,161435,2,4,5,408,2019,9,14,1,3,5,3,0,0,1,1,0,0,0.0,0,566070.197814026850000,5939688.271415403100000,9.998454874000061,53.601850888000058,,9.998,53.602
161438,161439,2,3,6,318,2019,9,14,1,1,2,6,0,0,1,0,0,0,0.0,1,563151.290656802240000,5942011.016121113700000,9.954822020000052,53.623085851000042,,9.955,53.623
161439,161440,2,2,1,201,2019,9,18,1,3,6,2,0,0,1,0,1,0,0.0,0,563271.893959353680000,5933720.550556628000000,9.954964025000038,53.548562472000071,,9.955,53.549
161444,161445,2,1,11,129,2019,9,14,7,3,1,5,0,0,1,1,0,0,0.0,0,573075.059289658440000,5934773.918623978300000,10.103141513000025,53.556756255000039,,10.103,53.557
161449,161450,2,5,1,501,2019,9,17,7,3,5,3,0,0,1,1,0,0,0.0,0,568676.881309905090000,5935644.264367556200000,10.036950204000050,53.565171997000050,,10.037,53.565
161452,161453,2,2,2,207,2019,9,12,7,3,5,3,0,0,1,1,0,0,0.0,0,563656.676013544200000,5935148.378409661400000,9.961061418000043,53.561348316000078,,9.961,53.561
161457,161458,2,1,16,136,2019,9,7,6,3,1,7,0,0,1,0,0,0,0.0,1,567151.750910044650000,5927732.313661733600000,10.012229219000062,53.494262934000062,,10.012,53.494
161460,161461,2,1,12,130,2019,9,9,6,3,5,3,0,0,1,1,0,0,0.0,0,573251.344601078890000,5933197.630643002700000,10.105432916000041,53.542565708000041,,10.105,53.543
161464,161465,2,5,8,516,2019,9,17,6,3,5,3,0,0,1,1,0,0,0.0,0,570355.739497056230000,5941196.854129290200000,10.063546852000059,53.614850654000065,,10.064,53.615
161466,161467,2,3,4,315,2019,9,8,6,3,1,7,0,0,1,1,0,0,0.0,0,564548.220000001600000,5937100.460000004600000,9.974922901000070,53.578783297000030,,9.975,53.579
161468,161469,2,1,5,114,2019,9,13,6,3,0,7,0,0,1,0,0,0,0.0,0,566825.611252998930000,5934165.992961704700000,10.008686666000074,53.552125509000064,,10.009,53.552
161473,161474,2,5,2,506,2019,9,18,5,3,4,3,0,0,1,1,0,0,0.0,0,571132.078286570500000,5937568.342475162800000,10.074452436000058,53.582136590000061,,10.074,53.582
161474,161475,2,4,10,429,2019,9,16,5,3,3,2,0,0,1,1,0,0,0.0,0,568876.344030416570000,5939696.067117765500000,10.040855630000067,53.601559660000078,,10.041,53.602