,OBJECTID,ULAND,UREGBEZ,UKREIS,UGEMEINDE,UJAHR,UMONAT,USTUNDE,UWOCHENTAG,UKATEGORIE,UART,UTYP1,ULICHTVERH,STRZUSTAND,IstRad,IstPKW,IstFuss,IstKrad,IstGkfz,IstSonstig,LINREFX,LINREFY,XGCSWGS84,YGCSWGS84,UIDENTSTLA,lat_short,long_short
161878,161879,2,1,2,104,2019,10,7,5,3,3,6,1,1,1,0,0,0,0.0,1,566578.795844275500000,5933039.465654065800000,10.004721964000055,53.542032521000067,,10.005,53.542
161885,161886,2,1,12,130,2019,10,16,4,3,5,3,0,0,1,1,0,0,0.0,0,573616.046369994990000,5933220.597243871500000,10.110940885000048,53.542721114000074,,10.111,53.543
161886,161887,2,7,10,711,2019,9,9,1,3,5,3,0,1,1,1,0,0,0.0,0,563693.838388930070000,5924385.335540261100000,9.959434831000067,53.464612165000062,,9.959,53.465
161904,161905,2,3,9,321,2019,10,15,4,3,3,2,0,0,1,0,0,0,1.0,0,561804.266936364580000,5938589.737525448200000,9.933779982000033,53.592498463000027,,9.934,53.592
161910,161911,2,3,1,309,2019,9,18,1,3,4,2,0,1,1,1,0,0,0.0,0,563991.206631446260000,5936045.200121171800000,9.966294936000054,53.569367634000059,,9.966,53.569
161912,161913,2,1,2,103,2019,10,9,4,3,6,4,0,1,1,0,1,0,0.0,0,565487.879702919160000,5933120.490607082800000,9.988278928000057,53.542897874000062,,9.988,53.543
161916,161917,2,1,5,114,2019,10,12,4,3,5,3,0,0,1,1,0,0,0.0,0,566950.407649971540000,5934037.242815498300000,10.010542491000024,53.550952506000044,,10.011,53.551
161919,161920,2,6,1,601,2019,10,13,3,3,5,3,0,0,1,1,0,0,0.0,0,579021.988672499540000,5928974.649397196200000,10.191432027000076,53.503778542000077,,10.191,53.504
161920,161921,2,5,18,526,2019,10,12,3,3,5,3,0,0,1,1,0,0,0.0,0,576257.646399563180000,5940069.509108448400000,10.152469239000027,53.603893622000044,,10.152,53.604
161921,161922,2,6,1,601,2019,9,15,7,3,1,5,0,0,1,1,0,0,0.0,0,578880.389840099960000,5927675.622973009900000,10.188970941000036,53.492125789000056,,10.189,53.492
161926,161927,2,5,7,515,2019,10,19,3,3,3,2,2,0,1,1,0,0,0.0,0,571789.555587761100000,5939916.486733466400000,10.084922194000058,53.603149586000029,,10.085,53.603
161928,161929,2,5,9,517,2019,10,14,3,3,5,3,0,0,1,1,0,0,0.0,0,572303.408471426930000,5944567.585492387400000,10.093766539000057,53.644877653000037,,10.094,53.645
161931,161932,2,5,5,513,2019,9,16,7,3,4,2,0,0,1,1,0,0,0.0,0,572941.301684082490000,5937548.898061581000000,10.101770788000067,53.581713335000074,,10.102,53.582
161933,161934,2,4,5,409,2019,10,17,3,3,1,5,0,0,1,1,0,0,0.0,0,566025.870509051720000,5938452.379574662100000,9.997523416000036,53.590749314000050,,9.998,53.591
161941,161942,2,3,1,307,2019,10,18,3,3,5,3,2,0,1,1,0,0,0.0,0,563423.781538774260000,5936106.381211711100000,9.957740317000059,53.569986385000050,,9.958,53.57
161943,161944,2,4,2,403,2019,10,17,3,3,1,5,0,0,1,1,0,0,0.0,0,565261.901372910480000,5938646.229633290300000,9.986023768000052,53.592587139000045,,9.986,53.593
161947,161948,2,1,5,114,2019,10,7,3,3,5,2,1,0,1,1,0,0,0.0,0,567584.087830613370000,5934076.949951386100000,10.020114119000027,53.551228174000073,,10.02,53.551
161948,161949,2,4,2,405,2019,9,18,7,3,2,6,0,0,1,1,0,0,0.0,0,564955.314185411670000,5939615.972617022700000,9.981594393000023,53.601340495000045,,9.982,53.601
161950,161951,2,2,2,207,2019,9,22,7,3,1,5,2,1,1,1,0,0,0.0,0,563943.747925185600000,5935122.247308477800000,9.965389486000049,53.561078570000063,,9.965,53.561
161951,161952,2,1,16,137,2019,10,9,3,3,5,3,0,0,1,1,0,0,0.0,0,563720.973915425130000,5929800.108352914500000,9.960942937000027,53.513273745000049,,9.961,53.513
161952,161953,2,2,2,207,2019,9,1,7,3,1,5,2,1,1,1,0,0,0.0,0,563965.621967923830000,5935287.381926646500000,9.965753482000025,53.562560019000045,,9.966,53.563
161958,161959,2,1,11,128,2019,10,7,2,2,0,3,0,0,1,1,0,0,0.0,0,571586.469458779320000,5933943.232152000100000,10.080483976000039,53.549496000000033,,10.08,53.549
161961,161962,2,5,18,526,2019,10,9,2,3,5,3,0,0,1,0,0,0,0.0,1,577202.113966304810000,5939035.581163359800000,10.166483562000053,53.594463775000065,,10.166,53.594
161962,161963,2,7,14,715,2019,9,11,6,3,5,6,0,0,1,1,0,0,0.0,0,554849.224725159820000,5925053.479677805700000,9.826339458000064,53.471612678000042,,9.826,53.472
161965,161966,2,1,11,128,2019,9,9,6,3,0,7,0,0,1,1,0,0,0.0,0,572359.821770422160000,5933703.066817272500000,10.092098612000029,53.547231636000049,,10.092,53.547
161968,161969,2,4,13,432,2019,10,7,2,3,3,2,0,0,1,1,0,0,0.0,0,566261.425999999980000,5946192.453999999900000,10.002729268000053,53.660280470000032,,10.003,53.66
161976,161977,2,2,1,201,2019,10,7,2,2,0,7,0,1,1,0,0,0,0.0,0,563118.876758160070000,5933484.763585383100000,9.952607295000064,53.546461787000055,,9.953,53.546
161979,161980,2,1,1,102,2019,10,17,2,3,3,6,0,0,1,0,0,0,0.0,1,565943.949957711620000,5933982.278227491300000,9.995342068000070,53.550585902000080,,9.995,53.551
161980,161981,2,4,13,432,2019,9,16,6,3,0,2,0,0,1,1,0,0,0.0,0,566231.462388379500000,5946254.925296379300000,10.002289227000063,53.660845699000049,,10.002,53.661
161982,161983,2,1,18,139,2019,10,6,2,3,0,3,2,1,1,1,0,0,0.0,0,564265.719985047360000,5931732.594937831200000,9.969553195000060,53.530575376000058,,9.97,53.531
161985,161986,2,7,2,703,2019,10,12,1,3,4,1,0,1,1,0,0,1,0.0,0,567842.228288636540000,5925191.116201520000000,10.022086365000064,53.471335933000034,,10.022,53.471
161986,161987,2,4,10,428,2019,9,5,6,3,5,3,2,1,1,1,0,0,0.0,0,569144.014426746410000,5939207.693655613800000,10.044791600000053,53.597135388000027,,10.045,53.597
161988,161989,2,1,12,130,2019,10,22,1,3,4,2,2,1,1,1,0,0,0.0,0,572846.425715527500000,5932720.252770500300000,10.099212391000037,53.538331855000081,,10.099,53.538
161989,161990,2,4,6,415,2019,9,13,6,3,5,2,0,0,1,1,0,0,0.0,0,568447.866454153320000,5936576.758718865000000,10.033697297000060,53.573582342000066,,10.034,53.574
161994,161995,2,2,1,205,2019,9,12,6,3,4,2,0,0,1,1,0,0,0.0,0,563291.290272071960000,5934068.735591659300000,9.955327206000050,53.551689394000050,,9.955,53.552
162002,162003,2,2,2,207,2019,9,19,6,3,0,1,1,1,1,0,0,0,0.0,0,563624.440445102750000,5935354.274641437500000,9.960616740000035,53.563202678000039,,9.961,53.563
162004,162005,2,1,3,108,2019,9,16,6,3,3,2,0,0,1,1,0,0,0.0,0,565462.651786292900000,5934664.213084841100000,9.988221459000044,53.556774852000046,,9.988,53.557
162015,162016,2,7,1,701,2019,9,16,5,3,5,3,0,0,1,1,0,0,0.0,0,564812.538671387360000,5924475.418424474100000,9.976301984000031,53.465285300000062,,9.976,53.465
162018,162019,2,3,2,311,2019,10,14,7,3,2,6,0,1,1,1,0,0,0.0,0,565220.256172927100000,5936420.583112394400000,9.984929528000066,53.572589954000080,,9.985,53.573
162020,162021,2,7,1,702,2019,10,23,6,3,4,7,2,1,1,1,0,0,0.0,0,565278.389999999660000,5923706.440000001300000,9.983158504000073,53.458316645000082,,9.983,53.458
162022,162023,2,5,6,514,2019,9,17,5,3,4,6,0,1,1,0,0,0,0.0,0,574291.071127358820000,5941397.245289888200000,10.123071662000029,53.616108181000072,,10.123,53.616
162024,162025,2,5,18,526,2019,9,7,5,3,5,3,0,1,1,1,0,0,0.0,0,576106.259708058090000,5939722.790674895000000,10.150097210000069,53.600799774000052,,10.15,53.601
162032,162033,2,4,13,432,2019,10,7,6,3,3,2,0,1,1,1,0,0,0.0,0,567334.839664904400000,5943972.414744209500000,10.018489399000032,53.640191817000073,,10.018,53.64
162033,162034,2,5,9,517,2019,9,9,5,2,0,7,0,1,1,1,0,0,0.0,0,571546.846185670230000,5944243.955863606200000,10.082249466000064,53.642073238000080,,10.082,53.642
162035,162036,2,4,4,407,2019,9,22,5,3,4,2,2,1,1,1,0,0,0.0,0,566928.974723868070000,5940619.144065467600000,10.011630448000062,53.610107771000060,,10.012,53.61
162036,162037,2,2,12,225,2019,10,6,6,3,5,2,2,1,1,1,0,0,0.0,0,554502.099999999630000,5936726.149999998500000,9.823141833000022,53.576559290000034,,9.823,53.577
162040,162041,2,4,6,415,2019,9,23,5,3,1,5,2,1,1,1,0,0,0.0,0,567078.260185057300000,5936067.818013196800000,10.012907820000066,53.569185324000046,,10.013,53.569
162041,162042,2,1,4,112,2019,10,15,6,2,0,1,0,0,1,0,0,0,0.0,0,563314.209294393660000,5933692.698731204500000,9.955596954000043,53.548307057000045,,9.956,53.548
162042,162043,2,3,7,319,2019,9,14,5,3,0,7,0,0,1,0,0,0,0.0,0,561420.812087342140000,5942366.295542560500000,9.928731816000038,53.626484685000037,,9.929,53.626
162045,162046,2,3,1,302,2019,9,13,5,3,5,3,0,0,1,1,0,0,0.0,0,562737.816194267010000,5937454.933996673700000,9.947654360000058,53.582188743000074,,9.948,53.582
162046,162047,2,3,1,302,2019,9,7,5,3,5,3,1,1,1,1,0,1,0.0,0,562851.016157398930000,5937299.075660862000000,9.949332600000048,53.580774441000074,,9.949,53.581
162050,162051,2,1,6,118,2019,10,9,5,3,4,2,0,1,1,1,0,0,0.0,0,568807.071668166670000,5933664.919571144500000,10.038479870000060,53.547366357000044,,10.038,53.547
162051,162052,2,2,4,214,2019,9,13,5,3,5,2,0,0,1,1,0,0,0.0,0,561451.451605057340000,5933770.370487665800000,9.927501854000070,53.549226433000058,,9.928,53.549
162052,162053,2,2,4,213,2019,9,13,5,3,4,7,0,0,1,1,0,0,0.0,0,561796.884177755560000,5934302.527619991500000,9.932819977000065,53.553968602000054,,9.933,53.554
162054,162055,2,3,3,314,2019,9,17,5,3,3,2,0,0,1,1,0,0,0.0,0,565445.456803217530000,5937390.038091551500000,9.988533096000026,53.581274611000026,,9.989,53.581
162056,162057,2,5,18,526,2019,10,11,5,3,5,2,0,0,1,1,0,0,0.0,0,577720.753047843460000,5940431.957689471500000,10.174666258000059,53.606935856000064,,10.175,53.607
162057,162058,2,1,5,114,2019,9,13,5,3,5,3,0,0,1,1,0,0,0.0,0,566831.484496054240000,5934547.965474432300000,10.008856963000028,53.555557623000027,,10.009,53.556
162069,162070,2,2,10,222,2019,10,16,5,3,5,3,0,1,1,1,0,0,0.0,0,555285.175617503000000,5934851.497393149900000,9.834635391000063,53.559628686000053,,9.835,53.56
162073,162074,2,4,13,432,2019,9,8,4,3,5,3,0,1,1,1,0,0,0.0,0,567063.385651132090000,5944752.037742020600000,10.014552318000028,53.647233180000057,,10.015,53.647
162075,162076,2,4,10,426,2019,9,21,4,2,3,2,2,1,1,0,0,1,0.0,0,569731.990987942550000,5937834.349347639800000,10.053367478000041,53.584715232000065,,10.053,53.585
162080,162081,2,2,12,225,2019,9,15,4,3,4,6,0,1,1,1,0,0,0.0,0,554880.934413800020000,5935504.342523509600000,9.828647972000056,53.565538645000061,,9.829,53.566
162083,162084,2,7,4,705,2019,10,22,4,3,5,3,2,1,1,1,0,0,0.0,0,566013.728913288560000,5921747.368222679900000,9.993820523000068,53.440618062000055,,9.994,53.441
162085,162086,2,3,6,318,2019,9,16,4,3,5,3,0,1,1,1,0,0,0.0,0,563424.625195729550000,5943918.780322663500000,9.959342963000040,53.640198298000030,,9.959,53.64
162087,162088,2,3,1,307,2019,9,18,4,3,0,7,0,1,1,0,0,0,0.0,0,563319.745565582070000,5935901.511700809000000,9.956128012000022,53.568157725000049,,9.956,53.568
162089,162090,2,1,11,129,2019,10,14,4,3,5,3,0,0,1,0,0,0,0.0,1,571823.261227766050000,5934553.816688114800000,10.084197537000023,53.554950975000054,,10.084,53.555
162091,162092,2,3,9,321,2019,9,10,4,3,5,3,0,1,1,1,0,0,0.0,0,562738.045534950680000,5937602.001708254200000,9.947687390000056,53.583510460000070,,9.948,53.584
162092,162093,2,1,6,117,2019,10,10,4,3,5,2,0,0,1,1,0,0,0.0,0,568008.258256522940000,5933297.644808575500000,10.026345949000074,53.544169665000027,,10.026,53.544
162096,162097,2,4,13,432,2019,10,8,4,3,5,3,0,0,1,1,0,0,0.0,0,567285.561748167500000,5946336.262361252700000,10.018255919000069,53.661442110000053,,10.018,53.661
162098,162099,2,4,3,406,2019,10,15,4,3,3,6,0,0,1,1,0,0,0.0,0,564516.513000001200000,5940527.714999999900000,9.975153106000050,53.609588718000055,,9.975,53.61
162099,162100,2,3,4,316,2019,10,20,4,3,5,3,2,1,1,1,0,0,0.0,0,564353.520964737050000,5937456.076534774200000,9.972055996000051,53.582003238000027,,9.972,53.582
162101,162102,2,7,14,715,2019,10,9,3,3,5,3,0,1,1,1,0,0,0.0,0,557636.779902640730000,5925599.359256485500000,9.868430797000031,53.476221115000044,,9.868,53.476
162104,162105,2,1,7,119,2019,10,15,3,2,5,3,0,0,1,0,0,0,0.0,1,568445.898103900250000,5934453.633731773100000,10.033202442000061,53.554501837000032,,10.033,53.555
162106,162107,2,5,4,512,2019,10,6,3,3,2,6,1,0,1,1,0,0,0.0,0,575208.229890222660000,5936361.049834191800000,10.135719070000050,53.570718210000052,,10.136,53.571
162107,162108,2,5,18,526,2019,10,16,3,3,4,2,0,1,1,1,0,0,0.0,0,576487.358358578760000,5941267.861291926400000,10.156234238000025,53.614629345000026,,10.156,53.615
162108,162109,2,2,4,214,2019,9,14,4,3,5,3,0,1,1,1,0,0,0.0,0,561301.998665964230000,5933862.833509054000000,9.925264574000039,53.550074908000056,,9.925,53.55
162118,162119,2,1,20,141,2019,9,12,3,3,3,2,0,0,1,1,0,0,0.0,0,558246.880000001750000,5931854.620000002900000,9.878784221000046,53.532373802000052,,9.879,53.532
162119,162120,2,4,7,416,2019,10,6,3,3,3,2,2,1,1,1,0,0,0.0,0,567839.922490126450000,5935664.831579983200000,10.024319686000069,53.565465705000065,,10.024,53.565
162122,162123,2,3,8,320,2019,10,7,3,3,3,3,2,1,1,1,0,0,0.0,0,559628.216752023440000,5940523.189298499400000,9.901277162000042,53.610127205000026,,9.901,53.61
162126,162127,2,1,4,112,2019,10,5,3,1,5,3,2,1,1,1,0,0,0.0,0,564231.838280496190000,5933443.782674497000000,9.969393379000053,53.545958522000035,,9.969,53.546
162127,162128,2,5,2,508,2019,9,14,3,3,3,2,0,0,1,1,0,0,0.0,0,571654.231267601250000,5937053.145196881100000,10.082219762000022,53.577435459000071,,10.082,53.577
162128,162129,2,7,13,714,2019,10,8,2,3,5,3,0,0,1,1,0,0,0.0,0,558834.105925521810000,5925821.450386047400000,9.886510530000066,53.478084742000078,,9.887,53.478
162129,162130,2,5,7,515,2019,9,13,3,3,3,2,0,0,1,1,0,0,0.0,0,570108.679926207290000,5938845.274740826300000,10.059283851000032,53.593750192000073,,10.059,53.594
162130,162131,2,7,1,702,2019,10,15,2,3,5,3,0,0,1,1,0,0,0.0,0,565177.773668642160000,5924098.907783167400000,9.981724732000032,53.461856373000046,,9.982,53.462
162132,162133,2,6,1,601,2019,10,17,2,3,5,3,0,0,1,1,0,0,0.0,0,580402.592667401770000,5929026.857002506000000,10.212256014000047,53.504038469000079,,10.212,53.504
162138,162139,2,3,5,317,2019,9,18,3,3,5,3,1,0,1,1,0,0,0.0,0,564409.699363987890000,5939280.434325471500000,9.973281138000061,53.598392279000052,,9.973,53.598
162139,162140,2,5,18,526,2019,10,14,2,3,6,4,0,0,1,0,1,0,0.0,0,575968.702203857710000,5939111.722144432400000,10.147870048000073,53.595328231000053,,10.148,53.595
162140,162141,2,5,2,508,2019,10,14,2,3,3,2,0,0,1,1,0,0,0.0,0,572739.698622614150000,5938336.755868757100000,10.098909877000040,53.588821725000059,,10.099,53.589
162143,162144,2,2,3,210,2019,9,19,3,3,5,3,1,0,1,0,0,0,0.0,1,562524.016535145230000,5934570.880115151400000,9.943848043000060,53.556294287000071,,9.944,53.556
162145,162146,2,4,13,432,2019,10,13,2,3,3,6,0,0,1,1,0,0,0.0,0,566190.497785126790000,5947000.050786076100000,10.001828226000043,53.667547364000029,,10.002,53.668
162147,162148,2,2,3,210,2019,9,8,3,3,1,7,0,0,1,1,0,0,0.0,0,561915.323720992540000,5934067.967965262000000,9.934561100000053,53.551846566000052,,9.935,53.552
162151,162152,2,1,16,137,2019,9,14,2,3,5,3,0,0,1,1,0,0,0.0,0,566418.483555664310000,5929018.924999428900000,10.001450463000026,53.505919174000041,,10.001,53.506
162152,162153,2,3,7,319,2019,10,15,2,2,5,2,0,0,1,1,0,0,0.0,0,559843.678113589060000,5942963.837118586500000,9.905002510000031,53.632037636000064,,9.905,53.632
162157,162158,2,1,7,120,2019,9,17,2,3,5,3,0,0,1,1,0,0,0.0,0,568916.483636877500000,5934569.237243354300000,10.040330215000040,53.555479212000080,,10.04,53.555
162169,162170,2,7,1,702,2019,11,17,3,3,4,2,2,1,1,1,0,0,0.0,0,565660.852415523490000,5923592.476610118500000,9.988894036000033,53.457244880000076,,9.989,53.457
162173,162174,2,1,7,120,2019,11,11,3,3,3,2,0,1,1,1,0,0,0.0,0,568008.881524853410000,5934377.002176391000000,10.026590098000042,53.553869935000080,,10.027,53.554
162175,162176,2,5,2,508,2019,11,21,3,3,5,3,2,1,1,1,0,0,0.0,0,572014.261660924180000,5936947.586130926400000,10.087632007000025,53.576437501000044,,10.088,53.576
162179,162180,2,4,3,406,2019,11,5,3,3,3,2,2,0,1,1,0,0,0.0,0,566182.215062935840000,5941884.046763736800000,10.000613875000056,53.621570476000045,,10.001,53.622
162180,162181,2,4,5,408,2019,11,17,3,3,5,2,2,1,1,1,0,0,0.0,0,565964.686745190060000,5939708.015718152700000,9.996864831000039,53.602041625000027,,9.997,53.602
162185,162186,2,3,1,301,2019,11,19,3,3,2,6,2,1,1,1,0,0,0.0,0,562629.481612096540000,5937167.822143623600000,9.945960598000056,53.579621325000062,,9.946,53.58
162186,162187,2,3,1,310,2019,11,17,3,3,5,2,2,1,1,1,0,0,0.0,0,563799.538977282120000,5936042.300145965100000,9.963400529000069,53.569364913000072,,9.963,53.569
162188,162189,2,3,2,312,2019,11,17,3,3,5,3,2,1,1,1,0,0,0.0,0,565642.361704528330000,5935103.928066665300000,9.991026266000063,53.560704233000081,,9.991,53.561
162190,162191,2,1,12,130,2019,11,15,2,3,8,6,0,1,1,0,0,0,0.0,1,574345.013109377590000,5932294.968684218800000,10.121719503000065,53.534299909000026,,10.122,53.534
162193,162194,2,5,3,510,2019,11,16,2,3,5,2,1,0,1,1,0,0,0.0,0,570316.036548021250000,5936106.668487412900000,10.061799236000070,53.569110557000045,,10.062,53.569
162194,162195,2,5,2,509,2019,11,7,2,3,5,3,1,1,1,1,0,0,0.0,0,571104.587056259620000,5938886.384238850300000,10.074337666000076,53.593985504000045,,10.074,53.594
162196,162197,2,5,12,520,2019,11,10,2,3,5,3,0,1,1,1,0,0,0.0,0,570388.297107310970000,5945701.695420960000000,10.065058193000027,53.655330905000028,,10.065,53.655
162203,162204,2,4,2,404,2019,11,11,2,3,0,7,0,1,1,1,0,0,0.0,0,565313.150189878420000,5938268.236884888300000,9.986718797000037,53.589183660000060,,9.987,53.589
162204,162205,2,2,3,210,2019,11,10,2,3,3,6,0,1,1,0,0,0,0.0,1,562776.933909548450000,5934778.380689809100000,9.947707129000037,53.558128983000074,,9.948,53.558
162209,162210,2,1,17,138,2019,11,22,1,3,5,3,2,0,1,1,0,0,0.0,0,566550.913314101290000,5930623.479717232300000,10.003787640000041,53.520323001000065,,10.004,53.52
162211,162212,2,5,5,513,2019,11,11,1,3,5,2,0,0,1,1,0,0,0.0,0,572974.679417620410000,5937374.484459109600000,10.102234073000034,53.580141257000037,,10.102,53.58
162213,162214,2,4,11,430,2019,11,15,1,2,5,7,0,0,1,0,1,0,0.0,0,568344.519995439800000,5941873.745782379100000,10.033297913000069,53.621200173000034,,10.033,53.621
162215,162216,2,1,20,141,2019,11,13,7,3,5,3,0,0,1,1,0,0,0.0,0,556940.048594007270000,5931741.851685280000000,9.859049700000071,53.531503542000053,,9.859,53.532
162218,162219,2,6,2,602,2019,11,12,7,3,5,3,0,1,1,1,0,0,0.0,0,578408.487714606340000,5927758.446703061500000,10.181880282000066,53.492940641000075,,10.182,53.493
162227,162228,2,1,8,122,2019,11,16,6,3,4,2,0,0,1,1,0,0,0.0,0,569903.151438745670000,5935180.076861664700000,10.055358347000038,53.560838404000037,,10.055,53.561
162231,162232,2,3,9,321,2019,11,16,6,3,5,3,2,1,1,1,0,0,0.0,0,561627.345999999900000,5939441.770999999700000,9.931275727000070,53.600176804000057,,9.931,53.6
162232,162233,2,3,3,313,2019,11,19,6,3,1,5,2,0,1,0,0,0,0.0,0,564348.515876812860000,5936824.507374763500000,9.971850206000056,53.576327778000064,,9.972,53.576
162236,162237,2,6,14,615,2019,10,20,5,3,0,6,2,0,1,1,0,0,0.0,0,578359.132004916670000,5926783.594939651000000,10.180893104000063,53.484187217000056,,10.181,53.484
162247,162248,2,1,16,137,2019,10,9,4,3,5,2,0,0,1,1,0,0,0.0,0,565749.226515393700000,5928156.824547898000000,9.991180392000047,53.498255299000050,,9.991,53.498
162252,162253,2,4,10,429,2019,10,15,4,3,5,3,0,0,1,0,0,0,0.0,1,568498.566415704790000,5939948.501047363500000,10.035203177000028,53.603877809000039,,10.035,53.604
162257,162258,2,3,5,317,2019,10,16,4,3,3,6,0,0,1,1,0,0,0.0,0,563486.183642304500000,5938891.291307846100000,9.959249023000041,53.595007625000051,,9.959,53.595
162261,162262,2,6,1,601,2019,10,12,3,3,5,3,0,0,1,1,0,0,0.0,0,577652.913245838140000,5930056.110014550400000,10.171062852000034,53.513701311000034,,10.171,53.514
162264,162265,2,5,4,512,2019,10,8,3,3,5,3,0,1,1,1,0,0,0.0,0,573876.293763650580000,5936386.504829403000000,10.115615759000036,53.571136208000041,,10.116,53.571
162266,162267,2,4,11,430,2019,10,14,3,3,6,6,0,0,1,0,1,0,0.0,0,568506.899196112530000,5942762.803426170700000,10.035948143000041,53.629168929000059,,10.036,53.629
162267,162268,2,4,12,431,2019,10,7,3,3,0,3,0,1,1,1,0,0,0.0,0,567294.584755066780000,5942529.045735765200000,10.017568419000042,53.627225365000072,,10.018,53.627
162271,162272,2,3,5,317,2019,10,7,3,3,3,2,0,1,1,0,0,0,0.0,1,563127.940809658730000,5940071.269524348900000,9.954075901000067,53.605655676000026,,9.954,53.606
162274,162275,2,1,16,137,2019,10,5,2,3,3,2,2,1,1,1,0,0,0.0,0,566589.662943851200000,5929250.030189339100000,10.004080141000031,53.507974534000027,,10.004,53.508
162276,162277,2,5,5,513,2019,10,6,2,2,6,4,0,1,1,0,1,0,0.0,0,574285.020151728760000,5938154.693925179500000,10.122207492000030,53.586968906000038,,10.122,53.587
162285,162286,2,4,5,413,2019,10,6,2,3,5,2,1,1,1,1,0,0,0.0,0,566382.456688834350000,5938044.002424547400000,10.002822940000044,53.587034135000067,,10.003,53.587
162287,162288,2,4,6,414,2019,10,13,2,3,1,5,0,0,1,1,0,0,0.0,0,567158.805035610680000,5937230.356063235600000,10.014373925000029,53.579622924000034,,10.014,53.58
162288,162289,2,3,9,321,2019,10,6,2,3,5,3,0,1,1,1,0,0,0.0,0,561297.684299421500000,5939285.319919671900000,9.926264032000063,53.598809384000049,,9.926,53.599
162290,162291,2,2,5,217,2019,10,10,2,3,5,2,0,0,1,1,0,0,0.0,0,559373.941593446770000,5938158.295886108700000,9.896983932000069,53.588901797000062,,9.897,53.589
162291,162292,2,2,7,219,2019,10,8,2,3,4,2,0,1,1,1,0,0,0.0,0,559000.166000001130000,5934093.363000001800000,9.890569958000071,53.552410500000065,,9.891,53.552
162292,162293,2,2,1,205,2019,10,10,2,3,6,6,0,0,1,0,1,0,0.0,0,563215.368203434160000,5933918.930459143600000,9.954151115000059,53.550352190000069,,9.954,53.55
162295,162296,2,1,3,105,2019,10,15,2,3,5,3,0,0,1,1,0,0,0.0,0,564335.333115303890000,5933579.556017048700000,9.970983017000037,53.547166090000076,,9.971,53.547
162296,162297,2,1,5,114,2019,10,16,2,3,1,7,0,1,1,1,0,0,0.0,0,566625.800026453100000,5934196.176612347400000,10.005677596000055,53.552422170000057,,10.006,53.552
162299,162300,2,6,2,602,2019,10,9,1,3,3,2,0,0,1,1,0,0,0.0,0,579481.934914519080000,5926262.534712214000000,10.197678109000037,53.479336225000054,,10.198,53.479
162300,162301,2,5,10,518,2019,10,17,1,3,5,3,1,0,1,1,0,0,0.0,0,574520.267473309300000,5945722.575028633700000,10.127571854000053,53.654946179000035,,10.128,53.655
162303,162304,2,3,1,310,2019,10,9,1,3,5,2,0,0,1,1,0,0,0.0,0,563577.875002514570000,5935406.911620613200000,9.959924504000071,53.563681387000031,,9.96,53.564
162305,162306,2,3,1,310,2019,10,14,1,3,6,4,0,0,1,0,1,0,0.0,0,563642.616813965140000,5935438.852145938200000,9.960908357000051,53.563960599000040,,9.961,53.564
162308,162309,2,6,2,602,2019,10,1,7,3,6,3,2,0,1,0,1,0,0.0,0,580232.945768600330000,5927442.870724896000000,10.209293679000041,53.489829611000062,,10.209,53.49
162313,162314,2,4,5,410,2019,10,13,7,3,5,3,0,0,1,1,0,0,0.0,0,566049.172150574620000,5938167.145958216900000,9.997815007000042,53.588182935000077,,9.998,53.588
162314,162315,2,2,8,220,2019,10,2,7,3,2,6,2,0,1,1,0,0,0.0,0,558184.111411958930000,5937800.156125091000000,9.878944287000024,53.585816413000032,,9.879,53.586
162315,162316,2,3,4,316,2019,10,10,7,2,5,3,0,0,1,1,0,0,0.0,0,564017.651551243850000,5937511.564980063600000,9.966994887000055,53.582543034000082,,9.967,53.583
162317,162318,2,2,2,207,2019,10,18,7,3,3,5,1,0,1,1,0,0,0.0,0,563941.708992567840000,5935420.062715066600000,9.965419654000073,53.563755375000028,,9.965,53.564
162321,162322,2,7,14,715,2019,10,13,6,3,5,3,0,0,1,1,0,0,0.0,0,556712.247000000440000,5924978.142000000900000,9.854390138000042,53.470738201000074,,9.854,53.471
162322,162323,2,7,9,710,2019,10,7,6,3,1,5,1,1,1,1,0,0,0.0,0,562967.175794840790000,5923643.815728655100000,9.948342070000024,53.458035135000046,,9.948,53.458
162324,162325,2,1,6,115,2019,10,20,6,3,3,6,2,0,1,0,0,0,0.0,0,567220.810000001450000,5933726.530000001200000,10.014556420000076,53.548125522000078,,10.015,53.548
162326,162327,2,5,6,514,2019,10,13,6,3,5,2,0,0,1,1,0,0,0.0,0,573654.108149778100000,5941415.289020149000000,10.113448851000044,53.616360291000035,,10.113,53.616
162327,162328,2,5,3,511,2019,10,16,6,3,5,3,0,0,1,1,0,0,0.0,0,572389.886274620890000,5936591.064532117900000,10.093221277000055,53.573181766000062,,10.093,53.573
162328,162329,2,5,2,506,2019,10,12,6,3,5,3,0,0,1,0,0,0,0.0,1,571553.820000002160000,5937450.309999998700000,10.080794556000058,53.581018467000035,,10.081,53.581
162331,162332,2,4,13,432,2019,10,9,6,3,5,3,0,0,1,1,0,0,0.0,0,567661.891460406590000,5946744.743903467400000,10.024039045000052,53.665064571000073,,10.024,53.665
162336,162337,2,3,8,320,2019,10,7,6,3,4,2,1,1,1,1,0,0,0.0,0,559919.741584671660000,5938959.015477221500000,9.905382240000051,53.596036100000049,,9.905,53.596
162341,162342,2,5,15,523,2019,10,7,5,2,8,1,1,0,1,1,0,0,0.0,0,574756.636311477980000,5950458.015973001700000,10.132288357000050,53.697468203000028,,10.132,53.697