,OBJECTID,ULAND,UREGBEZ,UKREIS,UGEMEINDE,UJAHR,UMONAT,USTUNDE,UWOCHENTAG,UKATEGORIE,UART,UTYP1,ULICHTVERH,STRZUSTAND,IstRad,IstPKW,IstFuss,IstKrad,IstGkfz,IstSonstig,LINREFX,LINREFY,XGCSWGS84,YGCSWGS84,UIDENTSTLA,lat_short,long_short
162342,162343,2,5,16,524,2019,10,13,5,3,5,3,0,0,1,1,0,0,0.0,0,574132.733388624150000,5947700.244083022700000,10.122181374000036,53.672773965000033,,10.122,53.673
162344,162345,2,4,13,432,2019,10,13,5,3,5,3,0,0,1,1,0,0,0.0,0,566856.929110120050000,5944964.872546909400000,10.011475303000054,53.649172359000033,,10.011,53.649
162347,162348,2,2,14,227,2019,10,7,5,3,5,2,0,0,1,0,0,0,0.0,0,550158.800999999980000,5937448.432000001900000,9.757667907000041,53.583484301000055,,9.758,53.583
162352,162353,2,1,5,114,2019,10,16,5,3,5,3,0,0,1,0,0,0,0.0,0,566640.176580133850000,5934146.000588364900000,10.005883870000048,53.551969403000044,,10.006,53.552
162353,162354,2,1,1,102,2019,10,7,5,3,3,2,1,1,1,0,0,0,0.0,1,565574.922887385820000,5933324.658541703600000,9.989635085000032,53.544721924000044,,9.99,53.545
162356,162357,2,1,6,115,2019,10,11,5,3,5,3,0,0,1,1,0,0,0.0,0,566827.222135877240000,5933971.535675926100000,10.008669415000043,53.550377677000029,,10.009,53.55
162358,162359,2,6,12,613,2019,11,6,2,2,5,2,2,0,1,1,0,0,0.0,0,572019.497000000440000,5927112.182000000000000,10.085448148000069,53.488045953000039,,10.085,53.488
162359,162360,2,1,20,141,2019,10,9,4,3,5,3,0,0,1,1,0,0,0.0,0,556936.784649457780000,5932090.162150278700000,9.859063823000042,53.534634374000063,,9.859,53.535
162361,162362,2,7,4,705,2019,10,7,4,3,4,2,0,0,1,1,0,0,0.0,0,565249.578588447530000,5922970.891931185500000,9.982572027000060,53.451709538000046,,9.983,53.452
162363,162364,2,1,6,118,2019,11,7,2,3,3,2,1,0,1,1,0,0,0.0,0,569012.543806129140000,5934072.596180241600000,10.041670396000029,53.551003227000081,,10.042,53.551
162365,162366,2,1,15,134,2019,10,8,4,3,4,6,0,1,1,1,0,0,0.0,0,567641.433075794950000,5931527.063038634100000,10.020428276000075,53.528304486000081,,10.02,53.528
162370,162371,2,5,5,513,2019,10,8,4,3,0,3,1,1,1,1,0,0,0.0,0,575028.702643312510000,5939079.823957005500000,10.133662265000055,53.595176956000046,,10.134,53.595
162371,162372,2,2,8,220,2019,11,9,2,3,0,7,0,1,1,0,0,0,0.0,1,558582.046907092440000,5939837.106409434200000,9.885337476000075,53.604079105000039,,9.885,53.604
162373,162374,2,3,4,316,2019,11,12,2,3,3,6,0,0,1,0,0,0,1.0,0,563448.798706130120000,5937292.700291398900000,9.958359123000037,53.580645166000068,,9.958,53.581
162374,162375,2,4,4,407,2019,10,6,4,3,5,3,2,0,1,1,0,0,0.0,0,565786.360252272340000,5939670.313726041500000,9.994162433000042,53.601725207000072,,9.994,53.602
162375,162376,2,4,6,415,2019,10,18,4,2,4,6,2,0,1,0,0,0,0.0,0,567849.760584712030000,5936045.170746913200000,10.024550821000048,53.568882591000033,,10.025,53.569
162376,162377,2,2,4,213,2019,11,6,2,3,3,6,2,0,1,0,0,0,1.0,0,561728.366972400810000,5934237.546348782300000,9.931773034000059,53.553392650000035,,9.932,53.553
162377,162378,2,4,10,429,2019,10,7,4,3,0,1,1,0,1,0,0,0,0.0,0,568665.318257562820000,5939557.861326778300000,10.037636753000072,53.600345290000064,,10.038,53.6
162379,162380,2,4,8,422,2019,10,8,4,3,5,3,0,0,1,1,0,0,0.0,0,569331.431858831090000,5936530.827605145100000,10.047028240000031,53.573053529000049,,10.047,53.573
162380,162381,2,3,8,320,2019,10,19,4,3,5,2,2,0,1,1,0,0,0.0,0,559985.609296735380000,5941215.043520860400000,9.906811620000042,53.616304359000026,,9.907,53.616
162381,162382,2,2,11,223,2019,10,16,4,3,1,5,0,0,1,1,0,0,0.0,0,552446.231542407540000,5934787.980514336400000,9.791770062000069,53.559349172000054,,9.792,53.559
162382,162383,2,1,1,101,2019,11,12,2,3,5,3,0,0,1,1,0,0,0.0,0,566207.120000001040000,5934162.070000000300000,9.999351702000070,53.552168612000060,,9.999,53.552
162385,162386,2,4,2,403,2019,10,16,4,3,3,2,0,0,1,0,0,0,0.0,1,565339.580822403540000,5938389.132342089000000,9.987143356000047,53.590266879000069,,9.987,53.59
162388,162389,2,2,2,207,2019,10,9,4,3,1,5,0,0,1,1,0,0,0.0,0,563866.037461857310000,5934873.535717906400000,9.964165606000051,53.558852785000056,,9.964,53.559
162389,162390,2,5,5,513,2019,11,16,1,3,5,3,1,0,1,1,0,0,0.0,0,572863.426807864570000,5937856.626884123300000,10.100666585000056,53.584489684000062,,10.101,53.584
162392,162393,2,1,3,108,2019,10,10,4,3,3,2,0,0,1,1,0,0,0.0,0,565507.963880321010000,5934835.573782810900000,9.988941293000039,53.558309260000044,,9.989,53.558
162393,162394,2,4,10,426,2019,11,15,1,3,2,6,0,0,1,0,0,0,0.0,0,569418.525951271880000,5937865.214966727400000,10.048640033000027,53.585034212000039,,10.049,53.585
162398,162399,2,7,9,710,2019,11,11,7,3,5,3,0,0,1,1,0,0,0.0,0,562174.146317632870000,5923282.958289448200000,9.936328746000072,53.454886107000050,,9.936,53.455
162399,162400,2,1,8,122,2019,10,8,3,3,0,7,0,1,1,0,0,0,0.0,0,569601.536527793850000,5935208.949363069600000,10.050812009000026,53.561137968000082,,10.051,53.561
162400,162401,2,5,3,511,2019,10,16,3,3,6,3,0,0,1,0,1,0,0.0,0,573127.902632101440000,5936645.504153329900000,10.104377176000071,53.573568654000042,,10.104,53.574
162403,162404,2,1,14,132,2019,11,11,7,3,0,7,0,1,1,1,0,0,0.0,0,568688.110541643570000,5932986.795554598800000,10.036535843000024,53.541287541000031,,10.037,53.541
162405,162406,2,4,12,431,2019,10,11,3,3,0,2,0,1,1,1,0,0,0.0,0,567088.596610443670000,5943678.493684230400000,10.014702033000049,53.637581959000045,,10.015,53.638
162406,162407,2,4,5,408,2019,10,18,3,3,0,2,2,1,1,0,0,0,0.0,1,565779.442775120960000,5939393.316260024900000,9.993999465000059,53.599236653000048,,9.994,53.599
162407,162408,2,5,18,526,2019,11,12,7,3,2,6,0,1,1,0,0,0,0.0,1,576512.856231654990000,5941047.590907363200000,10.156565490000048,53.612646125000026,,10.157,53.613
162408,162409,2,5,1,502,2019,10,14,3,2,5,3,0,0,1,1,0,0,0.0,0,569796.301482573150000,5936070.858975896600000,10.053944499000067,53.568858130000081,,10.054,53.569
162412,162413,2,5,1,504,2019,10,6,3,3,3,2,2,1,1,1,0,0,0.0,0,569962.281339692880000,5936134.857514208200000,10.056464711000046,53.569411182000067,,10.056,53.569
162413,162414,2,4,8,418,2019,10,10,3,3,6,3,0,0,1,0,1,0,0.0,0,567624.512579139320000,5937046.454449866000000,10.021366957000055,53.577910339000027,,10.021,53.578
162415,162416,2,2,8,220,2019,10,16,3,3,5,3,0,0,1,0,0,0,0.0,0,557769.238398722370000,5937344.755774522200000,9.872593601000062,53.581769372000053,,9.873,53.582
162416,162417,2,1,4,112,2019,11,21,7,3,1,7,2,0,1,1,0,0,0.0,0,563808.236855746250000,5933733.322421625300000,9.963060414000040,53.548612354000056,,9.963,53.549
162418,162419,2,4,2,403,2019,10,12,3,3,3,6,0,0,1,1,0,0,0.0,0,565361.143320264290000,5938432.339203199400000,9.987478120000048,53.590652500000033,,9.987,53.591
162421,162422,2,1,4,112,2019,10,14,3,3,6,3,0,0,1,0,1,0,0.0,0,564192.202137056740000,5933453.464942863200000,9.968797268000060,53.546050386000047,,9.969,53.546
162423,162424,2,1,3,108,2019,10,13,3,3,1,5,0,0,1,1,0,0,0.0,0,565707.055655035190000,5934541.750962350500000,9.991884620000064,53.555643720000035,,9.992,53.556
162424,162425,2,1,5,113,2019,10,8,3,3,4,6,0,1,1,0,0,0,0.0,0,567112.966186436820000,5935163.485741842500000,10.013237528000047,53.561053501000060,,10.013,53.561
162426,162427,2,7,1,701,2019,11,7,6,3,5,3,0,1,1,1,0,0,0.0,0,564621.358253738840000,5923458.592371806500000,9.973213579000060,53.456170136000026,,9.973,53.456
162428,162429,2,6,1,601,2019,11,16,6,3,5,3,2,0,1,1,0,0,0.0,0,579051.578399831430000,5928102.504816081400000,10.191658227000062,53.495936371000028,,10.192,53.496
162431,162432,2,1,11,129,2019,11,8,6,3,5,3,0,1,1,1,0,0,0.0,0,570794.105400086380000,5935049.706741776300000,10.068777377000060,53.559547346000045,,10.069,53.56
162432,162433,2,1,14,132,2019,11,12,6,3,0,4,0,1,1,0,1,0,0.0,0,569318.658729576510000,5932252.099668920000000,10.045886623000058,53.534601903000066,,10.046,53.535
162433,162434,2,1,12,130,2019,10,18,2,3,5,3,1,1,1,1,0,0,0.0,0,574871.121746043670000,5932818.962336661300000,10.129781121000065,53.538934256000061,,10.13,53.539
162434,162435,2,5,6,514,2019,11,12,6,3,5,3,0,0,1,1,0,0,0.0,0,573713.928311008030000,5939711.829493340100000,10.113949985000033,53.601043214000072,,10.114,53.601
162443,162444,2,2,8,220,2019,10,19,2,3,5,3,2,0,1,1,0,0,0.0,0,558305.623877358620000,5937604.073835890700000,9.880743007000035,53.584040630000061,,9.881,53.584
162446,162447,2,2,4,212,2019,10,12,2,3,5,3,0,1,1,1,0,0,0.0,0,560447.019014384600000,5934294.876874284800000,9.912445241000057,53.554057004000072,,9.912,53.554
162447,162448,2,2,9,221,2019,11,16,6,2,5,3,1,0,1,1,0,0,0.0,0,556506.028086856940000,5937094.983892366300000,9.853470176000030,53.579662161000044,,9.853,53.58
162448,162449,2,2,4,212,2019,10,9,2,3,3,7,0,0,1,1,0,0,0.0,0,560388.052094977350000,5934712.818401534100000,9.911636006000038,53.557820019000076,,9.912,53.558
162449,162450,2,2,7,219,2019,11,16,6,3,0,7,1,0,1,0,0,0,0.0,0,558847.348202345890000,5934730.107977945400000,9.888383449000060,53.558150401000034,,9.888,53.558
162452,162453,2,4,2,405,2019,11,8,6,3,5,3,0,1,1,1,0,0,0.0,0,565383.741620636550000,5939075.681272530900000,9.987954357000035,53.596431521000056,,9.988,53.596
162454,162455,2,1,3,105,2019,11,18,6,3,5,3,2,0,1,1,0,0,0.0,0,564494.446668207650000,5933390.684134701300000,9.973345115000029,53.545449122000036,,9.973,53.545
162455,162456,2,2,1,206,2019,10,18,2,3,2,6,2,1,1,1,0,0,0.0,0,563053.648052474480000,5934958.205936206500000,9.951920172000030,53.559711966000066,,9.952,53.56
162456,162457,2,1,2,104,2019,11,14,6,3,5,3,0,1,1,1,0,0,0.0,0,566523.529501228590000,5932920.609626028700000,10.003862822000031,53.540971338000077,,10.004,53.541
162457,162458,2,2,4,213,2019,10,18,2,3,5,3,0,0,1,1,0,0,0.0,0,561506.662924145350000,5934293.842643134300000,9.928438031000042,53.553924629000051,,9.928,53.554
162467,162468,2,1,8,122,2019,10,14,1,3,0,2,0,1,1,1,0,0,0.0,0,569770.850700574000000,5935203.061881735900000,10.053366448000077,53.561062576000040,,10.053,53.561
162468,162469,2,1,6,117,2019,10,9,1,3,5,3,0,1,1,1,0,0,0.0,0,567964.683036791160000,5934093.307624287900000,10.025861369000040,53.551326054000072,,10.026,53.551
162469,162470,2,5,2,509,2019,10,22,1,2,5,3,2,1,1,1,0,0,0.0,0,571949.158934164790000,5938067.809694012600000,10.086907204000056,53.586513805000038,,10.087,53.587
162472,162473,2,5,1,501,2019,10,21,1,3,5,3,2,1,1,1,0,0,0.0,0,568921.456000000240000,5935819.789000000800000,10.040681087000053,53.566717388000029,,10.041,53.567
162476,162477,2,1,16,137,2019,10,17,1,3,0,1,0,1,1,0,0,0,0.0,0,563971.289614015260000,5929709.124354837500000,9.964698659000021,53.512425640000060,,9.965,53.512
162483,162484,2,5,8,516,2019,11,19,5,3,5,2,2,1,1,1,0,0,0.0,0,569960.250088802540000,5940475.343450469900000,10.057407450000028,53.608419429000037,,10.057,53.608
162484,162485,2,2,8,220,2019,10,16,7,3,5,3,0,0,1,1,0,0,0.0,0,558890.969608826560000,5939564.829830935200000,9.889954096000054,53.601597411000057,,9.89,53.602
162485,162486,2,5,11,519,2019,11,8,5,3,3,6,0,0,1,1,0,0,0.0,0,570941.621781503780000,5945870.977323431500000,10.073467692000065,53.656777462000036,,10.073,53.657
162488,162489,2,1,4,112,2019,10,14,7,3,5,7,0,1,1,1,0,0,0.0,0,563611.402000000700000,5933822.521999999900000,9.960108182000056,53.549437903000069,,9.96,53.549
162490,162491,2,5,12,520,2019,11,15,5,3,6,7,0,0,1,0,1,0,0.0,0,569503.373634349550000,5944478.311291465500000,10.051397181000027,53.644454776000032,,10.051,53.644
162492,162493,2,4,11,430,2019,11,7,5,3,5,3,1,0,1,1,0,0,0.0,0,567060.978267500180000,5942121.959062874300000,10.013948938000055,53.623596820000046,,10.014,53.624
162496,162497,2,5,6,514,2019,10,11,6,3,5,3,0,0,1,1,0,0,0.0,0,573928.144000000320000,5940394.523000000000000,10.117348426000035,53.607148273000064,,10.117,53.607
162497,162498,2,4,5,411,2019,11,8,5,3,6,7,0,0,1,0,1,0,0.0,0,567624.536566176450000,5938294.143124470500000,10.021637700000042,53.589123458000074,,10.022,53.589
162498,162499,2,5,5,513,2019,10,14,6,3,5,3,0,0,1,1,0,0,0.0,0,572691.793838371520000,5938645.186746999600000,10.098258180000073,53.591600201000062,,10.098,53.592
162501,162502,2,2,12,225,2019,11,16,5,3,3,6,1,1,1,0,0,0,0.0,1,554047.774483749640000,5936976.431382997000000,9.816324285000064,53.578855739000062,,9.816,53.579
162504,162505,2,4,13,432,2019,10,16,6,3,2,6,0,1,1,1,0,0,0.0,0,566786.506635789760000,5945310.893344545700000,10.010484422000047,53.652291058000060,,10.01,53.652
162505,162506,2,4,8,422,2019,10,16,6,3,0,2,0,1,1,1,0,0,0.0,0,568739.938196202740000,5936927.872901069000000,10.038184665000074,53.576699644000030,,10.038,53.577
162508,162509,2,2,3,210,2019,11,15,5,3,3,6,0,0,1,1,0,0,0.0,0,562294.867056896910000,5935117.196770031000000,9.940498266000077,53.561231481000050,,9.94,53.561
162510,162511,2,3,2,311,2019,11,18,5,3,5,2,2,1,1,1,0,0,0.0,0,565052.291276070290000,5935493.570390930400000,9.982200329000023,53.564279516000056,,9.982,53.564
162511,162512,2,2,4,212,2019,10,20,6,3,5,2,2,1,1,1,0,0,0.0,0,560816.606732167300000,5934622.413208752900000,9.918087094000043,53.556958029000043,,9.918,53.557
162512,162513,2,3,3,314,2019,11,17,5,3,6,6,1,1,1,0,1,0,0.0,0,565477.571000000460000,5937476.720000000700000,9.989036278000071,53.582049631000075,,9.989,53.582
162514,162515,2,2,1,206,2019,10,15,6,3,0,7,0,1,1,0,0,0,0.0,0,563065.975102608090000,5934961.819472335300000,9.952106975000049,53.559742961000040,,9.952,53.56
162520,162521,2,1,15,134,2019,11,16,4,3,5,3,2,1,1,1,0,0,0.0,0,567539.560000001450000,5931385.460000002800000,10.018861157000060,53.527044974000034,,10.019,53.527
162522,162523,2,1,5,113,2019,10,18,6,3,1,7,2,1,1,1,0,0,0.0,0,567025.545671066270000,5934804.454589987200000,10.011840920000054,53.557837995000057,,10.012,53.558
162523,162524,2,1,11,129,2019,11,16,4,3,5,2,0,0,1,1,0,0,0.0,0,571858.898035140710000,5934532.115699742000000,10.084730393000029,53.554751072000045,,10.085,53.555
162527,162528,2,5,3,510,2019,11,11,4,3,5,3,0,1,1,1,0,0,0.0,0,571172.591601747090000,5936464.887013102000000,10.074812699000063,53.572214371000030,,10.075,53.572
162528,162529,2,5,2,508,2019,11,19,4,3,3,2,2,1,1,1,0,0,0.0,0,571942.255220890050000,5937795.307564161700000,10.086740104000057,53.584065797000051,,10.087,53.584
162530,162531,2,1,12,130,2019,10,13,5,3,5,3,0,1,1,1,0,0,0.0,0,575010.599912934010000,5935790.447763027600000,10.132598272000052,53.565618609000069,,10.133,53.566
162532,162533,2,4,4,407,2019,11,15,6,3,3,2,0,0,1,1,0,0,0.0,0,567388.625735323880000,5941165.547101620600000,10.018695064000042,53.614959417000080,,10.019,53.615
162534,162535,2,3,8,320,2019,11,13,6,3,6,4,0,0,1,0,1,0,0.0,0,559718.152155376040000,5940298.017638541800000,9.902593188000026,53.608093256000075,,9.903,53.608
162535,162536,2,2,11,223,2019,11,16,6,3,5,3,2,1,1,0,0,0,0.0,1,554726.207339143380000,5935375.689724417400000,9.826289476000056,53.564398520000054,,9.826,53.564
162536,162537,2,2,4,212,2019,11,22,6,3,1,7,2,0,1,1,0,0,0.0,0,560627.996947799810000,5934176.667030105400000,9.915153788000055,53.552973730000076,,9.915,53.553
162537,162538,2,4,2,404,2019,11,15,6,3,6,7,0,0,1,0,1,0,0.0,0,565636.392115363850000,5938245.978103851900000,9.991596691000041,53.588943250000057,,9.992,53.589
162539,162540,2,3,2,312,2019,11,12,6,3,2,6,0,0,1,1,0,0,0.0,0,565378.663730899800000,5935521.332631113000000,9.987133113000027,53.564488463000032,,9.987,53.564
162548,162549,2,5,7,515,2019,11,6,5,3,0,7,2,1,1,0,0,0,0.0,1,572294.450748593550000,5940349.388271415600000,10.092651340000032,53.606970610000076,,10.093,53.607
162549,162550,2,5,12,520,2019,11,17,5,3,6,7,2,1,1,0,1,0,0.0,0,570176.631596968510000,5945002.204419987300000,10.061698095000054,53.649073093000027,,10.062,53.649
162552,162553,2,2,7,219,2019,11,7,5,3,5,3,1,1,1,1,0,0,0.0,0,557302.834424635400000,5934590.306265611200000,9.865044169000043,53.557064814000057,,9.865,53.557
162556,162557,2,4,2,404,2019,11,20,5,3,5,3,2,1,1,1,0,0,0.0,0,565433.627509253100000,5937855.750222461300000,9.988452100000075,53.585461538000061,,9.988,53.585
162557,162558,2,3,5,317,2019,11,7,5,3,4,6,1,1,1,1,0,0,0.0,0,563525.348785201090000,5938478.676091058200000,9.959756656000025,53.591294596000068,,9.96,53.591
162560,162561,2,4,2,403,2019,11,17,5,3,6,7,2,1,1,0,1,0,0.0,0,565354.608326574790000,5938443.059422932600000,9.987381651000021,53.590749659000039,,9.987,53.591
162562,162563,2,2,3,210,2019,11,15,5,3,5,7,0,1,1,0,0,0,0.0,1,562133.006377695130000,5934478.316825280000000,9.937927916000035,53.555508813000074,,9.938,53.556
162563,162564,2,2,4,212,2019,11,15,5,2,5,3,0,1,1,0,0,0,0.0,0,560794.377447698270000,5934161.785329818700000,9.917661983000073,53.552820741000062,,9.918,53.553
162564,162565,2,3,2,311,2019,11,8,5,3,5,3,0,1,1,1,0,0,0.0,0,565203.992038528430000,5935468.407472044200000,9.984485179000046,53.564034544000037,,9.984,53.564
162566,162567,2,1,3,108,2019,11,19,5,3,5,3,2,1,1,1,0,0,0.0,0,565748.749414757830000,5934670.518344411600000,9.992540993000034,53.556795762000036,,9.993,53.557
162571,162572,2,1,5,113,2019,11,8,5,3,0,5,0,1,1,1,0,0,0.0,0,567545.451438765970000,5934707.019492186600000,10.019667181000045,53.556895686000075,,10.02,53.557
162574,162575,2,4,5,413,2019,11,15,4,3,1,5,0,0,1,1,0,0,0.0,0,566725.925448509860000,5937379.920222410900000,10.007868754000071,53.581022331000042,,10.008,53.581
162575,162576,2,3,9,321,2019,11,13,4,2,5,2,0,1,1,1,0,0,0.0,0,560701.652824659830000,5939382.907644579200000,9.917277727000055,53.599755810000033,,9.917,53.6
162578,162579,2,3,6,318,2019,11,12,4,3,5,3,0,1,1,1,0,0,0.0,0,562918.751839688980000,5943965.739877479200000,9.951701932000049,53.640681398000027,,9.952,53.641
162580,162581,2,3,2,312,2019,11,21,4,3,5,3,2,0,1,0,0,0,0.0,1,565217.952101783830000,5935463.402261525400000,9.984694877000038,53.563987826000073,,9.985,53.564
162581,162582,2,1,4,111,2019,11,14,4,3,4,2,0,1,1,1,0,0,0.0,0,563921.625463752080000,5933939.664397001300000,9.964813708000065,53.550453024000035,,9.965,53.55
162589,162590,2,5,18,526,2019,11,9,3,3,3,2,0,0,1,1,0,0,0.0,0,576796.823376644400000,5940141.654273811700000,10.160633678000067,53.604463228000043,,10.161,53.604
162590,162591,2,4,11,430,2019,11,18,3,3,4,2,2,0,1,1,0,0,0.0,0,568613.137472319420000,5940767.357247861100000,10.037114656000028,53.611221911000030,,10.037,53.611
162591,162592,2,5,8,516,2019,11,17,3,3,3,2,2,1,1,1,0,0,0.0,0,569750.816554592920000,5940116.798398310300000,10.054162323000071,53.605225112000028,,10.054,53.605
162598,162599,2,2,5,216,2019,11,10,3,3,4,7,0,1,1,0,0,0,0.0,1,559772.286991471420000,5935954.700442576800000,9.902579094000032,53.569051864000073,,9.903,53.569
162599,162600,2,2,8,220,2019,11,15,3,3,6,7,0,0,1,0,1,0,0.0,0,557847.489935006950000,5940308.763786707100000,9.874325263000060,53.608399713000040,,9.874,53.608
162600,162601,2,3,1,305,2019,11,12,3,3,1,6,0,0,1,1,0,0,0.0,0,563227.312319263820000,5936714.420465299900000,9.954897075000076,53.575474737000036,,9.955,53.575
162604,162605,2,3,3,314,2019,11,12,3,3,5,3,0,0,1,1,0,0,0.0,0,565458.883873072450000,5937391.287634134300000,9.988736137000046,53.581284165000056,,9.989,53.581
162605,162606,2,1,5,114,2019,11,9,3,3,5,3,0,1,1,1,0,0,0.0,0,566503.263641323890000,5934737.646385118400000,10.003943489000051,53.557304008000074,,10.004,53.557
162606,162607,2,1,12,130,2019,11,16,2,3,3,2,2,0,1,1,0,0,0.0,0,572895.933651250790000,5933901.291360197600000,10.100234513000032,53.548938918000033,,10.1,53.549
162608,162609,2,5,18,526,2019,11,17,2,3,5,3,0,0,1,0,0,0,0.0,1,577344.421632057990000,5942473.773997096300000,10.169486772000027,53.625340575000052,,10.169,53.625
162610,162611,2,5,18,526,2019,11,18,2,3,5,3,2,0,1,1,0,0,0.0,0,576511.857655945230000,5939970.698105916400000,10.156285978000028,53.602968584000052,,10.156,53.603
162616,162617,2,2,4,211,2019,11,17,2,3,0,3,2,1,1,0,1,0,0.0,0,561752.344242458230000,5934740.100671667600000,9.932234195000035,53.557906485000046,,9.932,53.558
162618,162619,2,3,3,313,2019,11,17,2,3,3,2,2,0,1,1,0,0,0.0,0,565476.057781155220000,5936976.576398963100000,9.988908508000066,53.577554923000037,,9.989,53.578
162623,162624,2,3,9,321,2019,11,16,1,3,0,7,1,0,1,0,0,0,0.0,0,560664.780620687640000,5938406.421554192900000,9.916530653000052,53.590984032000051,,9.917,53.591
162625,162626,2,3,1,308,2019,11,18,1,3,1,7,2,0,1,1,0,0,0.0,0,563777.213045272980000,5936828.503601692600000,9.963224030000049,53.576433466000026,,9.963,53.576
162640,162641,2,4,8,423,2019,11,11,7,3,5,3,0,0,1,1,0,0,0.0,0,569297.691126110030000,5937181.985445179000000,10.046663323000075,53.578909979000059,,10.047,53.579
162647,162648,2,1,11,129,2019,11,8,6,2,5,3,0,1,1,1,0,0,0.0,0,570795.303000000310000,5935051.883999999600000,10.068795947000069,53.559566752000080,,10.069,53.56
162651,162652,2,4,4,407,2019,11,14,6,3,5,2,0,0,1,1,0,0,0.0,0,567484.406465895470000,5941056.423393277500000,10.020119060000070,53.613966383000047,,10.02,53.614
162653,162654,2,2,9,221,2019,11,7,6,3,2,6,0,1,1,0,0,1,0.0,0,556499.381194976160000,5934752.848709829200000,9.852946102000033,53.558612773000050,,9.853,53.559
162654,162655,2,2,5,216,2019,11,16,6,3,1,5,2,1,1,1,0,0,0.0,0,560680.601408788000000,5935321.476719824600000,9.916169992000050,53.563256554000077,,9.916,53.563
162655,162656,2,2,5,217,2019,11,14,6,3,3,6,0,0,1,1,0,0,0.0,0,558829.117282638330000,5936798.238673260400000,9.888497775000076,53.576739746000044,,9.888,53.577
162658,162659,2,3,1,309,2019,11,18,6,3,3,2,2,0,1,1,0,0,0.0,0,563992.412615217270000,5936046.469055932000000,9.966313404000061,53.569378892000032,,9.966,53.569
162662,162663,2,5,18,526,2019,11,11,5,3,5,3,0,1,1,1,0,0,0.0,0,576566.264240525660000,5942564.648430250600000,10.157745647000070,53.626271595000048,,10.158,53.626
162667,162668,2,4,10,429,2019,11,18,5,3,5,2,2,1,1,1,0,0,0.0,0,568468.812989046800000,5940037.673021052000000,10.034773190000067,53.604683091000027,,10.035,53.605
162668,162669,2,5,11,519,2019,11,7,5,3,4,3,2,1,1,1,0,0,0.0,0,572483.345064241440000,5945809.452419308900000,10.096777590000045,53.656013164000058,,10.097,53.656
162671,162672,2,5,2,507,2019,12,7,6,3,5,3,0,1,1,0,0,0,0.0,1,571442.505538647990000,5936532.621165873500000,10.078903508000053,53.572786409000059,,10.079,53.573
162677,162678,2,2,12,225,2019,11,13,5,3,5,3,0,1,1,1,0,0,0.0,0,554782.880563074720000,5937286.160857439000000,9.827480247000040,53.581563202000041,,9.827,53.582
162678,162679,2,2,9,221,2019,11,8,5,3,5,3,1,1,1,0,0,0,0.0,0,556842.693303224630000,5936261.492399519300000,9.858402805000026,53.572134737000056,,9.858,53.572
162683,162684,2,3,5,317,2019,11,14,5,3,0,7,0,1,1,0,0,0,0.0,0,562634.498436307530000,5938682.843441546000000,9.946340502000055,53.593236698000055,,9.946,53.593
162686,162687,2,4,6,415,2019,12,21,6,2,5,3,2,1,1,1,0,0,0.0,0,567306.158447748050000,5935994.514705205300000,10.016332782000063,53.568497351000076,,10.016,53.568
162687,162688,2,3,5,317,2019,11,21,5,2,0,7,2,1,1,0,0,0,0.0,0,563316.768651993010000,5937511.874801738200000,9.956409653000037,53.582630908000056,,9.956,53.583
162689,162690,2,1,20,141,2019,11,22,4,3,6,4,2,1,1,0,1,0,0.0,0,558250.946159613320000,5931964.333330735600000,9.878865978000022,53.533359407000034,,9.879,53.533
162696,162697,2,5,2,505,2019,11,18,4,3,4,6,2,1,1,1,0,0,0.0,0,570601.638125197960000,5936725.313324410500000,10.066250978000028,53.574631969000052,,10.066,53.575
162698,162699,2,2,4,213,2019,12,16,6,3,3,6,1,1,1,0,0,0,0.0,0,561536.396622850560000,5934374.975150918600000,9.928902765000032,53.554650315000060,,9.929,53.555
162700,162701,2,2,4,213,2019,12,16,6,3,5,3,2,1,1,1,0,0,0.0,0,561860.274825687520000,5933895.971444834000000,9.933696274000056,53.550307253000028,,9.934,53.55
162702,162703,2,4,8,421,2019,11,9,4,3,5,2,0,1,1,1,0,0,0.0,0,569268.487167411480000,5937655.698880700400000,10.046327447000067,53.583171122000067,,10.046,53.583
162705,162706,2,2,5,215,2019,11,6,4,3,3,2,2,0,1,1,0,0,0.0,0,561336.183820396660000,5936298.396657442700000,9.926258551000046,53.571960307000040,,9.926,53.572
162707,162708,2,2,6,218,2019,11,11,4,3,5,3,0,1,1,1,0,0,0.0,0,559291.341121395120000,5935583.114260744300000,9.895247114000028,53.565766813000039,,9.895,53.566
162708,162709,2,3,1,310,2019,12,15,6,3,3,2,0,1,1,0,0,0,1.0,0,563594.922092742290000,5935402.390435311900000,9.960180928000057,53.563638688000026,,9.96,53.564
162711,162712,2,1,4,109,2019,11,8,4,3,1,5,0,0,1,1,0,0,0.0,0,564616.074741671790000,5934749.831953514400000,9.975461317000054,53.557649227000070,,9.975,53.558
162714,162715,2,1,1,101,2019,12,13,6,3,4,2,0,1,1,1,0,0,0.0,0,565986.936141110030000,5933987.862143430900000,9.995991962000062,53.550630685000044,,9.996,53.551
162717,162718,2,6,1,601,2019,11,8,3,3,5,3,0,1,1,1,0,0,0.0,0,577652.798093735240000,5930055.624767236400000,10.171060995000062,53.513696967000044,,10.171,53.514
162728,162729,2,5,7,515,2019,11,8,3,3,5,3,0,1,1,1,0,0,0.0,0,570303.970522053540000,5939105.001421339800000,10.062292527000068,53.596058197000048,,10.062,53.596
162730,162731,2,4,13,432,2019,11,7,3,3,0,2,1,1,1,1,0,0,0.0,0,566965.856686948800000,5944426.021781582400000,10.013006905000054,53.644315752000068,,10.013,53.644