,OBJECTID,ULAND,UREGBEZ,UKREIS,UGEMEINDE,UJAHR,UMONAT,USTUNDE,UWOCHENTAG,UKATEGORIE,UART,UTYP1,ULICHTVERH,STRZUSTAND,IstRad,IstPKW,IstFuss,IstKrad,IstGkfz,IstSonstig,LINREFX,LINREFY,XGCSWGS84,YGCSWGS84,UIDENTSTLA,lat_short,long_short
162732,162733,2,4,5,408,2019,11,18,3,3,1,5,2,1,1,1,0,0,0.0,0,566657.431552558210000,5939437.134401574700000,10.007273968000050,53.599519524000073,,10.007,53.6
162736,162737,2,4,5,408,2019,11,6,3,3,5,3,2,1,1,0,0,0,0.0,1,565852.065172526050000,5939399.912759546200000,9.995098081000037,53.599286817000063,,9.995,53.599
162738,162739,2,4,10,428,2019,11,10,3,3,5,3,0,1,1,0,0,0,0.0,1,569063.899615495470000,5939063.250479942200000,10.043549263000045,53.595847835000029,,10.044,53.596
162740,162741,2,2,11,223,2019,11,13,3,3,5,2,0,1,1,1,0,0,0.0,0,553499.834518229590000,5935311.856126390400000,9.807764069000029,53.563951264000082,,9.808,53.564
162742,162743,2,1,1,101,2019,12,9,5,3,6,4,0,0,1,0,1,0,0.0,0,566347.921286202040000,5933926.601202569900000,10.001426680000066,53.550034627000059,,10.001,53.55
162743,162744,2,3,7,319,2019,11,12,3,3,3,2,0,1,1,0,0,0,1.0,0,560401.924161741510000,5943190.862322077200000,9.913487640000028,53.634013871000036,,9.913,53.634
162744,162745,2,1,3,108,2019,12,7,5,2,1,5,1,0,1,1,0,0,0.0,0,565689.564263501200000,5934778.101631160800000,9.991670294000073,53.557770049000055,,9.992,53.558
162745,162746,2,3,1,309,2019,11,17,3,3,1,5,2,0,1,1,0,0,0.0,0,564543.630485264580000,5936066.883990796300000,9.974639936000074,53.569494848000033,,9.975,53.569
162755,162756,2,1,8,126,2019,11,7,2,3,5,3,1,1,1,1,0,0,0.0,0,569627.343231893140000,5933740.111418770600000,10.050874394000061,53.547933987000079,,10.051,53.548
162757,162758,2,6,1,601,2019,12,18,4,3,4,2,2,0,1,1,0,0,0.0,0,578449.597620266490000,5928359.486913630700000,10.182650104000061,53.498335918000066,,10.183,53.498
162758,162759,2,5,18,526,2019,11,7,2,3,4,2,1,1,1,1,0,0,0.0,0,575260.159030105920000,5940515.553932480500000,10.137505383000075,53.608046316000070,,10.138,53.608
162763,162764,2,5,2,507,2019,12,15,4,3,5,3,1,1,1,1,0,0,0.0,0,571715.743252717890000,5936621.840918099500000,10.083049546000041,53.573550942000054,,10.083,53.574
162769,162770,2,4,5,413,2019,11,10,2,2,5,3,0,1,1,1,0,0,0.0,0,566693.995000500230000,5937380.559687553000000,10.007386676000067,53.581032139000058,,10.007,53.581
162773,162774,2,4,8,421,2019,11,11,2,3,1,7,0,0,1,1,0,0,0.0,0,569147.379468997940000,5937735.858346337500000,10.044516164000072,53.583907502000045,,10.045,53.584
162775,162776,2,3,8,320,2019,11,14,2,3,3,6,0,0,1,0,0,0,0.0,0,559867.124301391650000,5940535.275311194400000,9.904890065000075,53.610208581000052,,9.905,53.61
162776,162777,2,4,8,420,2019,12,17,4,3,5,3,2,0,1,1,0,0,0.0,0,568560.253813593650000,5936749.123335063500000,10.035432111000034,53.575116722000075,,10.035,53.575
162777,162778,2,2,11,224,2019,11,19,2,3,5,3,2,1,1,1,0,0,0.0,0,553057.598000000230000,5935478.140000002500000,9.801115948000074,53.565490671000077,,9.801,53.565
162779,162780,2,3,1,305,2019,12,20,4,3,1,5,2,1,1,1,0,0,0.0,0,563235.569157936610000,5936924.954011820300000,9.955064401000072,53.577365871000040,,9.955,53.577
162780,162781,2,3,1,303,2019,11,21,2,2,2,6,2,1,1,1,0,0,0.0,0,562526.789046557620000,5936962.977585744100000,9.944368720000057,53.577792572000078,,9.944,53.578
162781,162782,2,2,4,213,2019,12,14,4,3,1,6,0,0,1,1,0,0,0.0,0,561421.800916141830000,5934047.170840602400000,9.927108767000050,53.551717623000059,,9.927,53.552
162782,162783,2,3,1,308,2019,11,18,2,3,5,3,2,1,1,1,0,0,0.0,0,563916.550105055790000,5936821.744178904200000,9.965326718000028,53.576355757000044,,9.965,53.576
162784,162785,2,3,3,313,2019,12,15,4,3,0,3,0,0,1,0,0,0,0.0,0,564622.186000000690000,5937028.643000001100000,9.976025022000044,53.578128752000055,,9.976,53.578
162786,162787,2,1,5,114,2019,12,8,4,3,3,2,0,0,1,1,0,0,0.0,0,567134.784891281280000,5934186.422671081500000,10.013357017000033,53.552269670000044,,10.013,53.552
162801,162802,2,1,12,130,2019,12,18,3,3,5,3,2,1,1,0,0,0,0.0,1,575678.923265033400000,5933316.460901306900000,10.142088283000021,53.543289423000033,,10.142,53.543
162806,162807,2,5,6,514,2019,12,9,3,3,5,3,0,1,1,1,0,0,0.0,0,573712.776328560900000,5939712.260267432800000,10.113932682000041,53.601047248000043,,10.114,53.601
162808,162809,2,2,4,212,2019,11,23,7,3,3,2,2,0,1,1,0,0,0.0,0,560795.464471572080000,5933962.013729931800000,9.917639543000064,53.551025180000067,,9.918,53.551
162809,162810,2,5,7,515,2019,12,10,3,3,3,2,0,1,1,0,0,0,0.0,1,570097.144457265730000,5938829.688272982800000,10.059106090000057,53.593611659000032,,10.059,53.594
162811,162812,2,5,7,515,2019,12,12,3,3,5,3,0,1,1,1,0,0,0.0,0,573337.903224601410000,5942540.728367120000000,10.108934778000048,53.626518762000046,,10.109,53.627
162819,162820,2,4,13,432,2019,12,15,3,3,4,6,0,1,1,0,0,0,0.0,1,567174.899786281400000,5945578.682678401500000,10.016417711000031,53.654647956000076,,10.016,53.655
162820,162821,2,5,1,501,2019,11,8,6,3,5,3,0,0,1,1,0,0,0.0,0,568676.447674341500000,5935644.808668535200000,10.036943777000033,53.565176946000065,,10.037,53.565
162828,162829,2,6,6,607,2019,12,15,2,3,5,3,0,0,1,1,0,0,0.0,0,577944.348159244280000,5922301.925822421900000,10.173532243000068,53.443972777000056,,10.174,53.444
162847,162848,2,4,7,416,2019,12,18,2,3,3,6,2,0,1,0,0,0,0.0,0,567844.409752662290000,5934829.153833739500000,10.024205981000023,53.557954771000027,,10.024,53.558
162848,162849,2,5,18,526,2019,11,16,5,3,5,3,1,0,1,0,0,0,0.0,1,576854.589616494250000,5940191.306516049400000,10.161518748000049,53.604900967000049,,10.162,53.605
162851,162852,2,5,3,510,2019,11,19,5,3,5,3,2,0,1,1,0,0,0.0,0,570566.879503979350000,5936359.558156345000000,10.065643484000077,53.571349602000055,,10.066,53.571
162852,162853,2,3,4,316,2019,12,16,2,3,5,3,0,0,1,1,0,0,0.0,0,564039.714993503880000,5937876.528513845100000,9.967403006000041,53.585820364000028,,9.967,53.586
162853,162854,2,3,3,314,2019,12,16,2,3,5,3,1,0,1,1,0,0,0.0,0,565489.000677578150000,5937403.982744757100000,9.989193631000035,53.581394499000055,,9.989,53.581
162864,162865,2,4,13,432,2019,12,17,1,3,0,2,2,0,1,1,0,0,0.0,0,566795.039338753560000,5945170.819190856100000,10.010583395000026,53.651031116000070,,10.011,53.651
162865,162866,2,3,8,320,2019,11,12,5,2,4,2,0,0,1,1,0,0,0.0,0,559713.328840254810000,5941421.141093300700000,9.902735595000024,53.618187747000036,,9.903,53.618
162871,162872,2,2,5,216,2019,11,18,5,3,5,3,2,0,1,1,0,0,0.0,0,559516.691167755050000,5936134.599138837300000,9.898754328000052,53.570697752000058,,9.899,53.571
162875,162876,2,2,6,218,2019,11,10,5,3,0,7,0,0,1,1,0,0,0.0,0,558370.654000000100000,5934865.032000001500000,9.881213219000074,53.559416261000081,,9.881,53.559
162876,162877,2,3,6,318,2019,11,10,5,3,4,2,0,1,1,1,0,0,0.0,0,562427.863690411670000,5942643.383419988700000,9.944012568000062,53.628855843000053,,9.944,53.629
162878,162879,2,2,3,208,2019,11,8,5,3,5,3,0,0,1,1,0,0,0.0,0,562918.207640521230000,5935462.613095220200000,9.949977309000076,53.564261499000054,,9.95,53.564
162880,162881,2,3,2,312,2019,11,11,5,3,2,7,0,0,1,1,0,0,0.0,0,565017.259304899720000,5935730.282737387300000,9.981720745000075,53.566411251000034,,9.982,53.566
162882,162883,2,7,8,709,2019,11,8,4,2,5,3,0,2,1,1,0,0,0.0,0,563899.122117774560000,5921574.518889114300000,9.961955550000027,53.439325152000038,,9.962,53.439
162886,162887,2,5,6,514,2019,11,14,4,3,5,3,0,0,1,1,0,0,0.0,0,573823.181437310760000,5939925.944476978900000,10.115651361000062,53.602952047000031,,10.116,53.603
162887,162888,2,5,7,515,2019,11,7,4,3,5,3,1,1,1,1,0,0,0.0,0,570046.624920614060000,5938994.625619169300000,10.058379974000047,53.595100703000071,,10.058,53.595
162888,162889,2,4,12,431,2019,11,8,4,3,5,3,0,0,1,1,0,0,0.0,0,567835.983000000940000,5943111.232999999100000,10.025880432000065,53.632387637000079,,10.026,53.632
162889,162890,2,4,10,427,2019,11,17,4,3,3,2,2,0,1,1,0,0,0.0,0,569224.082896742040000,5938261.089413205200000,10.045791139000073,53.588617657000043,,10.046,53.589
162892,162893,2,4,5,410,2019,11,18,4,3,2,7,2,0,1,1,0,0,0.0,0,566604.983805937690000,5937908.142669728000000,10.006155030000059,53.585784923000062,,10.006,53.586
162899,162900,2,2,9,221,2019,11,7,4,3,5,7,0,0,1,1,0,0,0.0,0,557113.620759940710000,5934776.598521707600000,9.862222197000051,53.558759749000046,,9.862,53.559
162910,162911,2,5,18,526,2019,11,11,3,2,5,3,0,0,1,0,0,0,1.0,0,579059.402582097800000,5940255.193321978700000,10.194848880000052,53.605147083000077,,10.195,53.605
162914,162915,2,4,13,432,2019,11,22,3,3,6,6,2,0,1,0,1,0,0.0,0,566966.202562014570000,5944494.692292494700000,10.013026927000055,53.644932853000057,,10.013,53.645
162916,162917,2,2,9,221,2019,11,12,7,3,5,3,0,0,1,1,0,0,0.0,0,557336.689273724330000,5937860.474490601600000,9.866155612000057,53.586451871000065,,9.866,53.586
162919,162920,2,4,10,427,2019,11,18,3,3,5,3,2,0,1,1,0,0,0.0,0,568415.430934808220000,5938181.693792952200000,10.033559352000054,53.588010263000058,,10.034,53.588
162920,162921,2,2,3,210,2019,11,15,7,3,3,6,0,0,1,0,0,0,0.0,0,562638.967639465820000,5934664.518232082900000,9.945601824000050,53.557122142000082,,9.946,53.557
162921,162922,2,4,10,428,2019,11,12,3,3,6,3,0,0,1,0,0,0,0.0,1,568686.108850998800000,5938879.962221385900000,10.037801540000032,53.594250254000031,,10.038,53.594
162922,162923,2,4,8,420,2019,11,20,3,3,4,6,2,0,1,1,0,0,0.0,0,568583.353377042340000,5936770.887449638900000,10.035785691000058,53.575309299000082,,10.036,53.575
162925,162926,2,1,1,102,2019,11,1,7,3,5,3,2,0,1,1,0,0,0.0,0,566063.598000000230000,5933505.489000000100000,9.997046981000040,53.546285844000067,,9.997,53.546
162926,162927,2,2,10,222,2019,11,16,3,3,3,6,0,0,1,1,0,0,0.0,0,556339.061638718470000,5934586.060510959500000,9.850496056000054,53.557130981000057,,9.85,53.557
162927,162928,2,2,5,215,2019,11,18,3,3,4,2,2,0,1,1,0,0,0.0,0,561303.000951316210000,5936378.120207138400000,9.925773168000035,53.572680692000063,,9.926,53.573
162928,162929,2,7,1,702,2019,11,9,6,3,5,3,0,0,1,0,0,0,1.0,0,565950.308060802520000,5923328.122030895200000,9.993197261000034,53.454832867000050,,9.993,53.455
162930,162931,2,3,7,319,2019,11,8,3,3,5,3,0,0,1,0,0,0,0.0,1,560691.496965602970000,5942917.825892824700000,9.917813113000022,53.631526511000061,,9.918,53.632
162932,162933,2,4,3,406,2019,11,16,3,3,3,2,2,1,1,1,0,0,0.0,0,564471.575966143980000,5940606.776190873200000,9.974490361000051,53.610304789000054,,9.974,53.61
162933,162934,2,1,8,126,2019,11,8,6,3,1,5,0,1,1,1,0,0,0.0,0,569237.596821469250000,5934067.608959125400000,10.045065606000037,53.550928776000035,,10.045,53.551
162934,162935,2,4,2,405,2019,11,15,3,3,5,3,0,0,1,0,0,0,0.0,0,565341.453031703830000,5938884.230642240500000,9.987275360000069,53.594716191000032,,9.987,53.595
162943,162944,2,2,9,221,2019,12,17,7,3,5,3,2,1,1,1,0,0,0.0,0,556619.706185725520000,5937504.581361070300000,9.855261276000022,53.583331177000048,,9.855,53.583
162944,162945,2,2,5,216,2019,12,11,7,2,1,5,0,1,1,1,0,0,0.0,0,559583.928298701530000,5936993.815206483000000,9.899933501000021,53.578412281000055,,9.9,53.578
162950,162951,2,1,2,104,2019,12,20,6,3,5,3,2,1,1,0,0,0,0.0,1,568130.019927441140000,5932114.007793078200000,10.027925465000067,53.533516342000041,,10.028,53.534
162952,162953,2,5,18,526,2019,12,12,6,3,5,2,0,0,1,1,0,0,0.0,0,577158.717661301610000,5942218.971214173400000,10.166616320000060,53.623078157000066,,10.167,53.623
162954,162955,2,4,12,431,2019,12,17,6,3,3,2,2,0,1,1,0,0,0.0,0,567914.746822881510000,5942979.640030967100000,10.027042641000037,53.631194795000056,,10.027,53.631
162960,162961,2,3,3,314,2019,12,9,6,3,3,2,0,0,1,0,0,0,0.0,1,565399.217225788160000,5937413.332672640700000,9.987839658000041,53.581489732000080,,9.988,53.581
162966,162967,2,5,5,513,2019,12,7,5,3,5,2,0,1,1,0,0,0,0.0,1,575031.415901971980000,5939091.834691274900000,10.133706143000040,53.595284505000052,,10.134,53.595
162975,162976,2,6,2,602,2019,12,14,4,3,0,1,0,0,1,0,0,0,0.0,0,578728.008440764620000,5927443.000371504600000,10.186616262000030,53.490058088000069,,10.187,53.49
162976,162977,2,6,14,615,2019,12,6,4,3,5,3,2,1,1,1,0,0,0.0,0,578294.311780436900000,5926247.994489019700000,10.179782913000054,53.479383534000078,,10.18,53.479
162981,162982,2,5,2,505,2019,12,8,4,3,6,4,0,0,1,0,1,0,0.0,0,570661.927210070190000,5936445.967331765200000,10.067098096000052,53.572113369000078,,10.067,53.572
162983,162984,2,3,1,305,2019,12,11,4,3,2,6,0,0,1,0,0,0,0.0,0,563445.412652482280000,5937209.039777828400000,9.958290981000062,53.579893694000077,,9.958,53.58
162984,162985,2,3,3,313,2019,12,13,4,3,0,7,0,0,1,1,0,0,0.0,0,565293.003444888630000,5936885.672130117200000,9.986125210000068,53.576760765000074,,9.986,53.577
162985,162986,2,3,2,311,2019,12,8,4,3,4,6,1,1,1,0,0,0,0.0,0,564654.442944996990000,5936191.405259067200000,9.976338769000051,53.570600309000042,,9.976,53.571
162986,162987,2,3,1,310,2019,12,9,4,3,5,3,0,0,1,0,0,0,0.0,1,563754.332862154580000,5935501.623438680500000,9.962607651000042,53.564511183000036,,9.963,53.565
162991,162992,2,1,12,130,2019,12,12,3,3,5,2,0,0,1,0,0,0,0.0,1,572946.103655487300000,5932957.977869151200000,10.100771594000037,53.540454446000069,,10.101,53.54
163000,163001,2,3,8,320,2019,12,8,3,3,5,3,0,0,1,1,0,0,0.0,0,559892.954571330920000,5938876.525613669300000,9.904961702000037,53.595297792000054,,9.905,53.595
163004,163005,2,2,1,206,2019,12,13,3,3,1,6,0,0,1,1,0,0,0.0,0,562909.740945736880000,5934851.303051237000000,9.949726417000022,53.558768461000057,,9.95,53.559
163008,163009,2,1,7,120,2019,12,17,2,3,5,3,2,0,1,1,0,0,0.0,0,568009.073000001720000,5934380.825000001100000,10.026593819000027,53.553904267000064,,10.027,53.554
163014,163015,2,4,5,409,2019,12,7,2,3,6,6,2,1,1,0,1,0,0.0,0,568136.132589362560000,5939520.850147601200000,10.029633293000074,53.600081734000071,,10.03,53.6
163016,163017,2,4,6,415,2019,12,15,2,3,2,6,0,0,1,1,0,0,0.0,0,567443.173728170800000,5935961.695410173400000,10.018394287000035,53.568184805000044,,10.018,53.568
163018,163019,2,2,5,216,2019,12,16,2,3,1,5,2,0,1,1,0,0,0.0,0,559986.732000000770000,5935335.338999999700000,9.905697896000049,53.563460912000039,,9.906,53.563
163031,163032,2,2,11,223,2019,12,19,7,3,6,2,2,0,1,0,1,0,0.0,0,554723.762179943730000,5935375.717464024200000,9.826252567000040,53.564399024000068,,9.826,53.564
163034,163035,2,2,3,209,2019,12,12,7,2,5,2,0,1,1,1,0,0,0.0,0,563035.922568341720000,5935754.133759625300000,9.951813195000057,53.566867365000064,,9.952,53.567
163041,163042,2,1,16,136,2019,12,8,6,3,0,7,1,1,1,1,0,0,0.0,0,567349.909233744260000,5928508.046541357400000,10.015382258000045,53.501209319000054,,10.015,53.501
163044,163045,2,6,2,602,2019,12,8,6,3,0,1,1,2,1,0,0,0,0.0,0,578720.565180478620000,5926070.649574739900000,10.186159977000045,53.477726204000078,,10.186,53.478
163050,163051,2,5,17,525,2019,12,9,6,3,0,1,0,2,1,0,0,0,0.0,0,577724.517920729700000,5945849.412401100600000,10.176076339000076,53.655619689000048,,10.176,53.656
163054,163055,2,4,8,419,2019,12,15,6,3,0,7,0,0,1,1,0,0,0.0,0,567724.849828278650000,5937140.105409225400000,10.022902454000075,53.578739045000077,,10.023,53.579
163063,163064,2,4,7,416,2019,12,16,6,3,3,2,2,0,1,1,0,0,0.0,0,567359.342557862400000,5935506.302475616300000,10.017030456000043,53.564102887000047,,10.017,53.564
163067,163068,2,3,6,318,2019,12,8,6,3,5,3,0,0,1,1,0,0,0.0,0,562937.194614084440000,5943985.502557354000000,9.951984852000066,53.640856792000079,,9.952,53.641
163080,163081,2,5,10,518,2019,12,17,5,3,3,2,2,0,1,1,0,0,0.0,0,572922.447000001560000,5945521.096000002700000,10.103352813000072,53.653360735000035,,10.103,53.653
163087,163088,2,4,8,423,2019,12,11,5,3,6,6,0,1,1,0,1,0,0.0,0,568936.160000001080000,5937253.710000000900000,10.041219638000030,53.579602213000044,,10.041,53.58
163089,163090,2,4,2,405,2019,12,17,5,3,0,7,2,0,1,0,0,0,0.0,1,565053.214864493350000,5939012.332925923200000,9.982947661000026,53.595903322000026,,9.983,53.596
163092,163093,2,3,3,314,2019,12,8,5,3,5,3,0,0,1,0,0,0,0.0,0,565284.320335611700000,5937362.394577805000000,9.986093795000045,53.581046255000047,,9.986,53.581
163094,163095,2,1,4,110,2019,12,1,5,3,1,5,2,1,1,0,0,0,0.0,1,563526.209210483360000,5934643.498214971300000,9.958989360000032,53.556826603000047,,9.959,53.557
163102,163103,2,7,4,705,2019,12,18,4,3,4,6,2,1,1,0,0,1,0.0,0,565774.265345760620000,5923052.997669093300000,9.990488992000053,53.452382222000040,,9.99,53.452
163106,163107,2,7,10,711,2019,12,16,4,3,5,3,2,1,1,1,0,0,0.0,0,564238.050401096230000,5924768.583300914600000,9.967709483000022,53.467990486000076,,9.968,53.468
163110,163111,2,6,1,601,2019,12,18,4,3,4,6,2,1,1,0,0,0,0.0,1,579208.685021335260000,5928859.306457324000000,10.194217082000023,53.502713904000075,,10.194,53.503
163123,163124,2,5,7,515,2019,12,16,4,3,4,6,2,1,1,0,0,0,0.0,0,570884.150157564320000,5939263.618333142300000,10.071093420000068,53.597405543000036,,10.071,53.597
163127,163128,2,4,8,420,2019,12,18,4,3,4,2,2,1,1,1,0,0,0.0,0,568318.707927712240000,5937243.803436901400000,10.031893072000059,53.579593973000044,,10.032,53.58
163128,163129,2,3,6,318,2019,12,6,4,3,0,3,2,1,1,0,0,0,0.0,1,562623.986612216570000,5944012.189856560900000,9.947253372000034,53.641134211000065,,9.947,53.641
163129,163130,2,4,4,407,2019,12,14,4,3,5,2,0,1,1,1,0,0,0.0,0,565647.967037371360000,5939742.584117122000000,9.992086603000075,53.602392067000039,,9.992,53.602
163131,163132,2,4,2,404,2019,12,13,4,3,4,2,0,1,1,1,0,0,0.0,0,565410.897230227480000,5937854.271205851800000,9.988108478000072,53.585451082000077,,9.988,53.585
163133,163134,2,3,1,310,2019,12,8,4,3,5,3,0,1,1,0,0,0,0.0,1,563758.935862571000000,5935698.081829015200000,9.962717236000060,53.566276255000048,,9.963,53.566
163136,163137,2,4,2,405,2019,12,8,4,3,5,3,0,1,1,1,0,0,0.0,0,565587.580768504180000,5939326.795933766300000,9.991086703000065,53.598662868000076,,9.991,53.599
163138,163139,2,3,2,312,2019,12,8,4,3,5,3,1,1,1,0,0,0,1.0,0,565636.150000001300000,5935098.400000004100000,9.990931340000032,53.560655328000053,,9.991,53.561
163147,163148,2,7,14,715,2019,12,17,3,3,6,3,2,0,1,0,1,0,0.0,0,556703.905441055070000,5925050.393603298800000,9.854277526000033,53.471388476000072,,9.854,53.471
163148,163149,2,7,13,714,2019,12,13,3,2,4,2,0,0,1,1,0,0,0.0,0,559653.153310679830000,5925718.542121758700000,9.898830708000048,53.477067668000075,,9.899,53.477
163153,163154,2,7,14,715,2019,12,9,3,3,4,6,0,1,1,1,0,0,0.0,0,556197.348543127070000,5924783.972962912200000,9.846599214000037,53.469048265000026,,9.847,53.469
163157,163158,2,5,5,513,2019,12,14,3,3,5,3,0,0,1,1,0,0,0.0,0,574610.201387758370000,5938159.688530949900000,10.127120086000048,53.586967623000078,,10.127,53.587
163160,163161,2,5,18,526,2019,12,8,3,3,0,3,0,2,1,1,0,0,0.0,0,576387.151088577700000,5938654.435361096600000,10.154079310000043,53.591157918000079,,10.154,53.591
163162,163163,2,5,2,508,2019,12,7,3,3,0,6,0,0,1,0,0,0,0.0,1,572967.628445572220000,5937403.641218407100000,10.102134411000065,53.580404266000073,,10.102,53.58
163168,163169,2,5,2,507,2019,12,17,3,3,4,2,2,0,1,1,0,0,0.0,0,571163.604981913230000,5936746.097365407300000,10.074741104000054,53.574742821000029,,10.075,53.575
163173,163174,2,5,7,515,2019,12,8,3,3,4,2,0,1,1,1,0,0,0.0,0,573064.771966105330000,5943214.975134715400000,10.104963938000026,53.632616269000039,,10.105,53.633
163175,163176,2,5,7,515,2019,12,9,3,3,0,7,0,2,1,0,0,0,0.0,0,571044.724118298850000,5941632.014525705900000,10.074059295000040,53.618668411000044,,10.074,53.619
163180,163181,2,4,13,432,2019,12,16,3,2,5,3,2,0,1,1,0,0,0.0,0,565490.129909188490000,5946820.881800534200000,9.991191751000031,53.666025360000049,,9.991,53.666
163184,163185,2,4,4,407,2019,12,13,3,3,5,3,0,1,1,0,0,0,0.0,1,566316.320049300790000,5940707.929090863100000,10.002390645000048,53.610983602000033,,10.002,53.611
163186,163187,2,3,8,320,2019,12,7,3,3,0,6,0,0,1,0,0,0,0.0,0,560044.576330348850000,5940118.029708331500000,9.907491474000040,53.606438328000081,,9.907,53.606
163188,163189,2,2,9,221,2019,12,17,3,3,0,6,2,0,1,1,0,0,0.0,0,556525.483197253200000,5935805.045908436200000,9.853530468000031,53.568066667000039,,9.854,53.568
163195,163196,2,2,3,209,2019,12,10,3,2,5,3,0,1,1,0,0,0,1.0,0,562371.977000000890000,5935584.440000003200000,9.941755539000042,53.565421607000076,,9.942,53.565
163198,163199,2,3,3,314,2019,12,7,3,3,0,7,0,1,1,1,0,0,0.0,0,564843.090000000780000,5936971.960000002800000,9.979349150000076,53.577592066000079,,9.979,53.578
163203,163204,2,3,3,314,2019,12,18,3,3,5,3,2,1,1,1,0,0,0.0,0,565374.368644936010000,5937401.188685609000000,9.987461843000062,53.581383689000063,,9.987,53.581
163209,163210,2,1,3,106,2019,12,20,3,3,5,3,2,0,1,1,0,0,0.0,0,564881.595286645000000,5934564.297737015400000,9.979430529000069,53.555949028000043,,9.979,53.556
163211,163212,2,1,16,136,2019,12,19,2,3,5,3,2,1,1,1,0,0,0.0,0,566993.902126972560000,5927959.955148305700000,10.009898864000036,53.496328935000065,,10.01,53.496
163216,163217,2,5,18,526,2019,12,7,2,3,5,3,2,1,1,1,0,0,0.0,0,577660.615215389060000,5940827.335769724100000,10.173856093000040,53.610497885000029,,10.174,53.61
163218,163219,2,4,10,429,2019,12,18,2,3,5,3,2,1,1,1,0,0,0.0,0,569508.872467057780000,5939812.688971763500000,10.050438614000029,53.602524229000039,,10.05,53.603
163230,163231,2,3,8,320,2019,12,19,2,3,5,3,2,0,1,1,0,0,0.0,0,559852.396563693880000,5940487.778887309100000,9.904658362000021,53.609783395000079,,9.905,53.61
163234,163235,2,3,6,318,2019,12,16,2,3,3,6,2,1,1,0,0,0,0.0,1,563264.169999999930000,5942300.050000000700000,9.956587189000061,53.625669840000057,,9.957,53.626
163238,163239,2,3,1,306,2019,12,16,2,3,3,2,1,0,1,0,0,0,0.0,1,563211.871000000280000,5936602.442000001700000,9.954641235000054,53.574470213000041,,9.955,53.574
163243,163244,2,3,1,309,2019,12,11,2,2,3,2,0,0,1,0,0,0,0.0,1,564237.217978591100000,5935856.297743668800000,9.969970379000074,53.567639854000049,,9.97,53.568
163245,163246,2,1,4,111,2019,12,19,7,3,4,2,2,0,1,1,0,0,0.0,0,564072.890217169190000,5934709.554555423600000,9.967254292000064,53.557353827000043,,9.967,53.557
163263,163264,2,6,2,602,2019,12,19,7,3,0,1,2,1,1,0,0,0,0.0,0,578333.173000001350000,5927304.865000000200000,10.180632075000062,53.488875622000080,,10.181,53.489
163271,163272,2,4,6,414,2019,12,16,5,3,5,3,2,1,1,1,0,0,0.0,0,567287.763929296280000,5937375.876275138900000,10.016352769000036,53.580914205000056,,10.016,53.581
163277,163278,2,1,11,129,2019,12,20,3,2,5,3,2,1,1,1,0,0,0.0,0,572789.450670713560000,5934023.408296542200000,10.098656092000056,53.550051148000080,,10.099,53.55
163278,163279,2,5,1,503,2019,12,8,3,3,5,2,1,1,1,1,0,0,0.0,0,569788.038469108750000,5936067.643216708700000,10.053819030000057,53.568830329000036,,10.054,53.569
163280,163281,2,3,1,309,2019,12,17,3,2,3,6,2,1,1,1,0,0,0.0,0,564462.577612661760000,5936085.807571297500000,9.973420099000066,53.569674884000051,,9.973,53.57
163281,163282,2,7,14,715,2019,12,14,2,3,5,3,0,1,1,1,0,0,0.0,0,556446.199482208120000,5924984.113744886600000,9.850383596000029,53.470820460000027,,9.85,53.471
163284,163285,2,5,13,521,2019,12,11,7,3,2,6,0,1,1,1,0,0,0.0,0,572800.847000001000000,5949112.137000000100000,10.102355420000038,53.685649467000076,,10.102,53.686
163288,163289,2,6,10,611,2019,12,15,2,3,5,3,0,1,1,0,0,0,0.0,0,574753.453661121430000,5930116.800521113000000,10.127360829000054,53.514666987000055,,10.127,53.515
163289,163290,2,4,8,423,2019,12,4,7,3,5,3,2,1,1,1,0,0,0.0,0,569294.858000000940000,5937648.980999998700000,10.046724224000059,53.583107265000081,,10.047,53.583
163293,163294,2,4,4,407,2019,12,14,2,3,5,3,0,1,1,1,0,0,0.0,0,567686.752560971300000,5940771.913111276900000,10.023115443000052,53.611383364000062,,10.023,53.611
163304,163305,2,1,4,111,2019,12,13,2,3,3,2,0,1,1,1,0,0,0.0,0,563845.802080862220000,5934803.115731295200000,9.963845781000032,53.558222361000048,,9.964,53.558
163312,163313,2,1,4,109,2019,12,16,7,3,6,4,1,1,1,0,1,0,0.0,0,564673.442799328830000,5935357.117699816800000,9.976452906000077,53.563100005000081,,9.976,53.563
163316,163317,2,2,5,215,2019,12,0,1,3,0,1,2,1,1,0,0,0,0.0,0,561486.715081439350000,5935815.524420011800000,9.928436382000029,53.567602927000053,,9.928,53.568
163319,163320,2,1,18,139,2019,12,5,7,3,5,3,2,1,1,1,0,0,0.0,0,564148.370146343480000,5932462.530353844200000,9.967932663000056,53.537149892000059,,9.968,53.537
163321,163322,2,3,2,312,2019,12,15,1,3,3,2,0,1,1,1,0,0,0.0,0,565546.308511899780000,5935197.450059652300000,9.989595971000028,53.561556742000050,,9.99,53.562
163323,163324,2,7,14,715,2019,12,7,6,3,5,3,2,1,1,1,0,0,0.0,0,556730.151350956410000,5924724.042118394700000,9.854613961000041,53.468452494000076,,9.855,53.468
163330,163331,2,5,5,513,2019,12,8,6,3,5,3,1,1,1,1,0,0,0.0,0,573846.282999999820000,5937766.195000002200000,10.115489026000034,53.583539502000065,,10.115,53.584